timestep,speed,acceleration,target_speed
14.644547462463379,0.0037004745099693537,-0.0048185596242547035,0.0168133725264534
14.693479537963867,0.0028633633628487587,-0.009355967864394188,0.00880753345793064
14.744652032852173,0.0007820451864972711,-0.02242334745824337,0.00874786746696092
14.795145750045776,-0.0005507474998012185,-0.023734787479043007,0.00948458953008622
14.843596458435059,-0.0009554947610013187,-0.01734909787774086,0.0107671560487209
14.894774675369263,-0.0008478477830067277,-0.009563389234244823,0.0117937822381297
14.944147109985352,-0.000554148864466697,-0.0034606310073286295,0.00838274844294859
14.994558572769165,0.0014335174346342683,0.014020200818777084,0.00782090441691219
15.043354988098145,0.0028909987304359674,0.01966332457959652,0.00857176001659916
15.094064950942993,0.00347666023299098,0.01630757562816143,0.0104416042798922
15.14429521560669,0.0035208805929869413,0.010112886317074299,0.0111749405418236
15.189653635025024,0.0033222956117242575,0.0045248717069625854,0.00656070390495635
15.243080377578735,0.0030787133146077394,0.0008289277320727706,0.00690933610305375
15.29075026512146,0.0028872753027826548,-0.0009826612658798695,0.00766460720356269
15.338378667831421,0.004125543404370546,0.01004053931683302,0.00857940900571936
15.390715599060059,0.005685389041900635,0.016792193055152893,0.00781845171156287
15.438058853149414,0.006111495662480593,0.014661970548331738,0.0081552126196985
15.494563579559326,0.0061862231232225895,0.0084246676415205,0.00823268638701591
15.541370391845703,0.006012312136590481,0.003703996306285262,0.00600801826995944
15.592695713043213,0.005804875865578651,0.0006163933430798352,0.0070188507028557
15.639603853225708,0.005643881391733885,-0.000874755613040179,0.00717052975232941
15.695239067077637,0.0055496953427791595,-0.001251960638910532,0.00720515709154557
15.747902154922485,0.005511422175914049,-0.0010459036566317081,0.00449462868441712
15.795896530151367,0.005508082453161478,-0.000652492861263454,0.00416730747993797
15.845399141311646,0.005520550534129143,-0.0002946135646197945,0.00489749677133567
15.896530389785767,0.00553608313202858,-5.649967351928353e-05,0.00604709510180211
15.946642398834229,0.005548373330384493,6.111868424341083e-05,0.00570743451364968
15.99102783203125,0.005555691663175821,9.317664807895198e-05,0.00418119487494008
16.037683963775635,0.005558413919061422,8.42752997414209e-05,0.0041548497628093
16.087398290634155,0.005559192504733801,5.651072206092067e-05,0.00699489239919393
16.139058828353882,0.005558459088206291,2.819368637574371e-05,0.00658198817115354
16.19338846206665,0.007257960271090269,0.013882678002119064,0.00523420448377312
16.23755383491516,0.008334433659911156,0.01803031750023365,0.00349327017917123
16.28826403617859,0.008946415968239307,0.015532509423792362,0.00445789538027574
16.338751316070557,0.009026908315718174,0.009928769432008266,0.00835623435458272
16.388506650924683,0.0088582094758749,0.004645499866455793,0.0122527123589819
16.437304258346558,0.008633061312139034,0.0010436519514769316,0.00377996890252823
16.491156578063965,0.008421622216701508,-0.0009840467246249318,0.00361196130779149
16.54355239868164,0.008323748596012592,-0.0013459373731166124,0.00658600173666555
16.593355655670166,0.00828499998897314,-0.001105890260078013,0.0113515677028198
16.643489360809326,0.008282686583697796,-0.0006805026205256581,0.0171472307498355
16.687448978424072,0.008293209597468376,-0.00036743146483786404,0.00485812664384974
16.743041276931763,0.008313159458339214,-5.1673145208042115e-05,0.00580688544298469
16.792919158935547,0.008326125331223011,6.923219189047813e-05,0.00526106729060897
16.83757710456848,0.008332624100148678,9.913461690302938e-05,0.00876473381497735
16.887551069259644,0.008336511440575123,8.943822467699647e-05,0.0111203071829139
16.93745470046997,0.008337232284247875,5.9160749515285715e-05,0.00614408062997409
16.988537311553955,0.00833639781922102,2.900171784858685e-05,0.00684625659404623
17.038323402404785,0.008335147053003311,7.714541425229982e-06,0.00708783714319937
17.08771061897278,0.008334086276590824,-3.5795219446299598e-06,0.00702959127761625
17.13764786720276,0.008333415724337101,-7.327440471271984e-06,0.00702097325179561
17.187420129776,0.008333106525242329,-6.7753430812445e-06,0.00954025158760152
17.237311363220215,0.00833304226398468,-4.5591486923513e-06,0.00828457021531505
17.28869891166687,0.009668002836406231,0.011481259018182755,0.00856562629195672
17.33728265762329,0.01111133024096489,0.018032662570476532,0.00897814445943474
17.38871693611145,0.011724035255610943,0.015539498999714851,0.00892469686067123
17.438256978988647,0.010469977743923664,-0.0015478568384423852,0.00781138987819343
17.48822021484375,0.008858137764036655,-0.01338295079767704,0.00754525348312804
17.537591695785522,0.008020319044589996,-0.014493045397102833,0.00843846580925158
17.587550163269043,0.009091081097722054,0.0007584449485875666,0.00949165029943414
17.645200729370117,0.01080197375267744,0.012908031232655048,0.0102845308643935
17.693764448165894,0.01146626751869917,0.012867563404142857,0.0104015166624371
17.743823766708374,0.011644410900771618,0.009086597710847855,0.0110117543157297
17.793672800064087,0.011564051732420921,0.004823529627174139,0.0121128337832862
17.843774557113647,0.011397449299693108,0.0016027380479499698,0.0146315658155086
17.894660711288452,0.011242963373661041,-0.00023346405941992998,0.0158607447236353
17.943872213363647,0.01113880891352892,-0.0009447415359318256,0.0117746252541906
17.993693113327026,0.011086488142609596,-0.0009703783434815705,0.0129448932772482
18.04382586479187,0.011071477085351944,-0.0006974252173677087,0.0149632960590141
18.09370231628418,0.011076698079705238,-0.00037754388176836073,0.0166542165746558
18.137313842773438,0.012421305291354656,0.011311239562928677,0.0185049683070643
18.19368815422058,0.014059075154364109,0.018044359982013702,0.0150483583008421
18.243932723999023,0.014548143371939659,0.014591094106435776,0.015547996549684
18.29388403892517,0.014562945812940598,0.008857077918946743,0.0161540210132321
18.343766927719116,0.014372067525982857,0.0038319695740938187,0.0179175794788685
18.388893842697144,0.014191587455570698,0.0010799382580444217,0.0204236680295369
18.443690299987793,0.013979003764688969,-0.0009729075827635825,0.0193811314841001
18.494847059249878,0.013880176469683647,-0.0013466397067531943,0.0223188518716849
18.543983459472656,0.015541653148829937,0.012766232714056969,0.0252456222596504
18.593928337097168,0.016796519979834557,0.01734626479446888,0.0265441527848973
18.64378070831299,0.017291296273469925,0.014216921292245388,0.0322420770188025
18.694701433181763,0.01731864921748638,0.008729872293770313,0.0320731143786802
18.743897914886475,0.018840443342924118,0.01772446744143963,0.0360077422441539
18.789756059646606,0.01988360844552517,0.018681222572922707,0.0384396646728864
18.837425708770752,0.021512087434530258,0.02632247284054756,0.0430213938025148
18.887359857559204,0.022924920544028282,0.026689577847719193,0.0459858480295257
18.94384741783142,0.025019535794854164,0.03109615668654442,0.0454923648499107
18.994077682495117,0.026062125340104103,0.026688821613788605,0.047108609009646
19.038097381591797,0.027550257742404938,0.030511274933815002,0.0503491251063825
19.08948826789856,0.028859248384833336,0.025959379971027374,0.0506657270918694
19.137726545333862,0.03031357191503048,0.0297495499253273,0.0536821579142121
19.187268495559692,0.03283614665269852,0.03848661109805107,0.044312792493025
19.2376971244812,0.03450699523091316,0.03597190976142883,0.047724751362774
19.289602279663086,0.034848880022764206,0.021827636286616325,0.0473425210886988
19.339580535888672,0.036185625940561295,0.02414243295788765,0.0489053078999019
19.38755989074707,0.036866918206214905,0.02164006605744362,0.0481075108900642
19.43751835823059,0.03705083206295967,0.014387475326657295,0.0407377354895149
19.49004101753235,0.03849661350250244,0.019744932651519775,0.0427173829893498
19.539342403411865,0.03933132439851761,0.019962627440690994,0.0423369204665735
19.590442419052124,0.039695098996162415,0.013384896330535412,0.0438032055000047
19.639030694961548,0.03960445523262024,0.008176167495548725,0.048308945662917
19.68920350074768,0.03936014324426651,0.0030110785737633705,0.0372666757848669
19.73884344100952,0.040453482419252396,0.01142102014273405,0.0365840932458646
19.79406237602234,0.04188331961631775,0.016584105789661407,0.0383619446616921
19.84465980529785,0.042288850992918015,0.013070612214505672,0.0376368669391669
19.894038438796997,0.04227903112769127,0.007755768485367298,0.0382015219538011
19.944730520248413,0.042095743119716644,0.003230757312849164,0.0306213458731691
19.994704484939575,0.04189242422580719,0.0003646454424597323,0.0321291008215849
20.044806241989136,0.04174007102847099,-0.0009588319226168096,0.0346784613826264
20.09475564956665,0.041653916239738464,-0.001240258920006454,0.034660673913653
20.138845205307007,0.04162438213825226,-0.0010671268682926893,0.0362340395614994
20.1876323223114,0.04161897301673889,-0.0006811952334828675,0.0301189148503154
20.244393587112427,0.041633717715740204,-0.0002582950401119888,0.0316282419388223
20.29437255859375,0.0416489839553833,-3.679830115288496e-05,0.0328368891070301
20.34439492225647,0.04166064038872719,6.800248957006261e-05,0.0342917247502394
20.38846230506897,0.04166637733578682,9.212420991389081e-05,0.0363204767053479
20.438411474227905,0.04166971892118454,8.102827268885449e-05,0.030908886430507
20.488935232162476,0.04167024791240692,5.261654587229714e-05,0.0317131256527602
20.538533926010132,0.04166942462325096,2.5163813916151412e-05,0.034371065307757
20.59016227722168,0.04166804999113083,3.4936415431729984e-06,0.0363547275192837
20.638168811798096,0.041667308658361435,-3.7233057810226455e-06,0.0384042774869587
20.687115907669067,0.04166671633720398,-6.825215223216219e-06,0.0324506816039149
20.737295389175415,0.04166644811630249,-6.1457544688892085e-06,0.033713624139914
20.78995418548584,0.04166640713810921,-3.6147246191831073e-06,0.0352770504892088
20.83707046508789,0.041666459292173386,-1.986524466701667e-06,0.0381503742656271
20.894943714141846,0.041666559875011444,-3.189287269833585e-07,0.0384145230406595
20.939401865005493,0.04166661575436592,2.4870482207006717e-07,0.0340224980367671
20.98739528656006,0.0416666641831398,5.045700959271926e-07,0.0347246330390046
21.04045820236206,0.04166668653488159,4.396036388243374e-07,0.0342938348152406
21.08907723426819,0.04166668653488159,3.128787113837461e-07,0.0357385447685187
21.13727593421936,0.04166668280959129,1.5651812645955943e-07,0.0373762570971144
21.18973422050476,0.041666675359010696,2.8327521661708488e-08,0.0336900759890154
21.237343549728394,0.0416666716337204,-1.6240594646887985e-08,0.0353671739860664
21.29025411605835,0.0416666679084301,-3.814577098637528e-08,0.0374819665889139
21.344104528427124,0.0416666679084301,-3.3387493658665335e-08,0.0413538457647673
21.394258499145508,0.0416666679084301,-2.1601449518016125e-08,0.0445665602889319
21.44455051422119,0.0416666679084301,-1.027918106188963e-08,0.0378556517259449
21.487833261489868,0.0416666679084301,-3.708395590606983e-09,0.0390791268809587
21.541098594665527,0.0416666679084301,1.5728830460304266e-09,0.0414581862069678
21.587234020233154,0.0416666679084301,2.7380506750773748e-09,0.0441250904726899
21.6433002948761,0.04336755350232124,0.013877645134925842,0.0471042224230481
21.687686443328857,0.04444480687379837,0.018033314496278763,0.0392427283151915
21.73759150505066,0.04505743086338043,0.015539266169071198,0.039262131085634
21.787478923797607,0.045138221234083176,0.009935147128999233,0.0400054338133865
21.837767601013184,0.044969592243433,0.004649850074201822,0.0410192281277301
21.88874101638794,0.04474439471960068,0.001045869430527091,0.0427630888714324
21.93761944770813,0.044561050832271576,-0.00079013203503564,0.0393200850935644
21.988676071166992,0.0444491021335125,-0.001338497968390584,0.0403923762864931
22.03744149208069,0.04440021514892578,-0.0011797957122325897,0.0432329563835717
22.087430238723755,0.04439239576458931,-0.0007673257496207952,0.0439131825989462
22.138991594314575,0.044404301792383194,-0.0003677660715766251,0.0462086626068222
22.19289994239807,0.044424254447221756,-5.1819311920553446e-05,0.0400570603863953
22.24291491508484,0.0444372296333313,6.919450243003666e-05,0.0416835359082728
22.29273247718811,0.04444484785199165,0.0001003318393486552,0.0416833711769652
22.337806701660156,0.04444762319326401,8.947472815634683e-05,0.0431327907933073
22.387445211410522,0.04444834589958191,5.9197151131229475e-05,0.0441903452131734
22.437441110610962,0.044447511434555054,2.9027427444816567e-05,0.0410452041731009
22.487651348114014,0.04444625973701477,7.728192031208891e-06,0.0409732967003471
22.53740620613098,0.04444519802927971,-3.5749840208154637e-06,0.039197241625456
22.58724355697632,0.044444527477025986,-7.328098490688717e-06,0.0388756985823059
22.63836169242859,0.04444421827793121,-6.778014721930958e-06,0.0418107874519475
22.687463998794556,0.04444415494799614,-4.561893547361251e-06,0.0545481563582353
22.737596035003662,0.044444210827350616,-2.2866697690915316e-06,0.0705331246120491
22.78756308555603,0.04577920585870743,0.011482891626656055,0.0866217551251085
22.837560176849365,0.048557426780462265,0.02951708994805813,0.104786868982173
22.88778281211853,0.053283143788576126,0.05654020607471466,0.122475797401403
22.937310457229614,0.058197956532239914,0.07302509248256683,0.135964421972107
22.98781132698059,0.06344841420650482,0.08666429668664932,0.15312802286489
23.042861223220825,0.0703967958688736,0.10023771971464157,0.170458239943255
23.093040704727173,0.07651030272245407,0.10877066105604172,0.184183535615609
23.144387245178223,0.08420752733945847,0.12685568630695343,0.196675131692638
23.18803334236145,0.09016162157058716,0.1342628300189972,0.201663473513159
23.237098217010498,0.09780065715312958,0.14298249781131744,0.213566318057318
23.28712010383606,0.1049078032374382,0.14292895793914795,0.22552737071766
23.33718729019165,0.11221574991941452,0.1456165909767151,0.237458240972467
23.387550830841064,0.11902841925621033,0.14223165810108185,0.2495439810737
23.437206506729126,0.12614355981349945,0.14370888471603394,0.256937745223898
23.487645864486694,0.1341978907585144,0.15185165405273438,0.269953612194337
23.53761887550354,0.14273257553577423,0.16044247150421143,0.282916016312324
23.589681148529053,0.1545344591140747,0.17824497818946838,0.297285852412017
23.639883756637573,0.16441306471824646,0.1853400021791458,0.311248395265893
23.68778681755066,0.17197643220424652,0.18694157898426056,0.314032769504386
23.737698554992676,0.1818217784166336,0.19276386499404907,0.328327087274461
23.787800788879395,0.19145379960536957,0.19343601167201996,0.343165619187619
23.83722996711731,0.20149584114551544,0.19817523658275604,0.357161649790638
23.888687133789062,0.2124791145324707,0.2082882523536682,0.37150759413715
23.944581985473633,0.22578470408916473,0.2149418145418167,0.378639407024863
23.98818850517273,0.23541474342346191,0.22411362826824188,0.394465955384214
24.03823184967041,0.24551734328269958,0.21585644781589508,0.410845393201885
24.087978839874268,0.2567179799079895,0.2217302918434143,0.428413472582722
24.138025283813477,0.2687451243400574,0.2304684966802597,0.444446144889135
24.18736958503723,0.2804007828235626,0.23283345997333527,0.451089954137609
24.237353324890137,0.2930743098258972,0.24328432977199554,0.466172243829125
24.287626266479492,0.30565503239631653,0.2476610690355301,0.479992717580931
24.337419033050537,0.31864693760871887,0.25462907552719116,0.492731660913279
24.387898445129395,0.33253026008605957,0.26569241285324097,0.505971059780219
24.436942100524902,0.3454587459564209,0.2637748122215271,0.5126531531672
24.487468004226685,0.35833072662353516,0.2633572518825531,0.526428320554408
24.539763927459717,0.3724842965602875,0.25072917342185974,0.541445711938952
24.593639373779297,0.38526466488838196,0.2526623606681824,0.557314444742262
24.639105319976807,0.39666324853897095,0.2642611563205719,0.573261871339323
24.687719345092773,0.41069984436035156,0.27264830470085144,0.587726382238573
24.7375328540802,0.4249137043952942,0.2790434956550598,0.604161353648955
24.78795027732849,0.4391077756881714,0.2827223837375641,0.620586991141095
24.84380865097046,0.4554881751537323,0.2788552939891815,0.636064229740757
24.893677234649658,0.4711657166481018,0.29263728857040405,0.652772414609556
24.94405961036682,0.48633262515068054,0.29621484875679016,0.665905146333851
24.988007307052612,0.4983886182308197,0.29863545298576355,0.683878471564063
25.037761449813843,0.5136693120002747,0.3040263056755066,0.700908469953664
25.093438386917114,0.531196653842926,0.29868313670158386,0.717826734035214
25.14362406730652,0.547031044960022,0.3057299852371216,0.733858922358949
25.18825650215149,0.5609611868858337,0.3208563029766083,0.745546258334148
25.23739504814148,0.5779576301574707,0.33059948682785034,0.760747587630859
25.293376684188843,0.5961270928382874,0.31765395402908325,0.775116546971299
25.34342360496521,0.6118461489677429,0.31620535254478455,0.789160785700748
25.39336133003235,0.6282075643539429,0.3203008472919464,0.802252645845284
25.443527221679688,0.644930899143219,0.3255518972873688,0.816598624088392
25.49352717399597,0.660090446472168,0.31588003039360046,0.830653919560183
25.537886381149292,0.6731331944465637,0.32037726044654846,0.844941578899355
25.58723258972168,0.6893391609191895,0.32420387864112854,0.85944351656837
25.63922882080078,0.7060114145278931,0.33009976148605347,0.872376687471493
25.68851327896118,0.722879946231842,0.33514949679374695,0.879918670732696
25.73866057395935,0.7397727966308594,0.33836281299591064,0.891509767343611
25.788326501846313,0.7552748918533325,0.32837313413619995,0.904199734191633
25.838664293289185,0.770595133304596,0.32215020060539246,0.916357736021575
25.889453649520874,0.7853515148162842,0.3128965497016907,0.927515142061739
25.93877935409546,0.8004952669143677,0.3115130364894867,0.926081059523003
25.987199783325195,0.8167033791542053,0.31890904903411865,0.937977168727035
26.038560152053833,0.8321625590324402,0.31638550758361816,0.949600355162838
26.094138622283936,0.8486214280128479,0.2975177466869354,0.961533185094523
26.14359974861145,0.8621621131896973,0.2865724563598633,0.974510991426311
26.18749976158142,0.8734198808670044,0.285699725151062,0.953178592329919
26.23723006248474,0.8882381319999695,0.29270198941230774,0.965119327522508
26.28718662261963,0.9006385207176208,0.2747097611427307,0.977918958236769
26.337278604507446,0.912129282951355,0.25923576951026917,0.992990971513443
26.387815237045288,0.9248441457748413,0.2594235837459564,1.00874966090447
26.43795919418335,0.9384221434593201,0.2662058472633362,1.0234486071434
26.493765354156494,0.9547678232192993,0.269726425409317,1.0361853535597
26.539560794830322,0.9689599275588989,0.2749544382095337,1.04909710791584
26.587567567825317,0.9808080792427063,0.28277823328971863,1.06099472142924
26.637588024139404,0.994881808757782,0.2840302288532257,1.06857345191172
26.687524557113647,1.007528305053711,0.2725834846496582,1.07748564402409
26.737494468688965,1.0200002193450928,0.26554352045059204,1.08299793127373
26.789690732955933,1.035469651222229,0.2629685699939728,1.08807482105248
26.83963918685913,1.0476244688034058,0.25442764163017273,1.09480523837493
26.88766884803772,1.0583115816116333,0.25963249802589417,1.10279440422396
26.943742036819458,1.0723445415496826,0.24784573912620544,1.11802214411578
26.98756241798401,1.0816699266433716,0.24354620277881622,1.12007821513227
27.03897786140442,1.0937813520431519,0.2453593909740448,1.12153986465301
27.0888454914093,1.1059166193008423,0.24546180665493011,1.12211944451882
27.13851523399353,1.1173080205917358,0.23977479338645935,1.12625542716616
27.189478874206543,1.1283589601516724,0.21393761038780212,1.13743428421332
27.23880672454834,1.1363824605941772,0.2103373259305954,1.13774917018994
27.289597034454346,1.1483625173568726,0.2063581496477127,1.13602808124195
27.338846921920776,1.1561814546585083,0.2030271589756012,1.13125328511967
27.38932466506958,1.164602518081665,0.19022725522518158,1.12773986958864
27.438851356506348,1.1725244522094727,0.17870183289051056,1.13252792427961
27.488749027252197,1.1790200471878052,0.159605011343956,1.13183151271016
27.538899898529053,1.1855154037475586,0.14932985603809357,1.13115894433329
27.589003086090088,1.1916680335998535,0.13935567438602448,1.1308007955589
27.63911771774292,1.1983808279037476,0.1388767510652542,1.13146526558396
27.689192295074463,1.2049250602722168,0.13611866533756256,1.1212503727094
27.739001512527466,1.2106540203094482,0.12816676497459412,1.12054524725439
27.789497137069702,1.2168245315551758,0.11685545742511749,1.118753130511
27.83937954902649,1.220354676246643,0.09803036600351334,1.11704403659086
27.88953971862793,1.2226958274841309,0.0775638297200203,1.11420576714368
27.938475131988525,1.225710153579712,0.07744356244802475,1.07221804048629
27.989346027374268,1.2296606302261353,0.0719284936785698,1.06617351362384
28.037019729614258,1.229338526725769,0.04469206556677818,1.06036439355091
28.087326526641846,1.227691411972046,0.01405012421309948,1.05372447934735
28.13924241065979,1.2262048721313477,-0.0030687071848660707,1.04670134393996
28.19383692741394,1.225088357925415,-0.009806162677705288,1.05240640482592
28.24345350265503,1.2229896783828735,-0.02282734401524067,1.04615750899553
28.287431955337524,1.2218323945999146,-0.02464776113629341,1.04032276161749
28.33755588531494,1.2212791442871094,-0.0190436951816082,1.03530587642452
28.38802719116211,1.2199852466583252,-0.022577853873372078,1.03145608820587
28.437901973724365,1.2188231945037842,-0.022507645189762115,1.04958416425619
28.488018035888672,1.2171766757965088,-0.027377517893910408,1.05425109770699
28.53700065612793,1.2158740758895874,-0.02647026628255844,1.06147823305417
28.587626218795776,1.215552806854248,-0.01834248937666416,1.06831538314341
28.637229204177856,1.2157423496246338,-0.009526603855192661,1.07444469797811
28.68758988380432,1.2160930633544922,-0.002997239585965872,1.08929358949038
28.73726987838745,1.2177447080612183,0.012134728021919727,1.09550347192233
28.79367995262146,1.2196060419082642,0.02012067288160324,1.10321671587602
28.84358859062195,1.2218728065490723,0.030306285247206688,1.11262886526796
28.893776178359985,1.2231577634811401,0.028088519349694252,1.12628576292462
28.943864822387695,1.225130558013916,0.03280884772539139,1.15150648581614
28.987483739852905,1.2273733615875244,0.040745072066783905,1.1669362318148
29.041855812072754,1.2309060096740723,0.04915621876716614,1.18103020219472
29.089250326156616,1.2348413467407227,0.06603530794382095,1.19774483458405
29.13718557357788,1.2406821250915527,0.087037593126297,1.21656857509124
29.187260150909424,1.2470284700393677,0.10352905094623566,1.24613193899389
29.23689866065979,1.253358244895935,0.11328214406967163,1.26253852486486
29.293765783309937,1.2621334791183472,0.1293388456106186,1.27847440309502
29.343488931655884,1.2708858251571655,0.14733323454856873,1.29522848941053
29.3872013092041,1.2784440517425537,0.1615835726261139,1.31394680101898
29.444592714309692,1.2889199256896973,0.16771896183490753,1.29406094276967
29.490530729293823,1.297672986984253,0.17033545672893524,1.31269149927272
29.537243366241455,1.3034945726394653,0.16214396059513092,1.33374182435608
29.591223001480103,1.3116344213485718,0.1509525030851364,1.35721511019076
29.639389991760254,1.3194584846496582,0.15311002731323242,1.3808657699588
29.690706729888916,1.3294283151626587,0.1717188060283661,1.36501483650284
29.737308979034424,1.3389276266098022,0.19425615668296814,1.39070193917716
29.791199207305908,1.349424123764038,0.18397651612758636,1.41893859623523
29.837486505508423,1.3572540283203125,0.18880003690719604,1.44796508219046
29.887142181396484,1.3691056966781616,0.21054963767528534,1.47984326181844
29.943501949310303,1.3839162588119507,0.22715291380882263,1.48543022124567
29.994568586349487,1.3993892669677734,0.26007696986198425,1.51945830847369
30.03744649887085,1.4112327098846436,0.272238165140152,1.55575796654824
30.08714246749878,1.4250438213348389,0.27568507194519043,1.59522260316475
30.141433715820312,1.4430128335952759,0.28813108801841736,1.63319132331759
30.190377950668335,1.4617021083831787,0.32220250368118286,1.70117013104694
30.237746000289917,1.4786850214004517,0.357328861951828,1.73762634713207
30.293527126312256,1.5063470602035522,0.40717506408691406,1.77612349349626
30.343652725219727,1.531187891960144,0.44180065393447876,1.81084098622831
30.393643617630005,1.5552945137023926,0.4568750560283661,1.84802919886279
30.439919233322144,1.580239176750183,0.4731169641017914,1.90908469630892
30.493873834609985,1.605776309967041,0.48742619156837463,1.94520356358315
30.543700695037842,1.6331086158752441,0.5106072425842285,1.98451898481452
30.593722343444824,1.6615538597106934,0.5330969095230103,2.02538811612145
30.64462947845459,1.6919771432876587,0.5625920295715332,2.06852249958323
30.693607807159424,1.7234994173049927,0.5887569785118103,2.15979721404
30.74368906021118,1.755205512046814,0.605854868888855,2.20799592115737
30.79379415512085,1.7917557954788208,0.6557344794273376,2.25754931221328
30.843565225601196,1.8300069570541382,0.698032021522522,2.30684830113645
30.893771648406982,1.8681340217590332,0.7224159836769104,2.36020717045579
30.938025951385498,1.8995373249053955,0.7451217770576477,2.50621235625144
30.98763394355774,1.937806248664856,0.7585388422012329,2.56459866830629
31.03752303123474,1.9849931001663208,0.8424990773200989,2.62390243995044
31.08739423751831,2.0371358394622803,0.9275991320610046,2.68077456119208
31.137277364730835,2.0885798931121826,0.97319096326828,2.74032831144005
31.18731951713562,2.1398274898529053,1.000158429145813,2.88321742770556
31.23775029182434,2.1910812854766846,1.0163636207580566,2.94300672338107
31.287294149398804,2.2473104000091553,1.0691931247711182,3.00016580814801
31.337280750274658,2.306227922439575,1.1192855834960938,3.05896270540219
31.387531757354736,2.364394426345825,1.1434974670410156,3.12430052655945
31.437649726867676,2.4228134155273438,1.1611233949661255,3.23572095886447
31.4877610206604,2.481768846511841,1.1758310794830322,3.29995603968324
31.537435293197632,2.543440103530884,1.2079640626907349,3.36495076460723
31.591042280197144,2.6184585094451904,1.2305763959884644,3.42969745832278
31.637209177017212,2.671875,1.2685450315475464,3.49280506686251
31.687337398529053,2.735809087753296,1.2810019254684448,3.57490128154335
31.737858772277832,2.800133466720581,1.2914835214614868,3.63737189380601
31.787829399108887,2.867166042327881,1.3210276365280151,3.69595167203382
31.837624549865723,2.9356276988983154,1.3486062288284302,3.75414138374293
31.887770414352417,3.0023820400238037,1.3507674932479858,3.81190638585557
31.937620162963867,3.068453550338745,1.3479552268981934,3.87612725687552
31.987645149230957,3.13486385345459,1.3488870859146118,3.9307266796453
32.03872227668762,3.2028276920318604,1.3626195192337036,3.98902720477645
32.08794903755188,3.2710039615631104,1.3713206052780151,4.04251649573291
32.139885902404785,3.3492658138275146,1.3435059785842896,4.10051734297974
32.18778204917908,3.4051966667175293,1.3654638528823853,4.15721480139771
32.23798727989197,3.47174072265625,1.360412359237671,4.2126128973251
32.28750276565552,3.5382025241851807,1.356750726699829,4.26537698975511
32.337620973587036,3.6060245037078857,1.366233468055725,4.31825790718319
32.38752293586731,3.6740176677703857,1.3720721006393433,4.36958804788674
32.4374840259552,3.741241216659546,1.3696224689483643,4.41917958787395
32.487764835357666,3.8079752922058105,1.3643715381622314,4.46781600476407
32.53758716583252,3.874481678009033,1.359466552734375,4.51685292288375
32.587576389312744,3.939603328704834,1.3446592092514038,4.56687259881818
32.63760828971863,4.00465726852417,1.3364300727844238,4.61697850396851
32.68826341629028,4.069273471832275,1.326949954032898,4.66596430791745
32.74380373954773,4.1450347900390625,1.301393747329712,4.71618311282368
32.792943477630615,4.209710121154785,1.2964305877685547,4.76347221845057
32.84322929382324,4.2736430168151855,1.2877196073532104,4.81453606142546
32.89290809631348,4.337247371673584,1.2799628973007202,4.85528282098979
32.93742847442627,4.389150619506836,1.289094090461731,4.89476953408143
32.993189334869385,4.461461544036865,1.2543904781341553,4.94902995957214
33.045116662979126,4.523013591766357,1.2433977127075195,4.99512889488803
33.093510389328,4.5838704109191895,1.2314376831054688,5.04118787649689
33.14297842979431,4.646207332611084,1.2364438772201538,5.08559628985966
33.19332408905029,4.708145618438721,1.2356324195861816,5.13779690938603
33.24345278739929,4.767752170562744,1.2163891792297363,5.19351246374707
33.293931007385254,4.8274760246276855,1.2065036296844482,5.24250078773109
33.34336733818054,4.887876510620117,1.205804705619812,5.2813816687476
33.39477515220642,4.948771953582764,1.2092128992080688,5.33083875439817
33.44305467605591,5.0099406242370605,1.213365912437439,5.37507820820363
33.493701457977295,5.069507598876953,1.2027432918548584,5.41786677449122
33.54506230354309,5.127813339233398,1.1866323947906494,5.46260132590037
33.5934681892395,5.185591220855713,1.1729016304016113,5.50742918878057
33.637526988983154,5.233950138092041,1.1882681846618652,5.55228839990532
33.68737769126892,5.291782379150391,1.1834152936935425,5.59180271311749
33.73765516281128,5.349815368652344,1.1820590496063232,5.6341404437871
33.787534952163696,5.406686782836914,1.1711013317108154,5.67719085528874
33.83763599395752,5.462225437164307,1.1542373895645142,5.72240811526261
33.8874351978302,5.517202854156494,1.1397979259490967,5.76355692329899
33.93715834617615,5.573446750640869,1.142095923423767,5.79746586895511
33.98750138282776,5.6286234855651855,1.1328942775726318,5.84016685907673
34.0431387424469,5.691928863525391,1.1003084182739258,5.88344641166573
34.08727049827576,5.736654281616211,1.109083652496338,5.92527124652843
34.13770341873169,5.78917932510376,1.0926215648651123,5.96099468705089
34.18738031387329,5.841329574584961,1.0798596143722534,5.99836351069538
34.2378306388855,5.893503665924072,1.072401523590088,6.0362354366052
34.289719343185425,5.952676296234131,1.0347046852111816,6.07583048976183
34.33856439590454,5.9956488609313965,1.0510838031768799,6.11487445074286
34.387733936309814,6.045077323913574,1.0316048860549927,6.15317375767089
34.43767786026001,6.094903945922852,1.0253437757492065,6.18415199606988
34.48832607269287,6.144001483917236,1.0136241912841797,6.22193030867312
34.543936252593994,6.200603008270264,0.98433518409729,6.26025425315025
34.5929000377655,6.248342514038086,0.971179187297821,6.29415369250726
34.637141704559326,6.287685394287109,0.9779729247093201,6.32676336169428
34.687703132629395,6.334359169006348,0.9665111899375916,6.35721392862671
34.73718738555908,6.379708766937256,0.9482428431510925,6.38991543830025
34.79379153251648,6.432547092437744,0.9202560186386108,6.41465574735834
34.843547105789185,6.477421760559082,0.9099104404449463,6.43440584541272
34.89350175857544,6.519929885864258,0.8846918940544128,6.4367183298223
34.943554401397705,6.559265613555908,0.8443360328674316,6.44216617049282
34.98828649520874,6.59089994430542,0.8288081884384155,6.43247506379513
35.0451021194458,6.632486343383789,0.7680633664131165,6.41896090138386
35.087501525878906,6.660243511199951,0.7451876401901245,6.39758191585388
35.13796925544739,6.689416408538818,0.6836165189743042,6.37342322208714
35.18857192993164,6.715478897094727,0.6226864457130432,6.37594089618028
35.23825192451477,6.7380523681640625,0.556882381439209,6.35165902843354
35.288055419921875,6.759467601776123,0.5096746683120728,6.32498408884548
35.338037729263306,6.779224872589111,0.46623697876930237,6.30044629803198
35.39102840423584,6.798386573791504,0.3992406129837036,6.27295465900348
35.443979263305664,6.811501979827881,0.3442334234714508,6.26641063224223
35.49403643608093,6.821610927581787,0.2873128652572632,6.24420637105275
35.54910588264465,6.830516815185547,0.2439085990190506,6.21731174974895
35.59416079521179,6.837855815887451,0.20505991578102112,6.19365808405214
35.640268087387085,6.842899322509766,0.1633092612028122,6.16886470815737
35.69382166862488,6.846897602081299,0.13021636009216309,6.16479881837002
35.74377489089966,6.849206447601318,0.09659985452890396,6.14094634477109
35.79385995864868,6.850715637207031,0.07027357816696167,6.11439119162177
35.843814849853516,6.850554466247559,0.0408642552793026,6.08191079700787
35.89723467826843,6.847810745239258,0.002546539530158043,6.04790847568018
35.93792748451233,6.843156337738037,-0.03746173530817032,6.02477631189363
35.9940550327301,6.833123683929443,-0.09778464585542679,5.98218008438507
36.04418468475342,6.822823524475098,-0.14038681983947754,5.9348953752245
36.0938777923584,6.810810089111328,-0.17988905310630798,5.88776195962007
36.14439415931702,6.796411514282227,-0.22272011637687683,5.83576884335808
36.193742513656616,6.780929088592529,-0.25675860047340393,5.81160763587921
36.243680238723755,6.762051105499268,-0.3048635423183441,5.7589426056601
36.29379606246948,6.741124629974365,-0.3495147228240967,5.70495271729595
36.34355401992798,6.718061447143555,-0.3935156762599945,5.64779883373979
36.39437675476074,6.692415714263916,-0.4405715763568878,5.59378473436514
36.43742394447327,6.6687445640563965,-0.49252164363861084,5.55244764493
36.48797583580017,6.639167308807373,-0.5353469252586365,5.50541399086041
36.537888050079346,6.608112812042236,-0.5735916495323181,5.43952198772524
36.58780360221863,6.574787616729736,-0.6152215003967285,5.37964013785012
36.63916730880737,6.5387067794799805,-0.6626294851303101,5.31580433044451
36.687275409698486,6.500992774963379,-0.703655481338501,5.26733648753137
36.737666606903076,6.460384368896484,-0.7529383301734924,5.19328458713259
36.78709959983826,6.418663501739502,-0.7898955345153809,5.11420174893808
36.837759256362915,6.3750834465026855,-0.828744113445282,5.03886209838308
36.88960409164429,6.3186211585998535,-0.8839722871780396,4.95742543797662
36.938974142074585,6.275284767150879,-0.9530585408210754,4.90592049298298
36.987651348114014,6.22271203994751,-0.9983350038528442,4.82368012224027
37.037861824035645,6.169142723083496,-1.0343304872512817,4.73194959351972
37.087700843811035,6.113593101501465,-1.072372555732727,4.6398782725259
37.13987326622009,6.0440192222595215,-1.1164863109588623,4.53402124172034
37.18745803833008,5.9901652336120605,-1.1967087984085083,4.44121345597879
37.23898267745972,5.922605514526367,-1.2671457529067993,4.30871693504596
37.28921604156494,5.851968765258789,-1.3342962265014648,4.16818483598311
37.33725118637085,5.777250289916992,-1.4084113836288452,4.03048659403063
37.3897910118103,5.683634281158447,-1.4828698635101318,3.89175006566809
37.43734335899353,5.611026287078857,-1.5985082387924194,3.79975164658469
37.487732887268066,5.521460056304932,-1.6861298084259033,3.68196350396669
37.540541648864746,5.415062427520752,-1.7298425436019897,3.57371929866824
37.590150117874146,5.32328462600708,-1.7691887617111206,3.49151211757339
37.63822889328003,5.245723247528076,-1.8308265209197998,3.41155330950165
37.690091371536255,5.137558460235596,-1.8219588994979858,3.3703321572401
37.73734712600708,5.059873580932617,-1.8669862747192383,3.31529408073387
37.787272691726685,4.970132350921631,-1.8483474254608154,3.26021314120209
37.840705156326294,4.868146896362305,-1.7847726345062256,3.22634546066005
37.88885712623596,4.794597148895264,-1.8078835010528564,3.17543858254593
37.937126874923706,4.709211826324463,-1.7781057357788086,3.13578631707645
37.98724985122681,4.623666286468506,-1.7638375759124756,3.09104141594614
38.0413384437561,4.523538112640381,-1.7243443727493286,3.06035791536991
38.08885169029236,4.452877521514893,-1.742875337600708,3.02968537547177
38.13942575454712,4.37107515335083,-1.7102962732315063,3.00327771859334
38.191017627716064,4.278471946716309,-1.6376920938491821,2.96763629431005
38.23739576339722,4.213470935821533,-1.637795090675354,2.93297656992529
38.29053711891174,4.1246209144592285,-1.5698590278625488,2.89877666914449
38.339457273483276,4.048243999481201,-1.5513834953308105,2.85677304242831
38.39356017112732,3.9731738567352295,-1.5294829607009888,2.80982284482565
38.44529151916504,3.89719820022583,-1.5240905284881592,2.76039666628518
38.4934868812561,3.821791648864746,-1.5157288312911987,2.70318181831091
38.54531478881836,3.7469658851623535,-1.5062298774719238,2.64053228806102
38.59350609779358,3.6706349849700928,-1.5129032135009766,2.57917393541765
38.64528846740723,3.5930213928222656,-1.5268139839172363,2.5162544338517
38.6948881149292,3.5165159702301025,-1.5258510112762451,2.4681676441139
38.74362134933472,3.439441204071045,-1.5304090976715088,2.40687910182336
38.79179310798645,3.3616983890533447,-1.5383013486862183,2.35116679943633
38.83895945549011,3.2976884841918945,-1.5629125833511353,2.26602367769962
38.89068388938904,3.2085347175598145,-1.5318399667739868,2.12851019122802
38.93757963180542,3.1422858238220215,-1.5780601501464844,2.04423373802224
38.99055314064026,3.045031785964966,-1.6035144329071045,1.97163666987648
39.03794503211975,2.972018003463745,-1.6821836233139038,1.94157790047215
39.09008598327637,2.871016263961792,-1.685396671295166,1.91771481957877
39.13999938964844,2.7892892360687256,-1.6619558334350586,1.9142388532012
39.187283992767334,2.7250723838806152,-1.6469669342041016,1.91401200697244
39.237815141677856,2.653916597366333,-1.5658892393112183,1.94026279080869
39.2949903011322,2.576139211654663,-1.4459679126739502,1.9747926373071
39.34210729598999,2.5133965015411377,-1.3681215047836304,1.99766770223738
39.39377021789551,2.4575657844543457,-1.2658644914627075,1.99380890377249
39.443625688552856,2.4054112434387207,-1.1761852502822876,1.98786027735105
39.48827075958252,2.3620970249176025,-1.148706078529358,1.97369978298906
39.53766846656799,2.311163902282715,-1.1040613651275635,1.94828111959054
39.58735132217407,2.2590668201446533,-1.0874719619750977,1.91883888647887
39.63729166984558,2.2063448429107666,-1.0811957120895386,1.9040202197014
39.68796229362488,2.1537952423095703,-1.0761003494262695,1.89345885423899
39.738654375076294,2.1025872230529785,-1.0615140199661255,1.8961776835054
39.78817439079285,2.054091453552246,-1.0306471586227417,1.8946896783175
39.838048696517944,2.008908987045288,-0.9853793978691101,1.89625505225942
39.88741087913513,1.9671385288238525,-0.9307224154472351,1.900622219755
39.943652391433716,1.9209715127944946,-0.8591973185539246,1.89168991921697
39.993412256240845,1.8830605745315552,-0.8180474638938904,1.88928920100682
40.03720688819885,1.8531489372253418,-0.7966506481170654,1.88737124182745
40.09338569641113,1.8130720853805542,-0.7397556900978088,1.8887963695574
40.143681049346924,1.7785776853561401,-0.7193453311920166,1.88395898380193
40.193302154541016,1.7469987869262695,-0.6831172108650208,1.86133506682132
40.243396520614624,1.715697169303894,-0.6600026488304138,1.85861032575558
40.293211460113525,1.6853994131088257,-0.6376610994338989,1.79506799675579
40.33739161491394,1.6604559421539307,-0.6347749829292297,1.76179987620996
40.39043855667114,1.6225444078445435,-0.6369502544403076,1.74832687601377
40.443501710891724,1.5883594751358032,-0.6546207666397095,1.73691265304009
40.487998485565186,1.5610928535461426,-0.665026843547821,1.72059563450295
40.54296374320984,1.5266433954238892,-0.6235601305961609,1.70986117822087
40.59332990646362,1.4977045059204102,-0.6053248643875122,1.71430091428936
40.643261432647705,1.4699064493179321,-0.5848484635353088,1.73615232929914
40.69325637817383,1.446220874786377,-0.5393324494361877,1.79087751770901
40.743160009384155,1.4251500368118286,-0.4918537437915802,1.85964155012666
40.79347467422485,1.4099552631378174,-0.4157969355583191,1.95641308229157
40.84333062171936,1.4017001390457153,-0.31513091921806335,2.00773052515739
40.89383125305176,1.4019118547439575,-0.18718396127223969,2.00479936492245
40.937692642211914,1.4039756059646606,-0.10843798518180847,1.93516997132963
40.9877245426178,1.404854655265808,-0.06051697954535484,1.9461410340426
41.03764247894287,1.3986619710922241,-0.08995495736598969,1.99812797279707
41.08722138404846,1.3885222673416138,-0.1357582062482834,2.04713890845597
41.14360451698303,1.3815325498580933,-0.12402011454105377,2.09098536606654
41.18900752067566,1.38193678855896,-0.0787200853228569,2.08051732278535
41.23773741722107,1.3870044946670532,-0.0056701949797570705,2.10935834689795
41.28776788711548,1.3935761451721191,0.048552464693784714,2.13848450336688
41.337472677230835,1.4005568027496338,0.08537152409553528,2.18118082399861
41.38756012916565,1.407748818397522,0.10906538367271423,2.22119756906833
41.43748450279236,1.4172216653823853,0.14322379231452942,2.26185677173306
41.48771572113037,1.430385947227478,0.1933836042881012,2.30502861497695
41.53791570663452,1.4471186399459839,0.2521824240684509,2.35182076848145
41.58754324913025,1.4658015966415405,0.30248335003852844,2.40084010135533
41.63845610618591,1.4860575199127197,0.3459468185901642,2.4512341223256
41.688265323638916,1.5085333585739136,0.3903109133243561,2.48520344704158
41.73784255981445,1.533666729927063,0.438597708940506,2.53132030108519
41.78781461715698,1.560343861579895,0.47945931553840637,2.58528114716546
41.83819246292114,1.5885207653045654,0.5167001485824585,2.6323359538704
41.888429403305054,1.6190069913864136,0.5580278635025024,2.68494322130593
41.937925815582275,1.650948405265808,0.5940356850624084,2.71723375556279
41.99242687225342,1.6900489330291748,0.6222952008247375,2.76588664489848
42.037933111190796,1.7189918756484985,0.6577640175819397,2.8146284621571
42.08811116218567,1.7536417245864868,0.6758934259414673,2.86390566859354
42.14029407501221,1.7969032526016235,0.6995840668678284,2.9200218376259
42.18849062919617,1.830047845840454,0.7447125911712646,2.9631608698237
42.23842144012451,1.8716977834701538,0.785588264465332,3.02099161335303
42.288514852523804,1.9147491455078125,0.8209093809127808,3.07601531281971
42.34355115890503,1.96673583984375,0.8441603779792786,3.13266778586748
42.39420986175537,2.012454032897949,0.8708352446556091,3.18647614175738
42.4435510635376,2.0581493377685547,0.886642336845398,3.23316096963869
42.48868227005005,2.0987813472747803,0.9327714443206787,3.28411619539326
42.537490367889404,2.147984266281128,0.9589707255363464,3.33578381445428
42.58803391456604,2.197967052459717,0.9818634390830994,3.39321725143048
42.63764524459839,2.250075340270996,1.0131733417510986,3.44423830523393
42.68764042854309,2.3037362098693848,1.0439329147338867,3.48187144170338
42.73780012130737,2.3577983379364014,1.0654611587524414,3.5339200992949
42.78715395927429,2.4103198051452637,1.06528902053833,3.58099619716627
42.837220907211304,2.463665246963501,1.0738881826400757,3.62814792197114
42.88885426521301,2.5189156532287598,1.093762755393982,3.6773013260173
42.93720507621765,2.5737295150756836,1.1011273860931396,3.69446993433669
42.988826274871826,2.6299774646759033,1.118959665298462,3.74126137553905
43.037384033203125,2.6843485832214355,1.1116373538970947,3.79028405601631
43.08756732940674,2.7379508018493652,1.1036434173583984,3.8428841974882
43.138899087905884,2.7927067279815674,1.10776948928833,3.89571712901549
43.1873574256897,2.8495213985443115,1.1273183822631836,3.92302230887708
43.23738431930542,2.908108711242676,1.1527304649353027,3.97357894894305
43.28741383552551,2.9660394191741943,1.161715030670166,4.01980304641479
43.33760905265808,3.0238771438598633,1.1675463914871216,4.06582888736215
43.3879292011261,3.080939769744873,1.1638838052749634,4.10099585800507
43.43758726119995,3.138113021850586,1.163712501525879,4.12272656537473
43.48754692077637,3.1947920322418213,1.158623218536377,4.16444560832213
43.53769278526306,3.250478506088257,1.147901177406311,4.20641172206143
43.58767557144165,3.3057048320770264,1.137924075126648,4.24938996922232
43.63785123825073,3.3621673583984375,1.1426640748977661,4.29155026830661
43.68766188621521,3.418821096420288,1.1458163261413574,4.33993708060453
43.737621545791626,3.4761154651641846,1.153822898864746,4.38601917170226
43.78787136077881,3.5331053733825684,1.1550984382629395,4.43577803460003
43.8379271030426,3.5904269218444824,1.1595932245254517,4.48041954882781
43.88765859603882,3.648639440536499,1.1691726446151733,4.52465109820455
43.93775224685669,3.707265615463257,1.1781092882156372,4.5636968119559
43.98757600784302,3.765981912612915,1.1841593980789185,4.59572799710946
44.037906885147095,3.823289394378662,1.1757307052612305,4.63498680379313
44.08770751953125,3.880366802215576,1.170069694519043,4.67616038695106
44.14405393600464,3.9458980560302734,1.1365458965301514,4.70964469583578
44.19070076942444,4.001265048980713,1.123525857925415,4.75010527076307
44.23739767074585,4.047410488128662,1.1367254257202148,4.79025086702231
44.287375688552856,4.102468967437744,1.129930019378662,4.82167282581258
44.33761143684387,4.15765905380249,1.1268759965896606,4.85507407372713
44.38812828063965,4.213012218475342,1.126302719116211,4.88279876027047
44.437724351882935,4.267158508300781,1.1154676675796509,4.92818544690678
44.48765826225281,4.319937705993652,1.098412275314331,4.95115598008984
44.538224935531616,4.372136116027832,1.0837047100067139,4.97873286711187
44.593355655670166,4.432712078094482,1.052482008934021,4.99988593382924
44.637680768966675,4.47653865814209,1.0698908567428589,5.01931389283885
44.6880841255188,4.526362419128418,1.045930027961731,5.05575903440886
44.737610816955566,4.574808120727539,1.0220904350280762,5.06433463416777
44.78750658035278,4.6222429275512695,0.9988256096839905,5.06640756149065
44.83729577064514,4.668732166290283,0.9775788187980652,5.05766540523422
44.888938188552856,4.712364196777344,0.9404350519180298,5.04605662523469
44.93713426589966,4.753299713134766,0.8973390460014343,5.04931139205167
44.987250328063965,4.7906341552734375,0.8413562774658203,5.03258812330798
45.03718972206116,4.826508522033691,0.7976941466331482,5.00642984438337
45.08761477470398,4.860428810119629,0.7540996670722961,4.98945819871998
45.13790583610535,4.889769554138184,0.6902511119842529,4.9663026398007
45.187583208084106,4.915799617767334,0.6264126300811768,4.974134455485
45.24026799201965,4.943240165710449,0.5501518249511719,4.95007759344979
45.28783297538757,4.963685989379883,0.5391970872879028,4.93525303251833
45.337743043899536,4.986757278442383,0.5107046961784363,4.90991148083551
45.38949799537659,5.009919166564941,0.4538109004497528,4.89289163570763
45.43737769126892,5.025153160095215,0.43072348833084106,4.89012497433643
45.488030672073364,5.040273666381836,0.3807637691497803,4.87639825069798
45.543625593185425,5.056351661682129,0.33078083395957947,4.85885556648308
45.593682289123535,5.071136951446533,0.3168538212776184,4.84371047010936
45.63743782043457,5.081578731536865,0.29862090945243835,4.82779982905288
45.68731760978699,5.09226655960083,0.2661898136138916,4.8319654636028
45.737019777297974,5.100825786590576,0.2291438728570938,4.81817488158328
45.787652015686035,5.1092963218688965,0.20742550492286682,4.80418804234054
45.840949058532715,5.117191791534424,0.17204734683036804,4.77765978037983
45.890085220336914,5.123703956604004,0.15561582148075104,4.75193955758001
45.93744492530823,5.1271162033081055,0.13208863139152527,4.75071938943218
45.987356185913086,5.1280341148376465,0.08623723685741425,4.71149485081041
46.037376165390015,5.128058910369873,0.053029030561447144,4.68184827835175
46.092905044555664,5.127455711364746,0.024090325459837914,4.64336001407409
46.13750958442688,5.124007701873779,-0.013271615840494633,4.6108191618445
46.187257528305054,5.117556571960449,-0.06013789400458336,4.57851322558807
46.237324476242065,5.110166072845459,-0.09547892212867737,4.53434621308055
46.28753042221069,5.100244045257568,-0.13855497539043427,4.494965078188
46.33754372596741,5.0879902839660645,-0.18238307535648346,4.4507582596431
46.38738536834717,5.0737457275390625,-0.22519424557685852,4.41210196069953
46.43840432167053,5.058305740356445,-0.2600843012332916,4.36997116100528
46.4933602809906,5.038581371307373,-0.29257649183273315,4.33181511228315
46.537537574768066,5.022316932678223,-0.3317331373691559,4.29313986854266
46.58758211135864,5.001628875732422,-0.3668096661567688,4.24494591156774
46.63724327087402,4.979321479797363,-0.4015101492404938,4.20030496229265
46.687090158462524,4.955896854400635,-0.43093401193618774,4.13656977630591
46.737534046173096,4.9310150146484375,-0.46099579334259033,4.08569190871076
46.78707218170166,4.902355194091797,-0.5105365514755249,4.03684283113923
46.837456941604614,4.871963024139404,-0.5524385571479797,3.98946275066499
46.887999534606934,4.839385032653809,-0.5967746376991272,3.94124713901145
46.9373779296875,4.806083679199219,-0.6277598738670349,3.89459208919826
46.99390697479248,4.765129089355469,-0.655414342880249,3.84473887889322
47.04438090324402,4.729646682739258,-0.6757105588912964,3.79358375734666
47.09333086013794,4.6933417320251465,-0.6949614882469177,3.73948679271061
47.139933586120605,4.654823303222656,-0.7243371605873108,3.68359040044051
47.18760848045349,4.62157678604126,-0.7620295882225037,3.6295053960637
47.237926721572876,4.580179691314697,-0.7940105199813843,3.57157601340329
47.28972887992859,4.528776168823242,-0.8254458904266357,3.5135636674945
47.33850812911987,4.490457057952881,-0.8719519972801208,3.45910327505345
47.39103579521179,4.436888694763184,-0.8831436634063721,3.40350851952472
47.44036555290222,4.389554023742676,-0.9074196219444275,3.34762513986946
47.49025583267212,4.341475963592529,-0.9277086853981018,3.2942425016491
47.544591188430786,4.291632652282715,-0.9542451500892639,3.23805946511859
47.589996337890625,4.240772724151611,-0.9779963493347168,3.17453298398256
47.63780188560486,4.198050022125244,-1.0106785297393799,3.10810130086654
47.690351724624634,4.135519504547119,-1.028971791267395,3.05549490392449
47.73986577987671,4.07912540435791,-1.0670084953308105,2.99040056962562
47.78921341896057,4.032716274261475,-1.100640892982483,2.92606898359901
47.83966684341431,3.96638822555542,-1.1065083742141724,2.86627223057763
47.88953876495361,3.907456398010254,-1.1338093280792236,2.81161273396539
47.93978023529053,3.8480334281921387,-1.1539623737335205,2.77221042732006
47.989680767059326,3.7887206077575684,-1.165184736251831,2.70966057752974
48.039783239364624,3.7314422130584717,-1.1554561853408813,2.64936785639733
48.08993625640869,3.6723499298095703,-1.165111780166626,2.58849115295455
48.13923978805542,3.621429920196533,-1.204567551612854,2.53044301959774
48.189411878585815,3.549734115600586,-1.2030251026153564,2.513853409681
48.23886680603027,3.4965786933898926,-1.2486532926559448,2.4577015130922
48.289421796798706,3.4346866607666016,-1.2509692907333374,2.40302138934127
48.339258432388306,3.3739778995513916,-1.2443805932998657,2.34585256882528
48.38933324813843,3.3118646144866943,-1.2524548768997192,2.28980528292336
48.43927812576294,3.248181104660034,-1.2694264650344849,2.27204427526612
48.48738956451416,3.185105800628662,-1.2737269401550293,2.21458094858999
48.53784680366516,3.1233177185058594,-1.266357183456421,2.15736330729867
48.58799505233765,3.062274217605591,-1.256187915802002,2.10611494898346
48.640161752700806,2.989983081817627,-1.2365622520446777,2.05544634039994
48.68751382827759,2.9366860389709473,-1.2721494436264038,2.02472673655556
48.73780632019043,2.873798370361328,-1.2739087343215942,1.96008275036192
48.78732347488403,2.812147378921509,-1.2654063701629639,1.90249698394582
48.837973833084106,2.7498443126678467,-1.2665185928344727,1.85321493841858
48.887938499450684,2.6863462924957275,-1.27642023563385,1.80511366419723
48.94080662727356,2.611771583557129,-1.2641197443008423,1.78252529341898
48.98712682723999,2.557910203933716,-1.2951087951660156,1.72857972122416
49.04067659378052,2.486600160598755,-1.2474091053009033,1.6751715080966
49.09071660041809,2.4249989986419678,-1.2403286695480347,1.6275586280141
49.139737367630005,2.3636698722839355,-1.2332504987716675,1.58728441828256
49.18766903877258,2.311276435852051,-1.2625689506530762,1.57633851969527
49.23766088485718,2.2490134239196777,-1.263343334197998,1.54273446835634
49.287012338638306,2.1902341842651367,-1.2345467805862427,1.50440830896089
49.33696699142456,2.133451461791992,-1.20303475856781,1.46369372988724
49.38866090774536,2.076608180999756,-1.1846210956573486,1.41686241358118
49.437517404556274,2.0179684162139893,-1.1886385679244995,1.40081851755521
49.487377643585205,1.9587234258651733,-1.1945533752441406,1.36040488155612
49.5371253490448,1.9012776613235474,-1.1830267906188965,1.32070240459774
49.5903377532959,1.8366780281066895,-1.136701226234436,1.27006619030275
49.639726877212524,1.781858205795288,-1.1193902492523193,1.2164336573439
49.69071674346924,1.727089762687683,-1.108620285987854,1.18033914275877
49.73700141906738,1.6797051429748535,-1.1375023126602173,1.13322517972631
49.78782916069031,1.6230765581130981,-1.1425279378890991,1.08875574749131
49.83716797828674,1.5657252073287964,-1.1522918939590454,1.04746886276767
49.887717962265015,1.5086604356765747,-1.154760718345642,1.0111429554323
49.93844032287598,1.452613115310669,-1.1483770608901978,0.993473233083994
49.98714017868042,1.3971415758132935,-1.1401026248931885,0.961673895870267
50.03804612159729,1.3432248830795288,-1.1219619512557983,0.929405647667524
50.08738374710083,1.2907557487487793,-1.099905252456665,0.906861304506324
50.13975405693054,1.2321165800094604,-1.045586109161377,0.886107169501723
50.18729257583618,1.1909582614898682,-1.0429377555847168,0.875103591722118
50.23767137527466,1.142136812210083,-1.0232008695602417,0.858254249989618
50.28753709793091,1.0944610834121704,-1.0013539791107178,0.844358533349899
50.34537124633789,1.0420665740966797,-0.9441014528274536,0.830515642410771
50.38772106170654,1.0056438446044922,-0.9355167150497437,0.820705774189472
50.437381744384766,0.9638965725898743,-0.9006665945053101,0.807167404013619
50.493592500686646,0.9169045686721802,-0.8490744233131409,0.798395546221163
50.537553787231445,0.8830762505531311,-0.8504583835601807,0.78771839251257
50.587713956832886,0.845114529132843,-0.8181120753288269,0.779236503752393
50.63973784446716,0.8023003339767456,-0.772738516330719,0.769633133826906
50.687264919281006,0.7721774578094482,-0.768194317817688,0.761970530384673
50.73725199699402,0.738191545009613,-0.7369295954704285,0.759353017354627
50.78818416595459,0.7044095396995544,-0.7177891731262207,0.759994516166525
50.84370493888855,0.6672630310058594,-0.6730678081512451,0.761692698928832
50.89326596260071,0.6374055743217468,-0.642086923122406,0.769442456276043
50.938995122909546,0.614136278629303,-0.6234720945358276,0.777497016918055
50.98752498626709,0.5888605117797852,-0.5794035196304321,0.793780422344373
51.037315368652344,0.5652836561203003,-0.5398696064949036,0.814384044597118
51.09458613395691,0.5416658520698547,-0.4728148579597473,0.840855612352408
51.14333629608154,0.523826539516449,-0.4262930750846863,0.866005405858613
51.19345211982727,0.5080978274345398,-0.38137397170066833,0.889057556429796
51.24329662322998,0.49491217732429504,-0.33407410979270935,0.924226471434789
51.2935357093811,0.484521746635437,-0.2833988070487976,0.965254640149118
51.337366580963135,0.478059858083725,-0.24327178299427032,1.00501533007225
51.389585733413696,0.4724409580230713,-0.17467786371707916,1.04340953675929
51.43731904029846,0.4708153009414673,-0.13020934164524078,1.06538201187639
51.494544506073,0.4701382517814636,-0.07636573910713196,1.09721173417144
51.543418645858765,0.47109076380729675,-0.03839631751179695,1.13198216409489
51.587326765060425,0.4736632704734802,-0.003994632512331009,1.16351283653826
51.639026165008545,0.4791998863220215,0.042727045714855194,1.1898823857441
51.6877703666687,0.4863382577896118,0.08309897780418396,1.19652760028048
51.737558126449585,0.49369361996650696,0.10896617919206619,1.21067112420881
51.78753924369812,0.5019496083259583,0.13259266316890717,1.2179805558803
51.83765745162964,0.5097301006317139,0.1419069617986679,1.22808640595933
51.887531995773315,0.5175384283065796,0.14887066185474396,1.23671359654422
51.93742561340332,0.5259665250778198,0.15783283114433289,1.24200925463336
51.98763704299927,0.5346300601959229,0.16502223908901215,1.24826137606142
52.03767991065979,0.5446318984031677,0.1808394342660904,1.25174277365394
52.08775997161865,0.5546458959579468,0.18924275040626526,1.25537131411483
52.13787770271301,0.5650539398193359,0.1984909027814865,1.25769489018107
52.193114280700684,0.576468288898468,0.19440892338752747,1.25439596736624
52.243120431900024,0.5867804884910583,0.19910956919193268,1.24126271942047
52.28763127326965,0.59466952085495,0.19877079129219055,1.2207315589833
52.33808708190918,0.6032384037971497,0.18881961703300476,1.20555772781956
52.388872385025024,0.6099622249603271,0.1674317866563797,1.19146577497513
52.437681913375854,0.616441547870636,0.15389461815357208,1.14141121199899
52.48761868476868,0.6224788427352905,0.14120011031627655,1.07338485889587
52.54334092140198,0.6251310706138611,0.09525284171104431,1.00103965691555
52.59334921836853,0.620816707611084,0.02226635254919529,0.931630237400793
52.643269777297974,0.6131160855293274,-0.04763335734605789,0.864721838469052
52.693105697631836,0.6012033820152283,-0.12353238463401794,0.810592933970609
52.74314832687378,0.5872961282730103,-0.18442261219024658,0.761504936120361
52.78766083717346,0.5743431448936462,-0.23148898780345917,0.726191402272273
52.837695360183716,0.5582534074783325,-0.2688775062561035,0.706440224596905
52.88744139671326,0.5424990653991699,-0.2886882722377777,0.686244503060001
52.94368577003479,0.5267247557640076,-0.27618229389190674,0.678004665562588
52.99355459213257,0.5136565566062927,-0.2701376974582672,0.661957038670768
53.04332661628723,0.5035966634750366,-0.24180114269256592,0.651658125723997
53.09332847595215,0.4923580288887024,-0.23539941012859344,0.648174940699668
53.14331388473511,0.481103777885437,-0.23094992339611053,0.645699707343544
53.18735861778259,0.4732113480567932,-0.22000741958618164,0.644520113761838
53.243375062942505,0.4621407091617584,-0.20490984618663788,0.637676374775604
53.29331731796265,0.45337677001953125,-0.19270335137844086,0.631438621346925
53.33742952346802,0.44660484790802,-0.1853889524936676,0.626863625829962
53.38979983329773,0.43582838773727417,-0.18415777385234833,0.62700926997918
53.43725252151489,0.42815276980400085,-0.1870700567960739,0.632913870227298
53.4874107837677,0.4208785891532898,-0.17063607275485992,0.640502791318865
53.53725028038025,0.41408219933509827,-0.15826500952243805,0.645734357490107
53.587493658065796,0.40791958570480347,-0.14478714764118195,0.647606447075886
53.63894772529602,0.4039929211139679,-0.1182648241519928,0.650240194894081
53.687347173690796,0.40047118067741394,-0.10041239112615585,0.655094829320472
53.73758125305176,0.3974068760871887,-0.0850125253200531,0.659730958222359
53.78748679161072,0.39374014735221863,-0.08160865306854248,0.665238493040802
53.84322547912598,0.3896319568157196,-0.07531921565532684,0.673560485246154
53.89348006248474,0.38855698704719543,-0.053436629474163055,0.683416692155877
53.94336915016174,0.38730931282043457,-0.04239366948604584,0.699581817648863
53.993147134780884,0.3870212137699127,-0.02762763388454914,0.716473277116237
54.03890824317932,0.38866788148880005,-0.004375625867396593,0.735700514964216
54.08720850944519,0.39204245805740356,0.024623362347483635,0.757035941557221
54.137234926223755,0.3959670960903168,0.04624949023127556,0.781581740530555
54.19316053390503,0.4021114706993103,0.07264629751443863,0.803858081937358
54.23770809173584,0.40737661719322205,0.09253261983394623,0.82802780334144
54.287673234939575,0.4152243435382843,0.11959125846624374,0.852491419381834
54.337745904922485,0.42434608936309814,0.14564919471740723,0.878371958887331
54.387274742126465,0.43511298298835754,0.1751437932252884,0.90442712400735
54.43753457069397,0.44713351130485535,0.2025035321712494,0.92246301902873
54.48735785484314,0.4607551097869873,0.23243758082389832,0.947441205163049
54.53716063499451,0.47425422072410583,0.24825866520404816,0.972257989553503
54.58739948272705,0.4878832697868347,0.25991061329841614,0.996503422504451
54.63992094993591,0.5061478614807129,0.2818141281604767,1.02264392791137
54.6877019405365,0.5192440748214722,0.29753056168556213,1.03870780313934
54.73750615119934,0.5354846119880676,0.3107815384864807,1.06037704411649
54.78730845451355,0.5524864792823792,0.32460448145866394,1.08589447211919
54.83760213851929,0.571048378944397,0.34611040353775024,1.10963784557552
54.88757085800171,0.5896503925323486,0.35813772678375244,1.13002189082839
54.93760919570923,0.6085836887359619,0.36907288432121277,1.14218601162582
54.987412214279175,0.6282616257667542,0.38137921690940857,1.16220277247741
55.0376238822937,0.6481874585151672,0.39066821336746216,1.1804326323591
55.08739948272705,0.6680777072906494,0.39595887064933777,1.20019722487136
55.13772916793823,0.6891573071479797,0.40948808193206787,1.2202551423098
55.187527656555176,0.7101956605911255,0.4161076545715332,1.23499138491411
55.237600564956665,0.7316307425498962,0.42430761456489563,1.24957190776376
55.29347324371338,0.7558940649032593,0.4154333472251892,1.27414277702509
55.343510389328,0.7772918939590454,0.42014363408088684,1.28467567428714
55.3898024559021,0.7977505326271057,0.41497403383255005,1.29188258645362
55.437668561935425,0.8154982924461365,0.42595675587654114,1.27771282655187
55.48741602897644,0.8361177444458008,0.4227384626865387,1.28218311991424
55.54375958442688,0.8571984767913818,0.38988640904426575,1.27960400054961
55.5937864780426,0.8750752806663513,0.37689340114593506,1.27553937788628
55.63894987106323,0.8892840147018433,0.3705323040485382,1.27920713958405
55.68831944465637,0.9055439233779907,0.3546723425388336,1.29060494791164
55.738301277160645,0.9215616583824158,0.34329816699028015,1.27138117211939
55.78833866119385,0.9376664161682129,0.337155282497406,1.25346381463904
55.83824300765991,0.9526374936103821,0.3235465884208679,1.24639785412563
55.894105672836304,0.968500554561615,0.2970123291015625,1.26651601815471
55.93731737136841,0.9782583713531494,0.27982375025749207,1.31715277447473
55.98713159561157,0.9900381565093994,0.26453346014022827,1.37287640505551
56.03755068778992,1.0068421363830566,0.29770052433013916,1.4239060461652
56.08759522438049,1.028727412223816,0.3568391501903534,1.47583074438409
56.1435112953186,1.0586506128311157,0.42343300580978394,1.52764767821107
56.187949895858765,1.0815190076828003,0.4739626348018646,1.5714821241856
56.2370924949646,1.1102732419967651,0.5178684592247009,1.6295822921354
56.28721380233765,1.139807105064392,0.550200343132019,1.7025662035251
56.337363958358765,1.171828031539917,0.5911283493041992,1.77849360012921
56.38893151283264,1.206197738647461,0.6338008642196655,1.8523268061809
56.43732953071594,1.2439312934875488,0.6876997351646423,1.89635169448805
56.48896884918213,1.2843397855758667,0.7406660318374634,1.95389740388473
56.53749871253967,1.325439453125,0.7777431607246399,2.01204711353318
56.592825412750244,1.3744922876358032,0.798078179359436,2.07063396302985
56.6385133266449,1.410352110862732,0.8330652117729187,2.12249066940954
56.68850064277649,1.4531611204147339,0.8474839329719543,2.1629451648397
56.73832130432129,1.4969613552093506,0.8649517893791199,2.20834859536123
56.78828048706055,1.5418254137039185,0.8836381435394287,2.2562908432105
56.83825755119324,1.587018370628357,0.8973760604858398,2.29906034979743
56.888848066329956,1.6321319341659546,0.9049947261810303,2.34051898017663
56.937777042388916,1.6783510446548462,0.9192706942558289,2.37871909423834
56.98759078979492,1.7244524955749512,0.9257469773292542,2.42677473774817
57.04094171524048,1.776829719543457,0.9033481478691101,2.47194640011484
57.0956552028656,1.8229484558105469,0.9101294279098511,2.52182774129001
57.13787388801575,1.8623954057693481,0.9381543397903442,2.56459513406565
57.18787622451782,1.9099546670913696,0.9494951963424683,2.59979507322292
57.23794412612915,1.9589883089065552,0.9688520431518555,2.64291867331562
57.287850856781006,2.0080502033233643,0.9794994592666626,2.68856541470776
57.342899322509766,2.0655810832977295,0.9727872610092163,2.73181649667584
57.39446830749512,2.1141600608825684,0.9707491397857666,2.77968614567781
57.44308257102966,2.1633806228637695,0.9752180576324463,2.8195354583789
57.4930305480957,2.211621046066284,0.9695870280265808,2.87119578864257
57.543036699295044,2.2606277465820312,0.9728702902793884,2.91648093015744
57.593361616134644,2.3104710578918457,0.9813016057014465,2.96591613218711
57.64492440223694,2.3624162673950195,1.0033291578292847,3.0129625177363
57.69329595565796,2.4140167236328125,1.0131304264068604,3.05722658312458
57.743486166000366,2.4664831161499023,1.0264294147491455,3.11044805603189
57.792860984802246,2.517927885055542,1.0257681608200073,3.16079607298506
57.843382120132446,2.5699965953826904,1.0309287309646606,3.21549559664897
57.89475154876709,2.622758388519287,1.0393739938735962,3.26217436035675
57.94306826591492,2.6775195598602295,1.0606213808059692,3.30748879229352
57.993484020233154,2.731881856918335,1.0695337057113647,3.35313884585003
58.043789863586426,2.785390615463257,1.0682798624038696,3.40697783632115
58.088380098342896,2.8297531604766846,1.0847907066345215,3.45548586508547
58.1388304233551,2.8837692737579346,1.0907560586929321,3.51222643966595
58.187659740448,2.9391117095947266,1.1045786142349243,3.55611038718476
58.23793649673462,2.995079278945923,1.1176939010620117,3.61097224232334
58.28730320930481,3.051192045211792,1.126672625541687,3.66154854254475
58.33812212944031,3.107203245162964,1.131268858909607,3.7179380905923
58.38845920562744,3.1643731594085693,1.144142746925354,3.77758938956097
58.437814712524414,3.221494674682617,1.1503156423568726,3.82283545933438
58.48754096031189,3.2790181636810303,1.1582887172698975,3.88147777985752
58.537562131881714,3.3374035358428955,1.1697273254394531,3.94009409456638
58.59359812736511,3.405703544616699,1.1580424308776855,4.0029065945367
58.64280605316162,3.4644548892974854,1.1632920503616333,4.05544344361166
58.69288396835327,3.5230796337127686,1.165459156036377,4.10349044486947
58.74378418922424,3.5815653800964355,1.1656838655471802,4.15498805069725
58.792927265167236,3.6399476528167725,1.1650171279907227,4.21146285181639
58.83739924430847,3.690138339996338,1.1985547542572021,4.26111569350214
58.889854431152344,3.7595317363739014,1.1815226078033447,4.31494012798458
58.93734955787659,3.810133934020996,1.2129052877426147,4.35365371322442
58.987236976623535,3.869966745376587,1.213636875152588,4.40488232031088
59.03761959075928,3.9287302494049072,1.205811619758606,4.46434562571886
59.08795762062073,3.9869139194488525,1.196642518043518,4.52024371158109
59.1379714012146,4.046229839324951,1.2010674476623535,4.57439220652523
59.18825006484985,4.107006072998047,1.2150026559829712,4.62566267990383
59.23753833770752,4.1685004234313965,1.2289011478424072,4.67733045891639
59.287744998931885,4.22885274887085,1.2272350788116455,4.73406560941668
59.33773756027222,4.289010047912598,1.225897192955017,4.7861111833343
59.387715101242065,4.349817752838135,1.2301228046417236,4.84103348855241
59.437418937683105,4.410990238189697,1.2354745864868164,4.88075851759268
59.48766732215881,4.470965385437012,1.228256344795227,4.93314252093105
59.53769373893738,4.530831813812256,1.22426438331604,4.9831847427799
59.59621524810791,4.599664688110352,1.1912424564361572,5.03627313989011
59.63925790786743,4.6497979164123535,1.2155524492263794,5.08597519032774
59.687350034713745,4.709155082702637,1.2115485668182373,5.12540702014717
59.737637519836426,4.767629146575928,1.2023217678070068,5.17404689077756
59.78947925567627,4.835085391998291,1.169392704963684,5.22737862662449
59.83974742889404,4.893052101135254,1.1640287637710571,5.27336410566872
59.88798785209656,4.941678047180176,1.18453848361969,5.32218227504036
59.93755078315735,4.999825477600098,1.1836156845092773,5.36515686094047
59.99368906021118,5.067543029785156,1.1612493991851807,5.41308411554454
60.04377460479736,5.1258721351623535,1.1619505882263184,5.45943448631484
60.09419345855713,5.1825270652771,1.14870023727417,5.50737815603773
60.14383816719055,5.237929344177246,1.1310820579528809,5.55450179684426
60.19394373893738,5.294545650482178,1.130637526512146,5.59398117060414
60.237876176834106,5.341617584228516,1.1490256786346436,5.63976415829282
60.29418659210205,5.4062604904174805,1.118746280670166,5.6809199377565
60.343775272369385,5.461569309234619,1.1124093532562256,5.72605552993367
60.39371943473816,5.516842365264893,1.108339548110962,5.77125268756465
60.44385480880737,5.5704827308654785,1.092545509338379,5.80410117724498
60.48707699775696,5.6158342361450195,1.1096138954162598,5.84891408127098
60.53799247741699,5.669381141662598,1.1008377075195312,5.88754048152641
60.5874400138855,5.723403453826904,1.1004184484481812,5.92351068027795
60.639333724975586,5.775860786437988,1.0857372283935547,5.962991790997
60.68966293334961,5.835722923278809,1.0483593940734863,5.99938891294703
60.73757982254028,5.879282474517822,1.0649689435958862,6.03721974978154
60.787389516830444,5.928963661193848,1.0418788194656372,6.07351309206589
60.837416648864746,5.978735446929932,1.0310784578323364,6.10058075870488
60.8876690864563,6.028999328613281,1.0272390842437744,6.12659564446048
60.94392657279968,6.0853271484375,0.988201916217804,6.14948194296542
60.98927187919617,6.124648094177246,0.9891281127929688,6.1640856374411
61.03904485702515,6.169744968414307,0.9598414301872253,6.16939593555698
61.087713956832886,6.212035179138184,0.9194386005401611,6.16961762922714
61.14392161369324,6.258939266204834,0.8585206270217896,6.16628103013853
61.193642139434814,6.295597076416016,0.8072218298912048,6.16543182262451
61.24341058731079,6.330111980438232,0.7599299550056458,6.15319708090504
61.29475951194763,6.362483978271484,0.7142951488494873,6.13632355847471
61.34354901313782,6.392305374145508,0.6665130853652954,6.12689426536526
61.39082956314087,6.417636871337891,0.6017178297042847,6.11860600087258
61.43735694885254,6.43696928024292,0.563866913318634,6.12269633839065
61.490949630737305,6.462992191314697,0.5061823725700378,6.12046653647551
61.53846526145935,6.4822916984558105,0.499965101480484,6.11643867395362
61.591304063797,6.508166790008545,0.4693133234977722,6.11640910032511
61.63907718658447,6.524940490722656,0.45361366868019104,6.12129973350372
61.689191579818726,6.543663501739502,0.42465534806251526,6.13388037876687
61.7380793094635,6.561928749084473,0.40376606583595276,6.13827875160777
61.78751468658447,6.5803446769714355,0.39241352677345276,6.14900232169116
61.838030099868774,6.597790241241455,0.3769477903842926,6.16033876895721
61.887425661087036,6.614141941070557,0.3592245578765869,6.17045467367808
61.937527894973755,6.630121231079102,0.3457280993461609,6.18457423371676
61.98739838600159,6.646143436431885,0.3379747271537781,6.19919864933897
62.03762459754944,6.661037921905518,0.32344281673431396,6.21427771207042
62.08813142776489,6.676039218902588,0.3167324960231781,6.2300146138937
62.13792395591736,6.690692901611328,0.30885592103004456,6.24513158804966
62.18779134750366,6.7045207023620605,0.2977551519870758,6.26336122468561
62.237467527389526,6.718015670776367,0.2885344922542572,6.28003004858252
62.287301540374756,6.731484889984131,0.28280797600746155,6.2959364851502
62.33767533302307,6.745065689086914,0.2802391052246094,6.3122975364996
62.38733720779419,6.758784294128418,0.2797621786594391,6.32884131778363
62.437448263168335,6.772610664367676,0.2803129255771637,6.34989358589145
62.48729109764099,6.786501407623291,0.2811388671398163,6.36451598290064
62.53744626045227,6.800418853759766,0.281840056180954,6.38104191812117
62.590984582901,6.814899444580078,0.26305001974105835,6.3997805891438
62.63898015022278,6.825473785400391,0.2644551396369934,6.41546604971885
62.687243938446045,6.837428569793701,0.25550901889801025,6.43335191335174
62.737389087677,6.849798679351807,0.2545252740383148,6.44903252871521
62.787344455718994,6.861908435821533,0.25075796246528625,6.47116636694784
62.83729910850525,6.8744964599609375,0.2533636689186096,6.48467256261026
62.8930389881134,6.890401840209961,0.2596087157726288,6.50319216120375
62.94267988204956,6.902897357940674,0.25504735112190247,6.51845529547309
62.99255919456482,6.914227485656738,0.2433100938796997,6.5358443211338
63.04289269447327,6.924999237060547,0.23195981979370117,6.55186203935372
63.093992471694946,6.937333583831787,0.2379704862833023,6.57406465062612
63.14276337623596,6.949306011199951,0.23803934454917908,6.59598068064438
63.191397190093994,6.962352752685547,0.24711976945400238,6.62429010727147
63.23741340637207,6.972671985626221,0.25116869807243347,6.64877280691596
63.28771734237671,6.985527515411377,0.2556762993335724,6.67732996890302
63.33927011489868,6.999290466308594,0.2653903663158417,6.70819152939548
63.38883399963379,7.01347541809082,0.2744723856449127,6.73694523332636
63.43756818771362,7.029087543487549,0.2921113669872284,6.76022008035564
63.493595361709595,7.048918724060059,0.3105633556842804,6.79037917941286
63.5437216758728,7.064713001251221,0.3118029534816742,6.82557414825719
63.594207763671875,7.080859661102295,0.3160034120082855,6.86072399824446
63.6441113948822,7.097528457641602,0.3225569725036621,6.89574727329792
63.69407367706299,7.116119384765625,0.3420696556568146,6.92108991082537
63.74307322502136,7.134295463562012,0.3498200476169586,6.95352758852614
63.79343509674072,7.153334140777588,0.36186593770980835,6.99253770533191
63.84288048744202,7.173078536987305,0.37453484535217285,7.02672341107652
63.88767385482788,7.1897735595703125,0.3898400366306305,7.06205295108402
63.94300293922424,7.214632034301758,0.4027091860771179,7.09993622371178
63.992711782455444,7.237329006195068,0.422560453414917,7.1329486028633
64.03739047050476,7.2565836906433105,0.4433043897151947,7.1691908796232
64.09335327148438,7.2832841873168945,0.44489702582359314,7.20730072597164
64.14481091499329,7.305966377258301,0.4477218687534332,7.24839147911984
64.19285106658936,7.330109596252441,0.46144089102745056,7.2766440376566
64.24292492866516,7.355344295501709,0.47809499502182007,7.31405994723341
64.2926197052002,7.380973815917969,0.49112385511398315,7.35303766797958
64.33769106864929,7.402416706085205,0.5074195861816406,7.38718924573485
64.38937711715698,7.433714389801025,0.5158398747444153,7.42170268009112
64.43867993354797,7.455924034118652,0.5301423072814941,7.46068289293813
64.48842930793762,7.482967853546143,0.5383104085922241,7.4983574405922
64.5401542186737,7.515402317047119,0.5407479405403137,7.53295298160331
64.59214305877686,7.543603420257568,0.5492698550224304,7.56894183890412
64.63999342918396,7.5717854499816895,0.5542263388633728,7.60101492535832
64.68856596946716,7.595285892486572,0.5668356418609619,7.63219948898293
64.73730301856995,7.624566078186035,0.5787495374679565,7.65951851286475
64.78867506980896,7.6538472175598145,0.5847236514091492,7.68969158284878
64.8381462097168,7.682234287261963,0.581397533416748,7.71817723275781
64.90381526947021,7.720155239105225,0.5591418743133545,7.74419810904367
64.93799710273743,7.740418910980225,0.5874029994010925,7.76632828300088
64.98737525939941,7.768560886383057,0.5811073184013367,7.78198405401591
65.03760695457458,7.796223163604736,0.5736287236213684,7.79769635273008
65.09256625175476,7.826466083526611,0.5422619581222534,7.8063923146869
65.13715052604675,7.848441123962402,0.5464182496070862,7.81546319512055
65.18743515014648,7.872747421264648,0.524573564529419,7.8359131636437
65.23812556266785,7.896125316619873,0.5054793357849121,7.83331589022995
65.28763961791992,7.920038223266602,0.4981718361377716,7.82793835993516
65.3369927406311,7.941825866699219,0.47503846883773804,7.82141886997038
65.38702511787415,7.961117744445801,0.44188591837882996,7.80458158226934
65.4374611377716,7.97939395904541,0.4141768217086792,7.80732952547849
65.48749423027039,7.994911193847656,0.3739163875579834,7.79109227792323
65.53806376457214,8.009206771850586,0.341521292924881,7.77821193719973
65.59167790412903,8.023183822631836,0.29144224524497986,7.76120985581362
65.63761925697327,8.031607627868652,0.2652227282524109,7.75636480806583
65.68739891052246,8.041138648986816,0.2372450977563858,7.76197186439827
65.7375168800354,8.049537658691406,0.2105562537908554,7.76346205955194
65.79029369354248,8.059822082519531,0.19409090280532837,7.76870544488469
65.83767366409302,8.067058563232422,0.19009830057621002,7.77174423161728
65.88776302337646,8.076545715332031,0.19188883900642395,7.77900327198205
65.93966031074524,8.087400436401367,0.18677301704883575,7.79371376363891
65.99319744110107,8.095882415771484,0.17965824902057648,7.80487841399643
66.04306745529175,8.10401439666748,0.17269177734851837,7.81145741440257
66.09532189369202,8.112056732177734,0.1678219884634018,7.82298332893349
66.1429512500763,8.120145797729492,0.1652659922838211,7.82798517094663
66.19310903549194,8.128326416015625,0.16443994641304016,7.85641331907144
66.23939037322998,8.136590003967285,0.164589986205101,7.86104013032361
66.28802871704102,8.143556594848633,0.1682463139295578,7.87288252546418
66.33773875236511,8.151900291442871,0.1687891185283661,7.88222945703063
66.38797760009766,8.16025447845459,0.16920232772827148,7.88934274887016
66.43782353401184,8.168607711791992,0.16943742334842682,7.90525638326139
66.48758625984192,8.176955223083496,0.16952641308307648,7.91742605818175
66.53754925727844,8.185295104980469,0.1695273369550705,7.92589700288478
66.59335231781006,8.193282127380371,0.15235434472560883,7.93568057820478
66.64086604118347,8.200356483459473,0.14815813302993774,7.94504671874938
66.69297814369202,8.208207130432129,0.15164457261562347,7.96374504916722
66.73794317245483,8.215154647827148,0.15946845710277557,7.97677754526068
66.78827953338623,8.223655700683594,0.1647462397813797,7.98587372957398
66.84046125411987,8.23360824584961,0.16559746861457825,7.99536590892157
66.89008235931396,8.240409851074219,0.15325157344341278,8.0063067159202
66.94458222389221,8.247584342956543,0.14946545660495758,8.02063714894623
66.9900324344635,8.255475997924805,0.15273964405059814,8.02761127486934
67.0380756855011,8.26242733001709,0.160236656665802,8.03728636487691
67.09288024902344,8.270610809326172,0.14879851043224335,8.04752173346239
67.14007115364075,8.277892112731934,0.1476227045059204,8.05763904210546
67.18727231025696,8.284570693969727,0.15460090339183807,8.06634980418884
67.23743033409119,8.29159164428711,0.14922526478767395,8.07316100018493
67.28979086875916,8.299917221069336,0.1453654170036316,8.08065164821747
67.33955931663513,8.306293487548828,0.13783670961856842,8.09020324541844
67.39035558700562,8.313515663146973,0.14060066640377045,8.09650934036944
67.43763852119446,8.318946838378906,0.13915161788463593,8.10209281040012
67.48784041404724,8.324681282043457,0.13003146648406982,8.10965467628564
67.53770756721497,8.331311225891113,0.13264505565166473,8.12002607856637
67.59351849555969,8.338950157165527,0.12999188899993896,8.12839197528258
67.6379075050354,8.343794822692871,0.1273050755262375,8.13274314886952
67.68742680549622,8.349238395690918,0.12067599594593048,8.15058663487569
67.73815989494324,8.354537963867188,0.11559677869081497,8.16149443722156
67.78963446617126,8.362415313720703,0.12401817739009857,8.168658830449
67.83986639976501,8.369080543518066,0.12728367745876312,8.18126465013929
67.88753890991211,8.375439643859863,0.1384464055299759,8.19117312483549
67.94020104408264,8.383554458618164,0.13658487796783447,8.20139913733633
67.98891758918762,8.388500213623047,0.13251984119415283,8.218671320088
68.04030299186707,8.396474838256836,0.1338217407464981,8.23267058445205
68.09469962120056,8.404644012451172,0.1455141305923462,8.24724076386289
68.14035701751709,8.411629676818848,0.14264048635959625,8.2636470750611
68.19011569023132,8.419175148010254,0.14597564935684204,8.27237631542864
68.23907804489136,8.42603874206543,0.15501709282398224,8.28726227660801
68.29003190994263,8.43596363067627,0.16016104817390442,8.30801421815422
68.33945298194885,8.443180084228516,0.16734036803245544,8.32273148180125
68.39039826393127,8.453161239624023,0.16719789803028107,8.33697530541465
68.44481658935547,8.461639404296875,0.16789759695529938,8.36058452549026
68.48899722099304,8.470009803771973,0.18250133097171783,8.37114242110496
68.54039812088013,8.48133659362793,0.1851796954870224,8.39469361753038
68.59594249725342,8.491836547851562,0.19502849876880646,8.40979114630876
68.64067888259888,8.503117561340332,0.2069651335477829,8.42568840826295
68.69074153900146,8.514679908752441,0.21629667282104492,8.43343878886327
68.74035239219666,8.524529457092285,0.20791371166706085,8.45627718174753
68.79065346717834,8.534688949584961,0.20601829886436462,8.47200264670859
68.8372118473053,8.543701171875,0.21312884986400604,8.48462177178459
68.89055562019348,8.556629180908203,0.21478845179080963,8.49397492989524
68.94032263755798,8.56792163848877,0.21889640390872955,8.49629533640457
68.9879047870636,8.577383041381836,0.225367471575737,8.49675971351521
69.03769779205322,8.587307929992676,0.21523608267307281,8.4913500046616
69.08771324157715,8.59572696685791,0.19752775132656097,8.47732130578562
69.14477515220642,8.604693412780762,0.17600944638252258,8.4640162487766
69.19362473487854,8.610651969909668,0.1529727280139923,8.45540922030663
69.24335527420044,8.613832473754883,0.11697130650281906,8.43360599388213
69.29368042945862,8.617197036743164,0.0975484848022461,8.41951898605241
69.34367871284485,8.618098258972168,0.06541402637958527,8.3994963198823
69.39360880851746,8.618950843811035,0.0465165339410305,8.38016115616543
69.44357085227966,8.618865013122559,0.02721010521054268,8.37523799910878
69.49340057373047,8.616484642028809,-0.0028245304711163044,8.35667561526605
69.54296541213989,8.614494323730469,-0.017072398215532303,8.33879529716779
69.58721899986267,8.612274169921875,-0.0300757959485054,8.32345612064118
69.63813638687134,8.609068870544434,-0.04396279528737068,8.30682300775511
69.69116687774658,8.60344123840332,-0.06763987988233566,8.29727068912763
69.73739647865295,8.598328590393066,-0.08795289695262909,8.28252844469878
69.78763222694397,8.593196868896484,-0.09352154284715652,8.26281290132021
69.83755350112915,8.58692455291748,-0.10801446437835693,8.24768438033854
69.88741374015808,8.57999038696289,-0.12063830345869064,8.23087982879214
69.94030213356018,8.570932388305664,-0.13535717129707336,8.21957545454144
69.99009966850281,8.562170028686523,-0.15101295709609985,8.20035512486324
70.04041838645935,8.553189277648926,-0.1620878428220749,8.1846974408882
70.0884428024292,8.544418334960938,-0.1819007843732834,8.16843100102008
70.14330077171326,8.532663345336914,-0.1879795491695404,8.14633285293585
70.19347286224365,8.521986961364746,-0.19807308912277222,8.13514941860015
70.24329781532288,8.510650634765625,-0.20921830832958221,8.11761247221316
70.2948865890503,8.497398376464844,-0.23143301904201508,8.10312636253048
70.34360599517822,8.484627723693848,-0.24029399454593658,8.09245058806465
70.38770723342896,8.47332763671875,-0.25522106885910034,8.08816552185716
70.43784308433533,8.46053409576416,-0.25645291805267334,8.09197394367595
70.48734426498413,8.44892692565918,-0.24803143739700317,8.09483042454858
70.54053211212158,8.43623161315918,-0.23183764517307281,8.10440456538527
70.58811736106873,8.427239418029785,-0.23016571998596191,8.12091582348218
70.63822484016418,8.417832374572754,-0.21411019563674927,8.13572735608304
70.6877703666687,8.409754753112793,-0.19421608746051788,8.15614601974657
70.73853540420532,8.403501510620117,-0.16702665388584137,8.1812633723503
70.78715062141418,8.398680686950684,-0.13966304063796997,8.20576199883017
70.83752489089966,8.394254684448242,-0.1202271431684494,8.23358644929549
70.88911271095276,8.390998840332031,-0.09835956990718842,8.26123376384552
70.93749022483826,8.390170097351074,-0.0653391107916832,8.29180099700692
70.98726749420166,8.391068458557129,-0.03220835700631142,8.32614492800693
71.03931307792664,8.393773078918457,0.0027631076518446207,8.36115305708855
71.08775043487549,8.39771842956543,0.03331673890352249,8.397599575757
71.13731479644775,8.403185844421387,0.0645446702837944,8.4348299794914
71.19142031669617,8.412631034851074,0.10804611444473267,8.46511225560944
71.23813128471375,8.420659065246582,0.13924778997898102,8.50415891223748
71.29031562805176,8.432172775268555,0.16329996287822723,8.54127490957021
71.33811092376709,8.441438674926758,0.18674588203430176,8.58349055334735
71.39269590377808,8.456984519958496,0.22118446230888367,8.6246563952692
71.44051718711853,8.471963882446289,0.25194674730300903,8.65799911901988
71.48767614364624,8.486016273498535,0.2860320508480072,8.70059416260324
71.54491209983826,8.506794929504395,0.3142198622226715,8.74278182370397
71.59373211860657,8.524747848510742,0.33141088485717773,8.7808384658195
71.64315390586853,8.544047355651855,0.3528495728969574,8.81709643307887
71.69318795204163,8.565882682800293,0.38602253794670105,8.84711133687983
71.74301409721375,8.58742618560791,0.40291786193847656,8.88797546137634
71.79377102851868,8.609712600708008,0.4195120930671692,8.92782928046485
71.84398651123047,8.634218215942383,0.4473303556442261,8.96595577234029
71.89313435554504,8.65832805633545,0.4602167010307312,9.00433208584859
71.94311594963074,8.683199882507324,0.4745545983314514,9.03102868465603
71.98767900466919,8.705816268920898,0.5065547823905945,9.07113334383544
72.03797817230225,8.732829093933105,0.5227681398391724,9.11580373196604
72.08847951889038,8.760258674621582,0.5368753671646118,9.15232328564496
72.1382954120636,8.789756774902344,0.5624806880950928,9.18525701619791
72.18787956237793,8.819561958312988,0.5790270566940308,9.21074049247676
72.23737335205078,8.849784851074219,0.5933384299278259,9.24225302541334
72.2872474193573,8.879402160644531,0.5960639715194702,9.27598860223346
72.33722639083862,8.909104347229004,0.5995243191719055,9.30714286126023
72.38942885398865,8.944539070129395,0.597008228302002,9.3345241946362
72.437912940979,8.9703369140625,0.6146724820137024,9.34299468469656
72.4878237247467,9.001206398010254,0.6196887493133545,9.38748504596151
72.53759264945984,9.030681610107422,0.610760509967804,9.41295067179126
72.58775186538696,9.061285018920898,0.6164551973342896,9.44795088742219
72.63928556442261,9.09273910522461,0.625277578830719,9.48441777677893
72.68792366981506,9.125171661376953,0.6392999291419983,9.50951744121517
72.73791885375977,9.157403945922852,0.6449735164642334,9.53937490299919
72.78819465637207,9.189939498901367,0.6518961191177368,9.56827349368678
72.83787107467651,9.22329330444336,0.6623558402061462,9.60024346657582
72.88834118843079,9.25565242767334,0.6597751975059509,9.6256410920148
72.93754267692566,9.287942886352539,0.6588656902313232,9.65171215383635
72.98762822151184,9.320962905883789,0.6639615893363953,9.67904152122589
73.03760361671448,9.353050231933594,0.6586340665817261,9.71462479239313
73.08755469322205,9.385173797607422,0.6568921804428101,9.74572127428314
73.13798713684082,9.418120384216309,0.6622118949890137,9.77631036385086
73.18763041496277,9.451530456542969,0.6689758896827698,9.81758489621058
73.23743438720703,9.485114097595215,0.6743723750114441,9.84787917339169
73.28748726844788,9.520033836364746,0.6890966892242432,9.87983405015591
73.33744478225708,9.554987907409668,0.6970211863517761,9.9005118968754
73.38859701156616,9.589029312133789,0.694709300994873,9.92966981781656
73.437655210495,9.622474670410156,0.688725471496582,9.96931720933938
73.4877438545227,9.656970024108887,0.6944159865379333,9.98966710115341
73.53774356842041,9.691503524780273,0.6969515085220337,10.0164801633779
73.58761501312256,9.72524642944336,0.692369818687439,10.0415257124153
73.63841724395752,9.758535385131836,0.6861088871955872,10.0758055947653
73.68772459030151,9.791644096374512,0.6809681057929993,10.1018364731153
73.73785018920898,9.82607650756836,0.6892873048782349,10.1309450903999
73.78770399093628,9.860681533813477,0.6944350004196167,10.158400663286
73.83772444725037,9.89453411102295,0.6917006373405457,10.1866427619096
73.88959646224976,9.933303833007812,0.6723630428314209,10.2131828887337
73.93764781951904,9.96241569519043,0.6930845379829407,10.2398256711835
73.98765635490417,9.995648384094238,0.6849371790885925,10.2688484585401
74.03769969940186,10.02932071685791,0.6857873201370239,10.2950724276585
74.08767509460449,10.063467025756836,0.6887894868850708,10.3190144659177
74.13704204559326,10.097122192382812,0.6867955923080444,10.3382735052917
74.18825793266296,10.12913990020752,0.6717808246612549,10.3603052389735
74.23832154273987,10.160914421081543,0.6620767116546631,10.3766545339282
74.28879117965698,10.19216251373291,0.6510171890258789,10.4056513869907
74.33851194381714,10.222529411315918,0.637584924697876,10.4314111760227
74.38931632041931,10.253911972045898,0.638555109500885,10.4494470076735
74.43752861022949,10.285415649414062,0.6389074325561523,10.4790231413108
74.48769330978394,10.316240310668945,0.633862316608429,10.4918521136727
74.53751945495605,10.346696853637695,0.62800133228302,10.5136128719484
74.5879852771759,10.377026557922363,0.6235083937644958,10.5325909053905
74.63934087753296,10.407367706298828,0.6209064722061157,10.5510650901546
74.68735408782959,10.436442375183105,0.6083899140357971,10.5699866674208
74.73782086372375,10.46414566040039,0.590290904045105,10.5827166502307
74.78752636909485,10.491288185119629,0.5751140713691711,10.5983269990135
74.83751130104065,10.518378257751465,0.5656170845031738,10.6044215024088
74.88761305809021,10.545647621154785,0.5613093972206116,10.6057927228067
74.93753361701965,10.571805953979492,0.548980176448822,10.6023219705411
74.9874701499939,10.595365524291992,0.5203371644020081,10.6001479811205
75.03737926483154,10.616975784301758,0.48811399936676025,10.5831325255092
75.08821845054626,10.636602401733398,0.45231157541275024,10.5651310047858
75.14031839370728,10.657751083374023,0.40772292017936707,10.5492954384258
75.18752884864807,10.670254707336426,0.37656474113464355,10.5398632871709
75.23733925819397,10.68305492401123,0.3303818702697754,10.524872731199
75.2880687713623,10.695079803466797,0.2967205345630646,10.5171864005162
75.33750915527344,10.705986022949219,0.26673877239227295,10.5069521453167
75.38780307769775,10.716022491455078,0.24205681681632996,10.4989137854366
75.43782567977905,10.724669456481934,0.21535971760749817,10.5045747295491
75.48851799964905,10.73218059539795,0.19058220088481903,10.5006847018605
75.5375509262085,10.740784645080566,0.18535178899765015,10.4946347936027
75.58778762817383,10.74970531463623,0.18349924683570862,10.4878788755783
75.63763165473938,10.756799697875977,0.16710807383060455,10.4819519674568
75.68780446052551,10.762213706970215,0.1443028450012207,10.4798992495577
75.73736238479614,10.766956329345703,0.1254473179578781,10.4739787589589
75.78762340545654,10.771651268005371,0.11378168314695358,10.4715255626747
75.83744096755981,10.775242805480957,0.09709830582141876,10.4673575976496
75.88789463043213,10.779007911682129,0.0896131694316864,10.4600099523471
75.93740773200989,10.782490730285645,0.08177396655082703,10.463607130073
75.987557888031,10.783858299255371,0.0595606230199337,10.4638211819791
76.03764939308167,10.784807205200195,0.04419296607375145,10.4573184952406
76.08793807029724,10.786568641662598,0.04125664010643959,10.4530565047888
76.13777732849121,10.787636756896973,0.0329744927585125,10.452301294113
76.18780040740967,10.787643432617188,0.019813179969787598,10.4460588936913
76.23746967315674,10.787199020385742,0.008430108428001404,10.444636215974
76.28714561462402,10.786691665649414,0.001131563913077116,10.4427335407281
76.3372151851654,10.786306381225586,-0.0022980438079684973,10.4384277695494
76.38753247261047,10.78608512878418,-0.003081914037466049,10.4420390645381
76.44333481788635,10.784293174743652,-0.016202349215745926,10.4525414643129
76.49332237243652,10.783041954040527,-0.01937323808670044,10.4537921263621
76.54337191581726,10.782596588134766,-0.015052743256092072,10.4539780303636
76.59362864494324,10.780921936035156,-0.022694528102874756,10.4599564590053
76.64354753494263,10.77988338470459,-0.02162342332303524,10.4600378142149
76.68935108184814,10.779644012451172,-0.016356581822037697,10.4618284010681
76.74322772026062,10.77810287475586,-0.02150266058743,10.4641098921363
76.78742551803589,10.775920867919922,-0.03271288797259331,10.46549442416
76.83740234375,10.774136543273926,-0.033388856798410416,10.4726273159997
76.89316654205322,10.771930694580078,-0.03551406413316727,10.4757568938855
76.94329762458801,10.770936965942383,-0.028958112001419067,10.4765989075899
76.99319505691528,10.770891189575195,-0.01770446076989174,10.4780632203459
77.04328060150146,10.769559860229492,-0.021627116948366165,10.4822090376982
77.09339642524719,10.76703929901123,-0.033168282359838486,10.4859353035129
77.14371609687805,10.765640258789062,-0.03068908117711544,10.4898430533875
77.18916273117065,10.764009475708008,-0.03433413431048393,10.4839288923316
77.23943638801575,10.762649536132812,-0.02838725410401821,10.4875971939459
77.28728675842285,10.761219024658203,-0.03117450140416622,10.4935783059217
77.33751106262207,10.758746147155762,-0.03895870968699455,10.496745443946
77.3887665271759,10.755785942077637,-0.04738656431436539,10.4949029300931
77.43979811668396,10.753854751586914,-0.039568942040205,10.4946589206135
77.4930808544159,10.752050399780273,-0.03838786855340004,10.4930501061212
77.54322457313538,10.7495756149292,-0.04285888001322746,10.4932861377839
77.59337973594666,10.74672794342041,-0.048422522842884064,10.4948772998235
77.63833451271057,10.745572090148926,-0.041680771857500076,10.4850274560784
77.69321608543396,10.743717193603516,-0.03740253299474716,10.4674468668389
77.74339246749878,10.739574432373047,-0.055887918919324875,10.4523018669816
77.7935893535614,10.733773231506348,-0.07978738844394684,10.4354933628334
77.8432297706604,10.727338790893555,-0.09899876266717911,10.4156234835978
77.89353656768799,10.720892906188965,-0.11059645563364029,10.3922672279403
77.94368815422058,10.713001251220703,-0.12944760918617249,10.3782348401851
77.98754954338074,10.704307556152344,-0.1595274955034256,10.356068364298
78.03768301010132,10.693764686584473,-0.18056002259254456,10.3444811147834
78.08765530586243,10.684120178222656,-0.18622525036334991,10.32870925997
78.1401948928833,10.67214298248291,-0.1933756321668625,10.3160868245141
78.19339728355408,10.660852432250977,-0.20605316758155823,10.3083314509099
78.24324822425842,10.649261474609375,-0.21596601605415344,10.294343091671
78.29330539703369,10.639385223388672,-0.20792655646800995,10.2808003328107
78.34332537651062,10.629206657409668,-0.20617322623729706,10.2652939932382
78.39017057418823,10.616706848144531,-0.22379854321479797,10.2545475996539
78.43803358078003,10.606305122375488,-0.23630891740322113,10.2441975811418
78.48755264282227,10.594414710998535,-0.23814991116523743,10.2309354673686
78.53737616539001,10.581694602966309,-0.24682538211345673,10.2159777770092
78.5878677368164,10.567827224731445,-0.260894775390625,10.19995716289
78.63759255409241,10.553465843200684,-0.2731410562992096,10.185487509341
78.68744587898254,10.539032936096191,-0.2810290455818176,10.1716608593876
78.73713731765747,10.52472972869873,-0.2847616970539093,10.1554891593233
78.78925776481628,10.510601997375488,-0.28563615679740906,10.1436308485151
78.83790016174316,10.496618270874023,-0.2850435674190521,10.1298337184416
78.88966059684753,10.47877311706543,-0.29225781559944153,10.1119778043092
78.9372706413269,10.46609115600586,-0.3011060059070587,10.0941883034618
78.9888563156128,10.450295448303223,-0.3094865381717682,10.0799859687246
79.04369449615479,10.430804252624512,-0.31741759181022644,10.0641402692456
79.0934247970581,10.415384292602539,-0.31301355361938477,10.04807112997
79.14464354515076,10.399531364440918,-0.314464271068573,10.0389916060788
79.1936023235321,10.383034706115723,-0.3202982544898987,10.014259289119
79.24330711364746,10.366215705871582,-0.3262914717197418,9.99890492030801
79.29450511932373,10.34930419921875,-0.33059531450271606,9.98314626673657
79.34468650817871,10.330723762512207,-0.3468012511730194,9.96861425689604
79.38979887962341,10.312664031982422,-0.3517637252807617,9.95287078236994
79.43772006034851,10.29821491241455,-0.35575002431869507,9.951325645958
79.49020886421204,10.277058601379395,-0.35589197278022766,9.93574569785313
79.5390899181366,10.262175559997559,-0.36204612255096436,9.91826901359269
79.59397864341736,10.24242877960205,-0.3475245535373688,9.90111972009745
79.64445209503174,10.225937843322754,-0.34007078409194946,9.88389055475892
79.69460105895996,10.207870483398438,-0.3485133945941925,9.86752461363708
79.73897528648376,10.191718101501465,-0.3680822551250458,9.85007222059207
79.79376482963562,10.170280456542969,-0.3631262183189392,9.83314187721013
79.84346199035645,10.151504516601562,-0.36780622601509094,9.81941647828148
79.8948085308075,10.132081985473633,-0.3756103515625,9.80161773066464
79.94492197036743,10.112378120422363,-0.3824581205844879,9.78718875393614
79.98835325241089,10.097179412841797,-0.3823108375072479,9.7723631944515
80.04472041130066,10.075910568237305,-0.3709861934185028,9.75534922309295
80.09125471115112,10.056812286376953,-0.3750087022781372,9.74055904249596
80.13916754722595,10.040509223937988,-0.386955201625824,9.72142232192558
80.18741583824158,10.020885467529297,-0.39167964458465576,9.70530412585967
80.23745131492615,10.00123119354248,-0.39473679661750793,9.6847253676607
80.28744173049927,9.981626510620117,-0.39619189500808716,9.66519787181006
80.34238886833191,9.957220077514648,-0.40282148122787476,9.64568473247354
80.38910722732544,9.939830780029297,-0.4143477976322174,9.62902362209518
80.4379014968872,9.919771194458008,-0.41145437955856323,9.60933253427168
80.49036502838135,9.895424842834473,-0.4105834662914276,9.59268792223629
80.54061484336853,9.874930381774902,-0.4095247685909271,9.57480033272206
80.58735466003418,9.857065200805664,-0.4232807457447052,9.55888269375352
80.64139795303345,9.833000183105469,-0.4134361445903778,9.54605246438726
80.68984007835388,9.811666488647461,-0.41845083236694336,9.53240683472633
80.73722529411316,9.794485092163086,-0.4230557084083557,9.51449027157364
80.78966355323792,9.771652221679688,-0.4043086767196655,9.49586936135159
80.83902740478516,9.755586624145508,-0.404541939496994,9.47515009451244
80.89062905311584,9.73173999786377,-0.4032140076160431,9.45894466131559
80.94032120704651,9.709646224975586,-0.4182043969631195,9.4494029091413
80.98755311965942,9.692008018493652,-0.4266175329685211,9.42505604680585
81.04080605506897,9.668794631958008,-0.4090065658092499,9.39578829319164
81.08933210372925,9.651301383972168,-0.419906347990036,9.36706876165258
81.13738942146301,9.62945556640625,-0.42975571751594543,9.33418603763484
81.19076871871948,9.603311538696289,-0.43354931473731995,9.28957111112157
81.2390763759613,9.583019256591797,-0.4596848785877228,9.2557518575298
81.29023146629333,9.551721572875977,-0.49019286036491394,9.21539251334843
81.33773446083069,9.528996467590332,-0.5172592997550964,9.17401057086565
81.39144086837769,9.496623039245605,-0.5289871692657471,9.12978263626567
81.43985724449158,9.468153953552246,-0.5442936420440674,9.10200111615269
81.48775815963745,9.442974090576172,-0.5745128393173218,9.05473181267406
81.54113435745239,9.408426284790039,-0.5756417512893677,9.00990660114373
81.588059425354,9.383156776428223,-0.5961238145828247,8.96178539684306
81.63743376731873,9.35106086730957,-0.6192229390144348,8.91890002870033
81.68737149238586,9.317276954650879,-0.6461113691329956,8.88128463694922
81.7374119758606,9.282907485961914,-0.6667395830154419,8.83214344698331
81.78725337982178,9.2485933303833,-0.6786785125732422,8.78140801133292
81.83782815933228,9.21325397491455,-0.694918692111969,8.73030181460836
81.88753700256348,9.175464630126953,-0.7247514724731445,8.68172098316042
81.9377429485321,9.137194633483887,-0.7451780438423157,8.64525967414985
81.98877024650574,9.098470687866211,-0.7620872259140015,8.59282178193975
82.03787064552307,9.059051513671875,-0.7775909900665283,8.53904112437023
82.08773469924927,9.018157958984375,-0.7994478344917297,8.49215480566653
82.1379189491272,8.975956916809082,-0.8226386904716492,8.43855496272551
82.18855333328247,8.933358192443848,-0.839614748954773,8.38957043646032
82.23762774467468,8.890862464904785,-0.8489884734153748,8.33529272328091
82.28738379478455,8.847317695617676,-0.8638734817504883,8.28023475317671
82.33770084381104,8.802611351013184,-0.8817766308784485,8.22598745431507
82.38954901695251,8.748427391052246,-0.8943718671798706,8.16960152207
82.43739342689514,8.709607124328613,-0.9219521880149841,8.11573804372321
82.49335479736328,8.655062675476074,-0.9185910820960999,8.05246973388689
82.54332947731018,8.605749130249023,-0.9446854591369629,7.99605370904037
82.58767223358154,8.564698219299316,-0.9742591977119446,7.93979666661347
82.64384150505066,8.50692081451416,-0.9717736840248108,7.8812100565396
82.69367742538452,8.4547700881958,-0.9992077350616455,7.82842082989664
82.73757839202881,8.41000747680664,-1.0420475006103516,7.7666087722408
82.78769612312317,8.357450485229492,-1.051532506942749,7.69779995810159
82.83787846565247,8.303767204284668,-1.0682570934295654,7.63931463739746
82.89452528953552,8.23898983001709,-1.0763309001922607,7.57468124794933
82.94387888908386,8.182507514953613,-1.0960617065429688,7.50679033975348
82.99400019645691,8.126030921936035,-1.1078401803970337,7.43576899364628
83.03745436668396,8.077617645263672,-1.1453790664672852,7.35242609808295
83.08799529075623,8.018882751464844,-1.164690613746643,7.27782668474903
83.13801145553589,7.9571146965026855,-1.2020378112792969,7.20069558752842
83.18794107437134,7.892529487609863,-1.2461849451065063,7.13576386289834
83.23727631568909,7.8269524574279785,-1.2803038358688354,7.05492878198932
83.28734922409058,7.761447429656982,-1.3001865148544312,6.98172379970745
83.33894801139832,7.695111274719238,-1.3196929693222046,6.89815736331555
83.38956427574158,7.616888523101807,-1.3154761791229248,6.82393248898018
83.43885397911072,7.559079647064209,-1.3627102375030518,6.74864346330442
83.48719787597656,7.49031925201416,-1.3758889436721802,6.67127614828819
83.53721976280212,7.419969081878662,-1.3984065055847168,6.58821189545861
83.58734130859375,7.348822116851807,-1.416886568069458,6.51479934623441
83.64388656616211,7.263467788696289,-1.4241631031036377,6.43891727813226
83.69348335266113,7.189393997192383,-1.444821834564209,6.3652651773741
83.73836255073547,7.127882957458496,-1.4796632528305054,6.28942509034258
83.78863263130188,7.054973125457764,-1.4803677797317505,6.20937736476246
83.83787775039673,6.9798712730407715,-1.500063419342041,6.13001345530887
83.88879227638245,6.903481960296631,-1.520642876625061,6.04739693195453
83.93752479553223,6.8260722160339355,-1.5420289039611816,5.95681921838615
83.9874677658081,6.746332168579102,-1.5740184783935547,5.85925787681477
84.03809237480164,6.664909839630127,-1.6061877012252808,5.7647281408292
84.08982825279236,6.569690704345703,-1.600859522819519,5.66590180104814
84.13912153244019,6.500001430511475,-1.652697205543518,5.56800334203595
84.18757319450378,6.415946960449219,-1.6748383045196533,5.46304835197182
84.23731970787048,6.328996181488037,-1.7128204107284546,5.35673620378685
84.28747296333313,6.239340305328369,-1.7564828395843506,5.24901013592047
84.33817529678345,6.148759841918945,-1.7897865772247314,5.14096328467887
84.38885569572449,6.056947231292725,-1.820434808731079,5.03233346567353
84.43742680549622,5.962864398956299,-1.857506513595581,4.93409860324224
84.48746156692505,5.867258071899414,-1.891494870185852,4.82654459812928
84.53742575645447,5.770009517669678,-1.9257172346115112,4.73131194096089
84.58736681938171,5.671617031097412,-1.9550626277923584,4.64134928228457
84.64451169967651,5.557062149047852,-1.9383071660995483,4.56059447538019
84.69325041770935,5.458935260772705,-1.9453625679016113,4.47215302578002
84.74386692047119,5.364630699157715,-1.9185857772827148,4.39091691945225
84.79409646987915,5.269759178161621,-1.9083887338638306,4.31136707073234
84.8440420627594,5.173518657684326,-1.9128583669662476,4.23050221091477
84.88738679885864,5.093555450439453,-1.9467164278030396,4.15021694055238
84.93772745132446,4.997537612915039,-1.9492933750152588,4.06251508312862
84.98744940757751,4.900553226470947,-1.9583076238632202,3.97607788675978
85.03733992576599,4.803088665008545,-1.9674180746078491,3.88187294241546
85.08729696273804,4.705491542816162,-1.9739025831222534,3.78612379908137
85.13783979415894,4.606612682342529,-1.988861322402954,3.69089392534081
85.18843531608582,4.506407260894775,-2.008074998855591,3.58275825728892
85.23748970031738,4.405698776245117,-2.0234744548797607,3.48251338620231
85.2878212928772,4.303648948669434,-2.0442347526550293,3.38794194880095
85.33757257461548,4.20169734954834,-2.0547475814819336,3.29122383687178
85.38816738128662,4.099477767944336,-2.064284086227417,3.19238968566978
85.43719983100891,3.9965267181396484,-2.075651168823242,3.08629725845163
85.48728084564209,3.8933157920837402,-2.084470748901367,2.99182028810838
85.53752279281616,3.7887864112854004,-2.101112127304077,2.89436486637822
85.58749771118164,3.6829423904418945,-2.1212410926818848,2.80124949800899
85.6393518447876,3.5610249042510986,-2.084299325942993,2.70692479110477
85.68785834312439,3.473107099533081,-2.1281797885894775,2.59116828793862
85.73709297180176,3.3689846992492676,-2.12298846244812,2.49738735886608
85.78750920295715,3.263350248336792,-2.1338984966278076,2.40119542125818
85.83744621276855,3.156710386276245,-2.147036552429199,2.30635128959875
85.8892617225647,3.0490803718566895,-2.1637279987335205,2.22009034175934
85.93929076194763,2.941704750061035,-2.170595169067383,2.11484453194801
85.98778963088989,2.8354239463806152,-2.1662497520446777,2.02925516017598
86.03766584396362,2.7298200130462646,-2.158414602279663,1.94553996946238
86.0874993801117,2.6245176792144775,-2.1513900756835938,1.86815283042154
86.13970494270325,2.502183675765991,-2.104992151260376,1.79098297272583
86.18715286254883,2.413954019546509,-2.144510507583618,1.696931767426
86.23727655410767,2.3112096786499023,-2.1209557056427,1.62315173572333
86.28699159622192,2.2085988521575928,-2.108146905899048,1.55402879026549
86.33732628822327,2.10560941696167,-2.1022303104400635,1.48919892687528
86.38941621780396,2.004310369491577,-2.084454298019409,1.42492514912619
86.43753981590271,1.9058982133865356,-2.050325632095337,1.33430484176258
86.48751068115234,1.808179497718811,-2.025686740875244,1.27536347561644
86.53802633285522,1.709633469581604,-2.017317295074463,1.21416283398468
86.5875768661499,1.612980604171753,-1.9953365325927734,1.15449804358598
86.63971900939941,1.5035303831100464,-1.9212000370025635,1.10057223158676
86.68697595596313,1.4253495931625366,-1.937727928161621,1.00848544636511
86.73729062080383,1.3347651958465576,-1.8984180688858032,0.949674092909909
86.78729915618896,1.2427493333816528,-1.8894299268722534,0.890360080566399
86.83746075630188,1.1499093770980835,-1.8880764245986938,0.832707785964685
86.88812565803528,1.0593066215515137,-1.8688098192214966,0.775430833213587
86.93748545646667,0.9706093072891235,-1.8425407409667969,0.677298131982316
86.98741602897644,0.8839998841285706,-1.80949866771698,0.626715569055516
87.0378315448761,0.7962073087692261,-1.8011797666549683,0.581464304326382
87.08770298957825,0.7085400819778442,-1.792890191078186,0.551214022637006
87.13759636878967,0.6236250996589661,-1.7654873132705688,0.524012537046763
87.18731808662415,0.5434654355049133,-1.7099850177764893,0.462844201203329
87.23771405220032,0.4669303297996521,-1.6487205028533936,0.43978007736863
87.2877185344696,0.3915705382823944,-1.602929711341858,0.423808203120912
87.33761787414551,0.31733736395835876,-1.565618872642517,0.413047939542018
87.38991737365723,0.23533101379871368,-1.4767212867736816,0.413383808205991
87.4374418258667,0.17971816658973694,-1.4516056776046753,0.385817522855189
87.48762774467468,0.11784340441226959,-1.3736084699630737,0.396464459119786
87.53765797615051,0.057841863483190536,-1.3135666847229004,0.403598072712339
87.58877944946289,-0.00028609478613361716,-1.2607766389846802,0.406711750481029
87.63867449760437,-0.022062303498387337,-0.9178676605224609,0.405450017017693
87.68811106681824,-0.02084130235016346,-0.5475410223007202,0.347193402767076
87.7382915019989,-0.0027341721579432487,-0.17997613549232483,0.346776883770545
87.79372644424438,0.016224632039666176,0.03600850701332092,0.348938020220797
87.84225225448608,0.028954988345503807,0.12215161323547363,0.350141674411371
87.88964915275574,0.031198957934975624,0.0883290022611618,0.348766407446324
87.93808341026306,0.03139767050743103,0.061049554497003555,0.309875065906526
87.98774313926697,0.032165780663490295,0.04368331655859947,0.308117006627581
88.03740096092224,0.032475344836711884,0.02856631949543953,0.308716306109517
88.08713555335999,0.03338013216853142,0.025276197120547295,0.310287400408855
88.144362449646,0.029165836051106453,-0.02155991643667221,0.311481348022903
88.18934869766235,0.0313054695725441,0.005464187357574701,0.295870735076026
88.23876690864563,0.029658522456884384,-0.014125037007033825,0.294794392221093
88.28922390937805,0.03245338425040245,0.018974220380187035,0.294674186102142
88.33846545219421,0.031120097264647484,-0.004774352535605431,0.292867800405493
88.38747692108154,0.030496353283524513,-0.004176486283540726,0.292881960641171
88.44471883773804,0.029305091127753258,-0.013848656788468361,0.277106430635177
88.4943790435791,0.03112162835896015,0.007207532413303852,0.277328609725982
88.54444313049316,0.031279709190130234,0.004806159064173698,0.277580337409834
88.58885288238525,0.03231591358780861,0.012247815728187561,0.276964769170627
88.639652967453,0.03191208839416504,0.0021806370932608843,0.275089476265318
88.68886828422546,0.03114711493253708,-0.004788934253156185,0.259858845982531
88.73844313621521,0.031887564808130264,0.0040204646065831184,0.259767875794325
88.78928446769714,0.03307927027344704,0.01161788310855627,0.260168776636691
88.83838510513306,0.03232462331652641,-3.8407964893849567e-05,0.25913229338956
88.89036512374878,0.032550133764743805,0.003077324479818344,0.257690376783537
88.93882870674133,0.0317874550819397,-0.004764902405440807,0.2415646558269
88.99472260475159,0.0322871170938015,0.0025405818596482277,0.239856925228382
89.04045152664185,0.03313694894313812,0.008089338429272175,0.238654586774099
89.09035658836365,0.031854305416345596,-0.00579871516674757,0.237741146005954
89.144540309906,0.03070945478975773,-0.012321311049163342,0.235180234777387
89.19453477859497,0.030178388580679893,-0.011486497707664967,0.224492230907065
89.24344801902771,0.030063245445489883,-0.007772253826260567,0.224246937885465
89.28904223442078,0.030130676925182343,-0.004626943729817867,0.223389696604106
89.34320998191833,0.032015811651945114,0.01273752748966217,0.221194385154431
89.38750863075256,0.030536269769072533,-0.004771117120981216,0.219997089831489
89.43746447563171,0.031030891463160515,0.003299567848443985,0.209412449271318
89.48755621910095,0.03015345335006714,-0.007139521185308695,0.208023632746907
89.53748393058777,0.03218184784054756,0.014900789596140385,0.206584799542532
89.58777213096619,0.03422078117728233,0.023516075685620308,0.205497397511391
89.6373975276947,0.03437238559126854,0.015261885710060596,0.202472275268866
89.68725323677063,0.032797921448946,-0.004190139472484589,0.190474622425582
89.73741006851196,0.03235403448343277,-0.004772741347551346,0.187591486983823
89.7876923084259,0.03157157450914383,-0.0100742531940341,0.18665328458594
89.83821702003479,0.03182264417409897,-0.002928091213107109,0.184594349564105
89.888827085495,0.032825566828250885,0.005995659623295069,0.18273644819918
89.93845224380493,0.03206498175859451,-0.003453022800385952,0.171442348664016
89.98840570449829,0.032181013375520706,-4.278160758985905e-06,0.17037297786354
90.03829312324524,0.03168687969446182,-0.004989050794392824,0.16779822544486
90.08834338188171,0.03202662989497185,0.000804153096396476,0.165407312256477
90.13872289657593,0.031672634184360504,-0.0034217387437820435,0.164670364457592
90.18797469139099,0.03341095149517059,0.01371875312179327,0.149235058059541
90.23736786842346,0.03184295818209648,-0.007400890812277794,0.147781356278381
90.28960752487183,0.03328702226281166,0.010924880392849445,0.146317693011672
90.338214635849,0.032675404101610184,0.0011028912849724293,0.145280863987352
90.38846349716187,0.03383571654558182,0.011963301338255405,0.144193128537615
90.43743348121643,0.03189808502793312,-0.011309100314974785,0.141723332097949
90.48731064796448,0.03251161053776741,0.001469044596888125,0.140400990184464
90.53795981407166,0.031183594837784767,-0.01288624107837677,0.137720873742608
90.58767199516296,0.03226492553949356,0.004139014054089785,0.135717618491092
90.63849949836731,0.031207673251628876,-0.009194117039442062,0.133263473248246
90.68778705596924,0.031062010675668716,-0.004298398736864328,0.12655333740575
90.73752570152283,0.029903635382652283,-0.013863013125956059,0.124679880411414
90.78741431236267,0.03188582882285118,0.010515193454921246,0.122171065948756
90.83749055862427,0.0313219279050827,-0.001561259850859642,0.118432222453988
90.89057898521423,0.033414360135793686,0.018800048157572746,0.118163433339095
90.94029259681702,0.03261950984597206,0.0036543465685099363,0.112689497472615
90.99046897888184,0.03463929146528244,0.019265562295913696,0.111873077023478
91.04090023040771,0.032966360449790955,-0.0028521311469376087,0.109899797180512
91.08688044548035,0.03273920714855194,-0.0031611977610737085,0.108520521359051
91.14162707328796,0.0314173586666584,-0.012806911021471024,0.106042701179844
91.19094896316528,0.032054077833890915,-0.0020193748641759157,0.0959115727947808
91.23726177215576,0.03010678105056286,-0.01841718889772892,0.0934574808528667
91.29027986526489,0.03259323537349701,0.012621325440704823,0.0922895795591742
91.33742380142212,0.031122611835598946,-0.00536775216460228,0.0910499066794405
91.391845703125,0.033241454511880875,0.01694759912788868,0.0901873208401423
91.4392032623291,0.031504176557064056,-0.004661662504076958,0.0898939945075781
91.48712420463562,0.03263108432292938,0.009419213980436325,0.0886366672418562
91.5400185585022,0.030773526057600975,-0.012861452996730804,0.0859760458706607
91.59218621253967,0.031552013009786606,-0.00022250159236136824,0.0843639615459417
91.63884735107422,0.029966244474053383,-0.014270562678575516,0.082343604191184
91.6871268749237,0.031888898462057114,0.009810897521674633,0.0832268377102238
91.73736524581909,0.03129881992936134,-0.002185532357543707,0.0798798983519969
91.79315066337585,0.033387601375579834,0.018437916412949562,0.0786284329817595
91.84331035614014,0.03259997069835663,0.0034931532572954893,0.0767772268768848
91.89364314079285,0.03292764723300934,0.005359184928238392,0.0755805790868127
91.94329333305359,0.03170495480298996,-0.006971299182623625,0.0772212176014992
91.9932119846344,0.030629241839051247,-0.012489641085267067,0.0755075674485377
92.03814005851746,0.03020806424319744,-0.011755808256566525,0.0733131905514501
92.09326839447021,0.03006628341972828,-0.007352947257459164,0.0720733150428949
92.14334487915039,0.03017343394458294,-0.003577734809368849,0.0695569633546058
92.18741846084595,0.03163459524512291,0.010130543261766434,0.0708799824597487
92.2377576828003,0.031883660703897476,0.00682661822065711,0.0685871097910783
92.28780055046082,0.031146477907896042,-0.0016062228241935372,0.0675953003426156
92.33762121200562,0.030660657212138176,-0.004716592375189066,0.0659617998586958
92.38760948181152,0.030423657968640327,-0.0046574994921684265,0.0658798399265614
92.43743300437927,0.03036162070930004,-0.0032700845040380955,0.0626672358795779
92.48788166046143,0.031726911664009094,0.009759004227817059,0.0617761606920262
92.53883242607117,0.03189598023891449,0.00598582299426198,0.0608426253699812
92.58731961250305,0.032456133514642715,0.00908324308693409,0.0602774299281963
92.64003849029541,0.030118489637970924,-0.01509943138808012,0.0594431359632618
92.68820691108704,0.03223529830574989,0.008989355526864529,0.0570524985555178
92.73833465576172,0.03136451169848442,-0.004846982192248106,0.0564202661095239
92.78840780258179,0.03258704021573067,0.010047096759080887,0.0557945648844334
92.83816599845886,0.03149551525712013,-0.0059189568273723125,0.0554331999951069
92.88732600212097,0.03258601203560829,0.008384497836232185,0.0556792454809067
92.94329500198364,0.030728045850992203,-0.01342045608907938,0.0597438986568602
92.99328088760376,0.03322160989046097,0.013429862447082996,0.0587069309339893
93.03809881210327,0.031390562653541565,-0.007769875228404999,0.0577191105457979
93.0871148109436,0.032494742423295975,0.007381206378340721,0.0578887821454472
93.13734030723572,0.03137996792793274,-0.0076959580183029175,0.0577460758658143
93.18732476234436,0.03249439224600792,0.00750465365126729,0.0633752502027979
93.23724913597107,0.031384069472551346,-0.00758759118616581,0.0603595736022721
93.28716516494751,0.03116428107023239,-0.00390862300992012,0.059703077684704
93.33703255653381,0.029944518581032753,-0.014103822410106659,0.058361751772297
93.39342069625854,0.031023534014821053,0.0032055366318672895,0.0575376405677086
93.4432442188263,0.02941630221903324,-0.011967272497713566,0.0634091209569105
93.49356269836426,0.031215623021125793,0.008201786316931248,0.0620947949527505
93.53816151618958,0.0300894845277071,-0.004908972419798374,0.0601513010185909
93.587730884552,0.03090546652674675,0.005700287874788046,0.0601513010185909
93.63726425170898,0.030201148241758347,-0.004363254643976688,0.0601513010185909
93.6874771118164,0.030954189598560333,0.00554088968783617,0.0601513010185909
93.73752784729004,0.030208898708224297,-0.004775388166308403,0.0601513010185909
93.78755521774292,0.030942276120185852,0.005142006557434797,0.0601513010185909
93.83755254745483,0.030192123726010323,-0.0050519718788564205,0.0601513010185909
93.88764905929565,0.030928343534469604,0.004998246673494577,0.0601513010185909
93.93750596046448,0.028848567977547646,-0.016580834984779358,0.0601513010185909
93.98751449584961,0.030816134065389633,0.009941751137375832,0.0601513010185909
94.0379707813263,0.029678460210561752,-0.007506761699914932,0.0601513010185909
94.08773565292358,0.03134879842400551,0.01308194175362587,0.0601513010185909
94.13774418830872,0.029929133132100105,-0.007804332301020622,0.0601513010185909
94.19333696365356,0.03233944624662399,0.01921817474067211,0.0601513010185909
94.2434868812561,0.02894146367907524,-0.01767893321812153,0.0601513010185909
94.29366779327393,0.03056696243584156,0.004170297645032406,0.0601513010185909
94.34354162216187,0.027624821290373802,-0.022438768297433853,0.0601513010185909
94.39367008209229,0.03175026923418045,0.021370694041252136,0.0601513010185909
94.44341731071472,0.028855400159955025,-0.012501358985900879,0.0601513010185909
94.49337124824524,0.032420556992292404,0.0229953620582819,0.0601513010185909
94.53766536712646,0.03003312274813652,-0.006529875565320253,0.0601513010185909
94.58775639533997,0.03147784620523453,0.011923817917704582,0.0601513010185909
94.6376097202301,0.029924646019935608,-0.009530129842460155,0.0601513010185909
94.68768501281738,0.03134656324982643,0.009949891828000546,0.0601513010185909
94.73763656616211,0.029822081327438354,-0.01049094833433628,0.0601513010185909
94.78852891921997,0.03128619119524956,0.009700232185423374,0.0601513010185909
94.83845210075378,0.029797280207276344,-0.010365655645728111,0.0601513010185909
94.88853192329407,0.031283747404813766,0.009948063641786575,0.0601513010185909
94.93753170967102,0.02980504371225834,-0.010138291865587234,0.0601513010185909
94.9881317615509,0.03129357099533081,0.010100233368575573,0.0601513010185909
95.03764414787292,0.029812870547175407,-0.01006255578249693,0.0601513010185909
95.08770489692688,0.031298261135816574,0.010121366940438747,0.0601513010185909
95.1377637386322,0.029814856126904488,-0.010070785880088806,0.0601513010185909
95.18759346008301,0.03129851818084717,0.010103077627718449,0.0601513010185909
95.23780584335327,0.029814302921295166,-0.010087995789945126,0.0601513010185909
95.2876992225647,0.03129778429865837,0.010091359727084637,0.0601513010185909
95.34334897994995,0.028874890878796577,-0.01808112859725952,0.0601513010185909
95.39294743537903,0.032236188650131226,0.018076738342642784,0.0601513010185909
95.4432373046875,0.02887476608157158,-0.018080340698361397,0.0601513010185909
95.49283957481384,0.03223618119955063,0.01807812787592411,0.0601513010185909
95.54300117492676,0.02887481078505516,-0.018079103901982307,0.0601513010185909
95.59339165687561,0.032236237078905106,0.018078938126564026,0.0601513010185909
95.63785123825073,0.029813632369041443,-0.010091660544276237,0.0601513010185909
95.6874828338623,0.0312974788248539,0.010091983713209629,0.0601513010185909
95.73745584487915,0.029813645407557487,-0.010091692209243774,0.0601513010185909
95.78738260269165,0.029962576925754547,-0.0013916587922722101,0.0601513010185909
95.8372917175293,0.028370408341288567,-0.016641560941934586,0.0601513010185909
95.88811540603638,0.029349949210882187,0.001102319685742259,0.0601513010185909
95.93778133392334,0.028289612382650375,-0.011037478223443031,0.0601513010185909
95.98711013793945,0.029518576338887215,0.006387603934854269,0.0601513010185909
96.0370717048645,0.028514809906482697,-0.007433495484292507,0.0601513010185909
96.0876350402832,0.029701920226216316,0.008223612792789936,0.0601513010185909
96.1382703781128,0.028626756742596626,-0.006885122042149305,0.0601513010185909
96.18729710578918,0.02975081093609333,0.008064915426075459,0.0601513010185909
96.23790740966797,0.028634576126933098,-0.007297588977962732,0.0601513010185909
96.28747510910034,0.029738904908299446,0.007665357086807489,0.0601513010185909
96.33753490447998,0.028617778792977333,-0.007574795745313168,0.0601513010185909
96.38957381248474,0.030428234487771988,0.01350842323154211,0.0601513010185909
96.43835830688477,0.028609106317162514,-0.00762032438069582,0.0601513010185909
96.48871755599976,0.029721053317189217,0.007530849426984787,0.0601513010185909
96.53725528717041,0.028608383610844612,-0.007590046618133783,0.0601513010185909
96.58742809295654,0.029721887782216072,0.007561019156128168,0.0601513010185909
96.64033699035645,0.027905652299523354,-0.013558054342865944,0.0601513010185909
96.6874430179596,0.029722949489951134,0.007572322618216276,0.0601513010185909
96.73748230934143,0.02861030399799347,-0.007564994506537914,0.0601513010185909
96.79334235191345,0.030427347868680954,0.013561815954744816,0.0601513010185909
96.84311747550964,0.027906274423003197,-0.01355773862451315,0.0601513010185909
96.89336657524109,0.030427277088165283,0.013559636659920216,0.0601513010185909
96.9423840045929,0.027906181290745735,-0.013559218496084213,0.0601513010185909
96.98779940605164,0.029723118990659714,0.007568612229079008,0.0601513010185909
97.03769993782043,0.028610223904252052,-0.007569152861833572,0.0601513010185909
97.08809638023376,0.029723094776272774,0.007568640168756247,0.0601513010185909
97.14211583137512,0.027906132861971855,-0.013559268787503242,0.0601513010185909
97.18794822692871,0.029723098501563072,0.007568811532109976,0.0601513010185909
97.23826336860657,0.0286102257668972,-0.007568866014480591,0.0601513010185909
97.28805375099182,0.02972310408949852,0.007568880449980497,0.0601513010185909
97.33837008476257,0.0286102294921875,-0.007568840868771076,0.0601513010185909
97.38805317878723,0.02972310781478882,0.007568879518657923,0.0601513010185909
97.43952226638794,0.0286102294921875,-0.007568852510303259,0.0601513010185909
97.48904466629028,0.02972310595214367,0.007568866480141878,0.0601513010185909
97.5376648902893,0.0286102294921875,-0.007568862289190292,0.0601513010185909
97.58748579025269,0.02972310595214367,0.007568861357867718,0.0601513010185909
97.64412426948547,0.0279061421751976,-0.013559159822762012,0.0601513010185909
97.6879723072052,0.02972310595214367,0.007568861357867718,0.0601513010185909
97.7377667427063,0.0286102294921875,-0.007568863220512867,0.0601513010185909
97.78849244117737,0.02972310595214367,0.007568862289190292,0.0601513010185909
97.83739399909973,0.0286102294921875,-0.00756886275485158,0.0601513010185909
97.88820099830627,0.02972310595214367,0.00756886275485158,0.0601513010185909
97.9382381439209,0.0286102294921875,-0.007568862289190292,0.0601513010185909
97.98821949958801,0.02972310595214367,0.00756886275485158,0.0601513010185909
98.03843116760254,0.0286102294921875,-0.007568862289190292,0.0601513010185909
98.08831214904785,0.02972310595214367,0.007568862289190292,0.0601513010185909
98.14509654045105,0.0279061421751976,-0.013559157960116863,0.0601513010185909
98.18816232681274,0.02972310595214367,0.007568862289190292,0.0601513010185909
98.2380759716034,0.0286102294921875,-0.007568862289190292,0.0601513010185909
98.28829526901245,0.02972310595214367,0.007568862289190292,0.0601513010185909
98.33788251876831,0.0286102294921875,-0.007568862289190292,0.0601513010185909
98.39017343521118,0.030427193269133568,0.013559157960116863,0.0601513010185909
98.43816471099854,0.0286102294921875,-0.007568862289190292,0.0601513010185909
98.48824977874756,0.02972310595214367,0.007568862289190292,0.0601513010185909
98.53826928138733,0.0286102294921875,-0.007568862289190292,0.0601513010185909
98.58827567100525,0.02972310595214367,0.007568862289190292,0.0601513010185909
98.64564251899719,0.0279061421751976,-0.013559157960116863,0.0601513010185909
98.68745517730713,0.02972310595214367,0.007568862289190292,0.0601513010185909
98.74360990524292,0.0279061421751976,-0.013559157960116863,0.0601513010185909
98.7936589717865,0.030427193269133568,0.013559157960116863,0.0601513010185909
98.84361791610718,0.0279061421751976,-0.013559157960116863,0.0601513010185909
98.89377617835999,0.030427193269133568,0.013559157960116863,0.0601513010185909
98.94340062141418,0.0279061421751976,-0.013559157960116863,0.0601513010185909
98.99348425865173,0.030427193269133568,0.013559157960116863,0.0601513010185909
99.04093360900879,0.0279061421751976,-0.013559157960116863,0.0601513010185909
99.0927062034607,0.030427193269133568,0.013559157960116863,0.0601513010185909
99.14432096481323,0.0279061421751976,-0.013559157960116863,0.0601513010185909
99.1873197555542,0.02972310595214367,0.007568862289190292,0.0601513010185909
99.23731422424316,0.0286102294921875,-0.007568862289190292,0.0601513010185909
99.28736758232117,0.02972310595214367,0.007568862289190292,0.0601513010185909
99.33726572990417,0.0286102294921875,-0.007568862289190292,0.0601513010185909
99.38916158676147,0.02972310595214367,0.007568862289190292,0.0601513010185909
99.43983960151672,0.0279061421751976,-0.013559157960116863,0.0601513010185909
99.4874427318573,0.02838820219039917,-0.003914688713848591,0.0601513010185909
99.53939723968506,0.026648620143532753,-0.017714235931634903,0.0601513010185909
99.5877411365509,0.02777557633817196,-0.001420639455318451,0.0601513010185909
99.6381185054779,0.027086202055215836,-0.00851451326161623,0.0601513010185909
99.6872878074646,0.027944207191467285,0.003864660393446684,0.0601513010185909
99.73741936683655,0.027311399579048157,-0.004910530522465706,0.0601513010185909
99.78935265541077,0.028127551078796387,0.005700663197785616,0.0601513010185909
99.83744215965271,0.028758250176906586,0.007121379487216473,0.0601513010185909
99.88892793655396,0.029619675129652023,0.01209173072129488,0.0601513010185909
99.93746757507324,0.02937869355082512,0.0042148614302277565,0.0601513010185909
99.98759722709656,0.02968856319785118,0.006088051479309797,0.0601513010185909
100.03749918937683,0.029193265363574028,-0.0013476416934281588,0.0601513010185909
100.0876944065094,0.029449403285980225,0.002339892787858844,0.0601513010185909
100.13764476776123,0.029001249000430107,-0.0032291708048433065,0.0601513010185909
100.18752789497375,0.02933356538414955,0.0018011982319876552,0.0601513010185909
100.24348139762878,0.028716912493109703,-0.004987922962754965,0.0601513010185909
100.29454159736633,0.02956293523311615,0.004283021204173565,0.0601513010185909
100.33749151229858,0.02896479330956936,-0.002619332168251276,0.0601513010185909
100.3944923877716,0.02958057075738907,0.00454189907759428,0.0601513010185909
100.4445583820343,0.02874555066227913,-0.004465240053832531,0.0601513010185909
100.49334192276001,0.02958843857049942,0.004571973346173763,0.0601513010185909
100.54459404945374,0.02874870039522648,-0.004483691416680813,0.0601513010185909
100.59416460990906,0.027887776494026184,-0.00933932512998581,0.0601513010185909
100.63856029510498,0.027539219707250595,-0.009064862504601479,0.0601513010185909
100.68747234344482,0.027405226603150368,-0.006466907449066639,0.0601513010185909
100.73742604255676,0.027457311749458313,-0.003472354495897889,0.0601513010185909
100.78906989097595,0.02757316268980503,-0.0011853366158902645,0.0601513010185909
100.84093284606934,0.027700157836079597,0.00029093140619806945,0.0601513010185909
100.88752293586731,0.027756445109844208,0.0006530522368848324,0.0601513010185909
100.9401547908783,0.027798179537057877,0.0006558428285643458,0.0601513010185909
100.98942255973816,0.02780558168888092,0.00045016504009254277,0.0601513010185909
101.03948163986206,0.02780059166252613,0.00023116973170544952,0.0601513010185909
101.09024143218994,0.02779179997742176,7.057694892864674e-05,0.0601513010185909
101.14077925682068,0.027783965691924095,-1.824716673581861e-05,0.0601513010185909
101.1898627281189,0.027778830379247665,-5.06204305565916e-05,0.0601513010185909
101.23673272132874,0.02777666226029396,-5.1410268497420475e-05,0.0601513010185909
101.28995323181152,0.027775704860687256,-3.461119922576472e-05,0.0601513010185909
101.33723568916321,0.027775932103395462,-2.120387216564268e-05,0.0601513010185909
101.38741517066956,0.027776557952165604,-7.866228770581074e-06,0.0601513010185909
101.44061279296875,0.027777286246418953,1.0875687621592078e-06,0.0601513010185909
101.48741459846497,0.027777619659900665,3.4496717944421107e-06,0.0601513010185909
101.5409288406372,0.02777787856757641,3.7402514863060787e-06,0.0601513010185909
101.58751916885376,0.027777928858995438,2.9096099751768634e-06,0.0601513010185909
101.64089584350586,0.027777910232543945,1.4213829899745178e-06,0.0601513010185909
101.68801212310791,0.02777787111699581,6.364263072100584e-07,0.0601513010185909
101.73785901069641,0.02777782455086708,1.8519283884188553e-08,0.0601513010185909
101.78754734992981,0.027777791023254395,-2.4923224373196717e-07,0.0601513010185909
101.83783745765686,0.027777772396802902,-2.900062554545002e-07,0.0601513010185909
101.88891506195068,0.027777766808867455,-2.22489660473002e-07,0.0601513010185909
101.93748545646667,0.027777766808867455,-1.2874663468664949e-07,0.0601513010185909
101.98764085769653,0.027777770534157753,-5.128908853180292e-08,0.0601513010185909
102.03764533996582,0.02777777425944805,-3.4020646300092494e-09,0.0601513010185909
102.08824920654297,0.0277777761220932,1.7923651896012416e-08,0.0601513010185909
102.14070153236389,0.02777777798473835,2.122410158733601e-08,0.0601513010185909
102.18788886070251,0.02777777798473835,1.6995437945865888e-08,0.0601513010185909
102.24326205253601,0.02777777798473835,8.685165475696977e-09,0.0601513010185909
102.28736686706543,0.02777777798473835,4.118747121140132e-09,0.0601513010185909
102.33740019798279,0.02777777798473835,4.1196074329619137e-10,0.0601513010185909
102.39338636398315,0.02777777798473835,-1.4356884570077e-09,0.0601513010185909
102.44315433502197,0.02777777798473835,-1.5956438392805694e-09,0.0601513010185909
102.49335789680481,0.02777777798473835,-1.1968247504157148e-09,0.0601513010185909
102.54312038421631,0.02777777798473835,-6.774314442736795e-10,0.0601513010185909
102.5879180431366,0.02777777798473835,-3.296932449270429e-10,0.0601513010185909
102.6380443572998,0.02777777798473835,-4.3094749990757464e-11,0.0601513010185909
102.6876494884491,0.02777777798473835,9.118693994336624e-11,0.0601513010185909
102.73786926269531,0.02777777798473835,1.2152437389723048e-10,0.0601513010185909
102.78730463981628,0.02777777798473835,9.885815083210403e-11,0.0601513010185909
102.84323740005493,0.02777777798473835,5.276595133052453e-11,0.0601513010185909
102.88766169548035,0.02777777798473835,2.6313604073457952e-11,0.0601513010185909
102.93823456764221,0.02777777798473835,4.179774582002693e-12,0.0601513010185909
102.98843479156494,0.02777777798473835,-6.439807020974797e-12,0.0601513010185909
103.0382752418518,0.02777777798473835,-9.064748951459478e-12,0.0601513010185909
103.09355044364929,0.02777777798473835,-6.993954027034732e-12,0.0601513010185909
103.14340138435364,0.02777777798473835,-4.1045847276599545e-12,0.0601513010185909
103.19322228431702,0.02777777798473835,-1.6772624955585513e-12,0.0601513010185909
103.24338221549988,0.02777777798473835,-1.5613205173181655e-13,0.0601513010185909
103.2928557395935,0.02777777798473835,5.35307909110827e-13,0.0601513010185909
103.3427722454071,0.02777777798473835,6.72260858092244e-13,0.0601513010185909
103.39359831809998,0.02777777798473835,5.337813524519675e-13,0.0601513010185909
103.44278168678284,0.02777777798473835,3.188907471418645e-13,0.0601513010185909
103.49293208122253,0.02777777798473835,1.343994360247791e-13,0.0601513010185909
103.54258489608765,0.02777777798473835,1.6785184353551585e-14,0.0601513010185909
103.5927803516388,0.02777777798473835,-3.8039016381219426e-14,0.0601513010185909
103.64329862594604,0.02777777798473835,-5.0182080713057076e-14,0.0601513010185909
103.69249892234802,0.02777777798473835,-4.066191827689636e-14,0.0601513010185909
103.74391031265259,0.02777777798473835,-2.4764912343044898e-14,0.0601513010185909
103.79325485229492,0.02777777798473835,-1.0783041126671833e-14,0.0601513010185909
103.84288263320923,0.02777777798473835,-1.6930901125533637e-15,0.0601513010185909
103.8884527683258,0.02777777798473835,2.1163626406917047e-15,0.0601513010185909
103.93736052513123,0.02777777798473835,3.6914915568786455e-15,0.0601513010185909
103.98741126060486,0.02777777798473835,3.2612801348363973e-15,0.0601513010185909
104.03737187385559,0.02777777798473835,2.1094237467877974e-15,0.0601513010185909
104.08734202384949,0.02777777798473835,9.992007221626409e-16,0.0601513010185909
104.13827395439148,0.02777777798473835,2.636779683484747e-16,0.0601513010185909
104.18767237663269,0.02777777798473835,-1.1796119636642288e-16,0.0601513010185909
104.23730158805847,0.02777777798473835,-2.42861286636753e-16,0.0601513010185909
104.28746628761292,0.02777777798473835,-1.8041124150158794e-16,0.0601513010185909
104.33764910697937,0.02777777798473835,-9.71445146547012e-17,0.0601513010185909
104.38734102249146,0.02777777798473835,-2.7755575615628914e-17,0.0601513010185909
104.43718647956848,0.02777777798473835,4.163336342344337e-17,0.0601513010185909
104.48752522468567,0.02777777798473835,1.1102230246251565e-16,0.0601513010185909
104.53779458999634,0.02777777798473835,1.8041124150158794e-16,0.0601513010185909
104.58765983581543,0.02777777798473835,1.8735013540549517e-16,0.0601513010185909
104.63814353942871,0.02777777798473835,1.3877787807814457e-16,0.0601513010185909
104.6876449584961,0.02777777798473835,1.0408340855860843e-16,0.0601513010185909
104.73723602294922,0.02777777798473835,6.938893903907228e-17,0.0601513010185909
104.78795957565308,0.02777777798473835,3.469446951953614e-17,0.0601513010185909
104.83732986450195,0.02777777798473835,0.0,0.0601513010185909
104.88788032531738,0.02777777798473835,-3.469446951953614e-17,0.0601513010185909
104.93748497962952,0.02777777798473835,-6.938893903907228e-17,0.0601513010185909
104.98745083808899,0.02777777798473835,-1.0408340855860843e-16,0.0601513010185909
105.03737545013428,0.02777777798473835,-1.3877787807814457e-16,0.0601513010185909
105.08756065368652,0.02777777798473835,-1.734723475976807e-16,0.0601513010185909
105.13829779624939,0.02777777798473835,-1.8735013540549517e-16,0.0601513010185909
105.18761277198792,0.02777777798473835,-1.1102230246251565e-16,0.0601513010185909
105.23735547065735,0.02777777798473835,-4.163336342344337e-17,0.0601513010185909
105.28759241104126,0.02777777798473835,2.7755575615628914e-17,0.0601513010185909
105.33747959136963,0.02777777798473835,9.71445146547012e-17,0.0601513010185909
105.38758754730225,0.02777777798473835,1.6653345369377348e-16,0.0601513010185909
105.43747282028198,0.02777777798473835,1.942890293094024e-16,0.0601513010185909
105.48758697509766,0.02777777798473835,1.457167719820518e-16,0.0601513010185909
105.53730726242065,0.02777777798473835,1.1102230246251565e-16,0.0601513010185909
105.59780073165894,0.02777777798473835,6.938893903907228e-17,0.0601513010185909
105.64269685745239,0.02777777798473835,3.469446951953614e-17,0.0601513010185909
105.69016575813293,0.02777777798473835,0.0,0.0601513010185909
105.73775029182434,0.02644287422299385,-0.011483543552458286,0.0601513010185909
105.78760242462158,0.026334544643759727,-0.006549769546836615,0.0601513010185909
105.8378655910492,0.02583025023341179,-0.008989496156573296,0.0601513010185909
105.88809561729431,0.026253750547766685,-0.0009456505067646503,0.0601513010185909
105.93766736984253,0.025998879224061966,-0.003704199567437172,0.0601513010185909
105.98773574829102,0.026478949934244156,0.002658330136910081,0.0601513010185909
106.03797125816345,0.026182224974036217,-0.0018681982764974236,0.0601513010185909
106.0882658958435,0.026590896770358086,0.003206696128472686,0.0601513010185909
106.13800740242004,0.02623111382126808,-0.002026900416240096,0.0601513010185909
106.18766164779663,0.026598714292049408,0.0027942261658608913,0.0601513010185909
106.23728728294373,0.026219207793474197,-0.002426460152491927,0.0601513010185909
106.28793144226074,0.026581916958093643,0.002517019398510456,0.0601513010185909
106.33737301826477,0.02620524726808071,-0.0025706379674375057,0.0601513010185909
106.38837099075317,0.026573244482278824,0.0024714916944503784,0.0601513010185909
106.44339990615845,0.025966638699173927,-0.004554325249046087,0.0601513010185909
106.49332475662231,0.026807326823472977,0.004501597955822945,0.0601513010185909
106.54330468177795,0.025967629626393318,-0.0045255389995872974,0.0601513010185909
106.59340047836304,0.026808572933077812,0.004520822316408157,0.0601513010185909
106.64328360557556,0.02596861869096756,-0.004515997599810362,0.0601513010185909
106.6872820854187,0.02657444402575493,0.0025268218014389277,0.0601513010185909
106.73773264884949,0.026203561574220657,-0.002520043635740876,0.0601513010185909
106.78719639778137,0.02657450921833515,0.0025246054865419865,0.0601513010185909
106.83728694915771,0.02620350383222103,-0.002522318856790662,0.0601513010185909
106.889488697052,0.026809103786945343,0.004519657697528601,0.0601513010185909
106.93752336502075,0.026203423738479614,-0.0025232036132365465,0.0601513010185909
106.98769545555115,0.02657436393201351,0.002522663213312626,0.0601513010185909
107.03719663619995,0.026203397661447525,-0.0025231761392205954,0.0601513010185909
107.0880138874054,0.026574358344078064,0.0025228250306099653,0.0601513010185909
107.13810753822327,0.026203403249382973,-0.002523004775866866,0.0601513010185909
107.1935453414917,0.02680906094610691,0.0045197210274636745,0.0601513010185909
107.24327731132507,0.02596871368587017,-0.004519698675721884,0.0601513010185909
107.29333186149597,0.02680906467139721,0.004519739653915167,0.0601513010185909
107.34357333183289,0.02596871554851532,-0.0045197028666734695,0.0601513010185909
107.39337635040283,0.02680906467139721,0.0045197270810604095,0.0601513010185909
107.44349455833435,0.02596871554851532,-0.0045197149738669395,0.0601513010185909
107.49340987205505,0.02680906467139721,0.004519718233495951,0.0601513010185909
107.54347944259644,0.02596871368587017,-0.004519719630479813,0.0601513010185909
107.59341263771057,0.02680906467139721,0.004519716836512089,0.0601513010185909
107.6377022266388,0.02620340883731842,-0.002522954950109124,0.0601513010185909
107.69435548782349,0.02680906467139721,0.004519717767834663,0.0601513010185909
107.73750877380371,0.02620340883731842,-0.0025229540187865496,0.0601513010185909
107.78738260269165,0.02657436765730381,0.0025229535531252623,0.0601513010185909
107.83713269233704,0.02620340883731842,-0.0025229535531252623,0.0601513010185909
107.88816428184509,0.02657436951994896,0.002522953785955906,0.0601513010185909
107.93747544288635,0.02620340883731842,-0.0025229535531252623,0.0601513010185909
107.98784255981445,0.02657436951994896,0.0025229535531252623,0.0601513010185909
108.03771758079529,0.02620340883731842,-0.0025229535531252623,0.0601513010185909
108.08745622634888,0.02657436951994896,0.0025229535531252623,0.0601513010185909
108.14085388183594,0.02596871368587017,-0.004519718233495951,0.0601513010185909
108.18765377998352,0.02657436951994896,0.0025229535531252623,0.0601513010185909
108.23741245269775,0.02620340883731842,-0.0025229535531252623,0.0601513010185909
108.28751230239868,0.02657436951994896,0.0025229535531252623,0.0601513010185909
108.33708214759827,0.02620340883731842,-0.0025229535531252623,0.0601513010185909
108.39107012748718,0.02680906467139721,0.004519718233495951,0.0601513010185909
108.4372808933258,0.02620340883731842,-0.0025229535531252623,0.0601513010185909
108.48747372627258,0.02657436951994896,0.0025229535531252623,0.0601513010185909
108.5373785495758,0.02620340883731842,-0.0025229535531252623,0.0601513010185909
108.5876145362854,0.02657436951994896,0.0025229535531252623,0.0601513010185909
108.637704372406,0.02620340883731842,-0.0025229535531252623,0.0601513010185909
108.69371461868286,0.02680906467139721,0.004519718233495951,0.0601513010185909
108.74370527267456,0.02596871368587017,-0.004519718233495951,0.0601513010185909
108.7944974899292,0.02680906467139721,0.004519718233495951,0.0601513010185909
108.84421801567078,0.02596871368587017,-0.004519718233495951,0.0601513010185909
108.88883423805237,0.02657436951994896,0.0025229535531252623,0.0601513010185909
108.9395101070404,0.02620340883731842,-0.0025229535531252623,0.0601513010185909
108.98935723304749,0.02680906467139721,0.004519718233495951,0.0601513010185909
109.03956079483032,0.02596871368587017,-0.004519718233495951,0.0601513010185909
109.08876490592957,0.02657436951994896,0.0025229535531252623,0.0601513010185909
109.14064645767212,0.02596871368587017,-0.004519718233495951,0.0601513010185909
109.18870997428894,0.02657436951994896,0.0025229535531252623,0.0601513010185909
109.24020314216614,0.02596871368587017,-0.004519718233495951,0.0601513010185909
109.28897666931152,0.02657436951994896,0.0025229535531252623,0.0601513010185909
109.33890223503113,0.02620340883731842,-0.0025229535531252623,0.0601513010185909
109.3902759552002,0.02680906467139721,0.004519718233495951,0.0601513010185909
109.44012808799744,0.02596871368587017,-0.004519718233495951,0.0601513010185909
109.49029779434204,0.02680906467139721,0.004519718233495951,0.0601513010185909
109.54069876670837,0.02596871368587017,-0.004519718233495951,0.0601513010185909
109.59466767311096,0.02680906467139721,0.004519718233495951,0.0601513010185909
109.64491987228394,0.02596871368587017,-0.004519718233495951,0.0601513010185909
109.69431447982788,0.02680906467139721,0.004519718233495951,0.0601513010185909
109.74443531036377,0.02596871368587017,-0.004519718233495951,0.0601513010185909
109.79383182525635,0.02680906467139721,0.004519718233495951,0.0601513010185909
109.84469366073608,0.02596871368587017,-0.004519718233495951,0.0601513010185909
109.89481544494629,0.02680906467139721,0.004519718233495951,0.0601513010185909
109.94470691680908,0.02596871368587017,-0.004519718233495951,0.0601513010185909
109.99351382255554,0.025108179077506065,-0.009357924573123455,0.0601513010185909
110.0435140132904,0.024711191654205322,-0.00867479294538498,0.0601513010185909
110.08733248710632,0.02462683990597725,-0.00646654237061739,0.0601513010185909
110.13771438598633,0.024679383262991905,-0.0034686040598899126,0.0601513010185909
110.18765473365784,0.024795470759272575,-0.0011812460143119097,0.0601513010185909
110.23757004737854,0.024904580786824226,0.00013537646736949682,0.0601513010185909
110.2934741973877,0.0249890498816967,0.0006899069994688034,0.0601513010185909
110.34442353248596,0.02502048946917057,0.0006563187926076353,0.0601513010185909
110.3892228603363,0.02502770535647869,0.0004960531368851662,0.0601513010185909
110.43747591972351,0.025024347007274628,0.0002712725836317986,0.0601513010185909
110.48801183700562,0.025015799328684807,9.649348794482648e-05,0.0601513010185909
110.53754162788391,0.025007549673318863,-5.934107321081683e-06,0.0601513010185909
110.58748626708984,0.02500183880329132,-4.7684370656497777e-05,0.0601513010185909
110.63809299468994,0.024998877197504044,-5.1461829571053386e-05,0.0601513010185909
110.68766713142395,0.024997947737574577,-3.801289130933583e-05,0.0601513010185909
110.73735785484314,0.024998154491186142,-2.1184258002904244e-05,0.0601513010185909
110.78757238388062,0.024998782202601433,-7.843169441912323e-06,0.0601513010185909
110.83760833740234,0.024999404326081276,1.1497719043518373e-07,0.0601513010185909
110.88784694671631,0.024999843910336494,3.46000570061733e-06,0.0601513010185909
110.9377019405365,0.025000074878335,3.868091880576685e-06,0.0601513010185909
110.98760390281677,0.025000151246786118,2.909922613980598e-06,0.0601513010185909
111.03759956359863,0.025000140070915222,1.6519709333806532e-06,0.0601513010185909
111.09387373924255,0.025000084191560745,4.788046226167353e-07,0.0601513010185909
111.14390707015991,0.025000039488077164,-6.075936198612908e-08,0.0601513010185909
111.19372010231018,0.025000009685754776,-2.7206093022869027e-07,0.0601513010185909
111.24357676506042,0.024999992921948433,-2.821914790729352e-07,0.0601513010185909
111.28747153282166,0.024999989196658134,-2.2252568498970504e-07,0.0601513010185909
111.33735156059265,0.024999989196658134,-1.2864599341355643e-07,0.0601513010185909
111.38742566108704,0.024999992921948433,-5.115986567716391e-08,0.0601513010185909
111.4372820854187,0.02499999664723873,-3.2985032483168197e-09,0.0601513010185909
111.48873043060303,0.02499999850988388,1.7986025113714277e-08,0.0601513010185909
111.53751277923584,0.02500000037252903,2.1761504598316606e-08,0.0601513010185909
111.59175157546997,0.02500000037252903,1.5632378946861536e-08,0.0601513010185909
111.64450860023499,0.02500000037252903,8.676992457878896e-09,0.0601513010185909
111.69339776039124,0.02500000037252903,3.1860230009783663e-09,0.0601513010185909
111.74315237998962,0.02500000037252903,-7.710490579349027e-11,0.0601513010185909
111.78816747665405,0.02500000037252903,-1.2871047561091586e-09,0.0601513010185909
111.84339046478271,0.02500000037252903,-1.597333598724049e-09,0.0601513010185909
111.89353942871094,0.02500000037252903,-1.1969394364541586e-09,0.0601513010185909
111.94331169128418,0.02500000037252903,-6.768438587378967e-10,0.0601513010185909
111.98801732063293,0.02500000037252903,-3.2897373714035893e-10,0.0601513010185909
112.03791737556458,0.02500000037252903,-4.249403606770841e-11,0.0601513010185909
112.08813142776489,0.02500000037252903,9.156147368072354e-11,0.0601513010185909
112.1380352973938,0.02500000037252903,1.216932943304272e-10,0.0601513010185909
112.18778252601624,0.02500000037252903,9.889034036092426e-11,0.0601513010185909
112.2379195690155,0.02500000037252903,6.028365306942618e-11,0.0601513010185909
112.28773093223572,0.02500000037252903,2.6259938668005134e-11,0.0601513010185909
112.34073281288147,0.02500000037252903,1.182290376711137e-12,0.0601513010185909
112.38779473304749,0.02500000037252903,-6.4689434364773035e-12,0.0601513010185909
112.4377760887146,0.02500000037252903,-9.078272855678193e-12,0.0601513010185909
112.48781180381775,0.02500000037252903,-7.530691348289764e-12,0.0601513010185909
112.53767132759094,0.02500000037252903,-4.6709441869907664e-12,0.0601513010185909
112.58743095397949,0.02500000037252903,-2.0905846498386893e-12,0.0601513010185909
112.63733696937561,0.02500000037252903,-3.835889939018955e-13,0.0601513010185909
112.68736457824707,0.02500000037252903,4.5333181653006704e-13,0.0601513010185909
112.73730325698853,0.02500000037252903,6.760147996942578e-13,0.0601513010185909
112.78918933868408,0.02500000037252903,5.728195695553495e-13,0.0601513010185909
112.84313130378723,0.02500000037252903,3.1863400806741993e-13,0.0601513010185909
112.89312648773193,0.02500000037252903,1.3403167464787202e-13,0.0601513010185909
112.94308614730835,0.02500000037252903,1.647293412787576e-14,0.0601513010185909
112.9882743358612,0.02500000037252903,-3.1460944960315373e-14,0.0601513010185909
113.03861474990845,0.02500000037252903,-5.0237591864288333e-14,0.0601513010185909
113.09345245361328,0.02500000037252903,-4.0717429428127616e-14,0.0601513010185909
113.14327669143677,0.02500000037252903,-2.4751034555237084e-14,0.0601513010185909
113.18732571601868,0.02500000037252903,-1.3190837311327641e-14,0.0601513010185909
113.23728680610657,0.02500000037252903,-3.0808688933348094e-15,0.0601513010185909
113.28843116760254,0.02500000037252903,2.0747292772682613e-15,0.0601513010185909
113.33850884437561,0.02500000037252903,3.594347042223944e-15,0.0601513010185909
113.39121723175049,0.02500000037252903,2.9559688030644793e-15,0.0601513010185909
113.43832087516785,0.02500000037252903,2.0122792321330962e-15,0.0601513010185909
113.4875283241272,0.02500000037252903,9.228728892196614e-16,0.0601513010185909
113.53746724128723,0.02500000037252903,1.6653345369377348e-16,0.0601513010185909
113.59032964706421,0.02500000037252903,-2.636779683484747e-16,0.0601513010185909
113.63746333122253,0.02500000037252903,-3.2612801348363973e-16,0.0601513010185909
113.68749499320984,0.02500000037252903,-2.7755575615628914e-16,0.0601513010185909
113.73709011077881,0.02500000037252903,-2.0816681711721685e-16,0.0601513010185909
113.78725361824036,0.02500000037252903,-1.457167719820518e-16,0.0601513010185909
113.83756446838379,0.02500000037252903,-1.1102230246251565e-16,0.0601513010185909
113.88730478286743,0.02500000037252903,-7.632783294297951e-17,0.0601513010185909
113.93782925605774,0.02500000037252903,-4.163336342344337e-17,0.0601513010185909
113.98788595199585,0.02500000037252903,-6.938893903907228e-18,0.0601513010185909
114.03775143623352,0.02500000037252903,2.7755575615628914e-17,0.0601513010185909
114.08761525154114,0.02500000037252903,6.245004513516506e-17,0.0601513010185909
114.13957929611206,0.02500000037252903,1.0408340855860843e-16,0.0601513010185909
114.18747687339783,0.02500000037252903,1.3183898417423734e-16,0.0601513010185909
114.23795318603516,0.02500000037252903,1.6653345369377348e-16,0.0601513010185909
114.29375767707825,0.02500000037252903,1.6653345369377348e-16,0.0601513010185909
114.34354090690613,0.02500000037252903,9.71445146547012e-17,0.0601513010185909
114.38867139816284,0.02500000037252903,4.163336342344337e-17,0.0601513010185909
114.43731045722961,0.02500000037252903,-2.7755575615628914e-17,0.0601513010185909
114.48748731613159,0.02500000037252903,-9.71445146547012e-17,0.0601513010185909
114.53756618499756,0.02500000037252903,-1.6653345369377348e-16,0.0601513010185909
114.5878655910492,0.02500000037252903,-2.1510571102112408e-16,0.0601513010185909
114.63747954368591,0.02500000037252903,-1.5265566588595902e-16,0.0601513010185909
114.68727016448975,0.02500000037252903,-1.1796119636642288e-16,0.0601513010185909
114.7372260093689,0.02500000037252903,-8.326672684688674e-17,0.0601513010185909
114.78724789619446,0.02500000037252903,-4.85722573273506e-17,0.0601513010185909
114.83769989013672,0.02500000037252903,-1.3877787807814457e-17,0.0601513010185909
114.88897943496704,0.02500000037252903,2.0816681711721685e-17,0.0601513010185909
114.93738746643066,0.02500000037252903,5.551115123125783e-17,0.0601513010185909
114.98739194869995,0.02500000037252903,9.020562075079397e-17,0.0601513010185909
115.03727149963379,0.02500000037252903,1.249000902703301e-16,0.0601513010185909
115.08760190010071,0.02500000037252903,1.5959455978986625e-16,0.0601513010185909
115.13783669471741,0.02500000037252903,1.8735013540549517e-16,0.0601513010185909
115.18795943260193,0.02500000037252903,1.249000902703301e-16,0.0601513010185909
115.2375271320343,0.02500000037252903,5.551115123125783e-17,0.0601513010185909
115.28792119026184,0.02500000037252903,-1.3877787807814457e-17,0.0601513010185909
115.33754253387451,0.02500000037252903,-8.326672684688674e-17,0.0601513010185909
115.38931727409363,0.02500000037252903,-1.5265566588595902e-16,0.0601513010185909
115.43801856040955,0.02500000037252903,-2.1510571102112408e-16,0.0601513010185909
115.48740601539612,0.02500000037252903,-1.6653345369377348e-16,0.0601513010185909
115.537442445755,0.02500000037252903,-1.249000902703301e-16,0.0601513010185909
115.58763027191162,0.02500000037252903,-9.020562075079397e-17,0.0601513010185909
115.638680934906,0.02500000037252903,-5.551115123125783e-17,0.0601513010185909
115.68731141090393,0.02500000037252903,-2.0816681711721685e-17,0.0601513010185909
115.73737096786499,0.02500000037252903,1.3877787807814457e-17,0.0601513010185909
115.78729629516602,0.02366509661078453,-0.011483543552458286,0.0601513010185909
115.84325695037842,0.02374247834086418,-0.004155074246227741,0.0601513010185909
115.89335227012634,0.0228180643171072,-0.010367092676460743,0.0601513010185909
115.94295740127563,0.023731788620352745,0.0015831012278795242,0.0601513010185909
115.99356269836426,0.023010194301605225,-0.005361597519367933,0.0601513010185909
116.04355454444885,0.02395383082330227,0.004813418723642826,0.0601513010185909
116.0936050415039,0.02317998744547367,-0.0038298112340271473,0.0601513010185909
116.14302349090576,0.02405177429318428,0.005176037084311247,0.0601513010185909
116.19336915016174,0.023218778893351555,-0.004069633781909943,0.0601513010185909
116.24325513839722,0.024054108187556267,0.004750594962388277,0.0601513010185909
116.28744697570801,0.023441430181264877,-0.002426460152491927,0.0601513010185909
116.33731579780579,0.023804139345884323,0.002517019398510456,0.0601513010185909
116.38759303092957,0.02342746965587139,-0.0025706379674375057,0.0601513010185909
116.43752431869507,0.023795466870069504,0.0024714916944503784,0.0601513010185909
116.48801445960999,0.023423578590154648,-0.0025609664153307676,0.0601513010185909
116.53751134872437,0.022459842264652252,-0.008981774561107159,0.0601513010185909
116.5877411365509,0.02198117971420288,-0.009080566465854645,0.0601513010185909
116.63750052452087,0.021848466247320175,-0.006466427352279425,0.0601513010185909
116.68744969367981,0.0219014473259449,-0.003465144196525216,0.0601513010185909
116.73777675628662,0.022017767652869225,-0.001177377998828888,0.0601513010185909
116.78838300704956,0.022126955911517143,0.00013828638475388288,0.0601513010185909
116.8384268283844,0.02220117673277855,0.0006564073264598846,0.0601513010185909
116.8965790271759,0.022242795675992966,0.0006567976088263094,0.0601513010185909
116.94365358352661,0.022250104695558548,0.0004500236827880144,0.0601513010185909
116.98982834815979,0.022245051339268684,0.000230604360694997,0.0601513010185909
117.03810358047485,0.02223801612854004,9.620314813219011e-05,0.0601513010185909
117.08900809288025,0.022229760885238647,-6.1566329350171145e-06,0.0601513010185909
117.14359068870544,0.022223254665732384,-5.0845774239860475e-05,0.0601513010185909
117.1937506198883,0.022220773622393608,-4.963628816767596e-05,0.0601513010185909
117.24337887763977,0.022220144048333168,-3.460409789113328e-05,0.0601513010185909
117.29366087913513,0.022220484912395477,-1.810036883398425e-05,0.0601513010185909
117.34342646598816,0.022221138700842857,-5.799261998618022e-06,0.0601513010185909
117.39448356628418,0.022221732884645462,1.1195104434591485e-06,0.0601513010185909
117.44346976280212,0.0222221277654171,3.7294410049071303e-06,0.0601513010185909
117.4936249256134,0.022222323343157768,3.7466284084075596e-06,0.0601513010185909
117.54316282272339,0.022222377359867096,2.658030098245945e-06,0.0601513010185909
117.58768105506897,0.022222362458705902,1.6506838846908067e-06,0.0601513010185909
117.64098286628723,0.022222306579351425,4.772072657033277e-07,0.0601513010185909
117.68741154670715,0.02222226932644844,1.5864529245845915e-08,0.0601513010185909
117.7386405467987,0.022222235798835754,-2.508127181499731e-07,0.0601513010185909
117.78846478462219,0.022222217172384262,-2.9066833917568147e-07,0.0601513010185909
117.83922266960144,0.022222211584448814,-2.225681754453035e-07,0.0601513010185909
117.88702607154846,0.022222211584448814,-1.2855443287662638e-07,0.0601513010185909
117.93744373321533,0.022222215309739113,-5.1038171022810275e-08,0.0601513010185909
117.9873514175415,0.02222221903502941,-3.199612796933593e-09,0.0601513010185909
118.03795528411865,0.02222222089767456,1.8046309335773003e-08,0.0601513010185909
118.08755373954773,0.02222222276031971,2.178776448147346e-08,0.0601513010185909
118.14001750946045,0.02222222276031971,1.5633562000516577e-08,0.0601513010185909
118.18742775917053,0.02222222276031971,9.99849092409022e-09,0.0601513010185909
118.2368848323822,0.02222222276031971,4.100018102803915e-09,0.0601513010185909
118.28712964057922,0.02222222276031971,3.965381079051866e-10,0.0601513010185909
118.33715057373047,0.02222222276031971,-1.2917755753960591e-09,0.0601513010185909
118.39462804794312,0.02222222276031971,-1.5990068158444615e-09,0.0601513010185909
118.44344115257263,0.02222222276031971,-1.1970923141646495e-09,0.0601513010185909
118.49347949028015,0.02222222276031971,-6.763065107939781e-10,0.0601513010185909
118.5434422492981,0.02222222276031971,-2.573841972886015e-10,0.0601513010185909
118.59346795082092,0.02222222276031971,-4.243952411719931e-12,0.0601513010185909
118.64452290534973,0.02222222276031971,1.0446900983174245e-10,0.0601513010185909
118.6942822933197,0.02222222276031971,1.2006612370996095e-10,0.0601513010185909
118.73728537559509,0.02222222276031971,9.892490993035352e-11,0.0601513010185909
118.78802943229675,0.02222222276031971,6.025227539119271e-11,0.0601513010185909
118.84338569641113,0.02222222276031971,2.076719352039902e-11,0.0601513010185909
118.89438366889954,0.02222222276031971,1.1416631529037602e-12,0.0601513010185909
118.94445157051086,0.02222222276031971,-7.524349199261593e-12,0.0601513010185909
118.99352097511292,0.02222222276031971,-9.0026319732317e-12,0.0601513010185909
119.04329299926758,0.02222222276031971,-6.99698632367074e-12,0.0601513010185909
119.09362411499023,0.02222222276031971,-4.098853201295327e-12,0.0601513010185909
119.14392042160034,0.02222222276031971,-1.6695464455374065e-12,0.0601513010185909
119.18781232833862,0.02222222276031971,-3.8026526372192393e-13,0.0601513010185909
119.24055504798889,0.02222222276031971,5.392145063787268e-13,0.0601513010185909
119.28919768333435,0.02222222276031971,6.771111449310752e-13,0.0601513010185909
119.34351706504822,0.02222222276031971,5.341074804654511e-13,0.0601513010185909
119.39455342292786,0.02222222276031971,3.184882912954379e-13,0.0601513010185909
119.43813920021057,0.02222222276031971,1.6570772531920852e-13,0.0601513010185909
119.48708891868591,0.02222222276031971,3.4111602431607935e-14,0.0601513010185909
119.53935265541077,0.02222222276031971,-3.1703806246952126e-14,0.0601513010185909
119.59455919265747,0.02222222276031971,-5.0431880893597736e-14,0.0601513010185909
119.64212083816528,0.02222222276031971,-4.075212389764715e-14,0.0601513010185909
119.68866515159607,0.02222222276031971,-2.7956803538842223e-14,0.0601513010185909
119.7380440235138,0.02222222276031971,-1.314226505400029e-14,0.0601513010185909
119.79027652740479,0.02222222276031971,-1.6445178552260131e-15,0.0601513010185909
119.84007573127747,0.02222222276031971,2.6229018956769323e-15,0.0601513010185909
119.88901281356812,0.02222222276031971,3.635980405647388e-15,0.0601513010185909
119.94002556800842,0.02222222276031971,3.0253577421035516e-15,0.0601513010185909
119.98789262771606,0.02222222276031971,2.1163626406917047e-15,0.0601513010185909
120.04064655303955,0.02222222276031971,9.020562075079397e-16,0.0601513010185909
120.08876729011536,0.02222222276031971,3.2612801348363973e-16,0.0601513010185909
120.1413745880127,0.02222222276031971,-1.942890293094024e-16,0.0601513010185909
120.18998551368713,0.02222222276031971,-3.191891195797325e-16,0.0601513010185909
120.23769187927246,0.02222222276031971,-2.914335439641036e-16,0.0601513010185909
120.28981184959412,0.02222222276031971,-2.498001805406602e-16,0.0601513010185909
120.33944511413574,0.02222222276031971,-2.1510571102112408e-16,0.0601513010185909
120.38852500915527,0.02222222276031971,-1.8735013540549517e-16,0.0601513010185909
120.44081139564514,0.02222222276031971,-1.457167719820518e-16,0.0601513010185909
120.48788690567017,0.02222222276031971,-1.1796119636642288e-16,0.0601513010185909
120.54046678543091,0.02222222276031971,-7.632783294297951e-17,0.0601513010185909
120.58880376815796,0.02222222276031971,-4.85722573273506e-17,0.0601513010185909
120.63835382461548,0.02222222276031971,-1.3877787807814457e-17,0.0601513010185909
120.69026303291321,0.02222222276031971,2.7755575615628914e-17,0.0601513010185909
120.73722052574158,0.02222222276031971,5.551115123125783e-17,0.0601513010185909
120.79024815559387,0.02222222276031971,9.71445146547012e-17,0.0601513010185909
120.83728981018066,0.02222222276031971,1.249000902703301e-16,0.0601513010185909
120.89002847671509,0.02222222276031971,1.6653345369377348e-16,0.0601513010185909
120.93693017959595,0.02222222276031971,1.8041124150158794e-16,0.0601513010185909
120.98724913597107,0.02222222276031971,1.8041124150158794e-16,0.0601513010185909
121.04022073745728,0.02222222276031971,1.8041124150158794e-16,0.0601513010185909
121.08754181861877,0.02222222276031971,1.8041124150158794e-16,0.0601513010185909
121.13746619224548,0.02222222276031971,1.8041124150158794e-16,0.0601513010185909
121.19058585166931,0.02222222276031971,1.8041124150158794e-16,0.0601513010185909
121.23708367347717,0.02222222276031971,1.8041124150158794e-16,0.0601513010185909
121.28779363632202,0.02222222276031971,1.8041124150158794e-16,0.0601513010185909
121.34369659423828,0.02222222276031971,1.8041124150158794e-16,0.0601513010185909
121.38739371299744,0.02222222276031971,1.8041124150158794e-16,0.0601513010185909
121.44054698944092,0.02222222276031971,1.8041124150158794e-16,0.0601513010185909
121.48722839355469,0.02222222276031971,1.8041124150158794e-16,0.0601513010185909
121.537930727005,0.02222222276031971,1.8041124150158794e-16,0.0601513010185909
121.58909845352173,0.02222222276031971,1.8041124150158794e-16,0.0601513010185909
121.6388328075409,0.02222222276031971,1.8041124150158794e-16,0.0601513010185909
121.68724870681763,0.02222222276031971,1.8041124150158794e-16,0.0601513010185909
121.73799085617065,0.02222222276031971,1.8041124150158794e-16,0.0601513010185909
121.7880368232727,0.02222222276031971,1.8041124150158794e-16,0.0601513010185909
121.83809399604797,0.02222222276031971,1.8041124150158794e-16,0.0601513010185909
121.88972353935242,0.02222222276031971,1.8041124150158794e-16,0.0601513010185909
121.9380624294281,0.02222222276031971,1.8041124150158794e-16,0.0601513010185909
121.988046169281,0.02222222276031971,1.8041124150158794e-16,0.0601513010185909
122.03821349143982,0.02222222276031971,1.8041124150158794e-16,0.0601513010185909
122.08812761306763,0.02222222276031971,1.8041124150158794e-16,0.0601513010185909
122.13807153701782,0.02222222276031971,1.8041124150158794e-16,0.0601513010185909
122.18832898139954,0.02222222276031971,1.8041124150158794e-16,0.0601513010185909
122.23820304870605,0.02222222276031971,1.8041124150158794e-16,0.0601513010185909
122.29339408874512,0.02222222276031971,1.8041124150158794e-16,0.0601513010185909
122.34329438209534,0.02222222276031971,1.8041124150158794e-16,0.0601513010185909
122.39437699317932,0.02222222276031971,1.8041124150158794e-16,0.0601513010185909
122.44305300712585,0.02222222276031971,1.8041124150158794e-16,0.0601513010185909
122.48850679397583,0.02222222276031971,1.8041124150158794e-16,0.0601513010185909
122.53771185874939,0.02222222276031971,1.8041124150158794e-16,0.0601513010185909
122.5883104801178,0.02222222276031971,1.8041124150158794e-16,0.0601513010185909
122.64335179328918,0.02222222276031971,1.8041124150158794e-16,0.0601513010185909
122.69335985183716,0.02222222276031971,1.8041124150158794e-16,0.0601513010185909
122.73765778541565,0.02222222276031971,1.8041124150158794e-16,0.0601513010185909
122.78751063346863,0.02222222276031971,1.8041124150158794e-16,0.0601513010185909
122.83715581893921,0.02222222276031971,1.8041124150158794e-16,0.0601513010185909
122.88891077041626,0.02222222276031971,1.8041124150158794e-16,0.0601513010185909
122.93733644485474,0.02222222276031971,1.8041124150158794e-16,0.0601513010185909
122.98727035522461,0.02222222276031971,1.8041124150158794e-16,0.0601513010185909
123.037362575531,0.02222222276031971,1.8041124150158794e-16,0.0601513010185909
123.08793258666992,0.02222222276031971,1.8041124150158794e-16,0.0601513010185909
123.13747000694275,0.02222222276031971,1.8041124150158794e-16,0.0601513010185909
123.18748164176941,0.02222222276031971,1.8041124150158794e-16,0.0601513010185909
123.2374575138092,0.02222222276031971,1.8041124150158794e-16,0.0601513010185909
123.28742551803589,0.02222222276031971,1.8041124150158794e-16,0.0601513010185909
123.33750295639038,0.02222222276031971,1.8041124150158794e-16,0.0601513010185909
123.39434838294983,0.02222222276031971,1.8041124150158794e-16,0.0601513010185909
123.44298839569092,0.02222222276031971,1.8041124150158794e-16,0.0601513010185909
123.4928662776947,0.02222222276031971,1.8041124150158794e-16,0.0601513010185909
123.54060077667236,0.02222222276031971,1.8041124150158794e-16,0.0601513010185909
123.58744788169861,0.02222222276031971,1.8041124150158794e-16,0.0601513010185909
123.64042019844055,0.02222222276031971,1.8041124150158794e-16,0.0601513010185909
123.6881811618805,0.02222222276031971,1.8041124150158794e-16,0.0601513010185909
123.73789024353027,0.02222222276031971,1.8041124150158794e-16,0.0601513010185909
123.78783798217773,0.02222222276031971,1.8041124150158794e-16,0.0601513010185909
123.8375358581543,0.02222222276031971,1.8041124150158794e-16,0.0601513010185909
123.88994860649109,0.02222222276031971,1.8041124150158794e-16,0.0601513010185909
123.93749737739563,0.02222222276031971,1.8041124150158794e-16,0.0601513010185909
123.9932074546814,0.02222222276031971,1.8041124150158794e-16,0.0601513010185909
124.03759050369263,0.02222222276031971,1.8041124150158794e-16,0.0601513010185909
124.08724784851074,0.02222222276031971,1.8041124150158794e-16,0.0601513010185909
124.1378526687622,0.02222222276031971,1.8041124150158794e-16,0.0601513010185909
124.18811225891113,0.02222222276031971,1.8041124150158794e-16,0.0601513010185909
124.23728942871094,0.02222222276031971,1.8041124150158794e-16,0.0601513010185909
124.28789687156677,0.02222222276031971,1.8041124150158794e-16,0.0601513010185909
124.33893179893494,0.02222222276031971,1.8041124150158794e-16,0.0601513010185909
124.3886661529541,0.02222222276031971,1.8041124150158794e-16,0.0601513010185909
124.43723201751709,0.02222222276031971,1.8041124150158794e-16,0.0601513010185909
124.48733234405518,0.02222222276031971,1.8041124150158794e-16,0.0601513010185909
124.53711485862732,0.02222222276031971,1.8041124150158794e-16,0.0601513010185909
124.58781599998474,0.02222222276031971,1.8041124150158794e-16,0.0601513010185909
124.63763999938965,0.02088731899857521,-0.011483543552458286,0.0601513010185909
124.68745994567871,0.020778989419341087,-0.006549769546836615,0.0601513010185909
124.7388699054718,0.02027469500899315,-0.008989496156573296,0.0601513010185909
124.78729581832886,0.019363293424248695,-0.012429194524884224,0.0601513010185909
124.83739590644836,0.019000090658664703,-0.010253969579935074,0.0601513010185909
124.88738703727722,0.018975866958498955,-0.006331165786832571,0.0601513010185909
124.93706607818604,0.019102642312645912,-0.002813848666846752,0.0601513010185909
124.99275517463684,0.019284192472696304,-0.00018556015857029706,0.0601513010185909
125.04284977912903,0.019394831731915474,0.0007437849999405444,0.0601513010185909
125.09330487251282,0.01945631578564644,0.0009207833791151643,0.0601513010185909
125.14286231994629,0.019478946924209595,0.0007265979656949639,0.0601513010185909
125.19476103782654,0.019478462636470795,0.00043162464862689376,0.0601513010185909
125.23907279968262,0.01947063021361828,0.00022358821297530085,0.0601513010185909
125.29373860359192,0.01945701614022255,2.0681991372839548e-05,0.0601513010185909
125.34338903427124,0.019448544830083847,-5.3066723921801895e-05,0.0601513010185909
125.39339280128479,0.019443750381469727,-6.885488983243704e-05,0.0601513010185909
125.44383192062378,0.019441917538642883,-5.5417640396626666e-05,0.0601513010185909
125.487149477005,0.019441796466708183,-3.7897912989137694e-05,0.0601513010185909
125.53913736343384,0.019442440941929817,-1.7724252757034265e-05,0.0601513010185909
125.58884525299072,0.019443301483988762,-3.975078016082989e-06,0.0601513010185909
125.63881611824036,0.019444001838564873,3.024899797310354e-06,0.0601513010185909
125.69086217880249,0.019444482401013374,5.140587290952681e-06,0.0601513010185909
125.73793125152588,0.01944461464881897,4.502790488913888e-06,0.0601513010185909
125.78770518302917,0.019444644451141357,2.927084324255702e-06,0.0601513010185909
125.83762383460999,0.019444597885012627,1.401935378453345e-06,0.0601513010185909
125.88805055618286,0.019444534555077553,3.443594209784351e-07,0.0601513010185909
125.93789935112,0.019444480538368225,-2.053639178711819e-07,0.0601513010185909
125.98758816719055,0.01944444701075554,-3.786816193951381e-07,0.0601513010185909
126.03739547729492,0.019444432109594345,-3.414992306716158e-07,0.0601513010185909
126.08757758140564,0.019444430246949196,-2.258241806885053e-07,0.0601513010185909
126.13947701454163,0.019444433972239494,-9.124940447691188e-08,0.0601513010185909
126.18892502784729,0.019444437697529793,-2.93983610788473e-08,0.0601513010185909
126.23765897750854,0.01944444142282009,1.3700615753009515e-08,0.0601513010185909
126.2934558391571,0.01944444514811039,2.8505215965424213e-08,0.0601513010185909
126.34370255470276,0.01944444701075554,2.4431095368981914e-08,0.0601513010185909
126.39365291595459,0.01944444701075554,1.555527440189053e-08,0.0601513010185909
126.44366836547852,0.01944444514811039,7.237068722076856e-09,0.0601513010185909
126.49350714683533,0.01944444514811039,1.5886896242989224e-09,0.0601513010185909
126.54347681999207,0.01944444514811039,-1.2740442034697708e-09,0.0601513010185909
126.59333086013794,0.01944444514811039,-2.116767872095693e-09,0.0601513010185909
126.64348793029785,0.01944444514811039,-1.8553908409657538e-09,0.0601513010185909
126.68860983848572,0.01944444514811039,-1.3397288833871812e-09,0.0601513010185909
126.73729705810547,0.01944444514811039,-6.855400691563318e-10,0.0601513010185909
126.7874641418457,0.01944444514811039,-2.0728016525417559e-10,0.0601513010185909
126.83711504936218,0.01944444514811039,5.639659572675981e-11,0.0601513010185909
126.88751697540283,0.01944444514811039,1.518454390003754e-10,0.0601513010185909
126.93751001358032,0.01944444514811039,1.4795356606533971e-10,0.0601513010185909
126.98769211769104,0.01944444514811039,1.0302458886002341e-10,0.0601513010185909
127.03717279434204,0.01944444514811039,5.381498718870503e-11,0.0601513010185909
127.08871865272522,0.01944444514811039,1.7181908673613577e-11,0.0601513010185909
127.13753986358643,0.01944444514811039,-3.3964983603418375e-12,0.0601513010185909
127.19097971916199,0.01944444514811039,-1.1601102023472976e-11,0.0601513010185909
127.23734331130981,0.01944444514811039,-1.1168614644230246e-11,0.0601513010185909
127.28757119178772,0.01944444514811039,-7.914065236480639e-12,0.0601513010185909
127.3441002368927,0.01944444514811039,-3.564162853741948e-12,0.0601513010185909
127.38765907287598,0.01944444514811039,-1.4143894389029299e-12,0.0601513010185909
127.44399619102478,0.01944444514811039,3.8112568656600843e-13,0.0601513010185909
127.49422478675842,0.01944444514811039,8.56030524243323e-13,0.0601513010185909
127.54374527931213,0.01944444514811039,8.072847945683748e-13,0.0601513010185909
127.59406757354736,0.01944444514811039,5.504832700786721e-13,0.0601513010185909
127.64397740364075,0.01944444514811039,2.8047009159593017e-13,0.0601513010185909
127.69437265396118,0.01944444514811039,8.384265504091104e-14,0.0601513010185909
127.74416160583496,0.01944444514811039,-2.416122857340497e-14,0.0601513010185909
127.78914451599121,0.01944444514811039,-5.934142066621462e-14,0.0601513010185909
127.83940482139587,0.01944444514811039,-6.33590402365769e-14,0.0601513010185909
127.88792419433594,0.01944444514811039,-4.649752805008234e-14,0.0601513010185909
127.93806743621826,0.01944444514811039,-2.5694724126168467e-14,0.0601513010185909
127.98913669586182,0.01944444514811039,-9.3119956190435e-15,0.0601513010185909
128.04352402687073,0.01944444514811039,1.6167622796103842e-15,0.0601513010185909
128.0934989452362,0.01944444514811039,4.760081218080359e-15,0.0601513010185909
128.1436631679535,0.01944444514811039,4.704570066849101e-15,0.0601513010185909
128.19593954086304,0.01944444514811039,3.3306690738754696e-15,0.0601513010185909
128.2373447418213,0.01944444514811039,2.1024848528838902e-15,0.0601513010185909
128.28730058670044,0.01944444514811039,8.604228440844963e-16,0.0601513010185909
128.3431739807129,0.01944444514811039,3.469446951953614e-17,0.0601513010185909
128.38830280303955,0.01944444514811039,-1.8735013540549517e-16,0.0601513010185909
128.43732118606567,0.01944444514811039,-2.42861286636753e-16,0.0601513010185909
128.4875202178955,0.01944444514811039,-1.249000902703301e-16,0.0601513010185909
128.53770089149475,0.01944444514811039,-2.0816681711721685e-17,0.0601513010185909
128.58740544319153,0.01944444514811039,8.326672684688674e-17,0.0601513010185909
128.6372537612915,0.01944444514811039,1.8735013540549517e-16,0.0601513010185909
128.69431805610657,0.01944444514811039,2.220446049250313e-16,0.0601513010185909
128.7374210357666,0.01944444514811039,1.942890293094024e-16,0.0601513010185909
128.79449844360352,0.01944444514811039,1.6653345369377348e-16,0.0601513010185909
128.84371066093445,0.01944444514811039,1.6653345369377348e-16,0.0601513010185909
128.8978009223938,0.01944444514811039,1.6653345369377348e-16,0.0601513010185909
128.9399073123932,0.01944444514811039,1.6653345369377348e-16,0.0601513010185909
128.9885697364807,0.01944444514811039,1.6653345369377348e-16,0.0601513010185909
129.04444432258606,0.01944444514811039,1.6653345369377348e-16,0.0601513010185909
129.09440326690674,0.01944444514811039,1.6653345369377348e-16,0.0601513010185909
129.1446032524109,0.01944444514811039,1.6653345369377348e-16,0.0601513010185909
129.1974015235901,0.01944444514811039,1.6653345369377348e-16,0.0601513010185909
129.24445390701294,0.01944444514811039,1.6653345369377348e-16,0.0601513010185909
129.29453420639038,0.01944444514811039,1.6653345369377348e-16,0.0601513010185909
129.3445107936859,0.01944444514811039,1.6653345369377348e-16,0.0601513010185909
129.394385099411,0.01944444514811039,1.6653345369377348e-16,0.0601513010185909
129.44453167915344,0.01944444514811039,1.6653345369377348e-16,0.0601513010185909
129.48883080482483,0.01944444514811039,1.6653345369377348e-16,0.0601513010185909
129.54043412208557,0.01944444514811039,1.6653345369377348e-16,0.0601513010185909
129.5918710231781,0.01944444514811039,1.6653345369377348e-16,0.0601513010185909
129.63924503326416,0.01944444514811039,1.6653345369377348e-16,0.0601513010185909
129.69782137870789,0.01944444514811039,1.6653345369377348e-16,0.0601513010185909
129.74468779563904,0.01944444514811039,1.6653345369377348e-16,0.0601513010185909
129.79474186897278,0.01944444514811039,1.6653345369377348e-16,0.0601513010185909
129.84472227096558,0.01944444514811039,1.6653345369377348e-16,0.0601513010185909
129.8891098499298,0.01944444514811039,1.6653345369377348e-16,0.0601513010185909
129.939523935318,0.01944444514811039,1.6653345369377348e-16,0.0601513010185909
129.99453735351562,0.01944444514811039,1.6653345369377348e-16,0.0601513010185909
130.04452919960022,0.01944444514811039,1.6653345369377348e-16,0.0601513010185909
130.09366106987,0.01944444514811039,1.6653345369377348e-16,0.0601513010185909
130.14430451393127,0.01944444514811039,1.6653345369377348e-16,0.0601513010185909
130.18777632713318,0.01944444514811039,1.6653345369377348e-16,0.0601513010185909
130.24069166183472,0.01944444514811039,1.6653345369377348e-16,0.0601513010185909
130.2873330116272,0.01944444514811039,1.6653345369377348e-16,0.0601513010185909
130.34086728096008,0.01944444514811039,1.6653345369377348e-16,0.0601513010185909
130.38734817504883,0.01944444514811039,1.6653345369377348e-16,0.0601513010185909
130.44340252876282,0.01944444514811039,1.6653345369377348e-16,0.0601513010185909
130.49336671829224,0.01944444514811039,1.6653345369377348e-16,0.0601513010185909
130.54337859153748,0.01944444514811039,1.6653345369377348e-16,0.0601513010185909
130.5934019088745,0.01944444514811039,1.6653345369377348e-16,0.0601513010185909
130.64348912239075,0.01944444514811039,1.6653345369377348e-16,0.0601513010185909
130.69392490386963,0.01944444514811039,1.6653345369377348e-16,0.0601513010185909
130.73774194717407,0.01944444514811039,1.6653345369377348e-16,0.0601513010185909
130.78697752952576,0.01944444514811039,1.6653345369377348e-16,0.0601513010185909
130.83702492713928,0.01944444514811039,1.6653345369377348e-16,0.0601513010185909
130.89236545562744,0.01944444514811039,1.6653345369377348e-16,0.0601513010185909
130.93805146217346,0.01944444514811039,1.6653345369377348e-16,0.0601513010185909
130.98805046081543,0.01944444514811039,1.6653345369377348e-16,0.0601513010185909
131.03741359710693,0.01944444514811039,1.6653345369377348e-16,0.0601513010185909
131.09384846687317,0.01944444514811039,1.6653345369377348e-16,0.0601513010185909
131.1451244354248,0.01944444514811039,1.6653345369377348e-16,0.0601513010185909
131.18876194953918,0.01944444514811039,1.6653345369377348e-16,0.0601513010185909
131.23814415931702,0.01944444514811039,1.6653345369377348e-16,0.0601513010185909
131.28754925727844,0.01944444514811039,1.6653345369377348e-16,0.0601513010185909
131.336918592453,0.01944444514811039,1.6653345369377348e-16,0.0601513010185909
131.39354610443115,0.01944444514811039,1.6653345369377348e-16,0.0601513010185909
131.44362831115723,0.01944444514811039,1.6653345369377348e-16,0.0601513010185909
131.4936339855194,0.01944444514811039,1.6653345369377348e-16,0.0601513010185909
131.54369616508484,0.01944444514811039,1.6653345369377348e-16,0.0601513010185909
131.59384155273438,0.01944444514811039,1.6653345369377348e-16,0.0601513010185909
131.64330911636353,0.01944444514811039,1.6653345369377348e-16,0.0601513010185909
131.68742203712463,0.01944444514811039,1.6653345369377348e-16,0.0601513010185909
131.74330925941467,0.01944444514811039,1.6653345369377348e-16,0.0601513010185909
131.79326057434082,0.01944444514811039,1.6653345369377348e-16,0.0601513010185909
131.84330821037292,0.01944444514811039,1.6653345369377348e-16,0.0601513010185909
131.88787031173706,0.01944444514811039,1.6653345369377348e-16,0.0601513010185909
131.93751049041748,0.01944444514811039,1.6653345369377348e-16,0.0601513010185909
131.98728561401367,0.01944444514811039,1.6653345369377348e-16,0.0601513010185909
132.0374162197113,0.01944444514811039,1.6653345369377348e-16,0.0601513010185909
132.0873875617981,0.01944444514811039,1.6653345369377348e-16,0.0601513010185909
132.13728499412537,0.01944444514811039,1.6653345369377348e-16,0.0601513010185909
132.1933891773224,0.01944444514811039,1.6653345369377348e-16,0.0601513010185909
132.23732829093933,0.01944444514811039,1.6653345369377348e-16,0.0601513010185909
132.2937240600586,0.01944444514811039,1.6653345369377348e-16,0.0601513010185909
132.343665599823,0.01944444514811039,1.6653345369377348e-16,0.0601513010185909
132.39363622665405,0.01944444514811039,1.6653345369377348e-16,0.0601513010185909
132.44385886192322,0.017743559554219246,-0.013877642340958118,0.0601513010185909
132.49394583702087,0.01818692311644554,-0.004155074246227741,0.0601513010185909
132.54419946670532,0.01726250909268856,-0.010367092676460743,0.0601513010185909
132.59455370903015,0.018176233395934105,0.0015831012278795242,0.0601513010185909
132.64375281333923,0.017454639077186584,-0.005361597519367933,0.0601513010185909
132.69407629966736,0.01839827559888363,0.004813418723642826,0.0601513010185909
132.74411940574646,0.01762443222105503,-0.0038298112340271473,0.0601513010185909
132.79380059242249,0.01849621906876564,0.005176037084311247,0.0601513010185909
132.83765053749084,0.01789778098464012,-0.002026900416240096,0.0601513010185909
132.88809609413147,0.018265381455421448,0.0027942261658608913,0.0601513010185909
132.93812441825867,0.017885874956846237,-0.002426460152491927,0.0601513010185909
132.9882366657257,0.018248584121465683,0.002517019398510456,0.0601513010185909
133.0380654335022,0.01787191443145275,-0.0025706379674375057,0.0601513010185909
133.0876944065094,0.018239911645650864,0.0024714916944503784,0.0601513010185909
133.1378312110901,0.017868023365736008,-0.0025609664153307676,0.0601513010185909
133.1876711845398,0.016904287040233612,-0.008981774561107159,0.0601513010185909
133.23751735687256,0.01642562448978424,-0.009080566465854645,0.0601513010185909
133.28799629211426,0.016292911022901535,-0.006466427352279425,0.0601513010185909
133.33751511573792,0.01634589210152626,-0.003465144196525216,0.0601513010185909
133.38922691345215,0.016462212428450584,-0.001177377998828888,0.0601513010185909
133.43750286102295,0.016571400687098503,0.00013828638475388288,0.0601513010185909
133.4875991344452,0.01664562150835991,0.0006564073264598846,0.0601513010185909
133.53752422332764,0.016683289781212807,0.0006843771552667022,0.0601513010185909
133.59422850608826,0.016694549471139908,0.0004500236827880144,0.0601513010185909
133.6437954902649,0.016689496114850044,0.000230604360694997,0.0601513010185909
133.69417309761047,0.016680674627423286,6.999693141551688e-05,0.0601513010185909
133.74397110939026,0.016672831028699875,-1.866374623205047e-05,0.0601513010185909
133.79419422149658,0.016667699441313744,-5.0845774239860475e-05,0.0601513010185909
133.84422159194946,0.016665218397974968,-4.963628816767596e-05,0.0601513010185909
133.89515161514282,0.016664588823914528,-3.460409789113328e-05,0.0601513010185909
133.9386966228485,0.016664819791913033,-2.1166271835681982e-05,0.0601513010185909
133.9873743057251,0.016665449365973473,-7.821407962183002e-06,0.0601513010185909
134.0393180847168,0.016666071489453316,1.3197630721606401e-07,0.0601513010185909
134.08744072914124,0.016666511073708534,3.4700105970841832e-06,0.0601513010185909
134.1375777721405,0.016666743904352188,3.872200977639295e-06,0.0601513010185909
134.18752479553223,0.016666820272803307,2.9103266570018604e-06,0.0601513010185909
134.23757147789001,0.016666807234287262,1.6506838846908067e-06,0.0601513010185909
134.28770685195923,0.01666676066815853,6.330701580736786e-07,0.0601513010185909
134.3375527858734,0.0166667141020298,1.5864529245845915e-08,0.0601513010185909
134.38800168037415,0.016666680574417114,-2.508127181499731e-07,0.0601513010185909
134.43757390975952,0.016666661947965622,-2.9066833917568147e-07,0.0601513010185909
134.4876947402954,0.016666656360030174,-2.225681754453035e-07,0.0601513010185909
134.5374767780304,0.016666656360030174,-1.2855443287662638e-07,0.0601513010185909
134.58788204193115,0.016666660085320473,-5.1038171022810275e-08,0.0601513010185909
134.63764309883118,0.01666666381061077,-3.199612796933593e-09,0.0601513010185909
134.68779611587524,0.01666666567325592,1.8046309335773003e-08,0.0601513010185909
134.7375717163086,0.01666666753590107,2.178776448147346e-08,0.0601513010185909
134.78765511512756,0.01666666753590107,1.700325213960241e-08,0.0601513010185909
134.84313774108887,0.01666666753590107,8.669493567481368e-09,0.0601513010185909
134.893461227417,0.01666666753590107,3.1770310826573223e-09,0.0601513010185909
134.94336986541748,0.01666666753590107,-8.410028229377531e-11,0.0601513010185909
134.9870526790619,0.01666666753590107,-1.2917756864183616e-09,0.0601513010185909
135.03733277320862,0.01666666753590107,-1.630708568178818e-09,0.0601513010185909
135.08773732185364,0.01666666753590107,-1.2976186791746613e-09,0.0601513010185909
135.13754534721375,0.01666666753590107,-7.766484677595997e-10,0.0601513010185909
135.18751502037048,0.01666666753590107,-3.282977223406647e-10,0.0601513010185909
135.23772859573364,0.01666666753590107,-4.1921192212024394e-11,0.0601513010185909
135.28778648376465,0.01666666753590107,9.19229831142232e-11,0.0601513010185909
135.33743929862976,0.01666666753590107,1.218593559393355e-10,0.0601513010185909
135.3875708580017,0.01666666753590107,9.89248613580962e-11,0.0601513010185909
135.43746161460876,0.01666666753590107,6.02522476356171e-11,0.0601513010185909
135.48721647262573,0.01666666753590107,2.6209770465079885e-11,0.0601513010185909
135.54362773895264,0.01666666753590107,1.1416492751159524e-12,0.0601513010185909
135.59338331222534,0.01666666753590107,-7.524394302071968e-12,0.0601513010185909
135.6444718837738,0.01666666753590107,-9.002694423276836e-12,0.0601513010185909
135.69259786605835,0.01666666753590107,-6.997014079246355e-12,0.0601513010185909
135.73826789855957,0.01666666753590107,-4.668737618729324e-12,0.0601513010185909
135.78796911239624,0.01666666753590107,-2.0868411165775314e-12,0.0601513010185909
135.83833742141724,0.01666666753590107,-3.802826109566837e-13,0.0601513010185909
135.88772201538086,0.01666666753590107,4.554551180646627e-13,0.0601513010185909
135.93756675720215,0.01666666753590107,6.770521643328919e-13,0.0601513010185909
135.98747849464417,0.01666666753590107,5.730936558645539e-13,0.0601513010185909
136.03735542297363,0.01666666753590107,3.6131167502340134e-13,0.0601513010185909
136.0876703262329,0.01666666753590107,1.6568343919054485e-13,0.0601513010185909
136.1397671699524,0.01666666753590107,1.618497003086361e-14,0.0601513010185909
136.18789792060852,0.01666666753590107,-3.165870343657673e-14,0.0601513010185909
136.2383005619049,0.01666666753590107,-5.0355553060654756e-14,0.0601513010185909
136.2935094833374,0.01666666753590107,-4.075906279155106e-14,0.0601513010185909
136.34349584579468,0.01666666753590107,-2.473715676742927e-14,0.0601513010185909
136.39454460144043,0.01666666753590107,-1.0692835505921039e-14,0.0601513010185909
136.44335627555847,0.01666666753590107,-1.6063539387545234e-15,0.0601513010185909
136.4934630393982,0.01666666753590107,2.7096380694757727e-15,0.0601513010185909
136.54359030723572,0.01666666753590107,3.7192471324942744e-15,0.0601513010185909
136.5874559879303,0.01666666753590107,3.247402347028583e-15,0.0601513010185909
136.63801741600037,0.01666666753590107,2.0920765120280294e-15,0.0601513010185909
136.6877691745758,0.01666666753590107,9.818534874028728e-16,0.0601513010185909
136.73930764198303,0.01666666753590107,2.0122792321330962e-16,0.0601513010185909
136.78733801841736,0.01666666753590107,-1.8041124150158794e-16,0.0601513010185909
136.83731961250305,0.01666666753590107,-3.0878077872387166e-16,0.0601513010185909
136.8879771232605,0.01666666753590107,-2.8449465006019636e-16,0.0601513010185909
136.93729448318481,0.01666666753590107,-1.97758476261356e-16,0.0601513010185909
136.98726344108582,0.01666666753590107,-1.1102230246251565e-16,0.0601513010185909
137.03723287582397,0.01666666753590107,-3.8163916471489756e-17,0.0601513010185909
137.09402441978455,0.01666666753590107,2.42861286636753e-17,0.0601513010185909
137.1446132659912,0.01666666753590107,7.632783294297951e-17,0.0601513010185909
137.18917512893677,0.01666666753590107,1.1102230246251565e-16,0.0601513010185909
137.23745346069336,0.01666666753590107,8.326672684688674e-17,0.0601513010185909
137.29379057884216,0.01666666753590107,4.163336342344337e-17,0.0601513010185909
137.34369134902954,0.01666666753590107,6.938893903907228e-18,0.0601513010185909
137.39375519752502,0.01666666753590107,-2.7755575615628914e-17,0.0601513010185909
137.44374823570251,0.01666666753590107,-6.245004513516506e-17,0.0601513010185909
137.49352288246155,0.01666666753590107,-9.71445146547012e-17,0.0601513010185909
137.54353713989258,0.01666666753590107,-9.71445146547012e-17,0.0601513010185909
137.5935137271881,0.01666666753590107,-9.71445146547012e-17,0.0601513010185909
137.643652677536,0.01666666753590107,-9.71445146547012e-17,0.0601513010185909
137.6939573287964,0.01666666753590107,-9.71445146547012e-17,0.0601513010185909
137.73777079582214,0.01666666753590107,-9.71445146547012e-17,0.0601513010185909
137.78793931007385,0.01666666753590107,-9.71445146547012e-17,0.0601513010185909
137.8374946117401,0.01666666753590107,-9.71445146547012e-17,0.0601513010185909
137.88761687278748,0.01666666753590107,-9.71445146547012e-17,0.0601513010185909
137.9436194896698,0.01666666753590107,-9.71445146547012e-17,0.0601513010185909
137.9937789440155,0.01666666753590107,-9.71445146547012e-17,0.0601513010185909
138.0434854030609,0.01666666753590107,-9.71445146547012e-17,0.0601513010185909
138.09356427192688,0.01666666753590107,-9.71445146547012e-17,0.0601513010185909
138.13741946220398,0.01666666753590107,-9.71445146547012e-17,0.0601513010185909
138.18761134147644,0.01666666753590107,-9.71445146547012e-17,0.0601513010185909
138.23764204978943,0.01666666753590107,-9.71445146547012e-17,0.0601513010185909
138.287424325943,0.01666666753590107,-9.71445146547012e-17,0.0601513010185909
138.3374183177948,0.01666666753590107,-9.71445146547012e-17,0.0601513010185909
138.38827800750732,0.01666666753590107,-9.71445146547012e-17,0.0601513010185909
138.43744230270386,0.01666666753590107,-9.71445146547012e-17,0.0601513010185909
138.4874496459961,0.01666666753590107,-9.71445146547012e-17,0.0601513010185909
138.53709197044373,0.01666666753590107,-9.71445146547012e-17,0.0601513010185909
138.58709931373596,0.01666666753590107,-9.71445146547012e-17,0.0601513010185909
138.6372265815735,0.01666666753590107,-9.71445146547012e-17,0.0601513010185909
138.69036197662354,0.01666666753590107,-9.71445146547012e-17,0.0601513010185909
138.73713660240173,0.01666666753590107,-9.71445146547012e-17,0.0601513010185909
138.78901147842407,0.01666666753590107,-9.71445146547012e-17,0.0601513010185909
138.83703589439392,0.01666666753590107,-9.71445146547012e-17,0.0601513010185909
138.88876128196716,0.01666666753590107,-9.71445146547012e-17,0.0601513010185909
138.93730473518372,0.01666666753590107,-9.71445146547012e-17,0.0601513010185909
138.99373865127563,0.01666666753590107,-9.71445146547012e-17,0.0601513010185909
139.04366087913513,0.01666666753590107,-9.71445146547012e-17,0.0601513010185909
139.08777785301208,0.01666666753590107,-9.71445146547012e-17,0.0601513010185909
139.13927006721497,0.01666666753590107,-9.71445146547012e-17,0.0601513010185909
139.1874144077301,0.01666666753590107,-9.71445146547012e-17,0.0601513010185909
139.2396388053894,0.01666666753590107,-9.71445146547012e-17,0.0601513010185909
139.28744769096375,0.01666666753590107,-9.71445146547012e-17,0.0601513010185909
139.33763885498047,0.01666666753590107,-9.71445146547012e-17,0.0601513010185909
139.39382481575012,0.01666666753590107,-9.71445146547012e-17,0.0601513010185909
139.44334244728088,0.01666666753590107,-9.71445146547012e-17,0.0601513010185909
139.48915672302246,0.01666666753590107,-9.71445146547012e-17,0.0601513010185909
139.53751468658447,0.01666666753590107,-9.71445146547012e-17,0.0601513010185909
139.59125471115112,0.01666666753590107,-9.71445146547012e-17,0.0601513010185909
139.63906598091125,0.01533176377415657,-0.011483547277748585,0.0601513010185909
139.68749403953552,0.015223433263599873,-0.006549771875143051,0.0601513010185909
139.73975563049316,0.014484730549156666,-0.010367096401751041,0.0601513010185909
139.7902090549469,0.015398455783724785,0.0015831018099561334,0.0601513010185909
139.8390407562256,0.014887768775224686,-0.003704200964421034,0.0601513010185909
139.88981437683105,0.015620497055351734,0.004813420586287975,0.0601513010185909
139.9402027130127,0.014846652746200562,-0.003829812631011009,0.0601513010185909
139.98877549171448,0.01547978539019823,0.0032066970597952604,0.0601513010185909
140.03737664222717,0.015120003372430801,-0.002026901114732027,0.0601513010185909
140.08855199813843,0.015487603843212128,0.002794227097183466,0.0601513010185909
140.13979601860046,0.01487161684781313,-0.004449440632015467,0.0601513010185909
140.18726468086243,0.015470806509256363,0.0025170203298330307,0.0601513010185909
140.2395315170288,0.01485864445567131,-0.004570454359054565,0.0601513010185909
140.2898256778717,0.015696510672569275,0.004470122512429953,0.0601513010185909
140.33959102630615,0.014855527319014072,-0.004554326646029949,0.0601513010185909
140.38916420936584,0.015461411327123642,0.002501770155504346,0.0601513010185909
140.44065237045288,0.014856518246233463,-0.004525540396571159,0.0601513010185909
140.48895001411438,0.01546266209334135,0.002523069502785802,0.0601513010185909
140.5377836227417,0.015092141926288605,-0.0025194943882524967,0.0601513010185909
140.58736371994019,0.015463332645595074,0.0025268224999308586,0.0601513010185909
140.640545129776,0.014857757836580276,-0.00451706163585186,0.0601513010185909
140.69047570228577,0.015698084607720375,0.004521139431744814,0.0601513010185909
140.73987698554993,0.014857687056064606,-0.00451924093067646,0.0601513010185909
140.78991723060608,0.015697991475462914,0.004519659094512463,0.0601513010185909
140.837238073349,0.01509231235831976,-0.002523204544559121,0.0601513010185909
140.890700340271,0.015697946771979332,0.004519437439739704,0.0601513010185909
140.937397480011,0.015092287212610245,-0.00252317707054317,0.0601513010185909
140.98717975616455,0.015463246963918209,0.0025228257291018963,0.0601513010185909
141.04028415679932,0.014857596717774868,-0.004519759211689234,0.0601513010185909
141.0875506401062,0.015463254414498806,0.0025229512248188257,0.0601513010185909
141.13777351379395,0.015092297457158566,-0.0025229365564882755,0.0601513010185909
141.19096541404724,0.01569795422255993,0.004519741050899029,0.0601513010185909
141.23752331733704,0.015092299319803715,-0.00252293748781085,0.0601513010185909
141.29097604751587,0.01569795422255993,0.0045197284780442715,0.0601513010185909
141.33750700950623,0.015092299319803715,-0.002522950293496251,0.0601513010185909
141.39442372322083,0.01569795422255993,0.004519719630479813,0.0601513010185909
141.44393372535706,0.01485760323703289,-0.004519721493124962,0.0601513010185909
141.49356126785278,0.01569795235991478,0.004519718233495951,0.0601513010185909
141.53751420974731,0.01509229838848114,-0.002522955648601055,0.0601513010185909
141.5888319015503,0.015463258139789104,0.0025229535531252623,0.0601513010185909
141.6429705619812,0.01485760323703289,-0.0045197200961411,0.0601513010185909
141.68735122680664,0.015463258139789104,0.002522954484447837,0.0601513010185909
141.73705673217773,0.01509229838848114,-0.0025229542516171932,0.0601513010185909
141.7870488166809,0.015463258139789104,0.002522954484447837,0.0601513010185909
141.8372654914856,0.01509229838848114,-0.0025229542516171932,0.0601513010185909
141.8875217437744,0.015463258139789104,0.002522954484447837,0.0601513010185909
141.93744778633118,0.01509229838848114,-0.002522954484447837,0.0601513010185909
141.99328804016113,0.013997066766023636,-0.009357927367091179,0.0601513010185909
142.04324674606323,0.013600081205368042,-0.008674795739352703,0.0601513010185909
142.09327101707458,0.01351601630449295,-0.005847376771271229,0.0601513010185909
142.1440405845642,0.013589391484856606,-0.002936617936939001,0.0601513010185909
142.19400930404663,0.013708147220313549,-0.0008418792276643217,0.0601513010185909
142.24347972869873,0.013811432756483555,0.0002937006938736886,0.0601513010185909
142.29366374015808,0.013877938501536846,0.0006899072322994471,0.0601513010185909
142.3435046672821,0.013909377157688141,0.0006563190254382789,0.0601513010185909
142.39425110816956,0.01391673181205988,0.00045008459710516036,0.0601513010185909
142.44346237182617,0.013911710120737553,0.0002308764960616827,0.0601513010185909
142.48715329170227,0.013904687948524952,9.649352432461455e-05,0.0601513010185909
142.54347276687622,0.01389506459236145,-1.845980114012491e-05,0.0601513010185909
142.58751273155212,0.013890727423131466,-4.7684385208413005e-05,0.0601513010185909
142.64034986495972,0.013887446373701096,-4.959714715369046e-05,0.0601513010185909
142.68793630599976,0.013886836357414722,-3.801290222327225e-05,0.0601513010185909
142.73831462860107,0.013887042179703712,-2.1184265278861858e-05,0.0601513010185909
142.79029297828674,0.013887804001569748,-5.82050915909349e-06,0.0601513010185909
142.83758521080017,0.013888292945921421,1.1497721885689316e-07,0.0601513010185909
142.8875982761383,0.013888731598854065,3.4600068374857074e-06,0.0601513010185909
142.94312405586243,0.013888989575207233,3.7434435853356263e-06,0.0601513010185909
142.99322295188904,0.013889043591916561,2.658108087416622e-06,0.0601513010185909
143.0435016155243,0.01388902124017477,1.4198236613083282e-06,0.0601513010185909
143.08784937858582,0.013888983055949211,6.346990062411351e-07,0.0601513010185909
143.14019632339478,0.013888928107917309,-6.07593761969838e-08,0.0601513010185909
143.18770027160645,0.01388890203088522,-2.5003569703585526e-07,0.0601513010185909
143.2375886440277,0.013888884335756302,-2.9033944315415283e-07,0.0601513010185909
143.28741192817688,0.01388887781649828,-2.2252575604397862e-07,0.0601513010185909
143.33765864372253,0.013888878747820854,-1.2864603604612057e-07,0.0601513010185909
143.3885464668274,0.013888881541788578,-5.11598834407323e-08,0.0601513010185909
143.43797969818115,0.013888885267078876,-3.2985043585398444e-09,0.0601513010185909
143.48738312721252,0.0138888880610466,1.7986032219141634e-08,0.0601513010185909
143.53776621818542,0.013888888992369175,2.1761511703743963e-08,0.0601513010185909
143.58936595916748,0.01388888992369175,1.6999123886307643e-08,0.0601513010185909
143.63959550857544,0.01388888992369175,8.676996010592575e-09,0.0601513010185909
143.68750429153442,0.01388888992369175,4.1090975066993e-09,0.0601513010185909
143.73813438415527,0.013888888992369175,4.040688061923703e-10,0.0601513010185909
143.78807830810547,0.013888888992369175,-1.287105089176066e-09,0.0601513010185909
143.83815503120422,0.013888888992369175,-1.6286184623126587e-09,0.0601513010185909
143.8900501728058,0.013888888992369175,-1.1969398805433684e-09,0.0601513010185909
143.93807458877563,0.013888888992369175,-7.771019938651591e-10,0.0601513010185909
143.98800110816956,0.013888888992369175,-3.2897379265151017e-10,0.0601513010185909
144.03798699378967,0.013888888992369175,-4.249397361766327e-11,0.0601513010185909
144.08766317367554,0.013888888992369175,9.156161939749552e-11,0.0601513010185909
144.14019680023193,0.013888888992369175,1.199321197908887e-10,0.0601513010185909
144.1875741481781,0.013888888992369175,9.889047913880233e-11,0.0601513010185909
144.237224817276,0.013888888992369175,6.028373633615303e-11,0.0601513010185909
144.2873396873474,0.013888888992369175,2.6259997648603317e-11,0.0601513010185909
144.3373146057129,0.013888888992369175,4.1339882905777614e-12,0.0601513010185909
144.38787937164307,0.013888888992369175,-6.468908742007784e-12,0.0601513010185909
144.43731236457825,0.013888888992369175,-9.078234691761722e-12,0.0601513010185909
144.4872670173645,0.013888888992369175,-7.530635837138533e-12,0.0601513010185909
144.53730058670044,0.013888888992369175,-4.6708678591578234e-12,0.0601513010185909
144.58737468719482,0.013888888992369175,-2.0905013831118424e-12,0.0601513010185909
144.64384388923645,0.013888888992369175,-1.528742410439321e-13,0.0601513010185909
144.6934893131256,0.013888888992369175,5.373132494490562e-13,0.0601513010185909
144.7434787750244,0.013888888992369175,6.731733226406078e-13,0.0601513010185909
144.79343509674072,0.013888888992369175,5.339478859056612e-13,0.0601513010185909
144.84308099746704,0.013888888992369175,3.1866176364303556e-13,0.0601513010185909
144.8938021659851,0.013888888992369175,1.3404208298872788e-13,0.0601513010185909
144.93726778030396,0.013888888992369175,3.445160823289939e-14,0.0601513010185909
144.98734164237976,0.013888888992369175,-3.1481761642027095e-14,0.0601513010185909
145.03771090507507,0.013888888992369175,-5.0275755780759823e-14,0.0601513010185909
145.0940899848938,0.013888888992369175,-4.072089887507957e-14,0.0601513010185909
145.14324283599854,0.013888888992369175,-2.4716340085717547e-14,0.0601513010185909
145.19315147399902,0.013888888992369175,-1.0706713293728853e-14,0.0601513010185909
145.24324464797974,0.013888888992369175,-1.6306400674181987e-15,0.0601513010185909
145.29314017295837,0.013888888992369175,2.6957602816679582e-15,0.0601513010185909
145.34415769577026,0.013888888992369175,3.7539416020138106e-15,0.0601513010185909
145.38758969306946,0.013888888992369175,3.309852392163748e-15,0.0601513010185909
145.44327688217163,0.013888888992369175,1.925543058334256e-15,0.0601513010185909
145.4932780265808,0.013888888992369175,8.777700788442644e-16,0.0601513010185909
145.5433554649353,0.013888888992369175,1.8388068845354155e-16,0.0601513010185909
145.59308290481567,0.013888888992369175,-1.6306400674181987e-16,0.0601513010185909
145.6437964439392,0.013888888992369175,-2.706168622523819e-16,0.0601513010185909
145.69311022758484,0.013888888992369175,-2.220446049250313e-16,0.0601513010185909
145.74305891990662,0.013888888992369175,-1.5265566588595902e-16,0.0601513010185909
145.78765749931335,0.013888888992369175,-9.71445146547012e-17,0.0601513010185909
145.83733105659485,0.013888888992369175,-3.8163916471489756e-17,0.0601513010185909
145.88762593269348,0.013888888992369175,-3.469446951953614e-18,0.0601513010185909
145.93709635734558,0.013888888992369175,3.122502256758253e-17,0.0601513010185909
145.99393367767334,0.013888888992369175,7.28583859910259e-17,0.0601513010185909
146.03725051879883,0.013888888992369175,1.0061396160665481e-16,0.0601513010185909
146.09367418289185,0.013888888992369175,8.326672684688674e-17,0.0601513010185909
146.1373805999756,0.013888888992369175,6.591949208711867e-17,0.0601513010185909
146.18757462501526,0.013888888992369175,4.85722573273506e-17,0.0601513010185909
146.23803782463074,0.013888888992369175,3.122502256758253e-17,0.0601513010185909
146.28790402412415,0.013888888992369175,1.3877787807814457e-17,0.0601513010185909
146.33737516403198,0.013888888992369175,-3.469446951953614e-18,0.0601513010185909
146.3878891468048,0.013888888992369175,-2.0816681711721685e-17,0.0601513010185909
146.43822312355042,0.013888888992369175,-3.8163916471489756e-17,0.0601513010185909
146.4878125190735,0.013888888992369175,-5.551115123125783e-17,0.0601513010185909
146.53837037086487,0.013888888992369175,-7.28583859910259e-17,0.0601513010185909
146.593035697937,0.013888888992369175,-9.367506770274758e-17,0.0601513010185909
146.64332461357117,0.013888888992369175,-7.632783294297951e-17,0.0601513010185909
146.69295239448547,0.013888888992369175,-4.163336342344337e-17,0.0601513010185909
146.7431182861328,0.013888888992369175,-6.938893903907228e-18,0.0601513010185909
146.7925832271576,0.013888888992369175,2.7755575615628914e-17,0.0601513010185909
146.84286499023438,0.013888888992369175,6.245004513516506e-17,0.0601513010185909
146.89302587509155,0.013888888992369175,9.71445146547012e-17,0.0601513010185909
146.94287180900574,0.013888888992369175,8.673617379884035e-17,0.0601513010185909
146.9929175376892,0.013888888992369175,6.591949208711867e-17,0.0601513010185909
147.04297280311584,0.013888888992369175,4.85722573273506e-17,0.0601513010185909
147.08757853507996,0.013888888992369175,3.469446951953614e-17,0.0601513010185909
147.1396143436432,0.013888888992369175,1.3877787807814457e-17,0.0601513010185909
147.18735480308533,0.013888888992369175,0.0,0.0601513010185909
147.2375955581665,0.013888888992369175,-1.734723475976807e-17,0.0601513010185909
147.28734803199768,0.013888888992369175,-3.469446951953614e-17,0.0601513010185909
147.33726811408997,0.013888888992369175,-5.204170427930421e-17,0.0601513010185909
147.38787198066711,0.013888888992369175,-6.938893903907228e-17,0.0601513010185909
147.43915438652039,0.013888888992369175,-8.673617379884035e-17,0.0601513010185909
147.487863779068,0.013888888992369175,-9.367506770274758e-17,0.0601513010185909
147.53709483146667,0.013888888992369175,-5.551115123125783e-17,0.0601513010185909
147.58731651306152,0.013888888992369175,-2.0816681711721685e-17,0.0601513010185909
147.63744020462036,0.01255398616194725,-0.011483543552458286,0.0601513010185909
147.68796634674072,0.012445654720067978,-0.006549769546836615,0.0601513010185909
147.73740029335022,0.011941361241042614,-0.008989496156573296,0.0601513010185909
147.78727960586548,0.01236486155539751,-0.0009456505067646503,0.0601513010185909
147.8372197151184,0.012109991163015366,-0.003704199567437172,0.0601513010185909
147.887131690979,0.012590060941874981,0.002658330136910081,0.0601513010185909
147.93715000152588,0.012293335981667042,-0.0018681982764974236,0.0601513010185909
147.98708391189575,0.012702006846666336,0.003206696128472686,0.0601513010185909
148.03747415542603,0.012342224828898907,-0.002026900416240096,0.0601513010185909
148.08710837364197,0.012709825299680233,0.0027942261658608913,0.0601513010185909
148.1439507007599,0.01209383923560381,-0.004449439235031605,0.0601513010185909
148.19406032562256,0.012926350347697735,0.004501258488744497,0.0601513010185909
148.243754863739,0.01208086684346199,-0.0045704529620707035,0.0601513010185909
148.28828859329224,0.012684355489909649,0.0024714916944503784,0.0601513010185909
148.33744597434998,0.012312468141317368,-0.0025609664153307676,0.0601513010185909
148.38732886314392,0.012683632783591747,0.002501769457012415,0.0601513010185909
148.43728232383728,0.012313301675021648,-0.0025307966861873865,0.0601513010185909
148.48702883720398,0.012684883549809456,0.0025230685714632273,0.0601513010185909
148.536949634552,0.01231436338275671,-0.0025194936897605658,0.0601513010185909
148.58715319633484,0.012685555033385754,0.0025268218014389277,0.0601513010185909
148.6370394229889,0.012314672581851482,-0.002520043635740876,0.0601513010185909
148.6938464641571,0.012920306995511055,0.004521138034760952,0.0601513010185909
148.74353170394897,0.012079909443855286,-0.004519239533692598,0.0601513010185909
148.7933738231659,0.012920213863253593,0.004519657697528601,0.0601513010185909
148.84351325035095,0.012079834006726742,-0.004519990179687738,0.0601513010185909
148.89464783668518,0.012920168228447437,0.004519436042755842,0.0601513010185909
148.93725419044495,0.012314509600400925,-0.0025231761392205954,0.0601513010185909
148.98735070228577,0.012685469351708889,0.0025228250306099653,0.0601513010185909
149.0374767780304,0.012314513325691223,-0.002523004775866866,0.0601513010185909
149.08704495429993,0.012685475870966911,0.002522950293496251,0.0601513010185909
149.13713455200195,0.012314519844949245,-0.002522935625165701,0.0601513010185909
149.18721866607666,0.01268547959625721,0.0025229754392057657,0.0601513010185909
149.23712348937988,0.012314521707594395,-0.0025229365564882755,0.0601513010185909
149.2885251045227,0.01135057769715786,-0.008960580453276634,0.0601513010185909
149.3386697769165,0.010871287435293198,-0.009072719141840935,0.0601513010185909
149.3895707130432,0.01073823869228363,-0.0058473749086260796,0.0601513010185909
149.43863201141357,0.010790493339300156,-0.0034686054568737745,0.0601513010185909
149.48878169059753,0.0109065817669034,-0.0011812476441264153,0.0601513010185909
149.53947138786316,0.011033655144274235,0.000293699384201318,0.0601513010185909
149.58753848075867,0.011089926585555077,0.0006547545781359076,0.0601513010185909
149.64505696296692,0.01113159954547882,0.0006563185597769916,0.0601513010185909
149.69453597068787,0.01113895419985056,0.0004500844224821776,0.0601513010185909
149.74372243881226,0.011133932508528233,0.00023087652516551316,0.0601513010185909
149.78961610794067,0.011125124990940094,7.027924584690481e-05,0.0601513010185909
149.8392207622528,0.011118660680949688,-5.93400818615919e-06,0.0601513010185909
149.88893151283264,0.011112949810922146,-4.7684308810858056e-05,0.0601513010185909
149.94004774093628,0.011109668761491776,-4.9597110773902386e-05,0.0601513010185909
149.98900437355042,0.011109058745205402,-3.8012884033378214e-05,0.0601513010185909
150.03945231437683,0.011109374463558197,-1.8120204913429916e-05,0.0601513010185909
150.08896803855896,0.011109892278909683,-7.843178536859341e-06,0.0601513010185909
150.13942432403564,0.011110515333712101,1.1496965868218467e-07,0.0601513010185909
150.18907380104065,0.011110953986644745,3.4600011531438213e-06,0.0601513010185909
150.23928260803223,0.011111186817288399,3.868089606839931e-06,0.0601513010185909
150.2897219657898,0.011111265979707241,2.6581069505482446e-06,0.0601513010185909
150.33956241607666,0.01111124362796545,1.4198237749951659e-06,0.0601513010185909
150.3894112110138,0.01111119519919157,4.788052478943428e-07,0.0601513010185909
150.44007062911987,0.011111150495707989,-6.075882907907726e-08,0.0601513010185909
150.4888255596161,0.0111111244186759,-2.500352422885044e-07,0.0601513010185909
150.53905034065247,0.011111106723546982,-2.9033918735876796e-07,0.0601513010185909
150.58738803863525,0.01111110020428896,-2.225256423571409e-07,0.0601513010185909
150.6401927471161,0.011111101135611534,-1.1107766084705872e-07,0.0601513010185909
150.6874759197235,0.011111103929579258,-5.115991541515541e-08,0.0601513010185909
150.73713445663452,0.011111107654869556,-3.298546769059385e-09,0.0601513010185909
150.7902476787567,0.01111111044883728,1.9828197750371146e-08,0.0601513010185909
150.84036493301392,0.01111111231148243,2.1245060821684092e-08,0.0601513010185909
150.89056873321533,0.01111111231148243,1.5632378946861536e-08,0.0601513010185909
150.93722367286682,0.01111111231148243,1.0004961303877735e-08,0.0601513010185909
150.98774123191833,0.01111111231148243,4.109099727145349e-09,0.0601513010185909
151.03765630722046,0.011111111380159855,4.0407197032799047e-10,0.0601513010185909
151.0874650478363,0.011111111380159855,-1.2871025356631094e-09,0.0601513010185909
151.14097571372986,0.011111111380159855,-1.5973327105456292e-09,0.0601513010185909
151.19260549545288,0.011111111380159855,-1.1969393254318561e-09,0.0601513010185909
151.23834443092346,0.011111111380159855,-7.771018828428566e-10,0.0601513010185909
151.29371285438538,0.011111111380159855,-2.5805765857533913e-10,0.0601513010185909
151.33746075630188,0.011111111380159855,-4.249416443724563e-11,0.0601513010185909
151.38775491714478,0.011111111380159855,9.156148061961744e-11,0.0601513010185909
151.43738842010498,0.011111111380159855,1.2169340535272966e-10,0.0601513010185909
151.48727893829346,0.011111111380159855,9.889050689437795e-11,0.0601513010185909
151.5374777317047,0.011111111380159855,6.028380572509207e-11,0.0601513010185909
151.5915892124176,0.011111111380159855,2.0817552542906625e-11,0.0601513010185909
151.6395411491394,0.011111111380159855,1.1824013990135995e-12,0.0601513010185909
151.68926453590393,0.011111111380159855,-6.468828944727889e-12,0.0601513010185909
151.7378590106964,0.011111111380159855,-9.078189588951346e-12,0.0601513010185909
151.78728461265564,0.011111111380159855,-7.53061155100987e-12,0.0601513010185909
151.83737802505493,0.011111111380159855,-4.670871328604775e-12,0.0601513010185909
151.8934211730957,0.011111111380159855,-1.6732622232229488e-12,0.0601513010185909
151.93764972686768,0.011111111380159855,-3.835577688793279e-13,0.0601513010185909
151.9934425354004,0.011111111380159855,5.372820244264886e-13,0.0601513010185909
152.0430200099945,0.011111111380159855,6.731594448528e-13,0.0601513010185909
152.087646484375,0.011111111380159855,5.728299778962054e-13,0.0601513010185909
152.13796424865723,0.011111111380159855,3.614643306892873e-13,0.0601513010185909
152.18748688697815,0.011111111380159855,1.6599221996926872e-13,0.0601513010185909
152.23792481422424,0.011111111380159855,3.445160823289939e-14,0.0601513010185909
152.2877163887024,0.011111111380159855,-3.1471353301171234e-14,0.0601513010185909
152.3374638557434,0.011111111380159855,-5.025146965209615e-14,0.0601513010185909
152.3882293701172,0.011111111380159855,-4.352421201225809e-14,0.0601513010185909
152.4378685951233,0.011111111380159855,-2.795333409189027e-14,0.0601513010185909
152.48765873908997,0.011111111380159855,-1.3190837311327641e-14,0.0601513010185909
152.53754949569702,0.011111111380159855,-3.0912772341906702e-15,0.0601513010185909
152.58744859695435,0.011111111380159855,2.095545958979983e-15,0.0601513010185909
152.63794922828674,0.011111111380159855,3.712308238590367e-15,0.0601513010185909
152.6877224445343,0.011111111380159855,3.3063829452117943e-15,0.0601513010185909
152.7473864555359,0.011111111380159855,1.925543058334256e-15,0.0601513010185909
152.78749346733093,0.011111111380159855,1.0477729794899915e-15,0.0601513010185909
152.8379876613617,0.011111111380159855,3.0184188481996443e-16,0.0601513010185909
152.8881711959839,0.011111111380159855,-7.28583859910259e-17,0.0601513010185909
152.93805980682373,0.011111111380159855,-2.0469737016526324e-16,0.0601513010185909
152.99351716041565,0.011111111380159855,-1.97758476261356e-16,0.0601513010185909
153.04328203201294,0.011111111380159855,-1.8041124150158794e-16,0.0601513010185909
153.0876955986023,0.011111111380159855,-1.6653345369377348e-16,0.0601513010185909
153.1382429599762,0.011111111380159855,-1.491862189340054e-16,0.0601513010185909
153.18721294403076,0.011111111380159855,-1.3183898417423734e-16,0.0601513010185909
153.237370967865,0.011111111380159855,-1.1449174941446927e-16,0.0601513010185909
153.2872679233551,0.011111111380159855,-9.71445146547012e-17,0.0601513010185909
153.33757972717285,0.011111111380159855,-7.979727989493313e-17,0.0601513010185909
153.38910245895386,0.011111111380159855,-6.245004513516506e-17,0.0601513010185909
153.43829083442688,0.011111111380159855,-4.5102810375396984e-17,0.0601513010185909
153.49396419525146,0.011111111380159855,-2.42861286636753e-17,0.0601513010185909
153.5439054965973,0.011111111380159855,-6.938893903907228e-18,0.0601513010185909
153.58858823776245,0.011111111380159855,6.938893903907228e-18,0.0601513010185909
153.63747143745422,0.011111111380159855,2.42861286636753e-17,0.0601513010185909
153.68747901916504,0.011111111380159855,4.163336342344337e-17,0.0601513010185909
153.73738837242126,0.011111111380159855,5.898059818321144e-17,0.0601513010185909
153.78863835334778,0.011111111380159855,7.632783294297951e-17,0.0601513010185909
153.83849453926086,0.011111111380159855,9.020562075079397e-17,0.0601513010185909
153.88891291618347,0.011111111380159855,9.020562075079397e-17,0.0601513010185909
153.9439787864685,0.011111111380159855,9.020562075079397e-17,0.0601513010185909
153.99411034584045,0.011111111380159855,9.020562075079397e-17,0.0601513010185909
154.0383951663971,0.011111111380159855,9.020562075079397e-17,0.0601513010185909
154.09364914894104,0.011111111380159855,9.020562075079397e-17,0.0601513010185909
154.1437373161316,0.011111111380159855,9.020562075079397e-17,0.0601513010185909
154.188410282135,0.011111111380159855,9.020562075079397e-17,0.0601513010185909
154.23759746551514,0.011111111380159855,9.020562075079397e-17,0.0601513010185909
154.2889506816864,0.011111111380159855,9.020562075079397e-17,0.0601513010185909
154.33744406700134,0.011111111380159855,9.020562075079397e-17,0.0601513010185909
154.3879418373108,0.011111111380159855,9.020562075079397e-17,0.0601513010185909
154.43721175193787,0.011111111380159855,9.020562075079397e-17,0.0601513010185909
154.48709774017334,0.011111111380159855,9.020562075079397e-17,0.0601513010185909
154.5377163887024,0.011111111380159855,9.020562075079397e-17,0.0601513010185909
154.58757877349854,0.011111111380159855,9.020562075079397e-17,0.0601513010185909
154.6379804611206,0.011111111380159855,9.020562075079397e-17,0.0601513010185909
154.6872820854187,0.011111111380159855,9.020562075079397e-17,0.0601513010185909
154.73748779296875,0.011111111380159855,9.020562075079397e-17,0.0601513010185909
154.78690719604492,0.011111111380159855,9.020562075079397e-17,0.0601513010185909
154.8370006084442,0.011111111380159855,9.020562075079397e-17,0.0601513010185909
154.88906478881836,0.011111111380159855,9.020562075079397e-17,0.0601513010185909
154.93749713897705,0.00977620854973793,-0.011483543552458286,0.0601513010185909
154.9880337715149,0.009667877107858658,-0.006549769546836615,0.0601513010185909
155.0386984348297,0.009163583628833294,-0.008989496156573296,0.0601513010185909
155.08715653419495,0.00958708394318819,-0.0009456505067646503,0.0601513010185909
155.1389799118042,0.009332213550806046,-0.003704199567437172,0.0601513010185909
155.19277501106262,0.01006494089961052,0.004813418723642826,0.0601513010185909
155.23791766166687,0.009515558369457722,-0.0018681982764974236,0.0601513010185909
155.2876980304718,0.009924229234457016,0.003206696128472686,0.0601513010185909
155.3373725414276,0.009564447216689587,-0.002026900416240096,0.0601513010185909
155.38903379440308,0.009932047687470913,0.0027942261658608913,0.0601513010185909
155.43758821487427,0.009552542120218277,-0.002426460152491927,0.0601513010185909
155.4872341156006,0.009915251284837723,0.002517019398510456,0.0601513010185909
155.54345536231995,0.00930308923125267,-0.0045704529620707035,0.0601513010185909
155.58873224258423,0.009906577877700329,0.0024714916944503784,0.0601513010185909
155.63793754577637,0.009534690529108047,-0.0025609664153307676,0.0601513010185909
155.68748950958252,0.009905855171382427,0.002501769457012415,0.0601513010185909
155.73761105537415,0.009535524062812328,-0.0025307966861873865,0.0601513010185909
155.78760480880737,0.009907105937600136,0.0025230685714632273,0.0601513010185909
155.8373157978058,0.00953658577054739,-0.0025194936897605658,0.0601513010185909
155.88989424705505,0.010142497718334198,0.004523461684584618,0.0601513010185909
155.93743801116943,0.009536894969642162,-0.002520043635740876,0.0601513010185909
155.98771858215332,0.009907841682434082,0.0025246054865419865,0.0601513010185909
156.0375783443451,0.009536837227642536,-0.002522318856790662,0.0601513010185909
156.0878632068634,0.00990774855017662,0.0025229707825928926,0.0601513010185909
156.13936495780945,0.009536756202578545,-0.0025232036132365465,0.0601513010185909
156.18764281272888,0.009907697327435017,0.002522663213312626,0.0601513010185909
156.2391049861908,0.009536731988191605,-0.0025231761392205954,0.0601513010185909
156.28761506080627,0.009907691739499569,0.0025228250306099653,0.0601513010185909
156.3372266292572,0.009536735713481903,-0.002523004775866866,0.0601513010185909
156.3879656791687,0.009907698258757591,0.002522950293496251,0.0601513010185909
156.43741536140442,0.009536742232739925,-0.002522935625165701,0.0601513010185909
156.48779606819153,0.00990770198404789,0.0025229754392057657,0.0601513010185909
156.5378909111023,0.009536744095385075,-0.0025229365564882755,0.0601513010185909
156.58756256103516,0.00857280008494854,-0.008960580453276634,0.0601513010185909
156.63841438293457,0.008093509823083878,-0.009072719141840935,0.0601513010185909
156.68731784820557,0.007960174232721329,-0.006466541904956102,0.0601513010185909
156.74151492118835,0.00803383719176054,-0.0029366184026002884,0.0601513010185909
156.78731179237366,0.00812880415469408,-0.0011812476441264153,0.0601513010185909
156.83772802352905,0.008237915113568306,0.0001353751722490415,0.0601513010185909
156.88924169540405,0.008312148973345757,0.0006547545781359076,0.0601513010185909
156.93745803833008,0.008349861018359661,0.0006837421096861362,0.0601513010185909
156.98727679252625,0.008361037820577621,0.0004960530786775053,0.0601513010185909
157.03803133964539,0.008357679471373558,0.00027127267094329,0.0601513010185909
157.08918857574463,0.008349132724106312,9.649361163610592e-05,0.0601513010185909
157.13724327087402,0.008340883068740368,-5.93400818615919e-06,0.0601513010185909
157.18701267242432,0.008335172198712826,-4.7684308810858056e-05,0.0601513010185909
157.24221396446228,0.008331891149282455,-4.9597110773902386e-05,0.0601513010185909
157.28680276870728,0.008331281132996082,-3.8012884033378214e-05,0.0601513010185909
157.33888006210327,0.008331486955285072,-2.1184263459872454e-05,0.0601513010185909
157.38733792304993,0.008332114666700363,-7.843178536859341e-06,0.0601513010185909
157.437481880188,0.008332737721502781,1.1496965868218467e-07,0.0601513010185909
157.48731565475464,0.008333176374435425,3.4600011531438213e-06,0.0601513010185909
157.53736877441406,0.008333409205079079,3.868089606839931e-06,0.0601513010185909
157.590576171875,0.008333488367497921,2.6581069505482446e-06,0.0601513010185909
157.63851284980774,0.008333473466336727,1.651971388128004e-06,0.0601513010185909
157.68723821640015,0.008333427831530571,6.34699460988486e-07,0.0601513010185909
157.74420547485352,0.008333372883498669,-6.075882907907726e-08,0.0601513010185909
157.78775095939636,0.00833334680646658,-2.500352422885044e-07,0.0601513010185909
157.837073802948,0.008333329111337662,-2.9033918735876796e-07,0.0601513010185909
157.8873109817505,0.00833332259207964,-2.225256423571409e-07,0.0601513010185909
157.93749117851257,0.008333323523402214,-1.2864602183526586e-07,0.0601513010185909
157.98733043670654,0.008333326317369938,-5.115991541515541e-08,0.0601513010185909
158.0373876094818,0.008333330042660236,-3.298546769059385e-09,0.0601513010185909
158.08735179901123,0.00833333283662796,1.7985998468361686e-08,0.0601513010185909
158.13727521896362,0.008333333767950535,2.176149038746189e-08,0.0601513010185909
158.18742966651917,0.00833333469927311,1.6999115004523446e-08,0.0601513010185909
158.23752403259277,0.00833333469927311,1.0004961303877735e-08,0.0601513010185909
158.28742456436157,0.00833333469927311,4.109099727145349e-09,0.0601513010185909
158.33712220191956,0.008333333767950535,4.0407194257241486e-10,0.0601513010185909
158.38999581336975,0.008333333767950535,-1.4399221814898056e-09,0.0601513010185909
158.43824219703674,0.008333333767950535,-1.6286169080004242e-09,0.0601513010185909
158.4872763156891,0.008333333767950535,-1.297234764052746e-09,0.0601513010185909
158.5375919342041,0.008333333767950535,-7.771019383540079e-10,0.0601513010185909
158.58752632141113,0.008333333767950535,-3.289739869405395e-10,0.0601513010185909
158.63912153244019,0.008333333767950535,-4.249423729563162e-11,0.0601513010185909
158.68849110603333,0.008333333767950535,9.156138347510279e-11,0.0601513010185909
158.73801398277283,0.008333333767950535,1.216932943304272e-10,0.0601513010185909
158.78728485107422,0.008333333767950535,9.889038893318158e-11,0.0601513010185909
158.83961606025696,0.008333333767950535,5.2723887755679044e-11,0.0601513010185909
158.88730764389038,0.008333333767950535,2.6260011526391125e-11,0.0601513010185909
158.9373164176941,0.008333333767950535,4.134035128111613e-12,0.0601513010185909
158.98761510849,0.008333333767950535,-6.468849761409601e-12,0.0601513010185909
159.03734850883484,0.008333333767950535,-9.078199997292202e-12,0.0601513010185909
159.08901691436768,0.008333333767950535,-7.530623694074201e-12,0.0601513010185909
159.14462804794312,0.008333333767950535,-4.101566308811755e-12,0.0601513010185909
159.1940279006958,0.008333333767950535,-1.6732778357342326e-12,0.0601513010185909
159.24394631385803,0.008333333767950535,-1.5290893551345164e-13,0.0601513010185909
159.29472255706787,0.008333333767950535,5.372941674908205e-13,0.0601513010185909
159.34348940849304,0.008333333767950535,6.731542406823721e-13,0.0601513010185909
159.3876030445099,0.008333333767950535,5.728299778962054e-13,0.0601513010185909
159.4436264038086,0.008333333767950535,3.1862359972656407e-13,0.0601513010185909
159.4945125579834,0.008333333767950535,1.3401606213658823e-13,0.0601513010185909
159.5444803237915,0.008333333767950535,1.6426096594024386e-14,0.0601513010185909
159.5947482585907,0.008333333767950535,-3.829055128523606e-14,0.0601513010185909
159.6436424255371,0.008333333767950535,-5.0329532208515104e-14,0.0601513010185909
159.68966507911682,0.008333333767950535,-4.072783776898348e-14,0.0601513010185909
159.73857474327087,0.008333333767950535,-2.7955068815366246e-14,0.0601513010185909
159.78948998451233,0.008333333767950535,-1.317522480004385e-14,0.0601513010185909
159.83744621276855,0.008333333767950535,-3.0513785942432037e-15,0.0601513010185909
159.89036107063293,0.008333333767950535,2.6766783234322133e-15,0.0601513010185909
159.9402379989624,0.008333333767950535,3.7088387916384136e-15,0.0601513010185909
159.98998594284058,0.008333333767950535,3.0600522116230877e-15,0.0601513010185909
160.0403609275818,0.008333333767950535,1.878705524482882e-15,0.0601513010185909
160.08765816688538,0.008333333767950535,1.0061396160665481e-15,0.0601513010185909
160.14071440696716,0.008333333767950535,1.2663481374630692e-16,0.0601513010185909
160.187753200531,0.008333333767950535,-1.717376241217039e-16,0.0601513010185909
160.23793268203735,0.008333333767950535,-3.0531133177191805e-16,0.0601513010185909
160.29047989845276,0.008333333767950535,-2.654126918244515e-16,0.0601513010185909
160.34146451950073,0.008333333767950535,-1.7867651802561113e-16,0.0601513010185909
160.38882207870483,0.008333333767950535,-1.0928757898653885e-16,0.0601513010185909
160.4403154850006,0.008333333767950535,-2.6020852139652106e-17,0.0601513010185909
160.48732781410217,0.008333333767950535,3.469446951953614e-18,0.0601513010185909
160.54066824913025,0.008333333767950535,3.469446951953614e-17,0.0601513010185909
160.59080266952515,0.008333333767950535,5.204170427930421e-17,0.0601513010185909
160.63780117034912,0.008333333767950535,3.8163916471489756e-17,0.0601513010185909
160.6910047531128,0.008333333767950535,1.734723475976807e-17,0.0601513010185909
160.74392700195312,0.008333333767950535,0.0,0.0601513010185909
160.7901952266693,0.008333333767950535,-1.734723475976807e-17,0.0601513010185909
160.8375015258789,0.008333333767950535,-3.122502256758253e-17,0.0601513010185909
160.89072608947754,0.008333333767950535,-4.85722573273506e-17,0.0601513010185909
160.93951630592346,0.008333333767950535,-4.85722573273506e-17,0.0601513010185909
160.99002647399902,0.008333333767950535,-4.85722573273506e-17,0.0601513010185909
161.038756608963,0.008333333767950535,-4.85722573273506e-17,0.0601513010185909
161.0877001285553,0.008333333767950535,-4.85722573273506e-17,0.0601513010185909
161.13984775543213,0.008333333767950535,-4.85722573273506e-17,0.0601513010185909
161.19049835205078,0.008333333767950535,-4.85722573273506e-17,0.0601513010185909
161.23750758171082,0.008333333767950535,-4.85722573273506e-17,0.0601513010185909
161.2876696586609,0.008333333767950535,-4.85722573273506e-17,0.0601513010185909
161.33769512176514,0.008333333767950535,-4.85722573273506e-17,0.0601513010185909
161.38767194747925,0.008333333767950535,-4.85722573273506e-17,0.0601513010185909
161.4450442790985,0.008333333767950535,-4.85722573273506e-17,0.0601513010185909
161.49387121200562,0.008333333767950535,-4.85722573273506e-17,0.0601513010185909
161.5436816215515,0.008333333767950535,-4.85722573273506e-17,0.0601513010185909
161.58768558502197,0.008333333767950535,-4.85722573273506e-17,0.0601513010185909
161.63993859291077,0.008333333767950535,-4.85722573273506e-17,0.0601513010185909
161.68766355514526,0.008333333767950535,-4.85722573273506e-17,0.0601513010185909
161.73798251152039,0.008333333767950535,-4.85722573273506e-17,0.0601513010185909
161.78772950172424,0.008333333767950535,-4.85722573273506e-17,0.0601513010185909
161.8376202583313,0.008333333767950535,-4.85722573273506e-17,0.0601513010185909
161.8878149986267,0.008333333767950535,-4.85722573273506e-17,0.0601513010185909
161.93766713142395,0.008333333767950535,-4.85722573273506e-17,0.0601513010185909
161.98793530464172,0.008333333767950535,-4.85722573273506e-17,0.0601513010185909
162.0376913547516,0.006998430471867323,-0.011483545415103436,0.0601513010185909
162.08740639686584,0.006890099495649338,-0.006549770478159189,0.0601513010185909
162.13729763031006,0.0063858055509626865,-0.00898949708789587,0.0601513010185909
162.1878046989441,0.00680930633097887,-0.0009456506813876331,0.0601513010185909
162.2380599975586,0.006554435472935438,-0.003704200265929103,0.0601513010185909
162.28723573684692,0.0070345052517950535,0.0026583306025713682,0.0601513010185909
162.33721709251404,0.006737780291587114,-0.0018681985093280673,0.0601513010185909
162.38729286193848,0.007146451622247696,0.003206696594133973,0.0601513010185909
162.43723249435425,0.006786669604480267,-0.0020269008819013834,0.0601513010185909
162.4936158657074,0.007387440651655197,0.004750595428049564,0.0601513010185909
162.537663936615,0.00677476404234767,-0.0024264606181532145,0.0601513010185909
162.5875654220581,0.007137473206967115,0.0025170198641717434,0.0601513010185909
162.63996720314026,0.006525311153382063,-0.004570453893393278,0.0601513010185909
162.69353222846985,0.00736317690461874,0.004470122046768665,0.0601513010185909
162.7436923980713,0.006522194482386112,-0.004554326180368662,0.0601513010185909
162.79338717460632,0.007362882606685162,0.004501598887145519,0.0601513010185909
162.84364461898804,0.0065231844782829285,-0.004525539465248585,0.0601513010185909
162.88970255851746,0.007364128716289997,0.004520822782069445,0.0601513010185909
162.93790197372437,0.00675880815833807,-0.0025194939225912094,0.0601513010185909
162.98745465278625,0.007129999343305826,0.0025268220342695713,0.0601513010185909
163.0372486114502,0.006759116891771555,-0.0025200441014021635,0.0601513010185909
163.08743047714233,0.007130064070224762,0.0025246059522032738,0.0601513010185909
163.1388964653015,0.006759059149771929,-0.002522319322451949,0.0601513010185909
163.187518119812,0.0071299709379673,0.00252297124825418,0.0601513010185909
163.23754596710205,0.0067589785903692245,-0.002523204078897834,0.0601513010185909
163.28755974769592,0.005795015953481197,-0.00896088220179081,0.0601513010185909
163.33761739730835,0.0053157196380198,-0.009072947315871716,0.0601513010185909
163.38760662078857,0.005182385444641113,-0.0064666722901165485,0.0601513010185909
163.43746066093445,0.005234930664300919,-0.0034686557482928038,0.0601513010185909
163.48748588562012,0.0053510223515331745,-0.0011812495067715645,0.0601513010185909
163.53710222244263,0.005460135638713837,0.00013539448264054954,0.0601513010185909
163.58750319480896,0.005534370895475149,0.000654777220916003,0.0601513010185909
163.63705587387085,0.005572084337472916,0.0006837595719844103,0.0601513010185909
163.6872594356537,0.005583260674029589,0.0004960632068105042,0.0601513010185909
163.73796796798706,0.005579902324825525,0.00027127674547955394,0.0601513010185909
163.78763508796692,0.005571354646235704,9.64939099503681e-05,0.0601513010185909
163.83743953704834,0.0055631049908697605,-5.9353951655793935e-06,0.0601513010185909
163.88746619224548,0.005557394120842218,-4.768600774696097e-05,0.0601513010185909
163.9376926422119,0.0055544315837323666,-5.146313560544513e-05,0.0601513010185909
163.98764300346375,0.005553503055125475,-3.801367347477935e-05,0.0601513010185909
164.037672996521,0.005553708877414465,-2.1184590877965093e-05,0.0601513010185909
164.08808183670044,0.005554336588829756,-7.84321400715271e-06,0.0601513010185909
164.13738226890564,0.0055549596436321735,1.1506877228839585e-07,0.0601513010185909
164.1875343322754,0.005555398762226105,3.4601280276547186e-06,0.0601513010185909
164.23711824417114,0.005555630661547184,3.868191470246529e-06,0.0601513010185909
164.2876491546631,0.00555570749565959,2.909983322751941e-06,0.0601513010185909
164.3375051021576,0.00555569538846612,1.65199753610068e-06,0.0601513010185909
164.38922500610352,0.005555649753659964,6.347030421238742e-07,0.0601513010185909
164.4385871887207,0.0055556027218699455,1.7155299403270874e-08,0.0601513010185909
164.48731803894043,0.005555569194257259,-2.5004473513945413e-07,0.0601513010185909
164.5388126373291,0.005555550567805767,-2.9034694648544246e-07,0.0601513010185909
164.58987951278687,0.005555544048547745,-2.039550679455715e-07,0.0601513010185909
164.6424219608307,0.005555545445531607,-1.1107931641163304e-07,0.0601513010185909
164.68725681304932,0.0055555482394993305,-5.1160256475668575e-08,0.0601513010185909
164.73719382286072,0.005555551964789629,-3.2980502773227727e-09,0.0601513010185909
164.78708505630493,0.005555554758757353,1.7986705458383767e-08,0.0601513010185909
164.8380832672119,0.005555556155741215,2.176208013793257e-08,0.0601513010185909
164.887686252594,0.005555556621402502,1.6999482710389202e-08,0.0601513010185909
164.93762922286987,0.005555556621402502,1.0005127393242219e-08,0.0601513010185909
164.98731422424316,0.005555556155741215,4.109131257479248e-09,0.0601513010185909
165.03730297088623,0.005555556155741215,4.040372481028953e-10,0.0601513010185909
165.08794045448303,0.0055555556900799274,-1.2871551602344766e-09,0.0601513010185909
165.13922595977783,0.0055555556900799274,-1.628661761010619e-09,0.0601513010185909
165.1883533000946,0.0055555556900799274,-1.2972631857621764e-09,0.0601513010185909
165.23800373077393,0.0055555556900799274,-7.771149834745472e-10,0.0601513010185909
165.28737831115723,0.0055555556900799274,-3.2897676249810104e-10,0.0601513010185909
165.33740210533142,0.0055555556900799274,-4.249178786608354e-11,0.0601513010185909
165.3874592781067,0.0055555556900799274,9.156535252241582e-11,0.0601513010185909
165.4374644756317,0.0055555556900799274,1.2169676377737915e-10,0.0601513010185909
165.4873707294464,0.0055555556900799274,9.889265795148816e-11,0.0601513010185909
165.53752875328064,0.0055555556900799274,6.028481880360204e-11,0.0601513010185909
165.58877396583557,0.0055555556900799274,2.6260318572446373e-11,0.0601513010185909
165.64423990249634,0.0055555556900799274,1.182210579431242e-12,0.0601513010185909
165.69401240348816,0.0055555556900799274,-7.499903476038128e-12,0.0601513010185909
165.73785281181335,0.0055555556900799274,-9.078435919684935e-12,0.0601513010185909
165.7874674797058,0.0055555556900799274,-7.530779819187039e-12,0.0601513010185909
165.8427906036377,0.0055555556900799274,-4.101627024133414e-12,0.0601513010185909
165.88751482963562,0.0055555556900799274,-2.090537812304838e-12,0.0601513010185909
165.9376621246338,0.0055555556900799274,-3.835352174741402e-13,0.0601513010185909
165.98771810531616,0.0055555556900799274,4.5336130682915865e-13,0.0601513010185909
166.03750205039978,0.0055555556900799274,6.760460247168254e-13,0.0601513010185909
166.08766651153564,0.0055555556900799274,5.728403862370612e-13,0.0601513010185909
166.13921856880188,0.0055555556900799274,3.614625959658113e-13,0.0601513010185909
166.18749070167542,0.0055555556900799274,1.660008935866486e-13,0.0601513010185909
166.23775672912598,0.0055555556900799274,3.446722074418318e-14,0.0601513010185909
166.28714227676392,0.0055555556900799274,-3.145747551336342e-14,0.0601513010185909
166.3375325202942,0.0055555556900799274,-5.0248000205144194e-14,0.0601513010185909
166.38897728919983,0.0055555556900799274,-4.3527681459210044e-14,0.0601513010185909
166.43757891654968,0.0055555556900799274,-2.794812992146234e-14,0.0601513010185909
166.48736214637756,0.0055555556900799274,-1.3156142841808105e-14,0.0601513010185909
166.53765320777893,0.0055555556900799274,-3.028827189055505e-15,0.0601513010185909
166.58741688728333,0.0055555556900799274,2.157996004115148e-15,0.0601513010185909
166.6372287273407,0.0055555556900799274,3.724451302922205e-15,0.0601513010185909
166.69385766983032,0.0055555556900799274,3.1068897454744615e-15,0.0601513010185909
166.73786520957947,0.0055555556900799274,2.1614654510671016e-15,0.0601513010185909
166.78699040412903,0.0055555556900799274,1.0373646386341306e-15,0.0601513010185909
166.83788895606995,0.0055555556900799274,2.5326962749261384e-16,0.0601513010185909
166.88846611976624,0.0055555556900799274,-1.457167719820518e-16,0.0601513010185909
166.94360303878784,0.0055555556900799274,-2.688821387764051e-16,0.0601513010185909
166.98924112319946,0.0055555556900799274,-2.42861286636753e-16,0.0601513010185909
167.0376000404358,0.0055555556900799274,-1.5959455978986625e-16,0.0601513010185909
167.08740854263306,0.0055555556900799274,-7.979727989493313e-17,0.0601513010185909
167.13723993301392,0.0055555556900799274,-1.3877787807814457e-17,0.0601513010185909
167.18686985969543,0.0055555556900799274,2.949029909160572e-17,0.0601513010185909
167.23768854141235,0.0055555556900799274,6.245004513516506e-17,0.0601513010185909
167.28722071647644,0.0055555556900799274,6.245004513516506e-17,0.0601513010185909
167.34386038780212,0.0055555556900799274,6.245004513516506e-17,0.0601513010185909
167.38970136642456,0.0055555556900799274,6.245004513516506e-17,0.0601513010185909
167.4395661354065,0.0055555556900799274,6.245004513516506e-17,0.0601513010185909
167.48762679100037,0.0055555556900799274,6.245004513516506e-17,0.0601513010185909
167.53752827644348,0.0055555556900799274,6.245004513516506e-17,0.0601513010185909
167.59090423583984,0.0055555556900799274,6.245004513516506e-17,0.0601513010185909
167.63977074623108,0.0055555556900799274,6.245004513516506e-17,0.0601513010185909
167.68968200683594,0.0055555556900799274,6.245004513516506e-17,0.0601513010185909
167.7378532886505,0.0055555556900799274,6.245004513516506e-17,0.0601513010185909
167.78814148902893,0.0055555556900799274,6.245004513516506e-17,0.0601513010185909
167.83755493164062,0.0055555556900799274,6.245004513516506e-17,0.0601513010185909
167.88746428489685,0.0055555556900799274,6.245004513516506e-17,0.0601513010185909
167.9376528263092,0.0055555556900799274,6.245004513516506e-17,0.0601513010185909
167.98739671707153,0.0055555556900799274,6.245004513516506e-17,0.0601513010185909
168.03734731674194,0.0055555556900799274,6.245004513516506e-17,0.0601513010185909
168.08747792243958,0.0055555556900799274,6.245004513516506e-17,0.0601513010185909
168.13739490509033,0.0055555556900799274,6.245004513516506e-17,0.0601513010185909
168.18760633468628,0.0055555556900799274,6.245004513516506e-17,0.0601513010185909
168.23744320869446,0.0055555556900799274,6.245004513516506e-17,0.0601513010185909
168.28883242607117,0.0055555556900799274,6.245004513516506e-17,0.0601513010185909
168.33695101737976,0.0055555556900799274,6.245004513516506e-17,0.0601513010185909
168.38835620880127,0.0055555556900799274,6.245004513516506e-17,0.0601513010185909
168.43740677833557,0.0055555556900799274,6.245004513516506e-17,0.0601513010185909
168.48732471466064,0.0055555556900799274,6.245004513516506e-17,0.0601513010185909
168.5372507572174,0.0055555556900799274,6.245004513516506e-17,0.0601513010185909
168.58757638931274,0.0055555556900799274,6.245004513516506e-17,0.0601513010185909
168.63954091072083,0.0055555556900799274,6.245004513516506e-17,0.0601513010185909
168.68769216537476,0.0055555556900799274,6.245004513516506e-17,0.0601513010185909
168.73758625984192,0.0055555556900799274,6.245004513516506e-17,0.0601513010185909
168.78814339637756,0.0055555556900799274,6.245004513516506e-17,0.0601513010185909
168.83684492111206,0.0042206523939967155,-0.011483544483780861,0.0601513010185909
168.88892889022827,0.00411232141777873,-0.006549770012497902,0.0601513010185909
168.93729305267334,0.003608027473092079,-0.00898949708789587,0.0601513010185909
168.98734140396118,0.004031528253108263,-0.0009456506231799722,0.0601513010185909
169.0370454788208,0.0037766576278954744,-0.0037042000330984592,0.0601513010185909
169.0875928401947,0.004256727639585733,0.0026583303697407246,0.0601513010185909
169.14464211463928,0.003735541831701994,-0.0038298116996884346,0.0601513010185909
169.1890513896942,0.004368674010038376,0.0032066963613033295,0.0601513010185909
169.23713612556458,0.004008891526609659,-0.0020269006490707397,0.0601513010185909
169.28940415382385,0.0043764919973909855,0.002794226398691535,0.0601513010185909
169.3377480506897,0.003996985964477062,-0.002426460385322571,0.0601513010185909
169.39022660255432,0.004593017511069775,0.004501258954405785,0.0601513010185909
169.4446268081665,0.003747533308342099,-0.004570453427731991,0.0601513010185909
169.49461460113525,0.004585398826748133,0.004470121581107378,0.0601513010185909
169.54378604888916,0.003744416404515505,-0.004554325714707375,0.0601513010185909
169.58864951133728,0.0043502994813025,0.002501769457012415,0.0601513010185909
169.63687682151794,0.003979968372732401,-0.00253079691901803,0.0601513010185909
169.6887011528015,0.00301664718426764,-0.008960476145148277,0.0601513010185909
169.73762011528015,0.002537796040996909,-0.009069263935089111,0.0601513010185909
169.7897491455078,0.0024050057400017977,-0.0058436319231987,0.0601513010185909
169.8388249874115,0.0024573118425905704,-0.00346569437533617,0.0601513010185909
169.88986444473267,0.002597168320789933,-0.0008404591935686767,0.0601513010185909
169.93798279762268,0.0026824530214071274,0.0001360111782560125,0.0601513010185909
169.98968410491943,0.0027668667025864124,0.0006898462888784707,0.0601513010185909
170.0395519733429,0.0027943188324570656,0.0006834924570284784,0.0601513010185909
170.08979511260986,0.0028056136798113585,0.00044980228994973004,0.0601513010185909
170.1401240825653,0.0028005873318761587,0.00023067249276209623,0.0601513010185909
170.18871665000916,0.0027935660909861326,9.636484901420772e-05,0.0601513010185909
170.2394437789917,0.0027853196952492,-5.985267307551112e-06,0.0601513010185909
170.28936457633972,0.002779612550511956,-4.7687673941254616e-05,0.0601513010185909
170.33875823020935,0.0027766528073698282,-5.144385067978874e-05,0.0601513010185909
170.38932013511658,0.002775725442916155,-3.799113255809061e-05,0.0601513010185909
170.43998956680298,0.002776041626930237,-1.810456524253823e-05,0.0601513010185909
170.48967480659485,0.002776693319901824,-5.811830760649173e-06,0.0601513010185909
170.54001784324646,0.002777287270873785,1.1070641221522237e-06,0.0601513010185909
170.58722567558289,0.002777620917186141,3.4604099710122682e-06,0.0601513010185909
170.64043974876404,0.002777878660708666,3.7420027183543425e-06,0.0601513010185909
170.69024181365967,0.0027779322117567062,2.6565098778519314e-06,0.0601513010185909
170.73951530456543,0.0027779098600149155,1.4186264252202818e-06,0.0601513010185909
170.7902364730835,0.002777861664071679,4.781277880283596e-07,0.0601513010185909
170.84009861946106,0.002777816727757454,-6.101742400232979e-08,0.0601513010185909
170.8908634185791,0.0027777862269431353,-2.72065733497584e-07,0.0601513010185909
170.93710088729858,0.002777772955596447,-2.902478115629492e-07,0.0601513010185909
170.98733758926392,0.0027777666691690683,-2.2240401165163348e-07,0.0601513010185909
171.03914260864258,0.0027777673676609993,-1.2854711428644805e-07,0.0601513010185909
171.08831882476807,0.0027777706272900105,-5.10995867841757e-08,0.0601513010185909
171.14165782928467,0.0027777748182415962,2.8508582161634877e-09,0.0601513010185909
171.18996572494507,0.0027777771465480328,1.9829407449378778e-08,0.0601513010185909
171.2375304698944,0.0027777780778706074,2.175503688306435e-08,0.0601513010185909
171.29086065292358,0.0027777787763625383,1.562338880489733e-08,0.0601513010185909
171.3372311592102,0.0027777785435318947,9.997429550878678e-09,0.0601513010185909
171.38756275177002,0.002777778310701251,4.104425688211677e-09,0.0601513010185909
171.43726301193237,0.0027777780778706074,4.0197817297027427e-10,0.0601513010185909
171.4872817993164,0.0027777778450399637,-1.2874883381641666e-09,0.0601513010185909
171.5401120185852,0.0027777778450399637,-1.5967963618024328e-09,0.0601513010185909
171.58844566345215,0.0027777778450399637,-1.296559082319959e-09,0.0601513010185909
171.63685584068298,0.0027777778450399637,-7.765289522509988e-10,0.0601513010185909
171.6871156692505,0.0027777778450399637,-3.2861222076796537e-10,0.0601513010185909
171.7370810508728,0.0027777778450399637,-4.232794323377753e-11,0.0601513010185909
171.78702306747437,0.0027777778450399637,9.159606406683451e-11,0.0601513010185909
171.83923768997192,0.0027777778450399637,1.2166197216334496e-10,0.0601513010185909
171.88969659805298,0.0027777778450399637,9.150161878190843e-11,0.0601513010185909
171.93767380714417,0.0027777778450399637,6.024022947137553e-11,0.0601513010185909
171.98729491233826,0.0027777778450399637,2.6232084213151374e-11,0.0601513010185909
172.0400960445404,0.0027777778450399637,1.1716625933355651e-12,0.0601513010185909
172.0896384716034,0.0027777778450399637,-7.50126957077546e-12,0.0601513010185909
172.14355397224426,0.0027777778450399637,-8.98926159204061e-12,0.0601513010185909
172.1937928199768,0.0027777778450399637,-6.9916173545125915e-12,0.0601513010185909
172.24360966682434,0.0027777778450399637,-4.0984490107254246e-12,0.0601513010185909
172.29331612586975,0.0027777778450399637,-1.6713436190585185e-12,0.0601513010185909
172.34315633773804,0.0027777778450399637,-1.5203897169024927e-13,0.0601513010185909
172.38726353645325,0.0027777778450399637,4.536050354775334e-13,0.0601513010185909
172.4374487400055,0.0027777778450399637,6.758916343274635e-13,0.0601513010185909
172.48843550682068,0.0027777778450399637,5.72560228395691e-13,0.0601513010185909
172.53839659690857,0.0027777778450399637,3.6121192842353267e-13,0.0601513010185909
172.58879804611206,0.0027777778450399637,1.658291559625269e-13,0.0601513010185909
172.63798761367798,0.0027777778450399637,3.4372678314742444e-14,0.0601513010185909
172.687237739563,0.0027777778450399637,-3.14965067915729e-14,0.0601513010185909
172.73753190040588,0.0027777778450399637,-5.024886756688218e-14,0.0601513010185909
172.78755283355713,0.0027777778450399637,-4.3516405756616194e-14,0.0601513010185909
172.83833861351013,0.0027777778450399637,-2.7927313239750617e-14,0.0601513010185909
172.8930263519287,0.0027777778450399637,-1.0697172314610981e-14,0.0601513010185909
172.93818998336792,0.0027777778450399637,-3.0192862099376327e-15,0.0601513010185909
172.99358582496643,0.0027777778450399637,2.7070359842618075e-15,0.0601513010185909
173.04358673095703,0.0027777778450399637,3.755676325489787e-15,0.0601513010185909
173.09490418434143,0.0027777778450399637,3.1025529367845195e-15,0.0601513010185909
173.14284348487854,0.0027777778450399637,1.919471526168337e-15,0.0601513010185909
173.1889636516571,0.0027777778450399637,1.042568809062061e-15,0.0601513010185909
173.23709225654602,0.0027777778450399637,2.645453300864631e-16,0.0601513010185909
173.28765273094177,0.0027777778450399637,-1.448494102440634e-16,0.0601513010185909
173.337299823761,0.0027777778450399637,-2.7842311789427754e-16,0.0601513010185909
173.38762950897217,0.0027777778450399637,-2.5673907444456745e-16,0.0601513010185909
173.4381067752838,0.0027777778450399637,-1.7520707107365752e-16,0.0601513010185909
173.49421525001526,0.0027777778450399637,-7.806255641895632e-17,0.0601513010185909
173.54471278190613,0.0027777778450399637,-2.862293735361732e-17,0.0601513010185909
173.5890555381775,0.0027777778450399637,-5.204170427930421e-18,0.0601513010185909
173.64113783836365,0.0027777778450399637,2.0816681711721685e-17,0.0601513010185909
173.68716406822205,0.0027777778450399637,3.2959746043559335e-17,0.0601513010185909
173.73733615875244,0.0027777778450399637,3.2959746043559335e-17,0.0601513010185909
173.78726601600647,0.0027777778450399637,3.2959746043559335e-17,0.0601513010185909
173.8372142314911,0.0027777778450399637,3.2959746043559335e-17,0.0601513010185909
173.88718032836914,0.0027777778450399637,3.2959746043559335e-17,0.0601513010185909
173.93721747398376,0.0027777778450399637,3.2959746043559335e-17,0.0601513010185909
173.98730945587158,0.0027777778450399637,3.2959746043559335e-17,0.0601513010185909
174.03940510749817,0.0027777778450399637,3.2959746043559335e-17,0.0601513010185909
174.08755683898926,0.0027777778450399637,3.2959746043559335e-17,0.0601513010185909
174.1444661617279,0.0027777778450399637,3.2959746043559335e-17,0.0601513010185909
174.19456005096436,0.0027777778450399637,3.2959746043559335e-17,0.0601513010185909
174.2440218925476,0.0027777778450399637,3.2959746043559335e-17,0.0601513010185909
174.2907588481903,0.0027777778450399637,3.2959746043559335e-17,0.0601513010185909
174.34426760673523,0.0027777778450399637,3.2959746043559335e-17,0.0601513010185909
174.3946614265442,0.0027777778450399637,3.2959746043559335e-17,0.0601513010185909
174.44478845596313,0.0027777778450399637,3.2959746043559335e-17,0.0601513010185909
174.4940037727356,0.0027777778450399637,3.2959746043559335e-17,0.0601513010185909
174.54474353790283,0.0027777778450399637,3.2959746043559335e-17,0.0601513010185909
174.5947151184082,0.0027777778450399637,3.2959746043559335e-17,0.0601513010185909
174.64491081237793,0.0027777778450399637,3.2959746043559335e-17,0.0601513010185909
174.6897451877594,0.0027777778450399637,3.2959746043559335e-17,0.0601513010185909
174.7392017841339,0.0027777778450399637,3.2959746043559335e-17,0.0601513010185909
174.7892243862152,0.0027777778450399637,3.2959746043559335e-17,0.0601513010185909
174.83751678466797,0.0027777778450399637,3.2959746043559335e-17,0.0601513010185909
174.88912224769592,0.0027777778450399637,3.2959746043559335e-17,0.0601513010185909
174.93718576431274,0.0027777778450399637,3.2959746043559335e-17,0.0601513010185909
174.98769450187683,0.0027777778450399637,3.2959746043559335e-17,0.0601513010185909
175.03883862495422,0.0027777778450399637,3.2959746043559335e-17,0.0601513010185909
