timestep,speed,acceleration,target_speed
23.02595043182373,0.004025653004646301,-0.0007766066119074821,0.0168133725264534
23.075624704360962,0.005115718115121126,0.00795816071331501,0.00880753345793064
23.125418424606323,0.00570716243237257,0.009338761679828167,0.00874786746696092
23.175544261932373,0.005913916975259781,0.007193296682089567,0.00948458953008622
23.226739406585693,0.005879248026758432,0.0036120451986789703,0.0107671560487209
23.27953815460205,0.005765791051089764,0.0012875278480350971,0.0117937822381297
23.327003002166748,0.005656128283590078,-7.595831993967295e-05,0.00838274844294859
23.3753879070282,0.006521193310618401,0.007844126783311367,0.00782090441691219
23.42536234855652,0.008110211230814457,0.016979197040200233,0.00857176001659916
23.475563764572144,0.008850098587572575,0.015891078859567642,0.0104416042798922
23.53128147125244,0.009002560749650002,0.009653096087276936,0.0111749405418236
23.57540774345398,0.008883430622518063,0.005457975436002016,0.00656070390495635
23.627337217330933,0.008625342510640621,0.0010471714194864035,0.00690933610305375
23.67627763748169,0.008478069677948952,-0.00050408358220011,0.00766460720356269
23.726956129074097,0.008338983170688152,-0.0012870965292677283,0.00857940900571936
23.780348539352417,0.008291116915643215,-0.0011410909937694669,0.00781845171156287
23.831225395202637,0.008283142931759357,-0.0007453326834365726,0.0081552126196985
23.880247116088867,0.008294438943266869,-0.0003593010187614709,0.00823268638701591
23.93007206916809,0.008310611359775066,-9.03137115528807e-05,0.00600801826995944
23.980152130126953,0.008324123919010162,5.030271859141067e-05,0.0070188507028557
24.030402898788452,0.008332554250955582,9.528829104965553e-05,0.00717052975232941
24.08018398284912,0.00833636149764061,8.651507960166782e-05,0.00720515709154557
24.124924182891846,0.00833711214363575,6.375455996021628e-05,0.00449462868441712
24.176496505737305,0.008336302824318409,2.8345230020931922e-05,0.00416730747993797
24.226840019226074,0.007000196259468794,-0.011475862935185432,0.00489749677133567
24.276570320129395,0.005555934738367796,-0.018036652356386185,0.00604709510180211
24.32543969154358,0.00501262629404664,-0.016447165980935097,0.00570743451364968
24.37692403793335,0.004861562047153711,-0.009941699914634228,0.00418119487494008
24.426865100860596,0.005030127242207527,-0.0046542794443666935,0.0041548497628093
24.47594714164734,0.005211718380451202,-0.00161861558444798,0.00699489239919393
24.527134656906128,0.006773718167096376,0.012273031286895275,0.00658198817115354
24.575871467590332,0.008098236285150051,0.018981942906975746,0.00523420448377312
24.625439405441284,0.008914927951991558,0.01768459752202034,0.00349327017917123
24.677342891693115,0.007744273636490107,-0.0007805759669281542,0.00445789538027574
24.72682285308838,0.006120509468019009,-0.013015358708798885,0.00835623435458272
24.775343894958496,0.005382690578699112,-0.014689491130411625,0.0122527123589819
24.8282310962677,0.0066886660642921925,0.0030988003127276897,0.00377996890252823
24.87558913230896,0.00778903067111969,0.011042073369026184,0.00361196130779149
24.926093339920044,0.008561520837247372,0.012585612013936043,0.00658600173666555
24.975050449371338,0.008822739124298096,0.009559613652527332,0.0113515677028198
25.025174856185913,0.008790488354861736,0.00547871133312583,0.0171472307498355
25.075221300125122,0.009977980516850948,0.013627161271870136,0.00485812664384974
25.125126838684082,0.010339096188545227,0.009718154557049274,0.00580688544298469
25.174972534179688,0.009205658920109272,-0.0029357189778238535,0.00526106729060897
25.224998950958252,0.008469297550618649,-0.007449262775480747,0.00876473381497735
25.275397539138794,0.008116903714835644,-0.007186581380665302,0.0111203071829139
25.32519268989563,0.008030598983168602,-0.004972971510142088,0.00614408062997409
25.375202894210815,0.00808250904083252,-0.0025785728357732296,0.00684625659404623
25.425207138061523,0.00817791372537613,-0.0008077852544374764,0.00708783714319937
25.480352878570557,0.008277771063148975,0.0002955304516945034,0.00702959127761625
25.530147075653076,0.008328362368047237,0.0005680195172317326,0.00702097325179561
25.581257581710815,0.008351295255124569,0.0005175590049475431,0.00954025158760152
25.630339860916138,0.008355777710676193,0.0003447489289101213,0.00828457021531505
25.680140495300293,0.008351115509867668,0.00017054211639333516,0.00856562629195672
25.73047661781311,0.008343935012817383,4.669813279178925e-05,0.00897814445943474
25.77998185157776,0.008337785489857197,-1.953955325006973e-05,0.00892469686067123
25.83108901977539,0.008333873003721237,-4.194564462522976e-05,0.00781138987819343
25.880250215530396,0.008332054130733013,-3.918905713362619e-05,0.00754525348312804
25.93051528930664,0.008331655524671078,-2.6555870135780424e-05,0.00843846580925158
25.981404542922974,0.008331977762281895,-1.342476753052324e-05,0.00949165029943414
26.031235456466675,0.00833251141011715,-3.9231431401276495e-06,0.0102845308643935
26.081193208694458,0.008332978002727032,1.2583312809510971e-06,0.0104015166624371
26.13031768798828,0.008333280682563782,3.0900805541023146e-06,0.0110117543157297
26.17487406730652,0.009262340143322945,0.008418922312557697,0.0121128337832862
26.225135564804077,0.010897625237703323,0.017681127414107323,0.0146315658155086
26.275575637817383,0.011654336005449295,0.016441669315099716,0.0158607447236353
26.32554602622986,0.011816706508398056,0.011106235906481743,0.0117746252541906
26.375138998031616,0.011679253540933132,0.005592465400695801,0.0129448932772482
26.426520824432373,0.011411064304411411,0.0010456425370648503,0.0149632960590141
26.475135326385498,0.011258881539106369,-0.0005451672477647662,0.0166542165746558
26.529664993286133,0.01111575961112976,-0.0013386548962444067,0.0185049683070643
26.580734729766846,0.012401774525642395,0.010303664952516556,0.0150483583008421
26.62695837020874,0.013837193138897419,0.017265960574150085,0.015547996549684
26.6770339012146,0.014461725950241089,0.015171503648161888,0.0161540210132321
26.725318670272827,0.014567774720489979,0.010971049778163433,0.0179175794788685
26.776761770248413,0.01440464984625578,0.004703485406935215,0.0204236680295369
26.826395511627197,0.014230459928512573,0.0017117810202762485,0.0193811314841001
26.87548589706421,0.014039373025298119,-0.00045095934183336794,0.0223188518716849
26.925872325897217,0.014843164011836052,0.0071785892359912395,0.0252456222596504
26.97503662109375,0.0164178553968668,0.01646970771253109,0.0265441527848973
27.025444507598877,0.01808810792863369,0.02401270531117916,0.0322420770188025
27.076605558395386,0.02009919099509716,0.02759712003171444,0.0320731143786802
27.124959707260132,0.021458148956298828,0.03030698001384735,0.0360077422441539
27.174992322921753,0.02304576337337494,0.030427634716033936,0.0384396646728864
27.224982738494873,0.02440783753991127,0.029994560405611992,0.0430213938025148
27.275230169296265,0.026788314804434776,0.037604790180921555,0.0459858480295257
27.32568883895874,0.028788434341549873,0.03798798471689224,0.0454923648499107
27.375022172927856,0.030270908027887344,0.03545495867729187,0.047108609009646
27.426491260528564,0.0331437774002552,0.04177243635058403,0.0503491251063825
27.476481199264526,0.03470180183649063,0.037068866193294525,0.0506657270918694
27.52605628967285,0.03590892627835274,0.03537730500102043,0.0536821579142121
27.575953483581543,0.03859372437000275,0.04311223328113556,0.044312792493025
27.624974727630615,0.040274351835250854,0.038819070905447006,0.047724751362774
27.676578044891357,0.04054422676563263,0.02283141389489174,0.0473425210886988
27.726269960403442,0.04021807760000229,0.01254701055586338,0.0489053078999019
27.775999546051025,0.040603455156087875,0.011733409948647022,0.0481075108900642
27.82491397857666,0.04177812114357948,0.01610766351222992,0.0407377354895149
27.87489151954651,0.04224422946572304,0.013253249228000641,0.0427173829893498
27.92486047744751,0.042273178696632385,0.008164798840880394,0.0423369204665735
27.976195573806763,0.04210806265473366,0.003616261063143611,0.0438032055000047
28.025192975997925,0.041908856481313705,0.0006274006445892155,0.048308945662917
28.076240301132202,0.04268237575888634,0.007590792141854763,0.0372666757848669
28.12594747543335,0.043297309428453445,0.008062680251896381,0.0365840932458646
28.174890279769897,0.04238135740160942,-0.0022470401600003242,0.0383619446616921
28.224884510040283,0.04178343713283539,-0.005966804921627045,0.0376368669391669
28.275030612945557,0.0414954349398613,-0.0058007435873150826,0.0382015219538011
28.326085805892944,0.0414232462644577,-0.004033513832837343,0.0306213458731691
28.375960111618042,0.04146379977464676,-0.002103420440107584,0.0321291008215849
28.42510461807251,0.04154035821557045,-0.0006687383283860981,0.0346784613826264
28.475266695022583,0.04160980507731438,0.0001359682355541736,0.034660673913653
28.525251626968384,0.041655924171209335,0.0004378383164294064,0.0362340395614994
28.576180458068848,0.041678644716739655,0.00043792984797619283,0.0301189148503154
28.62529468536377,0.040755853056907654,-0.008105965331196785,0.0316282419388223
28.67514657974243,0.039117928594350815,-0.01751401089131832,0.0328368891070301
28.725867986679077,0.038355547934770584,-0.01638535037636757,0.0342917247502394
28.775532007217407,0.03818788006901741,-0.011113430373370647,0.0363204767053479
28.82615852355957,0.03832174092531204,-0.005624520592391491,0.030908886430507
28.875306606292725,0.038544464856386185,-0.0016490020789206028,0.0317131256527602
28.92542290687561,0.03873977065086365,0.0005211543175391853,0.034371065307757
28.97528648376465,0.038866303861141205,0.0012900633737444878,0.0363547275192837
29.0258686542511,0.0389266312122345,0.0012391606578603387,0.0384042774869587
29.076220512390137,0.03894120454788208,0.0008550930651836097,0.0324506816039149
29.125333547592163,0.038932088762521744,0.0004419196047820151,0.033713624139914
29.175600290298462,0.03891558200120926,0.00013724308519158512,0.0352770504892088
29.226210832595825,0.038900766521692276,-3.22522537317127e-05,0.0381503742656271
29.27668023109436,0.03888968750834465,-9.828561451286077e-05,0.0384145230406595
29.3261981010437,0.03888624161481857,-9.360109106637537e-05,0.0340224980367671
29.376198768615723,0.03888499364256859,-6.572283746208996e-05,0.0347246330390046
29.426098108291626,0.038885604590177536,-3.4662982216104865e-05,0.0342938348152406
29.476402282714844,0.03888682276010513,-1.1337427167745773e-05,0.0357385447685187
29.526806116104126,0.03888813033699989,3.44761951964756e-06,0.0373762570971144
29.576619625091553,0.038888800889253616,7.260620350280078e-06,0.0336900759890154
29.62666082382202,0.03888911381363869,6.755699359928258e-06,0.0353671739860664
29.675413608551025,0.03888918086886406,5.046159003541106e-06,0.0374819665889139
29.72518825531006,0.038889139890670776,2.7144942578161135e-06,0.0413538457647673
29.777506113052368,0.03888903185725212,6.654871640421334e-07,0.0445665602889319
29.827115535736084,0.038888949900865555,-2.230972881989146e-07,0.0378556517259449
29.87587070465088,0.04022381082177162,0.011483036912977695,0.0390791268809587
29.925471544265747,0.041667014360427856,0.018032781779766083,0.0414581862069678
29.975688457489014,0.04227963089942932,0.015538878738880157,0.0441250904726899
30.02596354484558,0.04236042499542236,0.009934933856129646,0.0471042224230481
30.075247526168823,0.04219180345535278,0.004649774171411991,0.0392427283151915
30.12531614303589,0.04196660965681076,0.0010458737378939986,0.039262131085634
30.175334692001343,0.04178326949477196,-0.0007900949567556381,0.0400054338133865
30.225170850753784,0.04167132452130318,-0.0013384578051045537,0.0410192281277301
30.275169849395752,0.04162243753671646,-0.001179765909910202,0.0427630888714324
30.325105905532837,0.04161461815237999,-0.0007673091604374349,0.0393200850935644
30.379528045654297,0.04162983223795891,-0.0003011509543284774,0.0403923762864931
30.425192832946777,0.04164332151412964,-9.055943519342691e-05,0.0432329563835717
30.475423336029053,0.041657280176877975,5.361580042517744e-05,0.0439131825989462
30.525378942489624,0.04259488731622696,0.008514981716871262,0.0462086626068222
30.577213764190674,0.04444832354784012,0.018117515370249748,0.0400570603863953
30.625356197357178,0.04499145969748497,0.016499627381563187,0.0416835359082728
30.67587423324585,0.04515303298830986,0.011134817264974117,0.0416833711769652
30.729746103286743,0.04497116804122925,0.004654566757380962,0.0431327907933073
30.779726028442383,0.044744979590177536,0.0010410451795905828,0.0441903452131734
30.826959371566772,0.04456104338169098,-0.0007975958287715912,0.0410452041731009
30.8753559589386,0.04446563497185707,-0.001309743383899331,0.0409732967003471
30.925337314605713,0.044405657798051834,-0.001248232088983059,0.039197241625456
30.975248098373413,0.04439153894782066,-0.0008570072241127491,0.0388756985823059
31.02543830871582,0.04440102353692055,-0.0004402351623866707,0.0418107874519475
31.076897382736206,0.04442105069756508,-9.022657468449324e-05,0.0545481563582353
31.125351667404175,0.044432658702135086,3.4615746699273586e-05,0.0705331246120491
31.175176858901978,0.04537137225270271,0.008512137457728386,0.0866217551251085
31.225809335708618,0.048869211226701736,0.03460487350821495,0.104786868982173
31.275339365005493,0.05475548282265663,0.06869575381278992,0.122475797401403
31.3258695602417,0.062487974762916565,0.10462648421525955,0.135964421972107
31.375463008880615,0.07095115631818771,0.13056440651416779,0.15312802286489
31.42594265937805,0.07910294830799103,0.14493706822395325,0.170458239943255
31.477108478546143,0.09097042679786682,0.17151203751564026,0.184183535615609
31.52649235725403,0.10241024941205978,0.1933699995279312,0.196675131692638
31.576500177383423,0.11122801154851913,0.18750695884227753,0.201663473513159
31.625479221343994,0.11788810044527054,0.18174903094768524,0.213566318057318
31.676377058029175,0.128513365983963,0.1956794112920761,0.22552737071766
31.725501775741577,0.13741379976272583,0.189737930893898,0.237458240972467
31.775705337524414,0.14662739634513855,0.18983525037765503,0.2495439810737
31.827095985412598,0.1594274342060089,0.20245195925235748,0.256937745223898
31.87533926963806,0.16764004528522491,0.20437097549438477,0.269953612194337
31.925769329071045,0.17759129405021667,0.20430327951908112,0.282916016312324
31.97575044631958,0.18838664889335632,0.2107856720685959,0.297285852412017
32.026020526885986,0.19963274896144867,0.21815283596515656,0.311248395265893
32.07683444023132,0.21328212320804596,0.22387410700321198,0.314032769504386
32.12537884712219,0.22403313219547272,0.23920954763889313,0.328327087274461
32.17534875869751,0.23455721139907837,0.22960442304611206,0.343165619187619
32.22526955604553,0.24518324434757233,0.22463704645633698,0.357161649790638
32.275479793548584,0.2569233775138855,0.23150743544101715,0.37150759413715
32.32682538032532,0.2733953893184662,0.25055408477783203,0.378639407024863
32.37525725364685,0.2822359800338745,0.24237212538719177,0.394465955384214
32.42542362213135,0.29592153429985046,0.2568202614784241,0.410845393201885
32.47593545913696,0.3072877526283264,0.24666398763656616,0.428413472582722
32.52592420578003,0.3190515637397766,0.2448885291814804,0.444446144889135
32.57689356803894,0.33503809571266174,0.2570471465587616,0.451089954137609
32.62558722496033,0.34637847542762756,0.2679300606250763,0.466172243829125
32.675681352615356,0.3607448637485504,0.2777419686317444,0.479992717580931
32.725698471069336,0.37509626150131226,0.2835054397583008,0.492731660913279
32.77595782279968,0.3883770704269409,0.277448445558548,0.505971059780219
32.82719540596008,0.40517279505729675,0.2790559232234955,0.5126531531672
32.875404596328735,0.4150523245334625,0.27067098021507263,0.526428320554408
32.925365924835205,0.4280470907688141,0.2687853276729584,0.541445711938952
32.9758026599884,0.4416302740573883,0.2722023129463196,0.557314444742262
33.02676439285278,0.4569869935512543,0.26539236307144165,0.573261871339323
33.07706069946289,0.4696095287799835,0.26239895820617676,0.587726382238573
33.125683546066284,0.4803529679775238,0.26662424206733704,0.604161353648955
33.175453662872314,0.49513599276542664,0.28141701221466064,0.620586991141095
33.22547936439514,0.5108674764633179,0.2963719367980957,0.636064229740757
33.27580904960632,0.5257625579833984,0.2988694906234741,0.652772414609556
33.32725811004639,0.5441017746925354,0.3049740195274353,0.665905146333851
33.37581658363342,0.5564380288124084,0.30797961354255676,0.683878471564063
33.42529296875,0.5718348026275635,0.3109385669231415,0.700908469953664
33.47553849220276,0.5882588028907776,0.3206499516963959,0.717826734035214
33.525336265563965,0.604261040687561,0.32197171449661255,0.733858922358949
33.58032584190369,0.6228473782539368,0.31919363141059875,0.745546258334148
33.629725217819214,0.639221727848053,0.32479584217071533,0.760747587630859
33.67979621887207,0.6546648740768433,0.3197886049747467,0.775116546971299
33.72980499267578,0.6701385378837585,0.31819212436676025,0.789160785700748
33.77990198135376,0.6850936412811279,0.31206047534942627,0.802252645845284
33.83112359046936,0.7003971934318542,0.31224700808525085,0.816598624088392
33.87996959686279,0.7153668999671936,0.3086111843585968,0.830653919560183
33.9298312664032,0.7294242978096008,0.2993827760219574,0.844941578899355
33.97973966598511,0.744379997253418,0.30196279287338257,0.85944351656837
34.030131816864014,0.7593370676040649,0.30235129594802856,0.872376687471493
34.08156895637512,0.7748627066612244,0.3081459105014801,0.879918670732696
34.13019156455994,0.793613851070404,0.3339386582374573,0.891509767343611
34.179774045944214,0.8081896305084229,0.31856417655944824,0.904199734191633
34.229724168777466,0.8217416405677795,0.3014408349990845,0.916357736021575
34.28051996231079,0.8349575400352478,0.28858357667922974,0.927515142061739
34.33046317100525,0.8482275605201721,0.28129827976226807,0.926081059523003
34.38033604621887,0.8617016673088074,0.2785095274448395,0.937977168727035
34.43027925491333,0.8740487098693848,0.26696184277534485,0.949600355162838
34.48040580749512,0.8851013779640198,0.25004005432128906,0.961533185094523
34.530468702316284,0.8987864255905151,0.25924038887023926,0.974510991426311
34.58157253265381,0.9111030101776123,0.25634846091270447,0.953178592329919
34.63075661659241,0.9231337904930115,0.2512390911579132,0.965119327522508
34.680378675460815,0.9329848885536194,0.23016595840454102,0.977918958236769
34.73045301437378,0.9423471093177795,0.21492967009544373,0.992990971513443
34.78041052818298,0.9511328339576721,0.20017778873443604,1.00874966090447
34.83172821998596,0.9604219794273376,0.19639654457569122,1.0234486071434
34.88041114807129,0.9722470641136169,0.21489596366882324,1.0361853535597
34.93046569824219,0.9848721027374268,0.23099355399608612,1.04909710791584
34.98038411140442,0.9982743263244629,0.24781301617622375,1.06099472142924
35.0305016040802,1.0112683773040771,0.2535688281059265,1.06857345191172
35.07608962059021,1.021750807762146,0.25861212611198425,1.07748564402409
35.130473136901855,1.0369713306427002,0.2570951282978058,1.08299793127373
35.18040609359741,1.0483938455581665,0.24698565900325775,1.08807482105248
35.230377435684204,1.0592454671859741,0.23651765286922455,1.09480523837493
35.280420541763306,1.0685958862304688,0.21747563779354095,1.10279440422396
35.331510066986084,1.0778917074203491,0.20681360363960266,1.11802214411578
35.3807475566864,1.0868151187896729,0.1963777095079422,1.12007821513227
35.430415630340576,1.0962879657745361,0.19554011523723602,1.12153986465301
35.48050498962402,1.1069279909133911,0.20405621826648712,1.12211944451882
35.53042221069336,1.1168662309646606,0.20256899297237396,1.12625542716616
35.57654142379761,1.1242479085922241,0.18075323104858398,1.13743428421332
35.625205993652344,1.130464792251587,0.17447075247764587,1.13774917018994
35.67539072036743,1.1383185386657715,0.16770412027835846,1.13602808124195
35.72531604766846,1.1442651748657227,0.14891277253627777,1.13125328511967
35.77539825439453,1.1492878198623657,0.1305127888917923,1.12773986958864
35.82694673538208,1.1550250053405762,0.11551026999950409,1.13252792427961
35.87516760826111,1.1589847803115845,0.11092349141836166,1.13183151271016
35.925177812576294,1.163208246231079,0.10033699870109558,1.13115894433329
35.97533392906189,1.1669458150863647,0.09147708863019943,1.1308007955589
36.02829194068909,1.171404242515564,0.08346160501241684,1.13146526558396
36.07680344581604,1.1745115518569946,0.07475382834672928,1.1212503727094
36.12537360191345,1.176289439201355,0.06513669341802597,1.12054524725439
36.175408363342285,1.1784911155700684,0.057279471307992935,1.118753130511
36.225340843200684,1.1799172163009644,0.045341137796640396,1.11704403659086
36.27538537979126,1.1808258295059204,0.035426266491413116,1.11420576714368
36.325587034225464,1.1818326711654663,0.02900644950568676,1.07221804048629
36.37667918205261,1.1791629791259766,-0.0073793064802885056,1.06617351362384
36.42544507980347,1.1754628419876099,-0.03594209998846054,1.06036439355091
36.4753041267395,1.170947551727295,-0.057665251195430756,1.05372447934735
36.52514696121216,1.1660329103469849,-0.07500407099723816,1.04670134393996
36.57536053657532,1.1609902381896973,-0.0851457491517067,1.05240640482592
36.625229597091675,1.15725576877594,-0.08111393451690674,1.04615750899553
36.68005418777466,1.1538426876068115,-0.0702538937330246,1.04032276161749
36.72563672065735,1.151847243309021,-0.06391377747058868,1.03530587642452
36.77664804458618,1.1468758583068848,-0.07356781512498856,1.03145608820587
36.82666730880737,1.1432934999465942,-0.0729319229722023,1.04958416425619
36.87529158592224,1.1399444341659546,-0.0775785967707634,1.05425109770699
36.92534327507019,1.1365374326705933,-0.07281055301427841,1.06147823305417
36.97534155845642,1.135778784751892,-0.04948904737830162,1.06831538314341
37.02546715736389,1.1363664865493774,-0.02511218748986721,1.07444469797811
37.075480937957764,1.1373536586761475,-0.00741754611954093,1.08929358949038
37.13010048866272,1.1400614976882935,0.01724889501929283,1.09550347192233
37.17990303039551,1.1435199975967407,0.03779474273324013,1.10321671587602
37.230066537857056,1.1471800804138184,0.05166289210319519,1.11262886526796
37.27998471260071,1.1506675481796265,0.05863894894719124,1.12628576292462
37.33137631416321,1.153508186340332,0.058254800736904144,1.15150648581614
37.3800687789917,1.1562899351119995,0.05756919085979462,1.1669362318148
37.430214166641235,1.1617153882980347,0.07992303371429443,1.18103020219472
37.48005437850952,1.1686875820159912,0.10410274565219879,1.19774483458405
37.530105113983154,1.1778806447982788,0.13561759889125824,1.21656857509124
37.58059358596802,1.1864193677902222,0.15074706077575684,1.24613193899389
37.630099296569824,1.196657419204712,0.17411088943481445,1.26253852486486
37.68014883995056,1.209790587425232,0.20874649286270142,1.27847440309502
37.73005938529968,1.2226251363754272,0.22719262540340424,1.29522848941053
37.78006839752197,1.2348289489746094,0.23337043821811676,1.31394680101898
37.83150672912598,1.2481462955474854,0.2464105784893036,1.29406094276967
37.880274295806885,1.2604939937591553,0.2489013820886612,1.31269149927272
37.92737793922424,1.2700462341308594,0.22528831660747528,1.33374182435608
37.97577428817749,1.2767750024795532,0.2083122730255127,1.35721511019076
38.02538180351257,1.2872041463851929,0.2115950733423233,1.3808657699588
38.07666039466858,1.3043804168701172,0.24957998096942902,1.36501483650284
38.125224113464355,1.317259430885315,0.2755092978477478,1.39070193917716
38.175825119018555,1.33100426197052,0.27500587701797485,1.41893859623523
38.23016834259033,1.3469101190567017,0.271241158246994,1.44796508219046
38.281718254089355,1.3603116273880005,0.27309104800224304,1.47984326181844
38.33057188987732,1.3761587142944336,0.2930980622768402,1.48543022124567
38.3754768371582,1.3898478746414185,0.3119438886642456,1.51945830847369
38.425899267196655,1.408279538154602,0.3380037546157837,1.55575796654824
38.475910902023315,1.4292649030685425,0.3745894730091095,1.59522260316475
38.52591300010681,1.452396273612976,0.4130944013595581,1.63319132331759
38.580623149871826,1.4821985960006714,0.4552980065345764,1.70117013104694
38.63009548187256,1.507152795791626,0.4749833941459656,1.73762634713207
38.680099964141846,1.5347869396209717,0.5109930038452148,1.77612349349626
38.72541356086731,1.5626317262649536,0.5734809041023254,1.81084098622831
38.7765097618103,1.5970890522003174,0.57895427942276,1.84802919886279
38.82694339752197,1.6261576414108276,0.5832064151763916,1.90908469630892
38.875317335128784,1.6498254537582397,0.5907853841781616,1.94520356358315
38.925862312316895,1.6821075677871704,0.6195351481437683,1.98451898481452
38.97525596618652,1.7181611061096191,0.6659041047096252,2.02538811612145
39.027018547058105,1.7633297443389893,0.7103397250175476,2.06852249958323
39.07518124580383,1.792805552482605,0.7236943244934082,2.15979721404
39.12595272064209,1.8323620557785034,0.7603337168693542,2.20799592115737
39.17540192604065,1.8778289556503296,0.8267228007316589,2.25754931221328
39.22545003890991,1.9238771200180054,0.8697555661201477,2.30684830113645
39.277127504348755,1.9780813455581665,0.891088604927063,2.36020717045579
39.32532262802124,2.014486074447632,0.9039708971977234,2.50621235625144
39.37590432167053,2.059635877609253,0.9103372693061829,2.56459866830629
39.42623567581177,2.108203172683716,0.9455094933509827,2.62390243995044
39.477537870407104,2.1756629943847656,1.0372971296310425,2.68077456119208
39.525147914886475,2.2242963314056396,1.105318307876587,2.74032831144005
39.57703137397766,2.296762228012085,1.1580179929733276,2.88321742770556
39.627541065216064,2.356379270553589,1.179081916809082,2.94300672338107
39.675434589385986,2.4077963829040527,1.2258210182189941,3.00016580814801
39.726683616638184,2.4898841381073,1.2999918460845947,3.05896270540219
39.77593636512756,2.543750762939453,1.3238364458084106,3.12430052655945
39.831897258758545,2.622622013092041,1.3291590213775635,3.23572095886447
39.88011980056763,2.689405679702759,1.340510606765747,3.29995603968324
39.932373046875,2.759159564971924,1.3726006746292114,3.36495076460723
39.98229146003723,2.830470561981201,1.4026920795440674,3.42969745832278
40.03191900253296,2.901442050933838,1.4180997610092163,3.49280506686251
40.08167886734009,2.971822738647461,1.4227665662765503,3.57490128154335
40.13228797912598,3.040343999862671,1.4100255966186523,3.63737189380601
40.17997598648071,3.109748601913452,1.4115543365478516,3.69595167203382
40.23235321044922,3.1812615394592285,1.4287604093551636,3.75414138374293
40.280353307724,3.2525417804718018,1.4361059665679932,3.81190638585557
40.327226400375366,3.321397066116333,1.4205994606018066,3.87612725687552
40.37635016441345,3.375993251800537,1.412634015083313,3.9307266796453
40.42829656600952,3.4580516815185547,1.4018932580947876,3.98902720477645
40.4752938747406,3.5134525299072266,1.4067407846450806,4.04251649573291
40.52531576156616,3.581848382949829,1.4011197090148926,4.10051734297974
40.577163219451904,3.6618998050689697,1.379312515258789,4.15721480139771
40.62514805793762,3.715036630630493,1.3723886013031006,4.2126128973251
40.675238370895386,3.7820377349853516,1.3709977865219116,4.26537698975511
40.72515416145325,3.84891676902771,1.3667454719543457,4.31825790718319
40.77732706069946,3.926037549972534,1.3376965522766113,4.36958804788674
40.8256561756134,3.9861772060394287,1.3953437805175781,4.41917958787395
40.87816309928894,4.0631632804870605,1.3441904783248901,4.46781600476407
40.92503046989441,4.106736183166504,1.2701287269592285,4.51685292288375
40.975120306015015,4.172328472137451,1.2935960292816162,4.56687259881818
41.02517890930176,4.2341132164001465,1.2770681381225586,4.61697850396851
41.07527709007263,4.29415225982666,1.254844307899475,4.66596430791745
41.129775285720825,4.362266540527344,1.2024234533309937,4.71618311282368
41.17778778076172,4.419764041900635,1.1801954507827759,4.76347221845057
41.227388858795166,4.468095302581787,1.103991985321045,4.81453606142546
41.27540850639343,4.5088348388671875,1.0844992399215698,4.85528282098979
41.327523946762085,4.573924541473389,1.0946685075759888,4.89476953408143
41.37559628486633,4.6202473640441895,1.1246811151504517,4.94902995957214
41.42512130737305,4.679419994354248,1.157131314277649,4.99512889488803
41.475221157073975,4.73815393447876,1.1719475984573364,5.04118787649689
41.52544546127319,4.795072078704834,1.1667922735214233,5.08559628985966
41.575207471847534,4.849891662597656,1.1462494134902954,5.13779690938603
41.62977433204651,4.9141058921813965,1.1197203397750854,5.19351246374707
41.67986869812012,4.967230319976807,1.1036293506622314,5.24250078773109
41.72960066795349,5.020889759063721,1.0992878675460815,5.2813816687476
41.779715061187744,5.074450492858887,1.094754934310913,5.33083875439817
41.82973909378052,5.127285957336426,1.0864336490631104,5.37507820820363
41.87981367111206,5.17979621887207,1.0789378881454468,5.41786677449122
41.92972278594971,5.230912208557129,1.0625025033950806,5.46260132590037
41.97969317436218,5.281990051269531,1.053528904914856,5.50742918878057
42.02982687950134,5.332668781280518,1.0438982248306274,5.55228839990532
42.080331563949585,5.3825249671936035,1.0317705869674683,5.59180271311749
42.12959122657776,5.438661575317383,1.06522536277771,5.6341404437871
42.17968559265137,5.484869003295898,1.016356348991394,5.67719085528874
42.229668378829956,5.530848503112793,0.984144389629364,5.72240811526261
42.27965211868286,5.577974796295166,0.9748749732971191,5.76355692329899
42.32540678977966,5.62443208694458,1.0390698909759521,5.79746586895511
42.375221252441406,5.668942451477051,0.9863431453704834,5.84016685907673
42.42522859573364,5.713470458984375,0.9573628306388855,5.88344641166573
42.47517466545105,5.760077953338623,0.954829216003418,5.92527124652843
42.52979516983032,5.816349029541016,0.9536359906196594,5.96099468705089
42.581151247024536,5.863576412200928,0.9562068581581116,5.99836351069538
42.62967920303345,5.909552574157715,0.9469089508056641,6.0362354366052
42.67961049079895,5.954094886779785,0.930259108543396,6.07583048976183
42.72954988479614,5.996665000915527,0.9038741588592529,6.11487445074286
42.77973914146423,6.039013862609863,0.8875247240066528,6.15317375767089
42.825743675231934,6.073719501495361,0.8877366185188293,6.18415199606988
42.875438928604126,6.117660999298096,0.8912696242332458,6.22193030867312
42.92535328865051,6.161160469055176,0.8887365460395813,6.26025425315025
42.97543478012085,6.203236103057861,0.876216471195221,6.29415369250726
43.02516984939575,6.2445878982543945,0.8631199598312378,6.32676336169428
43.07697796821594,6.293844223022461,0.8496417999267578,6.35721392862671
43.13004946708679,6.335073471069336,0.8452081680297852,6.38991543830025
43.17971706390381,6.375136375427246,0.8323706984519958,6.41465574735834
43.22963738441467,6.412571430206299,0.8032045960426331,6.43440584541272
43.27503514289856,6.442062854766846,0.7873535752296448,6.4367183298223
43.33014535903931,6.482989311218262,0.7411443591117859,6.44216617049282
43.38018989562988,6.514312267303467,0.7001446485519409,6.43247506379513
43.43013834953308,6.543039321899414,0.6531816124916077,6.41896090138386
43.480217933654785,6.566807746887207,0.5843883156776428,6.39758191585388
43.52628040313721,6.582314968109131,0.5216453671455383,6.37342322208714
43.57507348060608,6.597323417663574,0.4347221255302429,6.37594089618028
43.62501764297485,6.608560562133789,0.35349902510643005,6.35165902843354
43.6754047870636,6.617114067077637,0.28162193298339844,6.32498408884548
43.7264461517334,6.622799873352051,0.1963348090648651,6.30044629803198
43.77494764328003,6.6241841316223145,0.1429080069065094,6.27295465900348
43.82658791542053,6.62316370010376,0.06933824717998505,6.26641063224223
43.874985694885254,6.621273517608643,0.030761340633034706,6.24420637105275
43.92503237724304,6.618028163909912,-0.00788353942334652,6.21731174974895
43.97513675689697,6.612881660461426,-0.04696883633732796,6.19365808405214
44.025367975234985,6.60610818862915,-0.08295827358961105,6.16886470815737
44.0756893157959,6.598071575164795,-0.11552309989929199,6.16479881837002
44.12500476837158,6.5896406173706055,-0.13684453070163727,6.14094634477109
44.17521405220032,6.5816545486450195,-0.14742018282413483,6.11439119162177
44.225234270095825,6.572126388549805,-0.16690798103809357,6.08191079700787
44.27530574798584,6.559852123260498,-0.20104709267616272,6.04790847568018
44.32527542114258,6.544310092926025,-0.24798841774463654,6.02477631189363
44.375285148620605,6.5263519287109375,-0.294785737991333,5.98218008438507
44.425241470336914,6.506816864013672,-0.3362502157688141,5.9348953752245
44.475868701934814,6.485009670257568,-0.3798885643482208,5.88776195962007
44.525227785110474,6.4604878425598145,-0.4282533526420593,5.83576884335808
44.57519006729126,6.428984642028809,-0.5117226243019104,5.81160763587921
44.625505447387695,6.398698329925537,-0.5511656403541565,5.7589426056601
44.67958426475525,6.367191791534424,-0.5454017519950867,5.70495271729595
44.729708194732666,6.337642669677734,-0.5679834485054016,5.64779883373979
44.779632329940796,6.306591510772705,-0.5931212306022644,5.59378473436514
44.829904317855835,6.272377967834473,-0.6349568367004395,5.55244764493
44.8813157081604,6.234023094177246,-0.6931951642036438,5.50541399086041
44.92538261413574,6.202353477478027,-0.7310082316398621,5.43952198772524
44.97520351409912,6.160928726196289,-0.777915894985199,5.37964013785012
45.025174617767334,6.115705966949463,-0.8353691101074219,5.31580433044451
45.08377695083618,6.058535575866699,-0.8960139751434326,5.26733648753137
45.13156223297119,6.009296894073486,-0.9372250437736511,5.19328458713259
45.18011164665222,5.961463928222656,-0.9498853087425232,5.11420174893808
45.23035168647766,5.91166877746582,-0.9761382341384888,5.03886209838308
45.28130316734314,5.858804702758789,-1.015582799911499,4.95742543797662
45.330424547195435,5.803328037261963,-1.0605748891830444,4.90592049298298
45.380409717559814,5.743594646453857,-1.1227612495422363,4.82368012224027
45.42965245246887,5.682077407836914,-1.1726411581039429,4.73194959351972
45.479671478271484,5.619853496551514,-1.2091561555862427,4.6398782725259
45.529698610305786,5.554531097412109,-1.2573165893554688,4.53402124172034
45.58060598373413,5.485255718231201,-1.3178856372833252,4.44121345597879
45.62968635559082,5.411128520965576,-1.3940056562423706,4.30871693504596
45.67973470687866,5.33377742767334,-1.4645304679870605,4.16818483598311
45.72965598106384,5.251740455627441,-1.5465002059936523,4.03048659403063
45.77973961830139,5.1619672775268555,-1.65890371799469,3.89175006566809
45.82970118522644,5.065656661987305,-1.7779350280761719,3.79975164658469
45.879687547683716,4.963993072509766,-1.8929626941680908,3.68196350396669
45.92969489097595,4.860968589782715,-1.971228003501892,3.57371929866824
45.979689836502075,4.75818395614624,-2.0174427032470703,3.49151211757339
46.02985739707947,4.6545257568359375,-2.0530481338500977,3.41155330950165
46.079676151275635,4.552969932556152,-2.0558021068573,3.3703321572401
46.1295964717865,4.454482555389404,-2.0337374210357666,3.31529408073387
46.17971920967102,4.361673355102539,-1.9731378555297852,3.26021314120209
46.22968554496765,4.273784637451172,-1.8988049030303955,3.22634546066005
46.27986717224121,4.187692165374756,-1.840382695198059,3.17543858254593
46.331228733062744,4.105549335479736,-1.771355152130127,3.13578631707645
46.37962794303894,4.025576114654541,-1.7143975496292114,3.09104141594614
46.42961239814758,3.947756290435791,-1.6612911224365234,3.06035791536991
46.479527711868286,3.871772050857544,-1.6152875423431396,3.02968537547177
46.529648542404175,3.7987120151519775,-1.5627882480621338,3.00327771859334
46.581278800964355,3.7280478477478027,-1.5128203630447388,2.96763629431005
46.629748821258545,3.6606147289276123,-1.4555755853652954,2.93297656992529
46.679630756378174,3.5970213413238525,-1.390436053276062,2.89877666914449
46.72961926460266,3.535426139831543,-1.3359642028808594,2.85677304242831
46.77970886230469,3.474008321762085,-1.301954984664917,2.80982284482565
46.83180236816406,3.413278102874756,-1.2750967741012573,2.76039666628518
46.87992000579834,3.353182554244995,-1.254097819328308,2.70318181831091
46.92545485496521,3.304943084716797,-1.247353434562683,2.64053228806102
46.97542452812195,3.242729663848877,-1.2578439712524414,2.57917393541765
47.02520227432251,3.1778388023376465,-1.2835818529129028,2.5162544338517
47.07661724090576,3.0986571311950684,-1.3097964525222778,2.4681676441139
47.12524104118347,3.0454800128936768,-1.3255780935287476,2.40687910182336
47.1754105091095,2.979405403137207,-1.334552526473999,2.35116679943633
47.22521257400513,2.9144515991210938,-1.328792691230774,2.26602367769962
47.27536153793335,2.8497109413146973,-1.3274071216583252,2.12851019122802
47.327638149261475,2.76387357711792,-1.388897180557251,2.04423373802224
47.37546467781067,2.7002272605895996,-1.4687038660049438,1.97163666987648
47.4253568649292,2.6199119091033936,-1.5328317880630493,1.94157790047215
47.475435733795166,2.5451807975769043,-1.5256260633468628,1.91771481957877
47.52560043334961,2.4765799045562744,-1.4739394187927246,1.9142388532012
47.580004930496216,2.4024112224578857,-1.3702690601348877,1.91401200697244
47.629822969436646,2.3463191986083984,-1.279018759727478,1.94026279080869
47.67981696128845,2.2956974506378174,-1.178566813468933,1.9747926373071
47.729838609695435,2.2516133785247803,-1.0655231475830078,1.99766770223738
47.779701709747314,2.2151129245758057,-0.9356821179389954,1.99380890377249
47.826149225234985,2.1903512477874756,-0.8353336453437805,1.98786027735105
47.87525677680969,2.161909341812134,-0.7351490259170532,1.97369978298906
47.92591714859009,2.133302927017212,-0.6763933897018433,1.94828111959054
47.97570013999939,2.103243827819824,-0.6524126529693604,1.91883888647887
48.02525591850281,2.071610450744629,-0.6502101421356201,1.9040202197014
48.07513642311096,2.038811445236206,-0.65789794921875,1.89345885423899
48.12518858909607,2.0062901973724365,-0.6591200232505798,1.8961776835054
48.17515850067139,1.9770196676254272,-0.6322565674781799,1.8946896783175
48.225114822387695,1.9517786502838135,-0.5850236415863037,1.89625505225942
48.27531409263611,1.9301766157150269,-0.5261266231536865,1.900622219755
48.32524132728577,1.9121507406234741,-0.46320170164108276,1.89168991921697
48.3751175403595,1.8942993879318237,-0.425387978553772,1.88928920100682
48.42498540878296,1.8764013051986694,-0.40061619877815247,1.88737124182745
48.47506356239319,1.8593149185180664,-0.3807394802570343,1.8887963695574
48.525333404541016,1.8430410623550415,-0.36007487773895264,1.88395898380193
48.57682251930237,1.825304627418518,-0.33345887064933777,1.86133506682132
48.62524604797363,1.8138349056243896,-0.3198832869529724,1.85861032575558
48.675069093704224,1.8003851175308228,-0.3017888367176056,1.79506799675579
48.725167989730835,1.7835140228271484,-0.32233425974845886,1.76179987620996
48.77626705169678,1.760941505432129,-0.3774658143520355,1.74832687601377
48.82644987106323,1.7332608699798584,-0.41718995571136475,1.73691265304009
48.87644362449646,1.7131526470184326,-0.4123670160770416,1.72059563450295
48.9265296459198,1.6943849325180054,-0.4002860188484192,1.70986117822087
48.97629189491272,1.6801971197128296,-0.38741129636764526,1.71430091428936
49.026559352874756,1.6605870723724365,-0.3618374168872833,1.73615232929914
49.0766806602478,1.6460516452789307,-0.3349686563014984,1.79087751770901
49.12634539604187,1.6363686323165894,-0.3054741621017456,1.85964155012666
49.17507791519165,1.632639765739441,-0.20813681185245514,1.95641308229157
49.22507977485657,1.6438082456588745,-0.030981415882706642,2.00773052515739
49.2750780582428,1.66408109664917,0.1442822962999344,2.00479936492245
49.3261559009552,1.6837939023971558,0.24249455332756042,1.93516997132963
49.37539029121399,1.6948245763778687,0.22930000722408295,1.9461410340426
49.425193309783936,1.697187900543213,0.15689168870449066,1.99812797279707
49.47539258003235,1.7001795768737793,0.122074656188488,2.04713890845597
49.52499461174011,1.7097710371017456,0.15468783676624298,2.09098536606654
49.57514452934265,1.7256340980529785,0.22269263863563538,2.08051732278535
49.625078439712524,1.7425369024276733,0.26900002360343933,2.10935834689795
49.67499613761902,1.7597458362579346,0.30000144243240356,2.13848450336688
49.724915742874146,1.7754135131835938,0.3094898462295532,2.18118082399861
49.77529048919678,1.7941598892211914,0.3389648497104645,2.22119756906833
49.82734656333923,1.8198268413543701,0.38351914286613464,2.26185677173306
49.8759069442749,1.8385717868804932,0.41509750485420227,2.30502861497695
49.92589259147644,1.8632984161376953,0.45093071460723877,2.35182076848145
49.980276346206665,1.8959980010986328,0.49852806329727173,2.40084010135533
50.03168535232544,1.926491379737854,0.54719477891922,2.4512341223256
50.082003355026245,1.9586840867996216,0.5894868969917297,2.48520344704158
50.13079762458801,1.9924544095993042,0.628185510635376,2.53132030108519
50.17519187927246,2.0194039344787598,0.6475216746330261,2.58528114716546
50.2252151966095,2.054445505142212,0.676091730594635,2.6323359538704
50.28053689002991,2.1011784076690674,0.7289742231369019,2.68494322130593
50.33091354370117,2.1417551040649414,0.7666963934898376,2.71723375556279
50.37559533119202,2.174389123916626,0.7886742949485779,2.76588664489848
50.42708897590637,2.2238571643829346,0.8111841678619385,2.8146284621571
50.475401163101196,2.257812738418579,0.8299276828765869,2.86390566859354
50.52529859542847,2.3012619018554688,0.8528293967247009,2.9200218376259
50.576831579208374,2.355172634124756,0.879849374294281,2.9631608698237
50.62524342536926,2.3925883769989014,0.905569314956665,3.02099161335303
50.6751012802124,2.440511703491211,0.9339652061462402,3.07601531281971
50.725051403045654,2.4888885021209717,0.954482913017273,3.13266778586748
50.77520561218262,2.5380489826202393,0.9740704298019409,3.18647614175738
50.82687211036682,2.5985145568847656,0.9963500499725342,3.23316096963869
50.87963891029358,2.649380683898926,1.0110869407653809,3.28411619539326
50.929527282714844,2.6987807750701904,1.0074199438095093,3.33578381445428
50.97952461242676,2.7478017807006836,1.0034617185592651,3.39321725143048
51.02948331832886,2.797402858734131,1.0055707693099976,3.44423830523393
51.0810980796814,2.8487014770507812,1.0211224555969238,3.48187144170338
51.12952780723572,2.9016079902648926,1.0428657531738281,3.5339200992949
51.17815637588501,2.953824758529663,1.0493940114974976,3.58099619716627
51.22528862953186,3.003340005874634,1.1142516136169434,3.62814792197114
51.279656171798706,3.0608372688293457,1.0499894618988037,3.6773013260173
51.325626373291016,3.100064277648926,1.0353527069091797,3.69446993433669
51.37551283836365,3.1498990058898926,1.027736783027649,3.74126137553905
51.425395488739014,3.1995954513549805,1.022104263305664,3.79028405601631
51.475417375564575,3.2579643726348877,1.0856636762619019,3.8428841974882
51.52538275718689,3.3130784034729004,1.0974266529083252,3.89571712901549
51.57675552368164,3.3678081035614014,1.0224584341049194,3.92302230887708
51.62547469139099,3.405182361602783,1.0002256631851196,3.97357894894305
51.67597246170044,3.4530444145202637,0.9926813840866089,4.01980304641479
51.72549080848694,3.511950731277466,1.0721871852874756,4.06582888736215
51.7755982875824,3.567751884460449,1.0946623086929321,4.10099585800507
51.82804560661316,3.6204452514648438,1.0026344060897827,4.12272656537473
51.87543082237244,3.656536817550659,0.9773905873298645,4.16444560832213
51.925748348236084,3.709704875946045,1.0163476467132568,4.20641172206143
51.97579383850098,3.7529566287994385,0.9642396569252014,4.24938996922232
52.02540588378906,3.7982637882232666,0.9501391053199768,4.29155026830661
52.07719802856445,3.8549487590789795,0.9541395306587219,4.33993708060453
52.125571966171265,3.8939664363861084,0.9689616560935974,4.38601917170226
52.17560172080994,3.943967580795288,0.9892420768737793,4.43577803460003
52.22544860839844,3.994657039642334,1.006712794303894,4.48041954882781
52.2753324508667,4.044508457183838,1.0094645023345947,4.52465109820455
52.327497720718384,4.103204727172852,1.0024460554122925,4.5636968119559
52.375648975372314,4.1430439949035645,1.0078411102294922,4.59572799710946
52.42533087730408,4.192083835601807,1.003870964050293,4.63498680379313
52.47533178329468,4.239662170410156,0.9901993870735168,4.67616038695106
52.525654792785645,4.286516189575195,0.9764078855514526,4.70964469583578
52.58180856704712,4.34104585647583,0.9507789015769958,4.75010527076307
52.630887269973755,4.392591953277588,0.9804888367652893,4.79025086702231
52.67992544174194,4.440291404724121,0.9678329825401306,4.82167282581258
52.725205421447754,4.471530437469482,0.9129436612129211,4.85507407372713
52.77540969848633,4.511844635009766,0.8783444762229919,4.88279876027047
52.826725482940674,4.561168193817139,0.8583125472068787,4.92818544690678
52.8753023147583,4.595036029815674,0.8614414930343628,4.95115598008984
52.925862073898315,4.637815475463867,0.8653005957603455,4.97873286711187
52.97575068473816,4.686003684997559,0.9083662033081055,4.99988593382924
53.02581071853638,4.722949028015137,0.8458576798439026,5.01931389283885
53.07571458816528,4.758090019226074,0.7956981062889099,5.05575903440886
53.12572240829468,4.794261455535889,0.773604154586792,5.06433463416777
53.1756329536438,4.829806804656982,0.753057599067688,5.06640756149065
53.2256920337677,4.867911338806152,0.7596867084503174,5.05766540523422
53.27558732032776,4.898754596710205,0.7040438652038574,5.04605662523469
53.32705354690552,4.923750400543213,0.5765214562416077,5.04931139205167
53.375648975372314,4.93910026550293,0.5159578323364258,5.03258812330798
53.42559051513672,4.959744453430176,0.47685492038726807,5.00642984438337
53.475627183914185,4.9755144119262695,0.4134256839752197,4.98945819871998
53.52576494216919,4.985726356506348,0.33281537890434265,4.9663026398007
53.57715964317322,4.998117923736572,0.27517804503440857,4.974134455485
53.62999868392944,5.005837917327881,0.22674143314361572,4.95007759344979
53.67975306510925,5.015761375427246,0.2162110060453415,4.93525303251833
53.729633808135986,5.022386074066162,0.18307805061340332,4.90991148083551
53.77642297744751,5.027104377746582,0.1484929472208023,4.89289163570763
53.825361013412476,5.028585910797119,0.11100037395954132,4.89012497433643
53.8752965927124,5.0286431312561035,0.06819121539592743,4.87639825069798
53.92986989021301,5.028109550476074,0.03274383395910263,4.85885556648308
53.97525644302368,5.027191638946533,0.014319490641355515,4.84371047010936
54.02565312385559,5.023409366607666,-0.022984663024544716,4.82779982905288
54.07572364807129,5.018805980682373,-0.050581276416778564,4.8319654636028
54.12548089027405,5.014596939086914,-0.0640702024102211,4.81817488158328
54.175615072250366,5.010567665100098,-0.0706915631890297,4.80418804234054
54.22546315193176,5.006703853607178,-0.07469016313552856,4.77765978037983
54.27597498893738,5.000540733337402,-0.09609156101942062,4.75193955758001
54.3257257938385,4.991137504577637,-0.1351892203092575,4.75071938943218
54.375874280929565,4.980088233947754,-0.17009961605072021,4.71149485081041
54.42601156234741,4.968905448913574,-0.19328507781028748,4.68184827835175
54.47609257698059,4.956058025360107,-0.22127865254878998,4.64336001407409
54.526010036468506,4.94057035446167,-0.2596931457519531,4.6108191618445
54.57600021362305,4.922916412353516,-0.2994466722011566,4.57851322558807
54.626195430755615,4.903703212738037,-0.33655595779418945,4.53434621308055
54.67598056793213,4.883059978485107,-0.3698406517505646,4.494965078188
54.7258882522583,4.861231327056885,-0.4001823961734772,4.4507582596431
54.77595829963684,4.837155342102051,-0.43696603178977966,4.41210196069953
54.83108448982239,4.804590225219727,-0.49004286527633667,4.36997116100528
54.875197410583496,4.7820658683776855,-0.5177249908447266,4.33181511228315
54.92520046234131,4.748684406280518,-0.5810162425041199,4.29313986854266
54.97533988952637,4.715213775634766,-0.6196252703666687,4.24494591156774
55.025359869003296,4.687024116516113,-0.6027158498764038,4.20030496229265
55.075279235839844,4.651882171630859,-0.6467118263244629,4.13656977630591
55.125248670578,4.613894939422607,-0.6973960399627686,4.08569190871076
55.17513966560364,4.580139636993408,-0.6947982311248779,4.03684283113923
55.22554278373718,4.543824195861816,-0.714260458946228,3.98946275066499
55.27517008781433,4.504040718078613,-0.7539620399475098,3.94124713901145
55.325403928756714,4.461533546447754,-0.7987946271896362,3.89459208919826
55.375197410583496,4.418116092681885,-0.8326933979988098,3.84473887889322
55.425227642059326,4.374824047088623,-0.8520347476005554,3.79358375734666
55.47563982009888,4.331131935119629,-0.8679535388946533,3.73948679271061
55.52522015571594,4.286349773406982,-0.8859155178070068,3.68359040044051
55.57752799987793,4.230954170227051,-0.910205602645874,3.6295053960637
55.625240087509155,4.192615032196045,-0.9333263039588928,3.57157601340329
55.675132513046265,4.142552852630615,-0.969598650932312,3.5135636674945
55.72523069381714,4.090205192565918,-1.0077556371688843,3.45910327505345
55.77545881271362,4.038273811340332,-1.0274007320404053,3.40350851952472
55.825838565826416,3.98708438873291,-1.0334410667419434,3.34762513986946
55.87521195411682,3.935628652572632,-1.040353775024414,3.2942425016491
55.92551279067993,3.8820443153381348,-1.0621826648712158,3.23805946511859
55.97587585449219,3.8194949626922607,-1.141981601715088,3.17453298398256
56.02613019943237,3.761364459991455,-1.1556497812271118,3.10810130086654
56.07765436172485,3.7022931575775146,-1.0889276266098022,3.05549490392449
56.12594985961914,3.659728527069092,-1.0893582105636597,2.99040056962562
56.176732540130615,3.591545343399048,-1.121610164642334,2.92606898359901
56.22595763206482,3.543443441390991,-1.157143473625183,2.86627223057763
56.27598261833191,3.4823832511901855,-1.1924059391021729,2.81161273396539
56.32776665687561,3.4090795516967773,-1.2126657962799072,2.77221042732006
56.37596797943115,3.360177516937256,-1.2251596450805664,2.70966057752974
56.42568230628967,3.2997124195098877,-1.227323293685913,2.64936785639733
56.47600054740906,3.239800453186035,-1.2255825996398926,2.58849115295455
56.52577829360962,3.179072618484497,-1.2308446168899536,2.53044301959774
56.57516646385193,3.1188151836395264,-1.2291245460510254,2.513853409681
56.62531113624573,3.0609493255615234,-1.208376169204712,2.4577015130922
56.67529344558716,3.00547456741333,-1.1774665117263794,2.40302138934127
56.72534704208374,2.9415371417999268,-1.2241207361221313,2.34585256882528
56.77519178390503,2.880103588104248,-1.2327251434326172,2.28980528292336
56.82531237602234,2.829165458679199,-1.1582372188568115,2.27204427526612
56.8752384185791,2.7695066928863525,-1.1772000789642334,2.21458094858999
56.92531490325928,2.7210092544555664,-1.1048682928085327,2.15736330729867
56.975300788879395,2.660365343093872,-1.1551716327667236,2.10611494898346
57.025341749191284,2.5996978282928467,-1.1854931116104126,2.05544634039994
57.076759576797485,2.5316951274871826,-1.1628905534744263,2.02472673655556
57.125351667404175,2.4927124977111816,-1.1094000339508057,1.96008275036192
57.175068616867065,2.432293176651001,-1.156151294708252,1.90249698394582
57.22543478012085,2.371807098388672,-1.1846776008605957,1.85321493841858
57.27526903152466,2.3213770389556885,-1.124285101890564,1.80511366419723
57.331778049468994,2.258763313293457,-1.0962241888046265,1.78252529341898
57.379932165145874,2.19731068611145,-1.1463924646377563,1.72857972122416
57.43003487586975,2.1418583393096924,-1.128617286682129,1.6751715080966
57.47991418838501,2.094906806945801,-1.0624243021011353,1.6275586280141
57.52991032600403,2.0452609062194824,-1.0424151420593262,1.58728441828256
57.57998538017273,1.9940096139907837,-1.042832851409912,1.57633851969527
57.63001227378845,1.9346764087677002,-1.0972890853881836,1.54273446835634
57.67992186546326,1.8799772262573242,-1.0933747291564941,1.50440830896089
57.72992467880249,1.8367629051208496,-1.0089243650436401,1.46369372988724
57.77986526489258,1.788973093032837,-0.9855677485466003,1.41686241358118
57.831024169921875,1.7476043701171875,-0.9312350749969482,1.40081851755521
57.87999868392944,1.6968966722488403,-0.9623003005981445,1.36040488155612
57.929930210113525,1.6493775844573975,-0.9555395841598511,1.32070240459774
57.980032205581665,1.6043319702148438,-0.9323746562004089,1.27006619030275
58.03107810020447,1.565033197402954,-0.882199227809906,1.2164336573439
58.08012771606445,1.5229923725128174,-0.8721559047698975,1.18033914275877
58.13003897666931,1.4768691062927246,-0.900022029876709,1.13322517972631
58.17997336387634,1.4283045530319214,-0.9344152212142944,1.08875574749131
58.229939460754395,1.3795506954193115,-0.9564862251281738,1.04746886276767
58.28003525733948,1.3298295736312866,-0.9783532619476318,1.0111429554323
58.32682704925537,1.2818315029144287,-0.975803792476654,0.993473233083994
58.38005828857422,1.2351784706115723,-0.9650510549545288,0.961673895870267
58.43002390861511,1.1911453008651733,-0.9360268115997314,0.929405647667524
58.47971177101135,1.1498255729675293,-0.8976681232452393,0.906861304506324
58.53010129928589,1.1095563173294067,-0.8665669560432434,0.886107169501723
58.57999062538147,1.0693243741989136,-0.8476438522338867,0.875103591722118
58.62981986999512,1.0300233364105225,-0.8279426097869873,0.858254249989618
58.67645215988159,0.9943625330924988,-0.7856730222702026,0.844358533349899
58.72675085067749,0.9618368148803711,-0.7361191511154175,0.830515642410771
58.77544927597046,0.9365854263305664,-0.7063985466957092,0.820705774189472
58.826868534088135,0.9002181887626648,-0.6643325090408325,0.807167404013619
58.875162839889526,0.8766670823097229,-0.6438719630241394,0.798395546221163
58.92534136772156,0.8483325242996216,-0.6171258687973022,0.78771839251257
58.975204944610596,0.8213132619857788,-0.5909359455108643,0.779236503752393
59.02575731277466,0.7955595254898071,-0.5642267465591431,0.769633133826906
59.07617664337158,0.7721924781799316,-0.5285420417785645,0.761970530384673
59.12546110153198,0.7508736848831177,-0.49133291840553284,0.759353017354627
59.17518758773804,0.731089174747467,-0.45594456791877747,0.759994516166525
59.226696491241455,0.7092009782791138,-0.417039155960083,0.761692698928832
59.280091762542725,0.6911311745643616,-0.39769282937049866,0.769442456276043
59.331520557403564,0.6718547344207764,-0.39165258407592773,0.777497016918055
59.38037061691284,0.6582188606262207,-0.3458818793296814,0.793780422344373
59.43003225326538,0.6472888588905334,-0.29637977480888367,0.814384044597118
59.47844862937927,0.6379090547561646,-0.25473934412002563,0.840855612352408
59.52511167526245,0.632382869720459,-0.21644476056098938,0.866005405858613
59.576491832733154,0.6298624873161316,-0.13472217321395874,0.889057556429796
59.62512493133545,0.6326680183410645,-0.06625676155090332,0.924226471434789
59.68031668663025,0.6390696167945862,0.012899613939225674,0.965254640149118
59.72973299026489,0.6468321084976196,0.06918201595544815,1.00501533007225
59.77524447441101,0.6548596024513245,0.11335539817810059,1.04340953675929
59.83001375198364,0.6685872673988342,0.16986271739006042,1.06538201187639
59.87983226776123,0.6850223541259766,0.2357890009880066,1.09721173417144
59.93116092681885,0.7011972069740295,0.2709437608718872,1.13198216409489
59.98091745376587,0.7197372317314148,0.3100164234638214,1.16351283653826
60.03129959106445,0.7373771071434021,0.3302444517612457,1.1898823857441
60.076624155044556,0.7556864619255066,0.3463699221611023,1.19652760028048
60.127289056777954,0.7746800184249878,0.36248719692230225,1.21067112420881
60.17504096031189,0.7905919551849365,0.37713679671287537,1.2179805558803
60.226953744888306,0.8133335113525391,0.3791965842247009,1.22808640595933
60.2773802280426,0.8327774405479431,0.38186416029930115,1.23671359654422
60.326467514038086,0.8502852916717529,0.36850157380104065,1.24200925463336
60.376487731933594,0.8631942868232727,0.32639384269714355,1.24826137606142
60.43115997314453,0.8767222166061401,0.30711430311203003,1.25174277365394
60.48187327384949,0.8923804759979248,0.3086860477924347,1.25537131411483
60.52997541427612,0.9068009257316589,0.3000626266002655,1.25769489018107
60.581623554229736,0.9187104105949402,0.27766290307044983,1.25439596736624
60.63098454475403,0.9313031435012817,0.26952064037323,1.24126271942047
60.6814649105072,0.943230152130127,0.2583296000957489,1.2207315589833
60.732219219207764,0.9528464674949646,0.232600599527359,1.20555772781956
60.781675577163696,0.9593172073364258,0.19170834124088287,1.19146577497513
60.83211874961853,0.9623953700065613,0.13982254266738892,1.14141121199899
60.87656760215759,0.963490903377533,0.09341266006231308,1.07338485889587
60.92696213722229,0.957562267780304,0.005485070403665304,1.00103965691555
60.97687363624573,0.9448633193969727,-0.09951692819595337,0.931630237400793
61.02531909942627,0.9318630695343018,-0.1765415072441101,0.864721838469052
61.08212971687317,0.9053391814231873,-0.30423152446746826,0.810592933970609
61.13164234161377,0.8770619034767151,-0.4113149344921112,0.761504936120361
61.17954730987549,0.8475368618965149,-0.48511937260627747,0.726191402272273
61.231770038604736,0.8188056945800781,-0.5232070088386536,0.706440224596905
61.27489972114563,0.7967837452888489,-0.5357179641723633,0.686244503060001
61.32672882080078,0.7668150067329407,-0.5206760168075562,0.678004665562588
61.3755669593811,0.7487180233001709,-0.5011714696884155,0.661957038670768
61.42706298828125,0.7243688702583313,-0.4593229293823242,0.651658125723997
61.4795184135437,0.7046208381652832,-0.4371647834777832,0.648174940699668
61.53178811073303,0.6851552128791809,-0.42053768038749695,0.645699707343544
61.57956051826477,0.6676050424575806,-0.39460524916648865,0.644520113761838
61.63196063041687,0.6502460241317749,-0.3787577748298645,0.637676374775604
61.67522573471069,0.637448251247406,-0.36089301109313965,0.631438621346925
61.7276611328125,0.6197128295898438,-0.3338908553123474,0.626863625829962
61.777069330215454,0.6055489182472229,-0.31535276770591736,0.62700926997918
61.82648468017578,0.5922157764434814,-0.2978256344795227,0.632913870227298
61.87528467178345,0.5835270881652832,-0.27178382873535156,0.640502791318865
61.9253294467926,0.5744872093200684,-0.23765304684638977,0.645734357490107
61.9753999710083,0.5660247802734375,-0.21150320768356323,0.647606447075886
62.02566647529602,0.5594741702079773,-0.17982298135757446,0.650240194894081
62.07592296600342,0.5537975430488586,-0.1553252786397934,0.655094829320472
62.12636184692383,0.5471317172050476,-0.1469140499830246,0.659730958222359
62.17537331581116,0.5433028340339661,-0.11885308474302292,0.665238493040802
62.225379943847656,0.5402657985687256,-0.09715833514928818,0.673560485246154
62.27557635307312,0.537057101726532,-0.08424801379442215,0.683416692155877
62.32739210128784,0.5354923605918884,-0.056703731417655945,0.699581817648863
62.37530303001404,0.5349358320236206,-0.04314766451716423,0.716473277116237
62.425413608551025,0.535256028175354,-0.02214176021516323,0.735700514964216
62.475290298461914,0.5390124917030334,0.018236244097352028,0.757035941557221
62.525320053100586,0.5454541444778442,0.06317992508411407,0.781581740530555
62.57961869239807,0.5555644035339355,0.11301027238368988,0.803858081937358
62.629514932632446,0.564095675945282,0.13597509264945984,0.82802780334144
62.67574906349182,0.5708500146865845,0.1481924206018448,0.852491419381834
62.725791215896606,0.5815325975418091,0.17753112316131592,0.878371958887331
62.77962803840637,0.5985352993011475,0.2282768040895462,0.90442712400735
62.82960844039917,0.6140369772911072,0.26240864396095276,0.92246301902873
62.87952160835266,0.6295217275619507,0.28272882103919983,0.947441205163049
62.92961096763611,0.6445325016975403,0.29124167561531067,0.972257989553503
62.979546785354614,0.6590138673782349,0.2922516167163849,0.996503422504451
63.029614210128784,0.6766279935836792,0.3156288266181946,1.02264392791137
63.08082103729248,0.6960461139678955,0.34431034326553345,1.03870780313934
63.129706144332886,0.7138963937759399,0.35241827368736267,1.06037704411649
63.17947006225586,0.7340465784072876,0.3712768256664276,1.08589447211919
63.22957921028137,0.7514345645904541,0.3650040924549103,1.10963784557552
63.27959418296814,0.7701100707054138,0.3711947500705719,1.13002189082839
63.330832719802856,0.7908920049667358,0.39234963059425354,1.14218601162582
63.383187770843506,0.8121090531349182,0.4072197377681732,1.16220277247741
63.430734157562256,0.8325379490852356,0.4100387692451477,1.1804326323591
63.4751238822937,0.8494008183479309,0.4174060821533203,1.20019722487136
63.52664828300476,0.8758934140205383,0.431702584028244,1.2202551423098
63.5765016078949,0.8972306847572327,0.4317277669906616,1.23499138491411
63.62661075592041,0.9214502573013306,0.45171183347702026,1.24957190776376
63.67486548423767,0.9369236826896667,0.4329918622970581,1.27414277702509
63.72488236427307,0.956450879573822,0.42023682594299316,1.28467567428714
63.77490997314453,0.9775113463401794,0.4244420528411865,1.29188258645362
63.82490015029907,0.9986335635185242,0.4262019991874695,1.27771282655187
63.874791383743286,1.0167334079742432,0.40142562985420227,1.28218311991424
63.92467737197876,1.0309181213378906,0.3563266694545746,1.27960400054961
63.97489809989929,1.0433542728424072,0.31579136848449707,1.27553937788628
64.02980756759644,1.0578943490982056,0.2845782935619354,1.27920713958405
64.08113265037537,1.0691719055175781,0.26233354210853577,1.29060494791164
64.13006663322449,1.0795719623565674,0.24222417175769806,1.27138117211939
64.17562508583069,1.0887104272842407,0.2400905191898346,1.25346381463904
64.22534894943237,1.0997872352600098,0.23316630721092224,1.24639785412563
64.27652382850647,1.1088744401931763,0.19514815509319305,1.26651601815471
64.3266282081604,1.1163973808288574,0.17973409593105316,1.31715277447473
64.37525153160095,1.1269476413726807,0.20876193046569824,1.37287640505551
64.42511892318726,1.1453276872634888,0.27646294236183167,1.4239060461652
64.47501993179321,1.165564775466919,0.33193331956863403,1.47583074438409
64.52971148490906,1.195304036140442,0.4112248420715332,1.52764767821107
64.58016991615295,1.2226940393447876,0.4685664474964142,1.5714821241856
64.62968516349792,1.250288724899292,0.5045064091682434,1.6295822921354
64.67964720726013,1.2785463333129883,0.5323314070701599,1.7025662035251
64.72975754737854,1.3087342977523804,0.5650894641876221,1.77849360012921
64.77970385551453,1.344308614730835,0.629843533039093,1.8523268061809
64.8268632888794,1.385837435722351,0.7158250212669373,1.89635169448805
64.87491011619568,1.4224210977554321,0.788688600063324,1.95389740388473
64.92541980743408,1.4709538221359253,0.868640661239624,2.01204711353318
64.97531008720398,1.520318627357483,0.92173832654953,2.07063396302985
65.02967190742493,1.579750418663025,0.9606772661209106,2.12249066940954
65.07968330383301,1.6296000480651855,0.9806886911392212,2.1629451648397
65.12956166267395,1.676877498626709,0.971635103225708,2.20834859536123
65.1794764995575,1.7231146097183228,0.9593398571014404,2.2562908432105
65.22948718070984,1.7683179378509521,0.9428147673606873,2.29906034979743
65.2795422077179,1.8150756359100342,0.9472616314888,2.34051898017663
65.32698631286621,1.8630156517028809,0.9578942060470581,2.37871909423834
65.37514519691467,1.9013804197311401,0.9653002619743347,2.42677473774817
65.42527556419373,1.9489719867706299,0.967190146446228,2.47194640011484
65.47517561912537,1.9972871541976929,0.9751518964767456,2.52182774129001
65.52721405029297,2.0570383071899414,0.991712749004364,2.56459513406565
65.57683753967285,2.1062731742858887,0.9945328235626221,2.59979507322292
65.62610387802124,2.1447670459747314,0.9907589554786682,2.64291867331562
65.6794536113739,2.2012269496917725,0.9743210077285767,2.68856541470776
65.72950863838196,2.2542519569396973,1.0060231685638428,2.73181649667584
65.77962827682495,2.297898054122925,0.9599214792251587,2.77968614567781
65.83116483688354,2.3425867557525635,0.9403568506240845,2.8195354583789
65.8797881603241,2.3884596824645996,0.9377822279930115,2.87119578864257
65.92958211898804,2.4365644454956055,0.9546570181846619,2.91648093015744
65.97931218147278,2.493213653564453,1.0229798555374146,2.96591613218711
66.03010249137878,2.539409875869751,0.9897891879081726,3.0129625177363
66.08303666114807,2.593149423599243,1.0215474367141724,3.05722658312458
66.12975692749023,2.6373167037963867,0.9732511043548584,3.11044805603189
66.17945146560669,2.6834068298339844,0.9603394269943237,3.16079607298506
66.22944283485413,2.7319116592407227,0.9712615013122559,3.21549559664897
66.27957773208618,2.7832136154174805,1.0005906820297241,3.26217436035675
66.3250527381897,2.8259613513946533,1.0311750173568726,3.30748879229352
66.37957501411438,2.8906705379486084,1.0597718954086304,3.35313884585003
66.4294786453247,2.9446702003479004,1.0744690895080566,3.40697783632115
66.47958326339722,2.9969425201416016,1.0687618255615234,3.45548586508547
66.52955722808838,3.047362804412842,1.0510278940200806,3.51222643966595
66.57954120635986,3.098208427429199,1.0448588132858276,3.55611038718476
66.62944674491882,3.150254487991333,1.050437569618225,3.61097224232334
66.67944407463074,3.203023910522461,1.0593721866607666,3.66154854254475
66.72954440116882,3.256103277206421,1.0671180486679077,3.7179380905923
66.77968144416809,3.3161795139312744,1.1175813674926758,3.77758938956097
66.83120059967041,3.367025852203369,1.0859099626541138,3.82283545933438
66.8796648979187,3.4188973903656006,1.0736874341964722,3.88147777985752
66.92962884902954,3.4723498821258545,1.0797474384307861,3.94009409456638
66.97950434684753,3.527543067932129,1.0968302488327026,4.0029065945367
67.02958750724792,3.5835812091827393,1.113595962524414,4.05544344361166
67.08081340789795,3.641171932220459,1.136806845664978,4.10349044486947
67.13041305541992,3.7000935077667236,1.1609972715377808,4.15498805069725
67.18021321296692,3.758072853088379,1.1670446395874023,4.21146285181639
67.23028898239136,3.8144891262054443,1.1585874557495117,4.26111569350214
67.28028273582458,3.8713247776031494,1.15792977809906,4.31494012798458
67.32529544830322,3.916813373565674,1.1591777801513672,4.35365371322442
67.37546038627625,3.972654104232788,1.1508166790008545,4.40488232031088
67.42506861686707,4.0361223220825195,1.203356385231018,4.46434562571886
67.47518658638,4.088411331176758,1.1510783433914185,4.52024371158109
67.52542304992676,4.150524616241455,1.1930471658706665,4.57439220652523
67.57508254051208,4.202088356018066,1.139296293258667,4.62566267990383
67.62514758110046,4.263955593109131,1.1840860843658447,4.67733045891639
67.6750955581665,4.322739601135254,1.1870931386947632,4.73406560941668
67.72534799575806,4.3806047439575195,1.1829650402069092,4.7861111833343
67.7752776145935,4.4292168617248535,1.109209656715393,4.84103348855241
67.82534646987915,4.489843368530273,1.1576391458511353,4.88075851759268
67.87538695335388,4.540987968444824,1.1136051416397095,4.93314252093105
67.92530274391174,4.593854904174805,1.1005301475524902,4.9831847427799
67.97547340393066,4.649168968200684,1.112839937210083,5.03627313989011
68.02604341506958,4.706175327301025,1.1320608854293823,5.08597519032774
68.07520747184753,4.763705253601074,1.148857831954956,5.12540702014717
68.12527275085449,4.820534706115723,1.1510331630706787,5.17404689077756
68.17535042762756,4.875410079956055,1.1384776830673218,5.22737862662449
68.22534322738647,4.930355072021484,1.1314916610717773,5.27336410566872
68.2767128944397,4.995083808898926,1.1138204336166382,5.32218227504036
68.32666635513306,5.047699451446533,1.0961601734161377,5.36515686094047
68.3765983581543,5.0998334884643555,1.0818545818328857,5.41308411554454
68.43161869049072,5.151950836181641,1.073157548904419,5.45943448631484
68.47653460502625,5.204254627227783,1.0693856477737427,5.50737815603773
68.52696704864502,5.256776332855225,1.0688079595565796,5.55450179684426
68.57704210281372,5.309464931488037,1.0697554349899292,5.59398117060414
68.62677192687988,5.3609161376953125,1.059590458869934,5.63976415829282
68.67546248435974,5.402084827423096,1.0575896501541138,5.6809199377565
68.7254011631012,5.453227996826172,1.051169991493225,5.72605552993367
68.77536606788635,5.5033183097839355,1.0391911268234253,5.77125268756465
68.82697558403015,5.5640435218811035,1.0349687337875366,5.80410117724498
68.87537431716919,5.6050286293029785,1.0388561487197876,5.84891408127098
68.92547154426575,5.65541410446167,1.034089207649231,5.88754048152641
68.97584676742554,5.7044267654418945,1.019391417503357,5.92351068027795
69.02534866333008,5.751633644104004,0.9966270327568054,5.962991790997
69.077223777771,5.805881500244141,0.9595827460289001,5.99938891294703
69.1254312992096,5.841862201690674,0.9469709992408752,6.03721974978154
69.17547702789307,5.887668609619141,0.9424130320549011,6.07351309206589
69.2252938747406,5.93342399597168,0.9380517601966858,6.10058075870488
69.2754454612732,5.977145671844482,0.9184832572937012,6.12659564446048
69.3254988193512,6.018702507019043,0.8900311589241028,6.14948194296542
69.37503027915955,6.058444023132324,0.8577132225036621,6.1640856374411
69.42523121833801,6.095535755157471,0.8166406154632568,6.16939593555698
69.47507834434509,6.135793685913086,0.8155924677848816,6.16961762922714
69.52525806427002,6.168984889984131,0.7568532824516296,6.16628103013853
69.57532024383545,6.193098545074463,0.6534425020217896,6.16543182262451
69.62580275535583,6.216540813446045,0.5838181972503662,6.15319708090504
69.67494940757751,6.241072654724121,0.5487244129180908,6.13632355847471
69.72501015663147,6.258549213409424,0.4724997878074646,6.12689426536526
69.77508783340454,6.273942470550537,0.40948909521102905,6.11860600087258
69.82598638534546,6.288123607635498,0.36236661672592163,6.12269633839065
69.87539458274841,6.30158805847168,0.3273563086986542,6.12046653647551
69.92527031898499,6.316202163696289,0.3149161636829376,6.11643867395362
69.97515654563904,6.325976371765137,0.2679363489151001,6.11640910032511
70.02615261077881,6.334031581878662,0.22773759067058563,6.12129973350372
70.08007216453552,6.344830513000488,0.2081967443227768,6.13388037876687
70.12938785552979,6.353602409362793,0.19603528082370758,6.13827875160777
70.17936491966248,6.362975597381592,0.1945660263299942,6.14900232169116
70.22934198379517,6.372232437133789,0.19161510467529297,6.16033876895721
70.27939987182617,6.382049560546875,0.19534914195537567,6.17045467367808
70.32944869995117,6.392938137054443,0.20586292445659637,6.18457423371676
70.37946319580078,6.403011798858643,0.20469507575035095,6.19919864933897
70.42937970161438,6.413110256195068,0.20535823702812195,6.21427771207042
70.47950339317322,6.422635555267334,0.2001570165157318,6.2300146138937
70.52946543693542,6.433912754058838,0.21001213788986206,6.24513158804966
70.57951188087463,6.443939685821533,0.2079917937517166,6.26336122468561
70.62941908836365,6.456153392791748,0.22194106876850128,6.28003004858252
70.67942214012146,6.4665727615356445,0.21817006170749664,6.2959364851502
70.72941303253174,6.4773688316345215,0.21882042288780212,6.3122975364996
70.77941250801086,6.48975133895874,0.23264148831367493,6.32884131778363
70.8294243812561,6.502367973327637,0.2415626496076584,6.34989358589145
70.8794801235199,6.515524387359619,0.2522438168525696,6.36451598290064
70.92945718765259,6.52957820892334,0.265580952167511,6.38104191812117
70.97945833206177,6.544094085693359,0.27423831820487976,6.3997805891438
71.02583837509155,6.553808689117432,0.2661168873310089,6.41546604971885
71.07703709602356,6.569387912750244,0.26547694206237793,6.43335191335174
71.12541246414185,6.5823893547058105,0.28587666153907776,6.44903252871521
71.17549419403076,6.595411777496338,0.2781081795692444,6.47116636694784
71.22544026374817,6.609731197357178,0.28471705317497253,6.48467256261026
71.27496886253357,6.625059604644775,0.2952325940132141,6.50319216120375
71.32676577568054,6.642516136169434,0.2948414385318756,6.51845529547309
71.37542176246643,6.653817176818848,0.292784720659256,6.5358443211338
71.42942380905151,6.6717023849487305,0.2983875572681427,6.55186203935372
71.47935891151428,6.686870574951172,0.3018377125263214,6.57406465062612
71.52945137023926,6.701221942901611,0.29759857058525085,6.59598068064438
71.57946348190308,6.716426849365234,0.30281955003738403,6.62429010727147
71.62549591064453,6.729564189910889,0.3139168918132782,6.64877280691596
71.67946648597717,6.749917030334473,0.32777076959609985,6.67732996890302
71.72514390945435,6.764638423919678,0.34430065751075745,6.70819152939548
71.78040075302124,6.788304805755615,0.37003615498542786,6.73694523332636
71.8302948474884,6.809959411621094,0.3983994126319885,6.76022008035564
71.88028740882874,6.831657409667969,0.41456082463264465,6.79037917941286
71.92544364929199,6.8482666015625,0.41751357913017273,6.82557414825719
71.98033738136292,6.87802267074585,0.4548148810863495,6.86072399824446
72.03051614761353,6.899926662445068,0.45112302899360657,6.89574727329792
72.08164882659912,6.923272132873535,0.4612201154232025,6.92108991082537
72.1306369304657,6.94683313369751,0.4677670896053314,6.95352758852614
72.18028831481934,6.970974922180176,0.4773426949977875,6.99253770533191
72.23025250434875,6.996068477630615,0.4904370605945587,7.02672341107652
72.28016757965088,7.022873401641846,0.5126779079437256,7.06205295108402
72.33108830451965,7.051144123077393,0.5373294949531555,7.09993622371178
72.38040614128113,7.079893112182617,0.555793821811676,7.1329486028633
72.43012166023254,7.113921165466309,0.6040505170822144,7.1691908796232
72.4801812171936,7.145354747772217,0.6121758222579956,7.20730072597164
72.53024291992188,7.176097393035889,0.6124428510665894,7.24839147911984
72.58076572418213,7.201351642608643,0.5737983584403992,7.2766440376566
72.63015556335449,7.229804039001465,0.5776903629302979,7.31405994723341
72.68025135993958,7.260615825653076,0.5970870852470398,7.35303766797958
72.72806930541992,7.293234825134277,0.6238425374031067,7.38718924573485
72.77534747123718,7.320504665374756,0.6480790972709656,7.42170268009112
72.83036279678345,7.361732006072998,0.6702334880828857,7.46068289293813
72.88037085533142,7.396022319793701,0.6805872321128845,7.4983574405922
72.93022847175598,7.429965972900391,0.6841124892234802,7.53295298160331
72.97809171676636,7.464919090270996,0.695192277431488,7.56894183890412
73.02653765678406,7.499759197235107,0.6997876167297363,7.60101492535832
73.07665824890137,7.533655643463135,0.695252001285553,7.63219948898293
73.12684988975525,7.566987037658691,0.6881664991378784,7.65951851286475
73.17659950256348,7.60007905960083,0.6820709109306335,7.68969158284878
73.22547268867493,7.626612186431885,0.6808534860610962,7.71817723275781
73.27560782432556,7.6645941734313965,0.7154778242111206,7.74419810904367
73.32545208930969,7.6945600509643555,0.6738740801811218,7.76632828300088
73.375412940979,7.728007793426514,0.6750887632369995,7.78198405401591
73.42539429664612,7.754920482635498,0.6260808110237122,7.79769635273008
73.47542023658752,7.78189754486084,0.5959720015525818,7.8063923146869
73.52548003196716,7.807506561279297,0.5661260485649109,7.81546319512055
73.57613015174866,7.831656455993652,0.5369704961776733,7.8359131636437
73.62532353401184,7.855436325073242,0.5166361331939697,7.83331589022995
73.67539858818054,7.878486156463623,0.4975780248641968,7.82793835993516
73.72534584999084,7.899355411529541,0.46806851029396057,7.82141886997038
73.77532863616943,7.917253017425537,0.42618560791015625,7.80458158226934
73.8267195224762,7.93457555770874,0.36137717962265015,7.80732952547849
73.87511587142944,7.9425368309021,0.30985572934150696,7.79109227792323
73.92619919776917,7.951165199279785,0.25604867935180664,7.77821193719973
73.97537899017334,7.958967685699463,0.21721631288528442,7.76120985581362
74.02655792236328,7.966882228851318,0.17890103161334991,7.75636480806583
74.07543730735779,7.971405029296875,0.15725074708461761,7.76197186439827
74.1260085105896,7.975961208343506,0.13176752626895905,7.76346205955194
74.17696499824524,7.980350494384766,0.10633327811956406,7.76870544488469
74.22568035125732,7.983834743499756,0.10093069821596146,7.77174423161728
74.28095817565918,7.9897894859313965,0.10120601952075958,7.77900327198205
74.33103275299072,7.995241641998291,0.10510745644569397,7.79371376363891
74.38070273399353,8.00090217590332,0.10905393213033676,7.80487841399643
74.42946553230286,8.007954597473145,0.12334789335727692,7.81145741440257
74.475750207901,8.013758659362793,0.13118907809257507,7.82298332893349
74.52544212341309,8.021099090576172,0.13904497027397156,7.82798517094663
74.57859253883362,8.029806137084961,0.14179210364818573,7.85641331907144
74.62584280967712,8.03469181060791,0.13598079979419708,7.86104013032361
74.6753761768341,8.041109085083008,0.1347806453704834,7.87288252546418
74.72528505325317,8.048883438110352,0.1445494443178177,7.88222945703063
74.77534747123718,8.057397842407227,0.1561177521944046,7.88934274887016
74.82547426223755,8.065244674682617,0.1566496342420578,7.90525638326139
74.8753399848938,8.073294639587402,0.16102120280265808,7.91742605818175
74.92535352706909,8.08279800415039,0.17363260686397552,7.92589700288478
74.97532677650452,8.091876029968262,0.17790088057518005,7.93568057820478
75.02532505989075,8.100556373596191,0.1773814707994461,7.94504671874938
75.07697486877441,8.110605239868164,0.1739320307970047,7.96374504916722
75.12582755088806,8.11723804473877,0.17248181998729706,7.97677754526068
75.17589712142944,8.125470161437988,0.17067134380340576,7.98587372957398
75.22583818435669,8.13371467590332,0.16968293488025665,7.99536590892157
75.27585458755493,8.142918586730957,0.17774932086467743,8.0063067159202
75.32699251174927,8.154716491699219,0.18689975142478943,8.02063714894623
75.37579250335693,8.161943435668945,0.185972660779953,8.02761127486934
75.42522168159485,8.171372413635254,0.18924230337142944,8.03728636487691
75.47589802742004,8.1812105178833,0.19313116371631622,8.04752173346239
75.52553677558899,8.190083503723145,0.1879928857088089,8.05763904210546
75.58145833015442,8.199989318847656,0.17859108746051788,8.06634980418884
75.62988090515137,8.209142684936523,0.17993967235088348,8.07316100018493
75.67660212516785,8.21798038482666,0.1807786077260971,8.08065164821747
75.7266616821289,8.225834846496582,0.17135801911354065,8.09020324541844
75.77705669403076,8.234125137329102,0.16893593966960907,8.09650934036944
75.8254771232605,8.239812850952148,0.1614442765712738,8.10209281040012
75.87554478645325,8.248629570007324,0.1683737337589264,8.10965467628564
75.92546844482422,8.257329940795898,0.17161597311496735,8.12002607856637
75.9752209186554,8.264654159545898,0.1631443351507187,8.12839197528258
76.03039360046387,8.272671699523926,0.14970755577087402,8.13274314886952
76.0817403793335,8.279409408569336,0.14526820182800293,8.15058663487569
76.13024830818176,8.287160873413086,0.15044216811656952,8.16149443722156
76.18026852607727,8.295512199401855,0.15818412601947784,8.168658830449
76.22690272331238,8.30411434173584,0.164755716919899,8.18126465013929
76.27513360977173,8.311043739318848,0.16879336535930634,8.19117312483549
76.32758712768555,8.321297645568848,0.1708126664161682,8.20139913733633
76.37578797340393,8.328092575073242,0.17173172533512115,8.218671320088
76.42542695999146,8.336485862731934,0.17147089540958405,8.23267058445205
76.47538614273071,8.345755577087402,0.179323211312294,8.24724076386289
76.52556777000427,8.356636047363281,0.19647566974163055,8.2636470750611
76.57694745063782,8.370598793029785,0.21451176702976227,8.27237631542864
76.62544465065002,8.379137992858887,0.2150682657957077,8.28726227660801
76.67535734176636,8.38917064666748,0.2113441377878189,8.30801421815422
76.72544145584106,8.400793075561523,0.2226293981075287,8.32273148180125
76.77561044692993,8.41352367401123,0.2367219179868698,8.33697530541465
76.82692503929138,8.427852630615234,0.2388201206922531,8.36058452549026
76.87687087059021,8.439227104187012,0.23566655814647675,8.37114242110496
76.92552614212036,8.44813060760498,0.2329675406217575,8.39469361753038
76.97547793388367,8.460959434509277,0.2461450845003128,8.40979114630876
77.02586197853088,8.475178718566895,0.2623179256916046,8.42568840826295
77.07725644111633,8.491328239440918,0.2676059305667877,8.43343878886327
77.1253571510315,8.50253677368164,0.27388647198677063,8.45627718174753
77.17529559135437,8.5166654586792,0.279475599527359,8.47200264670859
77.22539758682251,8.53080940246582,0.2829388678073883,8.48462177178459
77.27510738372803,8.54488468170166,0.2844865024089813,8.49397492989524
77.32743191719055,8.561630249023438,0.283866822719574,8.49629533640457
77.37518501281738,8.571874618530273,0.2760162949562073,8.49675971351521
77.42539381980896,8.583197593688965,0.2578364610671997,8.4913500046616
77.47547030448914,8.591890335083008,0.2241382747888565,8.47732130578562
77.52523565292358,8.597147941589355,0.17740346491336823,8.4640162487766
77.57540225982666,8.600106239318848,0.13039013743400574,8.45540922030663
77.62548661231995,8.602263450622559,0.09727698564529419,8.43360599388213
77.67515850067139,8.603918075561523,0.07107003778219223,8.41951898605241
77.72533702850342,8.602545738220215,0.03073900006711483,8.3994963198823
77.77557921409607,8.598776817321777,-0.011944090947508812,8.38016115616543
77.82575273513794,8.594280242919922,-0.04314087703824043,8.37523799910878
77.87551665306091,8.589977264404297,-0.06033311039209366,8.35667561526605
77.92544651031494,8.585274696350098,-0.07496766000986099,8.33879529716779
77.97563672065735,8.579452514648438,-0.09238814562559128,8.32345612064118
78.02511024475098,8.572303771972656,-0.11430975794792175,8.30682300775511
78.07530403137207,8.564474105834961,-0.1314689666032791,8.29727068912763
78.12651777267456,8.556792259216309,-0.1418512463569641,8.28252844469878
78.18061518669128,8.546552658081055,-0.15622739493846893,8.26281290132021
78.22545313835144,8.539471626281738,-0.1643456369638443,8.24768438033854
78.27531170845032,8.529745101928711,-0.17858588695526123,8.23087982879214
78.32585835456848,8.515565872192383,-0.22241777181625366,8.21957545454144
78.37982034683228,8.500669479370117,-0.23527877032756805,8.20035512486324
78.42991900444031,8.488872528076172,-0.23680709302425385,8.1846974408882
78.47648692131042,8.477523803710938,-0.23425790667533875,8.16843100102008
78.52531337738037,8.467681884765625,-0.24052263796329498,8.14633285293585
78.5755410194397,8.454121589660645,-0.2550901472568512,8.13514941860015
78.62587237358093,8.439826965332031,-0.2694980204105377,8.11761247221316
78.68011736869812,8.422483444213867,-0.28018468618392944,8.10312636253048
78.73004913330078,8.406787872314453,-0.2961724102497101,8.09245058806465
78.77998661994934,8.391175270080566,-0.30394822359085083,8.08816552185716
78.82538628578186,8.379380226135254,-0.3028799295425415,8.09197394367595
78.87557101249695,8.365299224853516,-0.2964790463447571,8.09483042454858
78.92590951919556,8.353434562683105,-0.27304503321647644,8.10440456538527
78.97589778900146,8.344014167785645,-0.2413484752178192,8.12091582348218
79.02575826644897,8.335366249084473,-0.21515116095542908,8.13572735608304
79.07699823379517,8.327005386352539,-0.17959709465503693,8.15614601974657
79.12595224380493,8.323615074157715,-0.14897054433822632,8.1812633723503
79.17589139938354,8.321589469909668,-0.10490734875202179,8.20576199883017
79.22536158561707,8.323875427246094,-0.04402989149093628,8.23358644929549
79.27568674087524,8.3281831741333,0.00814229715615511,8.26123376384552
79.3267343044281,8.335442543029785,0.06087983399629593,8.29180099700692
79.37662696838379,8.345129013061523,0.11353424191474915,8.32614492800693
79.42518424987793,8.35168743133545,0.13080358505249023,8.36115305708855
79.47553324699402,8.363602638244629,0.1762959510087967,8.397599575757
79.52500939369202,8.378504753112793,0.22662605345249176,8.4348299794914
79.57678079605103,8.396537780761719,0.2639147639274597,8.46511225560944
79.62701416015625,8.414015769958496,0.3002074658870697,8.50415891223748
79.6758553981781,8.428550720214844,0.32357844710350037,8.54127490957021
79.72578358650208,8.448442459106445,0.35749417543411255,8.58349055334735
79.77598524093628,8.471187591552734,0.3998677432537079,8.6246563952692
79.82722163200378,8.504343032836914,0.47016721963882446,8.65799911901988
79.88005828857422,8.529167175292969,0.48405519127845764,8.70059416260324
79.9299898147583,8.554591178894043,0.49701806902885437,8.74278182370397
79.98145008087158,8.583440780639648,0.5273408889770508,8.7808384658195
80.03031325340271,8.60988712310791,0.5331884026527405,8.81709643307887
80.08157730102539,8.638195991516113,0.549914538860321,8.84711133687983
80.1273398399353,8.666686058044434,0.5613330006599426,8.88797546137634
80.17514491081238,8.69039249420166,0.5765280723571777,8.92782928046485
80.22686243057251,8.728625297546387,0.6099092364311218,8.96595577234029
80.2778263092041,8.767118453979492,0.6717141270637512,9.00433208584859
80.32721281051636,8.803947448730469,0.6958796977996826,9.03102868465603
80.37706160545349,8.833319664001465,0.656779408454895,9.07113334383544
80.4298996925354,8.866251945495605,0.6560904383659363,9.11580373196604
80.47551202774048,8.89377498626709,0.6686882376670837,9.15232328564496
80.52982974052429,8.929276466369629,0.6412043571472168,9.18525701619791
80.57529854774475,8.961617469787598,0.6986716389656067,9.21074049247676
80.62646460533142,9.004924774169922,0.7092646360397339,9.24225302541334
80.67675042152405,9.03537368774414,0.6742850542068481,9.27598860223346
80.72535467147827,9.065342903137207,0.7007686495780945,9.30714286126023
80.77582311630249,9.09519100189209,0.6653897166252136,9.3345241946362
80.82578134536743,9.127309799194336,0.6629689931869507,9.34299468469656
80.87713599205017,9.166707038879395,0.6631396412849426,9.38748504596151
80.92568063735962,9.191764831542969,0.6553680300712585,9.41295067179126
80.97691035270691,9.229432106018066,0.6481391191482544,9.44795088742219
81.0251407623291,9.255680084228516,0.6559224724769592,9.48441777677893
81.07655072212219,9.296995162963867,0.6768229007720947,9.50951744121517
81.12661290168762,9.333463668823242,0.7025319933891296,9.53937490299919
81.17520451545715,9.361352920532227,0.7047182321548462,9.56827349368678
81.22767281532288,9.400711059570312,0.687010645866394,9.60024346657582
81.2770311832428,9.433478355407715,0.6788718104362488,9.6256410920148
81.32715725898743,9.466382026672363,0.6750466227531433,9.65171215383635
81.3778657913208,9.49813461303711,0.6626892685890198,9.67904152122589
81.42543625831604,9.522644996643066,0.6506022214889526,9.71462479239313
81.47823667526245,9.559866905212402,0.6423283219337463,9.74572127428314
81.52678561210632,9.59254264831543,0.6513893604278564,9.77631036385086
81.57689619064331,9.626007080078125,0.6629073619842529,9.81758489621058
81.63228392601013,9.658431053161621,0.6606125235557556,9.84787917339169
81.68058776855469,9.696842193603516,0.7021862864494324,9.87983405015591
81.73103880882263,9.727560043334961,0.6709548234939575,9.9005118968754
81.78260040283203,9.762824058532715,0.6833392381668091,9.92966981781656
81.83039546012878,9.79539966583252,0.6692445874214172,9.96931720933938
81.8823914527893,9.826022148132324,0.6457080841064453,9.98966710115341
81.92508268356323,9.8523530960083,0.6520437598228455,10.0164801633779
81.97512102127075,9.884760856628418,0.6551451086997986,10.0415257124153
82.02918982505798,9.91766357421875,0.6114751696586609,10.0758055947653
82.07770729064941,9.950345993041992,0.6270138025283813,10.1018364731153
82.13261842727661,9.98200511932373,0.6284100413322449,10.1309450903999
82.18158435821533,10.012906074523926,0.6233943700790405,10.158400663286
82.2324321269989,10.043384552001953,0.6171236634254456,10.1866427619096
82.27575778961182,10.064329147338867,0.5911576151847839,10.2131828887337
82.3280861377716,10.099355697631836,0.5943430662155151,10.2398256711835
82.37548565864563,10.124462127685547,0.6099418997764587,10.2688484585401
82.43252515792847,10.161972045898438,0.6208526492118835,10.2950724276585
82.48227763175964,10.194408416748047,0.6366729736328125,10.3190144659177
82.52999186515808,10.225367546081543,0.63239586353302,10.3382735052917
82.58254313468933,10.255194664001465,0.6222560405731201,10.3603052389735
82.6324303150177,10.283873558044434,0.6061423420906067,10.3766545339282
82.6798849105835,10.311347961425781,0.587175726890564,10.4056513869907
82.72988653182983,10.337063789367676,0.5610588192939758,10.4314111760227
82.77992534637451,10.362704277038574,0.5459945201873779,10.4494470076735
82.8324887752533,10.389392852783203,0.5450628399848938,10.4790231413108
82.88253879547119,10.415510177612305,0.5389230251312256,10.4918521136727
82.93005061149597,10.441938400268555,0.5388165712356567,10.5136128719484
82.98277568817139,10.46934700012207,0.5463348627090454,10.5325909053905
83.02587532997131,10.490815162658691,0.5466033220291138,10.5510650901546
83.08063840866089,10.519944190979004,0.5203849077224731,10.5699866674208
83.13007998466492,10.543198585510254,0.5020151734352112,10.5827166502307
83.18012285232544,10.567102432250977,0.4960296154022217,10.5983269990135
83.22554397583008,10.585800170898438,0.4896598160266876,10.6044215024088
83.27540707588196,10.607144355773926,0.46699029207229614,10.6057927228067
83.32755136489868,10.629983901977539,0.42992475628852844,10.6023219705411
83.37947988510132,10.646941184997559,0.39564839005470276,10.6001479811205
83.42957901954651,10.662521362304688,0.364469975233078,10.5831325255092
83.48203897476196,10.676499366760254,0.33224010467529297,10.5651310047858
83.53211855888367,10.686647415161133,0.28099581599235535,10.5492954384258
83.5752592086792,10.692463874816895,0.23714043200016022,10.5398632871709
83.62530755996704,10.697745323181152,0.18537653982639313,10.524872731199
83.67950224876404,10.699481964111328,0.11229974031448364,10.5171864005162
83.72955656051636,10.698930740356445,0.06419375538825989,10.5069521453167
83.77971315383911,10.699172973632812,0.04150799661874771,10.4989137854366
83.82517004013062,10.700157165527344,0.03651328757405281,10.5045747295491
83.87543416023254,10.70128345489502,0.030580567196011543,10.5006847018605
83.93164777755737,10.701335906982422,0.01681693270802498,10.4946347936027
83.97675013542175,10.70226764678955,0.018443357199430466,10.4878788755783
84.02699661254883,10.703267097473145,0.018772995099425316,10.4819519674568
84.07760071754456,10.702213287353516,0.0019371263915672898,10.4798992495577
84.12517833709717,10.699987411499023,-0.01770731247961521,10.4739787589589
84.17744779586792,10.697032928466797,-0.0310961976647377,10.4715255626747
84.22665929794312,10.694779396057129,-0.037217509001493454,10.4673575976496
84.27925515174866,10.691935539245605,-0.04544695094227791,10.4600099523471
84.32713532447815,10.688859939575195,-0.05216600373387337,10.463607130073
84.37961459159851,10.685772895812988,-0.056274544447660446,10.4638211819791
84.42963194847107,10.682772636413574,-0.05807523801922798,10.4573184952406
84.47963786125183,10.6798734664917,-0.05837114900350571,10.4530565047888
84.52960419654846,10.67705249786377,-0.057937704026699066,10.452301294113
84.57963633537292,10.674278259277344,-0.057323604822158813,10.4460588936913
84.62959933280945,10.67115592956543,-0.059208501130342484,10.444636215974
84.6796817779541,10.667251586914062,-0.06797830760478973,10.4427335407281
84.72955131530762,10.663179397583008,-0.07336843758821487,10.4384277695494
84.77507853507996,10.660475730895996,-0.071768619120121,10.4420390645381
84.82521796226501,10.656641960144043,-0.07510040700435638,10.4525414643129
84.87524604797363,10.653297424316406,-0.0708501785993576,10.4537921263621
84.92515969276428,10.65160846710205,-0.05673860013484955,10.4539780303636
84.97503566741943,10.649603843688965,-0.05072053521871567,10.4599564590053
85.02500247955322,10.648168563842773,-0.04148222506046295,10.4600378142149
85.07525968551636,10.64716625213623,-0.033840227872133255,10.4618284010681
85.12541031837463,10.64512825012207,-0.037263862788677216,10.4641098921363
85.17499685287476,10.643362998962402,-0.03597015514969826,10.46549442416
85.22482585906982,10.642000198364258,-0.03331625089049339,10.4726273159997
85.27590942382812,10.640624046325684,-0.030596984550356865,10.4757568938855
85.3271918296814,10.64037036895752,-0.018300186842679977,10.4765989075899
85.37530875205994,10.640612602233887,-0.010208898223936558,10.4780632203459
85.42524528503418,10.639699935913086,-0.014337434433400631,10.4822090376982
85.47560477256775,10.63862133026123,-0.01692861318588257,10.4859353035129
85.5249240398407,10.6382417678833,-0.013077057898044586,10.4898430533875
85.58106517791748,10.640002250671387,0.0072853718884289265,10.4839288923316
85.62964820861816,10.641464233398438,0.015664923936128616,10.4875971939459
85.67954635620117,10.640810012817383,0.0031597348861396313,10.4935783059217
85.72952055931091,10.63951587677002,-0.00810573436319828,10.496745443946
85.7795250415802,10.63878345489502,-0.010517587885260582,10.4949029300931
85.82963013648987,10.638503074645996,-0.008465135470032692,10.4946589206135
85.87959933280945,10.638497352600098,-0.005117692984640598,10.4930501061212
85.9295482635498,10.638609886169434,-0.0021995902061462402,10.4932861377839
85.98083186149597,10.63740348815918,-0.011801999062299728,10.4948772998235
86.0311951637268,10.636059761047363,-0.017460476607084274,10.4850274560784
86.07554388046265,10.635565757751465,-0.0156612116843462,10.4674468668389
86.12512755393982,10.632761001586914,-0.03338845074176788,10.4523018669816
86.17510294914246,10.628158569335938,-0.05804658308625221,10.4354933628334
86.22536945343018,10.622023582458496,-0.08466926217079163,10.4156234835978
86.2752366065979,10.615406036376953,-0.10434170067310333,10.3922672279403
86.32545137405396,10.607036590576172,-0.13214242458343506,10.3782348401851
86.37500476837158,10.596651077270508,-0.16314785182476044,10.356068364298
86.42534303665161,10.585780143737793,-0.18670886754989624,10.3444811147834
86.47531270980835,10.573932647705078,-0.20837019383907318,10.32870925997
86.52536964416504,10.56188678741455,-0.22288616001605988,10.3160868245141
86.57687067985535,10.547961235046387,-0.22586987912654877,10.3083314509099
86.62542533874512,10.538769721984863,-0.22780841588974,10.294343091671
86.67533731460571,10.528496742248535,-0.2220718264579773,10.2808003328107
86.72518587112427,10.515085220336914,-0.24137455224990845,10.2652939932382
86.77513194084167,10.50269603729248,-0.2450355589389801,10.2545475996539
86.8253960609436,10.491809844970703,-0.23712778091430664,10.2441975811418
86.877112865448,10.476186752319336,-0.247370645403862,10.2309354673686
86.92573356628418,10.466769218444824,-0.24580118060112,10.2159777770092
86.97532963752747,10.45462417602539,-0.2460741549730301,10.19995716289
87.02527523040771,10.442296028137207,-0.24889789521694183,10.185487509341
87.07539582252502,10.427803993225098,-0.26854774355888367,10.1716608593876
87.12516021728516,10.411986351013184,-0.289329469203949,10.1554891593233
87.17502737045288,10.396869659423828,-0.29636046290397644,10.1436308485151
87.23181796073914,10.379615783691406,-0.2939653992652893,10.1298337184416
87.28131103515625,10.365663528442383,-0.28979480266571045,10.1119778043092
87.33065748214722,10.351899147033691,-0.2858439087867737,10.0941883034618
87.37965679168701,10.336843490600586,-0.2946244180202484,10.0799859687246
87.42961025238037,10.321648597717285,-0.29979315400123596,10.0641402692456
87.47964859008789,10.305895805358887,-0.30836525559425354,10.04807112997
87.53011441230774,10.290519714355469,-0.30942630767822266,10.0389916060788
87.57604193687439,10.278032302856445,-0.3130139708518982,10.014259289119
87.62498664855957,10.260705947875977,-0.3301064372062683,9.99890492030801
87.67501950263977,10.242181777954102,-0.3483627140522003,9.98314626673657
87.7249367237091,10.224392890930176,-0.35362058877944946,9.96861425689604
87.77606320381165,10.208172798156738,-0.3434082269668579,9.95287078236994
87.82635760307312,10.192143440246582,-0.33829575777053833,9.951325645958
87.8768527507782,10.172659873962402,-0.33278730511665344,9.93574569785313
87.92622208595276,10.161128997802734,-0.3199363350868225,9.91826901359269
87.97671222686768,10.143681526184082,-0.30978238582611084,9.90111972009745
88.02615237236023,10.130948066711426,-0.3152550458908081,9.88389055475892
88.07696795463562,10.111044883728027,-0.3252059817314148,9.86752461363708
88.12663507461548,10.09272289276123,-0.3446148931980133,9.85007222059207
88.17646384239197,10.074257850646973,-0.35618823766708374,9.83314187721013
88.22527313232422,10.057679176330566,-0.37607529759407043,9.81941647828148
88.27538466453552,10.041828155517578,-0.3552473783493042,9.80161773066464
88.32639670372009,10.026090621948242,-0.34190094470977783,9.78718875393614
88.37487506866455,10.010128021240234,-0.3356318473815918,9.7723631944515
88.42488384246826,9.992936134338379,-0.34261783957481384,9.75534922309295
88.47542476654053,9.974791526794434,-0.35292378067970276,9.74055904249596
88.52513694763184,9.957375526428223,-0.35347506403923035,9.72142232192558
88.57521629333496,9.93671703338623,-0.37961429357528687,9.70530412585967
88.6250274181366,9.91982650756836,-0.3654016852378845,9.6847253676607
88.6752679347992,9.899811744689941,-0.3817814588546753,9.66519787181006
88.72516775131226,9.879656791687012,-0.39268219470977783,9.64568473247354
88.77529692649841,9.863420486450195,-0.3681776225566864,9.62902362209518
88.82582998275757,9.843932151794434,-0.37937596440315247,9.60933253427168
88.87519812583923,9.826936721801758,-0.36730653047561646,9.59268792223629
88.92510199546814,9.808564186096191,-0.3707176148891449,9.57480033272206
88.97553253173828,9.789294242858887,-0.37970325350761414,9.55888269375352
89.02522373199463,9.769591331481934,-0.3884272575378418,9.54605246438726
89.07711958885193,9.747208595275879,-0.38263919949531555,9.53240683472633
89.12598586082458,9.732595443725586,-0.37996551394462585,9.51449027157364
89.1753568649292,9.714646339416504,-0.37379172444343567,9.49586936135159
89.2251353263855,9.696913719177246,-0.3696591556072235,9.47515009451244
89.2779152393341,9.674263954162598,-0.3762378990650177,9.45894466131559
89.32696294784546,9.65469741821289,-0.3848140835762024,9.4494029091413
89.37530636787415,9.638834953308105,-0.39160507917404175,9.42505604680585
89.42534399032593,9.619062423706055,-0.3960930109024048,9.39578829319164
89.47532749176025,9.599377632141113,-0.398113489151001,9.36706876165258
89.52522349357605,9.578869819641113,-0.40691205859184265,9.33418603763484
89.57764101028442,9.552351951599121,-0.4262522757053375,9.28957111112157
89.62517833709717,9.534048080444336,-0.43996262550354004,9.2557518575298
89.67536640167236,9.509284019470215,-0.4673515260219574,9.21539251334843
89.72535037994385,9.481389999389648,-0.5079561471939087,9.17401057086565
89.77529788017273,9.452200889587402,-0.5422918200492859,9.12978263626567
89.82769751548767,9.415786743164062,-0.5764902830123901,9.10200111615269
89.87673711776733,9.382843971252441,-0.6140020489692688,9.05473181267406
89.92522597312927,9.357068061828613,-0.6276651620864868,9.00990660114373
89.9753155708313,9.325511932373047,-0.634783148765564,8.96178539684306
90.02752327919006,9.284441947937012,-0.6636699438095093,8.91890002870033
90.07734775543213,9.243020057678223,-0.727289617061615,8.88128463694922
90.12734627723694,9.209403991699219,-0.7095628976821899,8.83214344698331
90.17721033096313,9.170504570007324,-0.7352977395057678,8.78140801133292
90.22527027130127,9.144144058227539,-0.715732991695404,8.73030181460836
90.27570080757141,9.108131408691406,-0.7257049679756165,8.68172098316042
90.32645463943481,9.05933666229248,-0.7724306583404541,8.64525967414985
90.37544512748718,9.024931907653809,-0.8077714443206787,8.59282178193975
90.42538142204285,8.9815673828125,-0.8376654982566833,8.53904112437023
90.47552108764648,8.93749713897705,-0.8622674345970154,8.49215480566653
90.52535200119019,8.892317771911621,-0.8855791687965393,8.43855496272551
90.57543420791626,8.845952987670898,-0.9099409580230713,8.38957043646032
90.62540173530579,8.798134803771973,-0.9357724189758301,8.33529272328091
90.67541670799255,8.749873161315918,-0.95467209815979,8.28023475317671
90.72539639472961,8.701727867126465,-0.9651006460189819,8.22598745431507
90.77547836303711,8.652973175048828,-0.9772990942001343,8.16960152207
90.82534456253052,8.60289478302002,-0.9948333501815796,8.11573804372321
90.87555503845215,8.552277565002441,-1.009501338005066,8.05246973388689
90.9254789352417,8.500683784484863,-1.0270787477493286,7.99605370904037
90.97550988197327,8.447628021240234,-1.0489052534103394,7.93979666661347
91.03025364875793,8.383443832397461,-1.0654666423797607,7.8812100565396
91.08032202720642,8.322942733764648,-1.1198710203170776,7.82842082989664
91.13023447990417,8.27318286895752,-1.077717661857605,7.7666087722408
91.18040037155151,8.22265338897705,-1.0584089756011963,7.69779995810159
91.23018765449524,8.162485122680664,-1.1138112545013428,7.63931463739746
91.27545261383057,8.120505332946777,-1.1019929647445679,7.57468124794933
91.3295111656189,8.05213737487793,-1.1297528743743896,7.50679033975348
91.37957453727722,7.992257118225098,-1.1641799211502075,7.43576899364628
91.42953586578369,7.931000709533691,-1.1966111660003662,7.35242609808295
91.479567527771,7.868747711181641,-1.223740816116333,7.27782668474903
91.53081202507019,7.8050713539123535,-1.2521679401397705,7.20069558752842
91.58081769943237,7.740273475646973,-1.2778648138046265,7.13576386289834
91.6295793056488,7.672595977783203,-1.3178515434265137,7.05492878198932
91.67963933944702,7.604939937591553,-1.3393094539642334,6.98172379970745
91.72957444190979,7.5366339683532715,-1.359523892402649,6.89815736331555
91.78635740280151,7.46681022644043,-1.3833656311035156,6.82393248898018
91.82514023780823,7.409421920776367,-1.411450982093811,6.74864346330442
91.8756468296051,7.336504936218262,-1.4413529634475708,6.67127614828819
91.92515158653259,7.2511887550354,-1.554449200630188,6.58821189545861
91.9752082824707,7.169557094573975,-1.5937424898147583,6.51479934623441
92.02533864974976,7.092764377593994,-1.5787252187728882,6.43891727813226
92.07684063911438,7.016401290893555,-1.4529917240142822,6.3652651773741
92.12524604797363,6.950379371643066,-1.52250075340271,6.28942509034258
92.17515063285828,6.871116638183594,-1.5574629306793213,6.20937736476246
92.22529554367065,6.803116321563721,-1.4933232069015503,6.13001345530887
92.275461435318,6.729231834411621,-1.5016000270843506,6.04739693195453
92.32677507400513,6.63421630859375,-1.551290512084961,5.95681921838615
92.37525939941406,6.5685319900512695,-1.5935020446777344,5.85925787681477
92.42587041854858,6.484216213226318,-1.6447073221206665,5.7647281408292
92.4759635925293,6.396850109100342,-1.6989609003067017,5.66590180104814
92.52586555480957,6.308556079864502,-1.738639235496521,5.56800334203595
92.57729935646057,6.201864719390869,-1.7691614627838135,5.46304835197182
92.6253776550293,6.129634380340576,-1.7945483922958374,5.35673620378685
92.67509245872498,6.0377326011657715,-1.827505350112915,5.24901013592047
92.72496366500854,5.942855358123779,-1.8702460527420044,5.14096328467887
92.77502822875977,5.845911979675293,-1.9130539894104004,5.03233346567353
92.8255512714386,5.747310638427734,-1.9515202045440674,4.93409860324224
92.87514781951904,5.64840841293335,-1.9768916368484497,4.82654459812928
92.92514371871948,5.548941135406494,-1.9976991415023804,4.73131194096089
92.9755470752716,5.449306488037109,-2.010218620300293,4.64134928228457
93.02518653869629,5.350078105926514,-2.015821695327759,4.56059447538019
93.07653641700745,5.232982635498047,-1.9975851774215698,4.47215302578002
93.12514662742615,5.156774997711182,-1.9808253049850464,4.39091691945225
93.17517948150635,5.061203956604004,-1.9699488878250122,4.31136707073234
93.22514462471008,4.964628219604492,-1.9687186479568481,4.23050221091477
93.27547860145569,4.869649410247803,-1.9556399583816528,4.15021694055238
93.32662296295166,4.744527339935303,-2.014374017715454,4.06251508312862
93.375412940979,4.674352169036865,-1.9427884817123413,3.97607788675978
93.42542695999146,4.584392547607422,-1.9025588035583496,3.88187294241546
93.47541213035583,4.491428852081299,-1.9004257917404175,3.78612379908137
93.52628111839294,4.396528244018555,-1.915356159210205,3.69089392534081
93.57676887512207,4.2801127433776855,-1.9403605461120605,3.58275825728892
93.62506699562073,4.201354026794434,-1.9643597602844238,3.48251338620231
93.67507147789001,4.101261138916016,-1.9962623119354248,3.38794194880095
93.72510361671448,3.9999821186065674,-2.0220651626586914,3.29122383687178
93.77537417411804,3.899857759475708,-2.0298423767089844,3.19238968566978
93.82644295692444,3.799560070037842,-2.0358431339263916,3.08629725845163
93.87497687339783,3.6983466148376465,-2.047750473022461,2.99182028810838
93.92529487609863,3.5965158939361572,-2.0584189891815186,2.89436486637822
93.97559356689453,3.479708671569824,-2.1792101860046387,2.80124949800899
94.02548503875732,3.385913133621216,-2.073857545852661,2.70692479110477
94.07690262794495,3.2735064029693604,-1.9979746341705322,2.59116828793862
94.1253125667572,3.195200204849243,-2.0007174015045166,2.49738735886608
94.17535996437073,3.0943081378936768,-2.024221420288086,2.40119542125818
94.22528004646301,2.990312099456787,-2.0635268688201904,2.30635128959875
94.27521920204163,2.8847711086273193,-2.097780704498291,2.22009034175934
94.32638931274414,2.7608659267425537,-2.0948407649993896,2.11484453194801
94.37489175796509,2.679807662963867,-2.0868585109710693,2.02925516017598
94.42497229576111,2.5791122913360596,-2.0743155479431152,1.94553996946238
94.47495889663696,2.478252410888672,-2.066833257675171,1.86815283042154
94.52531242370605,2.364994525909424,-2.1544902324676514,1.79098297272583
94.57638573646545,2.275597333908081,-2.0238184928894043,1.696931767426
94.62490248680115,2.1851000785827637,-1.9564993381500244,1.62315173572333
94.6750009059906,2.0908851623535156,-1.9436553716659546,1.55402879026549
94.72498559951782,1.996769905090332,-1.932712197303772,1.48919892687528
94.77508616447449,1.904813528060913,-1.9094740152359009,1.42492514912619
94.82656264305115,1.7959524393081665,-1.8785442113876343,1.33430484176258
94.87514185905457,1.7240489721298218,-1.8647416830062866,1.27536347561644
94.92533326148987,1.635695457458496,-1.8396681547164917,1.21416283398468
94.975013256073,1.5487323999404907,-1.8126626014709473,1.15449804358598
95.02520799636841,1.4633088111877441,-1.784584641456604,1.10057223158676
95.07632517814636,1.3801956176757812,-1.7474325895309448,1.00848544636511
95.12509560585022,1.298353672027588,-1.7178230285644531,0.949674092909909
95.17530226707458,1.216260552406311,-1.699548363685608,0.890360080566399
95.22526788711548,1.1359105110168457,-1.6751279830932617,0.832707785964685
95.27517747879028,1.056240439414978,-1.6552413702011108,0.775430833213587
95.32520174980164,0.977528989315033,-1.6346806287765503,0.677298131982316
95.37511014938354,0.9001976847648621,-1.6116960048675537,0.626715569055516
95.42505526542664,0.8242506980895996,-1.5859895944595337,0.581464304326382
95.47554278373718,0.7498684525489807,-1.5584949254989624,0.551214022637006
95.52507138252258,0.6759698390960693,-1.538283348083496,0.524012537046763
95.5766589641571,0.5899802446365356,-1.4981335401535034,0.462844201203329
95.62500786781311,0.5364453792572021,-1.4539483785629272,0.43978007736863
95.6750431060791,0.4735299050807953,-1.3858190774917603,0.423808203120912
95.72505569458008,0.41407743096351624,-1.315761923789978,0.413047939542018
95.77752256393433,0.3495410978794098,-1.2114332914352417,0.413383808205991
95.82670545578003,0.2995574176311493,-1.13430917263031,0.385817522855189
95.87513375282288,0.2617891728878021,-1.0779433250427246,0.396464459119786
95.9249804019928,0.21883335709571838,-0.9963858723640442,0.403598072712339
95.97503852844238,0.18051908910274506,-0.9104132652282715,0.406711750481029
96.02547526359558,0.146565243601799,-0.8227298259735107,0.405450017017693
96.0767228603363,0.11016646772623062,-0.7288044095039368,0.347193402767076
96.12524557113647,0.08615811169147491,-0.6913841962814331,0.346776883770545
96.17533135414124,0.05066153407096863,-0.7025805711746216,0.348938020220797
96.225168466568,0.019032884389162064,-0.6770635843276978,0.350141674411371
96.27530527114868,-0.003929706756025553,-0.5942639708518982,0.348766407446324
96.32663059234619,-0.011155014857649803,-0.36347058415412903,0.309875065906526
96.37526965141296,-0.008007005788385868,-0.2206072211265564,0.308117006627581
96.42507219314575,-3.365143129485659e-05,-0.06314431875944138,0.308716306109517
96.47513175010681,0.009417039342224598,0.029008030891418457,0.310287400408855
96.52521753311157,0.012398877181112766,0.044135682284832,0.311481348022903
96.57661008834839,0.016239134594798088,0.05004478618502617,0.295870735076026
96.62534236907959,0.016306862235069275,0.033887602388858795,0.294794392221093
96.67559742927551,0.01662297733128071,0.02398505061864853,0.294674186102142
96.72557592391968,0.016541091725230217,0.012501093558967113,0.292867800405493
96.77607011795044,0.015959426760673523,0.004233071580529213,0.292881960641171
96.82761311531067,0.015369094908237457,-0.0037687430158257484,0.277106430635177
96.87572121620178,0.015684165060520172,0.0006522855255752802,0.277328609725982
96.92564082145691,0.01642332412302494,0.0061026886105537415,0.277580337409834
96.97564482688904,0.016808314248919487,0.006631629541516304,0.276964769170627
97.02618479728699,0.016001397743821144,-0.0034994110465049744,0.275089476265318
97.07542324066162,0.015269778668880463,-0.006512871477752924,0.259858845982531
97.12508177757263,0.01606782153248787,0.0022644957061856985,0.259767875794325
97.1751115322113,0.015652861446142197,-0.003087251912802458,0.260168776636691
97.22490811347961,0.014260663650929928,-0.012608044780790806,0.25913229338956
97.27517199516296,0.014489790424704552,-0.004546415526419878,0.257690376783537
97.32830548286438,0.014801833778619766,-0.0018933243118226528,0.2415646558269
97.37550926208496,0.015520717017352581,0.005196241661906242,0.239856925228382
97.42531657218933,0.016533585265278816,0.010940435342490673,0.238654586774099
97.47535467147827,0.017931463196873665,0.0185948945581913,0.237741146005954
97.52550435066223,0.017809679731726646,0.007725617848336697,0.235180234777387
97.57690763473511,0.017496170476078987,0.005321185104548931,0.224492230907065
97.6267683506012,0.017763884738087654,0.004089044407010078,0.224246937885465
97.67681336402893,0.018437055870890617,0.008820079267024994,0.223389696604106
97.72502374649048,0.018390534445643425,0.004658908117562532,0.221194385154431
97.77700972557068,0.01846006140112877,0.004741676617413759,0.219997089831489
97.82684278488159,0.01800467260181904,-0.0018459628336131573,0.209412449271318
97.87682104110718,0.016965514048933983,-0.009136168286204338,0.208023632746907
97.92671537399292,0.016436923295259476,-0.009558905847370625,0.206584799542532
97.97682690620422,0.016279708594083786,-0.006942383479326963,0.205497397511391
98.02504420280457,0.016307618468999863,-0.004396625328809023,0.202472275268866
98.0763955116272,0.016420211642980576,-0.0017643016763031483,0.190474622425582
98.12519598007202,0.016540102660655975,-0.0001306780759477988,0.187591486983823
98.17506957054138,0.016628023236989975,0.0006011061486788094,0.18665328458594
98.2250120639801,0.016676653176546097,0.0007359631708823144,0.184594349564105
98.27501201629639,0.01669437810778618,0.0005779466591775417,0.18273644819918
98.32562184333801,0.016693798825144768,0.0003418097912799567,0.171442348664016
98.37518978118896,0.016685616225004196,0.00014157708210404962,0.17037297786354
98.42531299591064,0.01667659915983677,1.5156036170083098e-05,0.16779822544486
98.4749653339386,0.01666986756026745,-4.2949635826516896e-05,0.165407312256477
98.5265109539032,0.01666562631726265,-5.406829222920351e-05,0.164670364457592
98.57530164718628,0.01666463539004326,-4.40915537183173e-05,0.149235058059541
98.63006377220154,0.017999613657593727,0.011460401117801666,0.147781356278381
98.67975687980652,0.018108585849404335,0.006540859118103981,0.146317693011672
98.72980451583862,0.017278634011745453,-0.002494309563189745,0.145280863987352
98.77721071243286,0.01808217726647854,0.005882910918444395,0.144193128537615
98.82614159584045,0.018164517357945442,0.0037538481410592794,0.141723332097949
98.87493419647217,0.018127962946891785,0.003204247448593378,0.140400990184464
98.9258062839508,0.01826864294707775,0.001769539900124073,0.137720873742608
98.97507238388062,0.01808866299688816,0.000906960922293365,0.135717618491092
99.02592206001282,0.018179945647716522,1.133757996285567e-05,0.133263473248246
99.07702136039734,0.018254417926073074,0.002280417364090681,0.12655333740575
99.12588787078857,0.018122822046279907,-0.0003913061518687755,0.124679880411414
99.17591834068298,0.017975816503167152,-0.00013296243560034782,0.122171065948756
99.22569513320923,0.018114106729626656,-0.0002485146396793425,0.118432222453988
99.27599859237671,0.01797831431031227,3.924292104784399e-05,0.118163433339095
99.32724332809448,0.01920131780207157,0.008956846781075,0.112689497472615
99.37528395652771,0.019619876518845558,0.009381232783198357,0.111873077023478
99.42504358291626,0.019810687750577927,0.007095548324286938,0.109899797180512
99.47510552406311,0.01844966784119606,-0.00743385124951601,0.108520521359051
99.52535033226013,0.01823076233267784,-0.004977748263627291,0.106042701179844
99.57598400115967,0.018018348142504692,-0.005861492361873388,0.0959115727947808
99.62539887428284,0.019502542912960052,0.01029318105429411,0.0934574808528667
99.67517447471619,0.019167274236679077,0.0012405385496094823,0.0922895795591742
99.72523880004883,0.019242465496063232,0.0037993299774825573,0.0910499066794405
99.77524065971375,0.01968822441995144,0.0032461138907819986,0.0901873208401423
99.8260977268219,0.01852247677743435,-0.005825839005410671,0.0898939945075781
99.87566542625427,0.018068356439471245,-0.008237425237894058,0.0886366672418562
99.92520499229431,0.018623370677232742,0.00182815152220428,0.0859760458706607
99.97540616989136,0.019453926011919975,0.005038540810346603,0.0843639615459417
100.0259280204773,0.019449010491371155,0.005455990321934223,0.082343604191184
100.07727241516113,0.019289987161755562,-0.0016904929652810097,0.0832268377102238
100.12600803375244,0.0185617133975029,-0.00623148400336504,0.0798798983519969
100.17548823356628,0.01806517504155636,-0.008808281272649765,0.0786284329817595
100.22538018226624,0.018603108823299408,0.001354130683466792,0.0767772268768848
100.27536725997925,0.019432341679930687,0.004744283854961395,0.0755805790868127
100.32703280448914,0.019971881061792374,0.009951865300536156,0.0772212176014992
100.37520456314087,0.019791586324572563,0.003484731772914529,0.0755075674485377
100.42530298233032,0.019487451761960983,0.002212770748883486,0.0733131905514501
100.47534561157227,0.019700510427355766,0.0004972664173692465,0.0720733150428949
100.52544522285461,0.019361305981874466,0.00015174111467786133,0.0695569633546058
100.57697081565857,0.019080750644207,-0.005428718868643045,0.0708799824597487
100.6260278224945,0.019296973943710327,-0.00017871051386464387,0.0685871097910783
100.6758120059967,0.019567755982279778,-0.0004895879537798464,0.0675953003426156
100.72548270225525,0.020103828981518745,0.006185293197631836,0.0659617998586958
100.77537369728088,0.02000209130346775,0.0004449459374882281,0.0658798399265614
100.82702541351318,0.01990918442606926,0.003020677249878645,0.0626672358795779
100.87571620941162,0.02048751898109913,0.005894153378903866,0.0617761606920262
100.9251446723938,0.0212615504860878,0.010681070387363434,0.0608426253699812
100.97676730155945,0.020752962678670883,0.0005732830613851547,0.0602774299281963
101.0268075466156,0.02151842974126339,0.00699269725009799,0.0594431359632618
101.07547664642334,0.021230988204479218,0.0014760028570890427,0.0570524985555178
101.12681341171265,0.021131515502929688,0.0017965544247999787,0.0564202661095239
101.17684698104858,0.020653624087572098,-0.0037845277693122625,0.0557945648844334
101.2266628742218,0.02097749523818493,0.001403181697241962,0.0554331999951069
101.2764024734497,0.020852981135249138,-0.0009178658365271986,0.0556792454809067
101.32540726661682,0.020722828805446625,-0.0003182217769790441,0.0597438986568602
101.37679648399353,0.019290626049041748,-0.014095660299062729,0.0587069309339893
101.42689490318298,0.01956651546061039,-0.0039777597412467,0.0577191105457979
101.47539806365967,0.019215017557144165,-0.007190693635493517,0.0578887821454472
101.52693009376526,0.019497748464345932,0.001662197057157755,0.0577460758658143
101.57687139511108,0.018872642889618874,-0.006170697510242462,0.0633752502027979
101.62687540054321,0.019722899422049522,0.005209152586758137,0.0603595736022721
101.6752302646637,0.019552258774638176,0.00040436582639813423,0.059703077684704
101.72685527801514,0.019832657650113106,0.00572639936581254,0.058361751772297
101.77696371078491,0.019101276993751526,-0.004556751810014248,0.0575376405677086
101.82573580741882,0.018402252346277237,-0.007902058772742748,0.0634091209569105
101.87670135498047,0.01764577627182007,-0.011503532528877258,0.0620947949527505
101.92642545700073,0.017875202000141144,-0.003951717168092728,0.0601513010185909
101.97648620605469,0.018886065110564232,0.005443664267659187,0.0601513010185909
102.02654361724854,0.019478557631373405,0.007840225473046303,0.0601513010185909
102.0766351222992,0.01838522218167782,-0.004919129423797131,0.0601513010185909
102.12646842002869,0.019633714109659195,0.00903643574565649,0.0601513010185909
102.17646193504333,0.019160009920597076,-0.0005822463426738977,0.0601513010185909
102.22688698768616,0.01999049074947834,0.008404809981584549,0.0601513010185909
102.27653527259827,0.01923495903611183,-0.0031385188922286034,0.0601513010185909
102.32694911956787,0.019923865795135498,0.005779135972261429,0.0601513010185909
102.37769269943237,0.01912771724164486,-0.005025642924010754,0.0601513010185909
102.42639875411987,0.018398383632302284,-0.00846167467534542,0.0601513010185909
102.47682285308838,0.01895950175821781,-0.00044716880074702203,0.0601513010185909
102.52546858787537,0.01924297772347927,0.0020150388590991497,0.0601513010185909
102.57864713668823,0.018149863928556442,-0.008634138852357864,0.0601513010185909
102.6283757686615,0.018108949065208435,-0.004321509972214699,0.0601513010185909
102.67566728591919,0.018796579912304878,0.0027318529319018126,0.0601513010185909
102.72834634780884,0.019436601549386978,0.006144239101558924,0.0601513010185909
102.77541017532349,0.019626405090093613,0.005641312804073095,0.0601513010185909
102.82800054550171,0.019681770354509354,0.0034359125420451164,0.0601513010185909
102.87535643577576,0.01963990554213524,0.0019470916595309973,0.0601513010185909
102.9256956577301,0.01956344209611416,0.0005757786566391587,0.0601513010185909
102.97847938537598,0.019485419616103172,-0.0002606607449706644,0.0601513010185909
103.02548456192017,0.018523547798395157,-0.008858207613229752,0.0601513010185909
103.07540678977966,0.018725283443927765,-0.0012737608049064875,0.0601513010185909
103.12798047065735,0.0189223550260067,-0.002704981481656432,0.0601513010185909
103.17563056945801,0.01931757852435112,0.0030960480216890574,0.0601513010185909
103.22748708724976,0.01918148063123226,-0.0027911157812923193,0.0601513010185909
103.27530169487,0.019415441900491714,0.001722940825857222,0.0601513010185909
103.32538628578186,0.019664401188492775,0.0004812096303794533,0.0601513010185909
103.37754249572754,0.01851928047835827,-0.006377931218594313,0.0601513010185909
103.42532157897949,0.017964806407690048,-0.00960896722972393,0.0601513010185909
103.47529911994934,0.017619838938117027,-0.00718574458733201,0.0601513010185909
103.52544593811035,0.01777820847928524,-0.004319238942116499,0.0601513010185909
103.57549142837524,0.01774919033050537,-0.0015747440047562122,0.0601513010185909
103.62802195549011,0.0177689790725708,-0.0024318182840943336,0.0601513010185909
103.67584180831909,0.01887866109609604,0.009107321500778198,0.0601513010185909
103.72733402252197,0.020663712173700333,0.01620597578585148,0.0601513010185909
103.77521657943726,0.020405087620019913,0.008684712462127209,0.0601513010185909
103.82536005973816,0.01999921351671219,0.002067306311801076,0.0601513010185909
103.87497353553772,0.019664626568555832,-0.0013468278339132667,0.0601513010185909
103.92701554298401,0.019431760534644127,-0.0024251402355730534,0.0601513010185909
103.97505354881287,0.019366508349776268,-0.0021477967966347933,0.0601513010185909
104.02519297599792,0.019350387156009674,-0.0014114861842244864,0.0601513010185909
104.07766675949097,0.01937696896493435,-0.0005642484757117927,0.0601513010185909
104.12525820732117,0.019401296973228455,-0.00017735958681441844,0.0601513010185909
104.1751184463501,0.019426757469773293,9.047232015291229e-05,0.0601513010185909
104.22510433197021,0.019442738965153694,0.00017771798593457788,0.0601513010185909
104.27508640289307,0.019450023770332336,0.00016277562826871872,0.0601513010185909
104.3251781463623,0.019451485946774483,0.00010881963680731133,0.0601513010185909
104.37515044212341,0.019450046122074127,5.40824985364452e-05,0.0601513010185909
104.42574405670166,0.019447796046733856,1.5024426829768345e-05,0.0601513010185909
104.47518491744995,0.018110958859324455,-0.011489496566355228,0.0601513010185909
104.52543616294861,0.018001392483711243,-0.006562886759638786,0.0601513010185909
104.57521677017212,0.017496520653367043,-0.009001818485558033,0.0601513010185909
104.6253571510315,0.017513923346996307,-0.004021736327558756,0.0601513010185909
104.67574119567871,0.01785711944103241,-0.000995184644125402,0.0601513010185909
104.72989797592163,0.018163638189435005,0.0034349935594946146,0.0601513010185909
104.77980613708496,0.017880158498883247,-0.0013004911597818136,0.0601513010185909
104.83063340187073,0.01695040427148342,-0.007963908836245537,0.0601513010185909
104.87995934486389,0.01780758425593376,0.0030201140325516462,0.0601513010185909
104.93009281158447,0.017769835889339447,0.00034983482328243554,0.0601513010185909
104.97557139396667,0.018962746486067772,0.011639265343546867,0.0601513010185909
105.0255880355835,0.019879084080457687,0.01158004067838192,0.0601513010185909
105.07845711708069,0.018962295725941658,0.0012543592602014542,0.0601513010185909
105.12542963027954,0.018366359174251556,-0.004863355308771133,0.0601513010185909
105.17560267448425,0.017889641225337982,-0.0053603737615048885,0.0601513010185909
105.22551608085632,0.017913158982992172,-0.004267590586096048,0.0601513010185909
105.27610087394714,0.01778741553425789,-0.0022912435233592987,0.0601513010185909
105.32565331459045,0.01798984222114086,-0.0010461101774126291,0.0601513010185909
105.37583518028259,0.017917625606060028,5.262934064376168e-05,0.0601513010185909
105.42740082740784,0.019191686064004898,0.00933708157390356,0.0601513010185909
105.47981333732605,0.019693473353981972,0.009472157806158066,0.0601513010185909
105.52995324134827,0.01849876344203949,-0.004724661819636822,0.0601513010185909
105.58008146286011,0.018336104229092598,-0.0029198031406849623,0.0601513010185909
105.62964940071106,0.017710788175463676,-0.007749693002551794,0.0601513010185909
105.6796464920044,0.018020352348685265,-0.0010832446860149503,0.0601513010185909
105.7297101020813,0.017687877640128136,-0.00438632583245635,0.0601513010185909
105.77905368804932,0.019463371485471725,0.01342808734625578,0.0601513010185909
105.82719850540161,0.01792832836508751,-0.0073204198852181435,0.0601513010185909
105.87515258789062,0.017092358320951462,-0.01002370472997427,0.0601513010185909
105.92535877227783,0.017539208754897118,-0.0037904430646449327,0.0601513010185909
105.97517895698547,0.017702575773000717,0.000228746299399063,0.0601513010185909
106.02531051635742,0.018052559345960617,0.0016040740301832557,0.0601513010185909
106.07688617706299,0.01695670187473297,-0.00714482506737113,0.0601513010185909
106.1249942779541,0.01749291457235813,0.0004524086834862828,0.0601513010185909
106.17519497871399,0.018003500998020172,0.0029791502747684717,0.0601513010185909
106.22655534744263,0.01833387091755867,0.005744873080402613,0.0601513010185909
106.27564120292664,0.01825793832540512,0.0023705381900072098,0.0601513010185909
106.32658290863037,0.018353983759880066,0.003705776995047927,0.0601513010185909
106.37546038627625,0.01820433884859085,0.00041086578858084977,0.0601513010185909
106.42491888999939,0.01802510768175125,9.866627806331962e-05,0.0601513010185909
106.47589230537415,0.018135299906134605,-0.00032686389749869704,0.0601513010185909
106.52521181106567,0.017981378361582756,-0.0001477912737755105,0.0601513010185909
106.57560634613037,0.018115106970071793,-0.00029266084311529994,0.0601513010185909
106.62536263465881,0.01797708310186863,-4.437235020304797e-06,0.0601513010185909
106.67590713500977,0.01811881735920906,-0.00014489768364001065,0.0601513010185909
106.7253589630127,0.01798310875892639,0.00010197686788160354,0.0601513010185909
106.77673888206482,0.01786951720714569,-0.0025053571444004774,0.0601513010185909
106.82612180709839,0.017986487597227097,0.00012215501919854432,0.0601513010185909
106.87947607040405,0.017870821058750153,-0.0025096784811466932,0.0601513010185909
106.92942118644714,0.01824168860912323,0.0025302013382315636,0.0601513010185909
106.97972393035889,0.017870498821139336,-0.002520384732633829,0.0601513010185909
107.02948784828186,0.016906334087252617,-0.00896075926721096,0.0601513010185909
107.0808219909668,0.017761794850230217,0.002409538486972451,0.0601513010185909
107.12942934036255,0.017736710608005524,8.184779289877042e-05,0.0601513010185909
107.1793782711029,0.01829352229833603,0.005519874393939972,0.0601513010185909
107.22958707809448,0.01665121130645275,-0.011719709262251854,0.0601513010185909
107.28118991851807,0.01824178174138069,0.008773138746619225,0.0601513010185909
107.32546019554138,0.01815643347799778,0.002637651050463319,0.0601513010185909
107.37690734863281,0.017367342486977577,-0.000887664791662246,0.0601513010185909
107.42680859565735,0.0175180546939373,-0.0005353117012418807,0.0601513010185909
107.47642731666565,0.016878554597496986,-0.005262486170977354,0.0601513010185909
107.52685785293579,0.016545075923204422,-0.005730138625949621,0.0601513010185909
107.57654023170471,0.016439061611890793,-0.00425260653719306,0.0601513010185909
107.62667322158813,0.017795531079173088,0.00910212378948927,0.0601513010185909
107.67664241790771,0.017973285168409348,0.005659337621182203,0.0601513010185909
107.72638034820557,0.018272552639245987,0.007048051804304123,0.0601513010185909
107.7767322063446,0.01683773845434189,-0.010156435891985893,0.0601513010185909
107.8266007900238,0.017010416835546494,-0.0024150230456143618,0.0601513010185909
107.87522578239441,0.016570234671235085,-0.0068733361549675465,0.0601513010185909
107.92584371566772,0.016237769275903702,-0.004212511703372002,0.0601513010185909
107.97536945343018,0.01657683029770851,-0.0023789317347109318,0.0601513010185909
108.02521014213562,0.01639229990541935,-0.00037638761568814516,0.0601513010185909
108.07557797431946,0.017677901312708855,0.00847148522734642,0.0601513010185909
108.12501907348633,0.01815679483115673,0.010014081373810768,0.0601513010185909
108.17510676383972,0.018507877364754677,0.007475735154002905,0.0601513010185909
108.22601175308228,0.018347246572375298,0.004475530236959457,0.0601513010185909
108.27729511260986,0.01809071935713291,-0.0011995482491329312,0.0601513010185909
108.3267891407013,0.01701073721051216,-0.00906431395560503,0.0601513010185909
108.37524604797363,0.01652713492512703,-0.009983522817492485,0.0601513010185909
108.42682027816772,0.01761201210319996,0.0042920601554214954,0.0601513010185909
108.4749801158905,0.017934342846274376,0.004652283154428005,0.0601513010185909
108.53033065795898,0.01838371902704239,0.007513456512242556,0.0601513010185909
108.57654643058777,0.018078245222568512,0.0009732873877510428,0.0601513010185909
108.62607836723328,0.01817214861512184,0.0022510781418532133,0.0601513010185909
108.68022990226746,0.017979897558689117,-0.0019252365455031395,0.0601513010185909
108.73030591011047,0.01695612445473671,-0.009064777754247189,0.0601513010185909
108.78039836883545,0.016436811536550522,-0.009444432333111763,0.0601513010185909
108.83186101913452,0.016283567994832993,-0.0068431030958890915,0.0601513010185909
108.88151168823242,0.017665468156337738,0.007746463641524315,0.0601513010185909
108.93029808998108,0.016557158902287483,-0.006259082350879908,0.0601513010185909
108.97564673423767,0.016592737287282944,-0.0022057127207517624,0.0601513010185909
109.02681565284729,0.016218017786741257,-0.007383515127003193,0.0601513010185909
109.07518458366394,0.016427401453256607,-0.0015365973813459277,0.0601513010185909
109.12527632713318,0.017647957429289818,0.0072736581787467,0.0601513010185909
109.17515635490417,0.01810799166560173,0.009150650352239609,0.0601513010185909
109.2251443862915,0.018465343862771988,0.007006828207522631,0.0601513010185909
109.27536582946777,0.01739088073372841,-0.0041045621037483215,0.0601513010185909
109.32689023017883,0.016636883839964867,-0.007714623585343361,0.0601513010185909
109.37547302246094,0.016422836109995842,-0.006885157432407141,0.0601513010185909
109.42496299743652,0.01636677235364914,-0.004558683373034,0.0601513010185909
109.48020362854004,0.01644938811659813,-0.0018460009014233947,0.0601513010185909
109.52988934516907,0.016545210033655167,-0.000365622341632843,0.0601513010185909
109.57488465309143,0.016608571633696556,0.00027342798421159387,0.0601513010185909
109.62501454353333,0.016660260036587715,0.0005632541142404079,0.0601513010185909
109.67509436607361,0.01668407954275608,0.0005215479759499431,0.0601513010185909
109.72496485710144,0.01668909750878811,0.00035128783201798797,0.0601513010185909
109.77530097961426,0.015349765308201313,-0.011307296343147755,0.0601513010185909
109.82561826705933,0.016569191589951515,0.00498415669426322,0.0601513010185909
109.87549114227295,0.016167018562555313,-0.002457519294694066,0.0601513010185909
109.92552018165588,0.016278881579637527,0.0018669035052880645,0.0601513010185909
109.97508645057678,0.015982620418071747,-0.003506881184875965,0.0601513010185909
110.02539157867432,0.017005322501063347,0.008137824013829231,0.0601513010185909
110.07620120048523,0.017203999683260918,0.003936313092708588,0.0601513010185909
110.12535691261292,0.017588356509804726,0.00766482949256897,0.0601513010185909
110.17562508583069,0.017345484346151352,0.00024082449090201408,0.0601513010185909
110.22569727897644,0.016689058393239975,-0.002453255234286189,0.0601513010185909
110.27586436271667,0.01675857976078987,-0.003407704411074519,0.0601513010185909
110.3264639377594,0.016912367194890976,0.002752899657934904,0.0601513010185909
110.3754141330719,0.016687827184796333,-0.0016715293750166893,0.0601513010185909
110.42569494247437,0.01644633710384369,-0.0003926679491996765,0.0601513010185909
110.47601842880249,0.01676301844418049,-0.000263116235146299,0.0601513010185909
110.52618789672852,0.016514524817466736,0.0003970968537032604,0.0601513010185909
110.57748746871948,0.015568498522043228,-0.009599234908819199,0.0601513010185909
110.62589693069458,0.015179947018623352,-0.00872769858688116,0.0601513010185909
110.67729043960571,0.01609845645725727,0.002021132269874215,0.0601513010185909
110.72506332397461,0.016507238149642944,0.0046815588138997555,0.0601513010185909
110.77959537506104,0.016811834648251534,0.004741153679788113,0.0601513010185909
110.82700681686401,0.016867032274603844,0.0032673506066203117,0.0601513010185909
110.87586569786072,0.01684272289276123,0.001978058833628893,0.0601513010185909
110.92947578430176,0.015433704480528831,-0.010962145403027534,0.0601513010185909
110.97944211959839,0.016603605821728706,0.004808255936950445,0.0601513010185909
111.02632713317871,0.016630010679364204,0.0017450412269681692,0.0601513010185909
111.07955193519592,0.015745066106319427,-0.0037978587206453085,0.0601513010185909
111.12987112998962,0.014953633770346642,-0.009559470228850842,0.0601513010185909
111.180104970932,0.01652154140174389,0.008724321611225605,0.0601513010185909
111.225754737854,0.015904169529676437,-0.00040983568760566413,0.0601513010185909
111.28069686889648,0.01687983050942421,0.01036874856799841,0.0601513010185909
111.33173727989197,0.016433969140052795,0.00043121332419104874,0.0601513010185909
111.38115000724792,0.017261138185858727,0.008986461907625198,0.0601513010185909
111.43063402175903,0.016490034759044647,-0.0029103278648108244,0.0601513010185909
111.48012948036194,0.01716272160410881,0.0057905190624296665,0.0601513010185909
111.53150582313538,0.016354821622371674,-0.005109637975692749,0.0601513010185909
111.58173441886902,0.01705143414437771,0.00465763546526432,0.0601513010185909
111.63041496276855,0.016286244615912437,-0.005458395928144455,0.0601513010185909
111.68022441864014,0.017021048814058304,0.004743792582303286,0.0601513010185909
111.73024272918701,0.01628096029162407,-0.005212794989347458,0.0601513010185909
111.78141379356384,0.017027968540787697,0.004985247738659382,0.0601513010185909
111.83194947242737,0.01629103720188141,-0.005043726414442062,0.0601513010185909
111.87998294830322,0.01703643798828125,0.005074131302535534,0.0601513010185909
111.930340051651,0.016296345740556717,-0.005014883819967508,0.0601513010185909
111.98003029823303,0.017038851976394653,0.005069046746939421,0.0601513010185909
112.03045296669006,0.01629682630300522,-0.005032885354012251,0.0601513010185909
112.08172130584717,0.016069451346993446,-0.004038617014884949,0.0601513010185909
112.12490248680115,0.014978633262217045,-0.012182168662548065,0.0601513010185909
112.17543005943298,0.014698290266096592,-0.008228177204728127,0.0601513010185909
112.22492504119873,0.015855083242058754,0.0040089767426252365,0.0601513010185909
112.27531290054321,0.01658359356224537,0.008031670935451984,0.0601513010185909
112.33206701278687,0.016947481781244278,0.006974569521844387,0.0601513010185909
112.38077569007874,0.01697959564626217,0.004427179228514433,0.0601513010185909
112.43051862716675,0.01690169796347618,0.0020507178269326687,0.0601513010185909
112.47511529922485,0.016819531098008156,0.0006955831777304411,0.0601513010185909
112.52536964416504,0.016731617972254753,-0.00026256649289280176,0.0601513010185909
112.57730221748352,0.015332965180277824,-0.012090415693819523,0.0601513010185909
112.62528467178345,0.015013626776635647,-0.009822368621826172,0.0601513010185909
112.67572593688965,0.014957185834646225,-0.007559009827673435,0.0601513010185909
112.72532415390015,0.014849618077278137,-0.004122944548726082,0.0601513010185909
112.77543139457703,0.01510656625032425,-0.0017223070608451962,0.0601513010185909
112.82674860954285,0.015363724902272224,0.0026836185716092587,0.0601513010185909
112.87981677055359,0.015070861205458641,-0.0018232072470709682,0.0601513010185909
112.92508959770203,0.015221156179904938,0.0008484194404445589,0.0601513010185909
112.97733759880066,0.0151217645034194,-0.0020004974212497473,0.0601513010185909
113.02741599082947,0.015488976612687111,0.0028070516418665648,0.0601513010185909
113.07687544822693,0.016443807631731033,0.009060394950211048,0.0601513010185909
113.1252372264862,0.016853073611855507,0.009374388493597507,0.0601513010185909
113.17527151107788,0.016106709837913513,-0.0013880830956622958,0.0601513010185909
113.22559404373169,0.015369994565844536,-0.005287187173962593,0.0601513010185909
113.27544689178467,0.015207625925540924,-0.005660178605467081,0.0601513010185909
113.32525753974915,0.014981832355260849,-0.003898796858265996,0.0601513010185909
113.37551712989807,0.015149914659559727,-0.002274715807288885,0.0601513010185909
113.42513155937195,0.015081295743584633,-0.0006557232700288296,0.0601513010185909
113.4755449295044,0.015287013724446297,-4.0698854718357325e-05,0.0601513010185909
113.53061985969543,0.015455521643161774,0.002939523197710514,0.0601513010185909
113.58207702636719,0.015104365535080433,-0.002120327902957797,0.0601513010185909
113.63063192367554,0.015480202622711658,0.002801892813295126,0.0601513010185909
113.68025732040405,0.016441261395812035,0.00910542905330658,0.0601513010185909
