timestep,speed,acceleration,target_speed
53.80661058425903,0.004517353139817715,0.003718263003975153,0.0131982407216182
53.85520100593567,0.0037004745099693537,-0.0048185596242547035,0.0157331874915606
53.905242919921875,0.0028633633628487587,-0.009355967864394188,0.0168133725264534
53.95434617996216,0.0024829311296343803,-0.008545703254640102,0.00880753345793064
54.00270938873291,0.0007067744736559689,-0.01957971416413784,0.00874786746696092
54.04884672164917,-0.00031553389271721244,-0.021383199840784073,0.00948458953008622
54.10501527786255,-0.0008371587027795613,-0.015301565639674664,0.0107671560487209
54.15403652191162,-0.000746280187740922,-0.008466127328574657,0.0117937822381297
54.203683853149414,0.001211476745083928,0.010789883323013783,0.00838274844294859
54.2541606426239,0.0027212072163820267,0.01813153736293316,0.00782090441691219
54.304194927215576,0.0033787155989557505,0.015944957733154297,0.00857176001659916
54.3547158241272,0.0034820877481251955,0.010352708399295807,0.0104416042798922
54.40412259101868,0.0033199628815054893,0.004950314294546843,0.0111749405418236
54.45405721664429,0.003092542290687561,0.001208733068779111,0.00656070390495635
54.50387692451477,0.004604806657880545,0.01314431894570589,0.00690933610305375
54.55398368835449,0.005745351780205965,0.01668938435614109,0.00766460720356269
54.60493540763855,0.006174058653414249,0.013312781229615211,0.00857940900571936
54.654048442840576,0.0061751543544232845,0.007985220290720463,0.00781845171156287
54.70390725135803,0.005994386039674282,0.0033876944798976183,0.0081552126196985
54.754215478897095,0.0057892813347280025,0.0004448920954018831,0.00823268638701591
54.80385780334473,0.005633838474750519,-0.0009346167789772153,0.00600801826995944
54.85400366783142,0.005544946528971195,-0.0012469151988625526,0.0070188507028557
54.90403914451599,0.005510310642421246,-0.0010147776920348406,0.00717052975232941
54.95382905006409,0.005508840084075928,-0.0006193986046127975,0.00720515709154557
55.004026889801025,0.005521879997104406,-0.00027036387473344803,0.00449462868441712
55.05453324317932,0.005537266377359629,-4.3098032620036975e-05,0.00416730747993797
55.10406732559204,0.005549148190766573,6.599473999813199e-05,0.00489749677133567
55.154409646987915,0.005556066986173391,9.300688543589786e-05,0.00604709510180211
55.20429039001465,0.005558854900300503,7.727031334070489e-05,0.00570743451364968
55.25304627418518,0.007259959354996681,0.01392563246190548,0.00418119487494008
55.30410051345825,0.008516545407474041,0.018054239451885223,0.0041548497628093
55.354379415512085,0.008996443822979927,0.014526156708598137,0.00699489239919393
55.404699087142944,0.007305339444428682,-0.005098273977637291,0.00658198817115354
55.453994035720825,0.007556034252047539,-0.0003835036186501384,0.00523420448377312
55.504289627075195,0.008110241033136845,0.004052851349115372,0.00349327017917123
55.55415725708008,0.008410786278545856,0.004750855267047882,0.00445789538027574
55.60461735725403,0.006814843043684959,-0.010220082476735115,0.00835623435458272
55.65300416946411,0.005548523738980293,-0.015909163281321526,0.0122527123589819
55.70418858528137,0.006713846232742071,0.00020662101451307535,0.00377996890252823
55.75446343421936,0.007902703247964382,0.009310703724622726,0.00361196130779149
55.80359244346619,0.008533396758139133,0.01045247819274664,0.00658600173666555
55.85496997833252,0.008742640726268291,0.007879854179918766,0.0113515677028198
55.90392518043518,0.008711753413081169,0.004482766147702932,0.0171472307498355
55.94861102104187,0.008615014143288136,0.0021966835483908653,0.00485812664384974
55.998370885849,0.008484113030135632,0.0003046682686544955,0.00580688544298469
56.0481116771698,0.008384435437619686,-0.000587709539104253,0.00526106729060897
56.098414182662964,0.008327169343829155,-0.0007946656551212072,0.00876473381497735
56.14834928512573,0.008304660208523273,-0.0006500885356217623,0.0111203071829139
56.19878959655762,0.008303490467369556,-0.0003985557414125651,0.00614408062997409
56.24877977371216,0.008311723358929157,-0.00017518836830276996,0.00684625659404623
56.30365228652954,0.008323301561176777,-9.5447458079434e-06,0.00708783714319937
56.35382318496704,0.008330298587679863,4.834847277379595e-05,0.00702959127761625
56.40382122993469,0.008334157057106495,5.87852337048389e-05,0.00702097325179561
56.4535927772522,0.008335554040968418,4.6021414163988084e-05,0.00954025158760152
56.50384187698364,0.008335498161613941,2.714114452828653e-05,0.00828457021531505
56.553762912750244,0.008334840647876263,1.118662748922361e-05,0.00856562629195672
56.60412907600403,0.00833412166684866,1.1409722446842352e-06,0.00897814445943474
56.6544132232666,0.008333585225045681,-3.457682396401651e-06,0.00892469686067123
56.70366048812866,0.010034170001745224,0.01387324370443821,0.00781138987819343
56.75369691848755,0.01129157841205597,0.01802920550107956,0.00754525348312804
56.803298473358154,0.011772628873586655,0.01452005933970213,0.00843846580925158
56.85475564002991,0.010082479566335678,-0.0050945463590323925,0.00949165029943414
56.90395641326904,0.008632880635559559,-0.014254339970648289,0.0102845308643935
56.95403718948364,0.009630716405808926,-9.610049892216921e-05,0.0104015166624371
57.00450396537781,0.010707780718803406,0.008265445940196514,0.0110117543157297
57.05403733253479,0.01128302700817585,0.009397713467478752,0.0121128337832862
57.103606939315796,0.011476964689791203,0.007129573728889227,0.0146315658155086
57.15370583534241,0.01145228836685419,0.004081214312463999,0.0158607447236353
57.20378232002258,0.011342016980051994,0.0015932600945234299,0.0117746252541906
57.248528718948364,0.011248601600527763,0.0002990906941704452,0.0129448932772482
57.29864025115967,0.011158431880176067,-0.00051757792243734,0.0149632960590141
57.35424470901489,0.011100015603005886,-0.0007049362757243216,0.0166542165746558
57.3998498916626,0.01108558475971222,-0.0005873058689758182,0.0185049683070643
57.44833707809448,0.012419155798852444,0.011121349409222603,0.0150483583008421
57.50410008430481,0.014051750302314758,0.017904505133628845,0.015547996549684
57.549583435058594,0.014491124078631401,0.01551113836467266,0.0161540210132321
57.59991407394409,0.014558433555066586,0.00882677361369133,0.0179175794788685
57.65512180328369,0.01436981838196516,0.003831296693533659,0.0204236680295369
57.69976282119751,0.014149067923426628,0.0005897883092984557,0.0193811314841001
57.74803352355957,0.014007513411343098,-0.0007620907854288816,0.0223188518716849
57.79796576499939,0.015229948796331882,0.010157819837331772,0.0252456222596504
57.85498118400574,0.0167996846139431,0.016927478834986687,0.0265441527848973
57.90435194969177,0.017277918756008148,0.01383815798908472,0.0322420770188025
57.95384335517883,0.01730216294527054,0.008478890173137188,0.0320731143786802
57.99880933761597,0.018503235653042793,0.016039438545703888,0.0360077422441539
58.0547137260437,0.01987590827047825,0.0186481736600399,0.0384396646728864
58.105571031570435,0.021895714104175568,0.02751571126282215,0.0430213938025148
58.1535382270813,0.023069147020578384,0.02555456943809986,0.0459858480295257
58.19798302650452,0.024654898792505264,0.03055223450064659,0.0454923648499107
58.247963666915894,0.02594509907066822,0.02827632427215576,0.047108609009646
58.29788637161255,0.02755131945014,0.030522746965289116,0.0503491251063825
58.34867238998413,0.028753938153386116,0.027581864967942238,0.0506657270918694
58.40471696853638,0.030653443187475204,0.030150091275572777,0.0536821579142121
58.455365896224976,0.03160670027136803,0.025431642308831215,0.044312792493025
58.50502371788025,0.03340483456850052,0.02986725978553295,0.047724751362774
58.555420875549316,0.03436773642897606,0.025336699560284615,0.0473425210886988
58.60537886619568,0.03617486357688904,0.029879847541451454,0.0489053078999019
58.65479493141174,0.03714384883642197,0.02539125643670559,0.0481075108900642
58.70456337928772,0.037253160029649734,0.016058621928095818,0.0407377354895149
58.75452399253845,0.03866640105843544,0.021276887506246567,0.0427173829893498
58.804892778396606,0.03955188766121864,0.019591299816966057,0.0423369204665735
58.854965686798096,0.039733897894620895,0.013145187869668007,0.0438032055000047
58.90463995933533,0.03956400230526924,0.006563478149473667,0.048308945662917
58.95558214187622,0.03929440304636955,0.0018493611132726073,0.0372666757848669
59.00468897819519,0.04076221585273743,0.013184667564928532,0.0365840932458646
59.054466247558594,0.041870348155498505,0.016463080421090126,0.0383619446616921
59.10536980628967,0.04228123277425766,0.013039462268352509,0.0376368669391669
59.15450716018677,0.042275913059711456,0.007771887816488743,0.0382015219538011
59.20442843437195,0.042095448821783066,0.003262229496613145,0.0306213458731691
59.25408959388733,0.04189341515302658,0.0003934302949346602,0.0321291008215849
59.29792594909668,0.041766420006752014,-0.0007740947767160833,0.0346784613826264
59.34785723686218,0.04166731610894203,-0.0012296411441639066,0.034660673913653
59.39778709411621,0.04162505269050598,-0.0010633728234097362,0.0362340395614994
59.448188066482544,0.041619282215833664,-0.0006817445391789079,0.0301189148503154
59.497700214385986,0.04163069278001785,-0.000320311461109668,0.0316282419388223
59.54802370071411,0.04164605960249901,-7.317210838664323e-05,0.0328368891070301
59.59790253639221,0.041658610105514526,5.315475209499709e-05,0.0342917247502394
59.64781427383423,0.04166629910469055,9.123940981226042e-05,0.0363204767053479
59.69973421096802,0.04166995361447334,7.574167830171064e-05,0.030908886430507
59.74807667732239,0.04167022183537483,5.264400169835426e-05,0.0317131256527602
59.79808497428894,0.041669417172670364,2.5325474780402146e-05,0.034371065307757
59.8480224609375,0.04166827350854874,6.319552539935103e-06,0.0363547275192837
59.89800715446472,0.04166731610894203,-3.597959448597976e-06,0.0384042774869587
59.94807958602905,0.04166672006249428,-6.7560649767983705e-06,0.0324506816039149
59.99800229072571,0.04166645184159279,-6.1206892496556975e-06,0.033713624139914
60.04805064201355,0.04166640341281891,-4.0606255424791016e-06,0.0352770504892088
60.099281311035156,0.041666459292173386,-1.9982783214800293e-06,0.0381503742656271
60.14792561531067,0.04166654497385025,-5.382016183830274e-07,0.0384145230406595
60.19766640663147,0.04166661575436592,2.39104053889605e-07,0.0340224980367671
60.25008201599121,0.0416666679084301,5.089966634841403e-07,0.0347246330390046
60.298256635665894,0.04166668280959129,4.6357789074136235e-07,0.0342938348152406
60.35053205490112,0.04166668653488159,2.798363425426942e-07,0.0357385447685187
60.40523386001587,0.04166668280959129,1.3079953475880757e-07,0.0373762570971144
60.45516300201416,0.041666675359010696,2.9266335133115717e-08,0.0336900759890154
60.50437951087952,0.0416666716337204,-2.2400397980959497e-08,0.0353671739860664
60.55524134635925,0.0416666679084301,-3.7783536299684783e-08,0.0374819665889139
60.60543751716614,0.0416666679084301,-3.326275432868897e-08,0.0413538457647673
60.655327796936035,0.0416666679084301,-2.161402434808224e-08,0.0445665602889319
60.7042498588562,0.0416666679084301,-1.0346376200232044e-08,0.0378556517259449
60.75533580780029,0.0416666679084301,-2.536322707413774e-09,0.0390791268809587
60.79926824569702,0.0416666679084301,9.71753344458648e-10,0.0414581862069678
60.84856367111206,0.0416666679084301,2.7053201900884005e-09,0.0441250904726899
60.89848828315735,0.04300156980752945,0.01148354634642601,0.0471042224230481
60.94870185852051,0.04444480687379837,0.018033314496278763,0.0392427283151915
60.99762034416199,0.04505743086338043,0.015539266169071198,0.039262131085634
61.04792046546936,0.045138221234083176,0.009935147128999233,0.0400054338133865
61.09895205497742,0.044969592243433,0.004649850074201822,0.0410192281277301
61.15078783035278,0.044702641665935516,0.0005481781554408371,0.0427630888714324
61.197736978530884,0.044561050832271576,-0.00079013203503564,0.0393200850935644
61.249573945999146,0.0444491021335125,-0.001338497968390584,0.0403923762864931
61.30033349990845,0.044396113604307175,-0.0011064033024013042,0.0432329563835717
61.355340003967285,0.04439378157258034,-0.0006809608894400299,0.0439131825989462
61.40538716316223,0.04440760985016823,-0.00030115555273368955,0.0462086626068222
61.44961977005005,0.04442109912633896,-9.055936970980838e-05,0.0400570603863953
61.50538516044617,0.0444372296333313,6.919450243003666e-05,0.0416835359082728
61.554091453552246,0.04444484785199165,0.0001003318393486552,0.0416833711769652
61.60539889335632,0.04444796219468117,8.420406811637804e-05,0.0431327907933073
61.65523052215576,0.044448256492614746,5.27271258761175e-05,0.0441903452131734
61.705270290374756,0.044447269290685654,2.3940703613334335e-05,0.0410452041731009
61.755226850509644,0.04614690691232681,0.013882359489798546,0.0409732967003471
61.80508899688721,0.045702554285526276,0.004150249529629946,0.039197241625456
61.85544419288635,0.044925492256879807,-0.0035180137492716312,0.0388756985823059
61.90545988082886,0.04445488005876541,-0.005744576919823885,0.0418107874519475
61.95509743690491,0.044252026826143265,-0.005009573418647051,0.0545481563582353
62.00538730621338,0.044222187250852585,-0.003232216229662299,0.0705331246120491
62.05505132675171,0.04597541689872742,0.012345438823103905,0.0866217551251085
62.10587525367737,0.049005746841430664,0.03154807537794113,0.104786868982173
62.15553903579712,0.054205287247896194,0.06055054813623428,0.122475797401403
62.2038516998291,0.058949436992406845,0.07367516309022903,0.135964421972107
62.25556230545044,0.06440556049346924,0.08777496218681335,0.15312802286489
62.30399799346924,0.07041344046592712,0.10048705339431763,0.170458239943255
62.35544419288635,0.07652327418327332,0.10889168083667755,0.184183535615609
62.40170741081238,0.08251426368951797,0.11300918459892273,0.196675131692638
62.45019721984863,0.090028315782547,0.1279798448085785,0.201663473513159
62.50103259086609,0.0986490398645401,0.14550180733203888,0.213566318057318
62.54827952384949,0.1048261746764183,0.148502916097641,0.22552737071766
62.598567724227905,0.11238312721252441,0.1508805900812149,0.237458240972467
62.647955894470215,0.11925255507230759,0.14582432806491852,0.2495439810737
62.69764065742493,0.12632623314857483,0.14554113149642944,0.256937745223898
62.7477605342865,0.1343095302581787,0.15240056812763214,0.269953612194337
62.79854941368103,0.14278140664100647,0.16028597950935364,0.282916016312324
62.847824573516846,0.15275506675243378,0.1777840405702591,0.297285852412017
62.89784121513367,0.16281859576702118,0.18779480457305908,0.311248395265893
62.948052406311035,0.17195971310138702,0.18666526675224304,0.314032769504386
62.99794816970825,0.18180786073207855,0.19261999428272247,0.328327087274461
63.047999143600464,0.19144515693187714,0.19339045882225037,0.343165619187619
63.09819722175598,0.20149195194244385,0.19818474352359772,0.357161649790638
63.147852420806885,0.2124783843755722,0.20831835269927979,0.37150759413715
63.1983687877655,0.2239002138376236,0.21775469183921814,0.378639407024863
63.251713275909424,0.23729483783245087,0.22067919373512268,0.394465955384214
63.29783892631531,0.24551840126514435,0.21586772799491882,0.410845393201885
63.3486168384552,0.2553837299346924,0.21025046706199646,0.428413472582722
63.39792442321777,0.26730218529701233,0.22391816973686218,0.444446144889135
63.44797229766846,0.27978819608688354,0.23532530665397644,0.451089954137609
63.49802541732788,0.2929934561252594,0.24888619780540466,0.466172243829125
63.54791831970215,0.30582356452941895,0.2529447376728058,0.479992717580931
63.598631620407104,0.3188720643520355,0.2582321763038635,0.492731660913279
63.647857427597046,0.3327135443687439,0.26752811670303345,0.505971059780219
63.698235273361206,0.3455706536769867,0.2643232047557831,0.5126531531672
63.74885392189026,0.358379602432251,0.26319870352745056,0.526428320554408
63.79825043678284,0.3706035315990448,0.2568361163139343,0.541445711938952
63.848105669021606,0.38313403725624084,0.2565609812736511,0.557314444742262
63.899205446243286,0.3966464698314667,0.2639840245246887,0.573261871339323
63.948182344436646,0.4106858968734741,0.27250415086746216,0.587726382238573
63.998281955718994,0.42490503191947937,0.2789979577064514,0.604161353648955
64.04854273796082,0.439103901386261,0.2827320396900177,0.620586991141095
64.09831166267395,0.4532034397125244,0.28420209884643555,0.636064229740757
64.14824366569519,0.46853411197662354,0.29576465487480164,0.652772414609556
64.19840741157532,0.4838978350162506,0.30177974700927734,0.665905146333851
64.2483880519867,0.4997245967388153,0.3101303279399872,0.683878471564063
64.29824757575989,0.5151132345199585,0.3105798661708832,0.700908469953664
64.34809470176697,0.5307575464248657,0.31399357318878174,0.717826734035214
64.39837574958801,0.5459290742874146,0.3112170100212097,0.733858922358949
64.44816851615906,0.5614051222801208,0.31307464838027954,0.745546258334148
64.4973087310791,0.5778131484985352,0.32138967514038086,0.760747587630859
64.54825758934021,0.5946925282478333,0.33001407980918884,0.775116546971299
64.59944820404053,0.6103748679161072,0.3247637152671814,0.789160785700748
64.64736819267273,0.62590491771698,0.32160887122154236,0.802252645845284
64.6979193687439,0.6421571969985962,0.3252997100353241,0.816598624088392
64.74792742729187,0.6588373184204102,0.33081716299057007,0.830653919560183
64.79911923408508,0.6756951212882996,0.33549627661705017,0.844941578899355
64.84918475151062,0.6912375688552856,0.32696738839149475,0.85944351656837
64.89803528785706,0.7066183686256409,0.32177606225013733,0.872376687471493
64.95252108573914,0.725429356098175,0.31905022263526917,0.879918670732696
64.99791431427002,0.7393805384635925,0.3299013078212738,0.891509767343611
65.04780507087708,0.7548813223838806,0.32329291105270386,0.904199734191633
65.09818315505981,0.7703161239624023,0.31999146938323975,0.916357736021575
65.14761710166931,0.7865377068519592,0.3240932822227478,0.927515142061739
65.19761395454407,0.8018885254859924,0.31865453720092773,0.926081059523003
65.24770784378052,0.8173226118087769,0.31720656156539917,0.937977168727035
65.29832673072815,0.8322720527648926,0.3114262819290161,0.949600355162838
65.34961080551147,0.8462510704994202,0.3004637360572815,0.961533185094523
65.39828038215637,0.8597917556762695,0.29050779342651367,0.974510991426311
65.44829487800598,0.8745830655097961,0.29537510871887207,0.953178592329919
65.4981198310852,0.8895735144615173,0.2986617386341095,0.965119327522508
65.54829859733582,0.9025368690490723,0.28379878401756287,0.977918958236769
65.60390830039978,0.9153245687484741,0.2517339885234833,0.992990971513443
65.65378737449646,0.9272826313972473,0.2469099909067154,1.00874966090447
65.7036862373352,0.9404857158660889,0.2536410689353943,1.0234486071434
65.75334143638611,0.9544180631637573,0.263309121131897,1.0361853535597
65.80317282676697,0.968647301197052,0.27139613032341003,1.04909710791584
65.85329842567444,0.982903003692627,0.27644646167755127,1.06099472142924
65.89789652824402,0.9947629570960999,0.28386780619621277,1.06857345191172
65.94854497909546,1.0088255405426025,0.28459712862968445,1.07748564402409
65.99836993217468,1.0214512348175049,0.27276256680488586,1.08299793127373
66.04828929901123,1.0339044332504272,0.2655060589313507,1.08807482105248
66.09838676452637,1.0458238124847412,0.2558649778366089,1.09480523837493
66.14803123474121,1.0581605434417725,0.25448206067085266,1.10279440422396
66.19800281524658,1.0702481269836426,0.25055965781211853,1.11802214411578
66.24835753440857,1.0814898014068604,0.24167250096797943,1.12007821513227
66.29808044433594,1.093669056892395,0.24476101994514465,1.12153986465301
66.34805631637573,1.1058659553527832,0.24557989835739136,1.12211944451882
66.39805364608765,1.1172982454299927,0.24016252160072327,1.12625542716616
66.44972252845764,1.1283714771270752,0.21430887281894684,1.13743428421332
66.49810671806335,1.1363985538482666,0.21061284840106964,1.13774917018994
66.54816555976868,1.146659255027771,0.21015717089176178,1.13602808124195
66.59936118125916,1.1561901569366455,0.20307642221450806,1.13125328511967
66.648508310318,1.1646064519882202,0.1902206838130951,1.12773986958864
66.69831943511963,1.1725252866744995,0.17867347598075867,1.13252792427961
66.74800491333008,1.1803542375564575,0.17105939984321594,1.13183151271016
66.79936170578003,1.1869574785232544,0.15585856139659882,1.13115894433329
66.84834456443787,1.1936144828796387,0.14833380281925201,1.1308007955589
66.89848351478577,1.199904203414917,0.13981838524341583,1.13146526558396
66.94827914237976,1.2053687572479248,0.12833952903747559,1.1212503727094
66.99850964546204,1.2105095386505127,0.11896061152219772,1.12054524725439
67.04840469360352,1.2156343460083008,0.11321630328893661,1.118753130511
67.09820246696472,1.2195433378219604,0.09921187907457352,1.11704403659086
67.14797401428223,1.2234857082366943,0.09224691987037659,1.11420576714368
67.19809818267822,1.2270337343215942,0.08385784924030304,1.07221804048629
67.24818420410156,1.2297345399856567,0.0722842887043953,1.06617351362384
67.29824757575989,1.2294282913208008,0.03977740928530693,1.06036439355091
67.34831190109253,1.227548599243164,0.00930833537131548,1.05372447934735
67.39790558815002,1.2260050773620605,-0.006350121460855007,1.04670134393996
67.44829559326172,1.2250558137893677,-0.011140553280711174,1.05240640482592
67.49810695648193,1.224636435508728,-0.00991571694612503,1.04615750899553
67.54813861846924,1.224564790725708,-0.006495343521237373,1.04032276161749
67.59807181358337,1.2233266830444336,-0.014627010561525822,1.03530587642452
67.64814710617065,1.2206887006759644,-0.03031802363693714,1.03145608820587
67.697988986969,1.218750238418579,-0.03314504027366638,1.04958416425619
67.74847435951233,1.2167954444885254,-0.03613348305225372,1.05425109770699
67.79823803901672,1.2154734134674072,-0.03186632692813873,1.06147823305417
67.84798264503479,1.2152612209320068,-0.02073373645544052,1.06831538314341
67.89799070358276,1.215582251548767,-0.009942700155079365,1.07444469797811
67.94830775260925,1.2160357236862183,-0.002453070832416415,1.08929358949038
67.99855089187622,1.217747688293457,0.012927410192787647,1.09550347192233
68.04869294166565,1.2194252014160156,0.02070915699005127,1.10321671587602
68.09857225418091,1.22147798538208,0.029439156875014305,1.11262886526796
68.14947700500488,1.2230216264724731,0.029567919671535492,1.12628576292462
68.19798517227173,1.2247780561447144,0.0324576161801815,1.15150648581614
68.24783730506897,1.227378010749817,0.04070715606212616,1.1669362318148
68.29813480377197,1.2303881645202637,0.04881950840353966,1.18103020219472
68.34895181655884,1.2348393201828003,0.06598465889692307,1.19774483458405
68.39827871322632,1.2406798601150513,0.08700528740882874,1.21656857509124
68.44797229766846,1.247026801109314,0.10351398587226868,1.24613193899389
68.49811267852783,1.2533572912216187,0.11327879875898361,1.26253852486486
68.54815697669983,1.2607890367507935,0.1288076639175415,1.27847440309502
68.59823322296143,1.2694065570831299,0.1472746580839157,1.29522848941053
68.6480143070221,1.2784442901611328,0.1615874171257019,1.31394680101898
68.69800901412964,1.28745436668396,0.1699499785900116,1.29406094276967
68.74809217453003,1.2962547540664673,0.17334029078483582,1.31269149927272
68.79909420013428,1.3034946918487549,0.1621442586183548,1.33374182435608
68.84821367263794,1.3104597330093384,0.1544806808233261,1.35721511019076
68.89822292327881,1.3181629180908203,0.15559232234954834,1.3808657699588
68.94815492630005,1.3276987075805664,0.17158730328083038,1.36501483650284
68.99814105033875,1.3389276266098022,0.19425596296787262,1.39070193917716
69.04851722717285,1.349506139755249,0.20164385437965393,1.41893859623523
69.10106205940247,1.360103964805603,0.19013692438602448,1.44796508219046
69.14845418930054,1.369718313217163,0.20805557072162628,1.47984326181844
69.19800615310669,1.3819291591644287,0.2236938625574112,1.48543022124567
69.24797058105469,1.3965387344360352,0.2539372444152832,1.51945830847369
69.3042562007904,1.4132283926010132,0.26419690251350403,1.55575796654824
69.34851169586182,1.4248604774475098,0.2738490402698517,1.59522260316475
69.39745426177979,1.4402517080307007,0.2900297939777374,1.63319132331759
69.4479444026947,1.458458662033081,0.32265010476112366,1.70117013104694
69.49787163734436,1.4786771535873413,0.3577413260936737,1.73762634713207
69.54764461517334,1.5021933317184448,0.4065850079059601,1.77612349349626
69.59943771362305,1.527117371559143,0.44556334614753723,1.81084098622831
69.64797782897949,1.5527293682098389,0.4754021465778351,1.84802919886279
69.69827270507812,1.578908920288086,0.49766674637794495,1.90908469630892
69.74860167503357,1.6049844026565552,0.510202944278717,1.94520356358315
69.79808378219604,1.6320359706878662,0.5264256000518799,1.98451898481452
69.84790325164795,1.6601688861846924,0.544501543045044,2.02538811612145
69.89796686172485,1.68999183177948,0.5695602893829346,2.06852249958323
69.94825410842896,1.719866156578064,0.5838038921356201,2.15979721404
69.99737477302551,1.7513643503189087,0.6072233319282532,2.20799592115737
70.0480637550354,1.7876676321029663,0.6607221364974976,2.25754931221328
70.09791541099548,1.8263410329818726,0.7099258899688721,2.30684830113645
70.14893889427185,1.8648169040679932,0.7378805875778198,2.36020717045579
70.19993185997009,1.910299301147461,0.7491203546524048,2.50621235625144
70.25385856628418,1.950028419494629,0.7661422491073608,2.56459866830629
70.30384111404419,1.9982273578643799,0.8454612493515015,2.62390243995044
70.35421776771545,2.047360897064209,0.8980073928833008,2.68077456119208
70.40383219718933,2.0965592861175537,0.930726945400238,2.74032831144005
70.4540479183197,2.1471283435821533,0.9616599678993225,2.88321742770556
70.50420141220093,2.1966326236724854,0.9712302684783936,2.94300672338107
70.55393242835999,2.255002021789551,1.0498746633529663,3.00016580814801
70.60398387908936,2.314969539642334,1.1071438789367676,3.05896270540219
70.65380835533142,2.373663902282715,1.1316193342208862,3.12430052655945
70.70398736000061,2.4308993816375732,1.1350129842758179,3.23572095886447
70.74786400794983,2.4792895317077637,1.1632859706878662,3.29995603968324
70.80060458183289,2.550572156906128,1.1792739629745483,3.36495076460723
70.84859991073608,2.6045258045196533,1.239345669746399,3.42969745832278
70.9048662185669,2.679015636444092,1.2421272993087769,3.49280506686251
70.94932579994202,2.734088182449341,1.290933609008789,3.57490128154335
71.00286197662354,2.80898380279541,1.2728134393692017,3.63737189380601
71.05250597000122,2.8760457038879395,1.2992150783538818,3.69595167203382
71.10135960578918,2.9423418045043945,1.3076504468917847,3.75414138374293
71.151202917099,3.00886869430542,1.3152226209640503,3.81190638585557
71.20042610168457,3.0757548809051514,1.322535753250122,3.87612725687552
71.25041937828064,3.1427295207977295,1.3275997638702393,3.9307266796453
71.30536460876465,3.209651470184326,1.3302289247512817,3.98902720477645
71.35392546653748,3.2764766216278076,1.3310542106628418,4.04251649573291
71.40536713600159,3.3432140350341797,1.3308721780776978,4.10051734297974
71.45390939712524,3.409893751144409,1.3303169012069702,4.15721480139771
71.50535845756531,3.4765450954437256,1.3297646045684814,4.2126128973251
71.55403518676758,3.5431888103485107,1.3293747901916504,4.26537698975511
71.59845399856567,3.599013328552246,1.3551853895187378,4.31825790718319
71.64849543571472,3.665666341781616,1.3550950288772583,4.36958804788674
71.69836831092834,3.73366117477417,1.366578221321106,4.41917958787395
71.74846529960632,3.8017690181732178,1.373165249824524,4.46781600476407
71.80513668060303,3.8799240589141846,1.3437151908874512,4.51685292288375
71.85405325889587,3.946603298187256,1.3380075693130493,4.56687259881818
71.90409278869629,4.011378288269043,1.3191404342651367,4.61697850396851
71.95395994186401,4.074865341186523,1.297882318496704,4.66596430791745
72.00405049324036,4.137923240661621,1.2818282842636108,4.71618311282368
72.05395531654358,4.201042175292969,1.2726798057556152,4.76347221845057
72.1035680770874,4.266112804412842,1.2830156087875366,4.81453606142546
72.15621829032898,4.330998420715332,1.287043571472168,4.85528282098979
72.20380091667175,4.393592834472656,1.271018385887146,4.89476953408143
72.25573420524597,4.456260681152344,1.2627192735671997,4.94902995957214
72.29809188842773,4.507908821105957,1.2755252122879028,4.99512889488803
72.35195422172546,4.580293655395508,1.247639775276184,5.04118787649689
72.40043091773987,4.642063140869141,1.2410328388214111,5.08559628985966
72.44879651069641,4.693247318267822,1.2572944164276123,5.13779690938603
72.5019760131836,4.763906478881836,1.2237826585769653,5.19351246374707
72.54842495918274,4.814803123474121,1.243460774421692,5.24250078773109
72.60194253921509,4.885509967803955,1.216698169708252,5.2813816687476
72.65597319602966,4.946475505828857,1.2162801027297974,5.33083875439817
72.70415377616882,5.005832195281982,1.202864408493042,5.37507820820363
72.75392198562622,5.0656867027282715,1.1994088888168335,5.41786677449122
72.79809951782227,5.1151251792907715,1.2147356271743774,5.46260132590037
72.85170936584473,5.182808876037598,1.177722692489624,5.50742918878057
72.89795732498169,5.2326507568359375,1.20417058467865,5.55228839990532
72.94844698905945,5.2906365394592285,1.1929653882980347,5.59180271311749
72.99793982505798,5.347803592681885,1.1810858249664307,5.6341404437871
73.05151462554932,5.413097381591797,1.1407326459884644,5.67719085528874
73.09851622581482,5.460654258728027,1.160295009613037,5.72240811526261
73.1481146812439,5.516984462738037,1.1538792848587036,5.76355692329899
73.20159840583801,5.5814995765686035,1.1204243898391724,5.79746586895511
73.24862432479858,5.627748012542725,1.1355010271072388,5.84016685907673
73.29823303222656,5.681588649749756,1.118618130683899,5.88344641166573
73.34794998168945,5.7340803146362305,1.0980736017227173,5.92527124652843
73.40145182609558,5.79448938369751,1.0589861869812012,5.96099468705089
73.44779300689697,5.839438438415527,1.083976149559021,5.99836351069538
73.50175023078918,5.900108337402344,1.0518643856048584,6.0362354366052
73.54798150062561,5.943469047546387,1.065680742263794,6.07583048976183
73.59952974319458,5.994292259216309,1.0522949695587158,6.11487445074286
73.64801168441772,6.044059753417969,1.036118984222412,6.15317375767089
73.69778656959534,6.093447208404541,1.0234880447387695,6.18415199606988
73.75301194190979,6.150872707366943,0.9956544637680054,6.22193030867312
73.79974865913391,6.1987996101379395,0.9794132113456726,6.26025425315025
73.85293984413147,6.245660305023193,0.9614399075508118,6.29415369250726
73.89864134788513,6.284651279449463,0.9686121344566345,6.32676336169428
73.94971132278442,6.338747978210449,0.9403938055038452,6.35721392862671
73.99794936180115,6.377936363220215,0.9562041759490967,6.38991543830025
74.04850006103516,6.4235687255859375,0.944250226020813,6.41465574735834
74.10050106048584,6.475046634674072,0.9067217707633972,6.43440584541272
74.14804220199585,6.511771202087402,0.9130816459655762,6.4367183298223
74.19765591621399,6.5529022216796875,0.8812918663024902,6.44216617049282
74.24807953834534,6.5913166999816895,0.8412526845932007,6.43247506379513
74.30393671989441,6.633012294769287,0.7755504250526428,6.41896090138386
74.35394072532654,6.665825366973877,0.7270675897598267,6.39758191585388
74.40565085411072,6.693968772888184,0.660463809967041,6.37342322208714
74.44862484931946,6.714254379272461,0.6107741594314575,6.37594089618028
74.49858474731445,6.736624240875244,0.5493398308753967,6.35165902843354
74.54839944839478,6.758825302124023,0.5112273693084717,6.32498408884548
74.59867596626282,6.779104232788086,0.47119688987731934,6.30044629803198
74.64863085746765,6.796078681945801,0.42050957679748535,6.27295465900348
74.6984293460846,6.8097710609436035,0.3636094033718109,6.26641063224223
74.74851989746094,6.820337772369385,0.30419617891311646,6.24420637105275
74.79848599433899,6.829282760620117,0.25606176257133484,6.21731174974895
74.85037922859192,6.837897300720215,0.2048877775669098,6.19365808405214
74.89971375465393,6.842904567718506,0.16292840242385864,6.16886470815737
74.94815254211426,6.845508575439453,0.13144445419311523,6.16479881837002
75.0006411075592,6.848830699920654,0.09635739028453827,6.14094634477109
75.0488977432251,6.850381374359131,0.07742533832788467,6.11439119162177
75.1032280921936,6.850589752197266,0.04312987998127937,6.08191079700787
75.14880204200745,6.848491668701172,0.011015589348971844,6.04790847568018
75.19914126396179,6.843242645263672,-0.03629502281546593,6.02477631189363
75.25334596633911,6.833180904388428,-0.09737061709165573,5.98218008438507
75.29921841621399,6.825971603393555,-0.12486346811056137,5.9348953752245
75.35091876983643,6.813777446746826,-0.16199232637882233,5.88776195962007
75.39897918701172,6.800958633422852,-0.216044619679451,5.83576884335808
75.45059251785278,6.78141450881958,-0.2661411762237549,5.81160763587921
75.49879622459412,6.763896942138672,-0.3249414563179016,5.7589426056601
75.54861450195312,6.7428107261657715,-0.3646490275859833,5.70495271729595
75.60093975067139,6.717186450958252,-0.3947715163230896,5.64779883373979
75.6497573852539,6.696369171142578,-0.4381336271762848,5.59378473436514
75.69871091842651,6.668752193450928,-0.4876137673854828,5.55244764493
75.75433111190796,6.6327290534973145,-0.5411730408668518,5.50541399086041
75.80421829223633,6.601822853088379,-0.5704290866851807,5.43952198772524
75.85397720336914,6.568803787231445,-0.6057549118995667,5.37964013785012
75.9038667678833,6.53265380859375,-0.6518488526344299,5.31580433044451
75.95406532287598,6.494965553283691,-0.6913523077964783,5.26733648753137
76.00427556037903,6.455384731292725,-0.7303814888000488,5.19328458713259
76.05393719673157,6.413281440734863,-0.7739925980567932,5.11420174893808
76.1043119430542,6.368313789367676,-0.8229939937591553,5.03886209838308
76.1541519165039,6.320361614227295,-0.8761502504348755,4.95742543797662
76.20412969589233,6.269434928894043,-0.9317235350608826,4.90592049298298
76.24923634529114,6.2245283126831055,-0.9982680678367615,4.82368012224027
76.29804348945618,6.170970916748047,-1.0330322980880737,4.73194959351972
76.34876918792725,6.114823341369629,-1.0773812532424927,4.6398782725259
76.3981511592865,6.055573463439941,-1.1279280185699463,4.53402124172034
76.4484281539917,5.992604732513428,-1.1892894506454468,4.44121345597879
76.49863076210022,5.925544261932373,-1.2588434219360352,4.30871693504596
76.54845905303955,5.855072021484375,-1.328048586845398,4.16818483598311
76.60064363479614,5.767769813537598,-1.3906580209732056,4.03048659403063
76.64811182022095,5.698781967163086,-1.5069562196731567,3.89175006566809
76.69868397712708,5.612462043762207,-1.605018973350525,3.79975164658469
76.74797201156616,5.5223188400268555,-1.6956552267074585,3.68196350396669
76.7991931438446,5.431345462799072,-1.755210280418396,3.57371929866824
76.84832763671875,5.339226722717285,-1.8020832538604736,3.49151211757339
76.89796352386475,5.245844841003418,-1.8399285078048706,3.41155330950165
76.94841480255127,5.152428150177002,-1.8628711700439453,3.3703321572401
76.99815773963928,5.059508800506592,-1.8727760314941406,3.31529408073387
77.04881739616394,4.968502044677734,-1.8627638816833496,3.26021314120209
77.098215341568,4.87938117980957,-1.842192530632019,3.22634546066005
77.14866137504578,4.791128635406494,-1.823154330253601,3.17543858254593
77.19830751419067,4.705728530883789,-1.7873693704605103,3.13578631707645
77.24877190589905,4.621717929840088,-1.7563585042953491,3.09104141594614
77.29809951782227,4.537228584289551,-1.7414782047271729,3.06035791536991
77.35385251045227,4.4398932456970215,-1.6904699802398682,3.02968537547177
77.40376782417297,4.3570332527160645,-1.6752190589904785,3.00327771859334
77.4480619430542,4.290422439575195,-1.675925850868225,2.96763629431005
77.49803233146667,4.213211536407471,-1.6335375308990479,2.93297656992529
77.5535523891449,4.123033046722412,-1.578726887702942,2.89877666914449
77.6040985584259,4.0454864501953125,-1.5657349824905396,2.85677304242831
77.65450668334961,3.9699137210845947,-1.5419671535491943,2.80982284482565
77.69806098937988,3.907566547393799,-1.551787257194519,2.76039666628518
77.7479236125946,3.833533763885498,-1.5334266424179077,2.70318181831091
77.79797673225403,3.758084297180176,-1.5345406532287598,2.64053228806102
77.8480429649353,3.6808979511260986,-1.5486308336257935,2.57917393541765
77.89825940132141,3.6028010845184326,-1.5641090869903564,2.5162544338517
77.94793605804443,3.5244109630584717,-1.575648307800293,2.4681676441139
77.99785161018372,3.446075677871704,-1.5821404457092285,2.40687910182336
78.04801344871521,3.3692612648010254,-1.5731077194213867,2.35116679943633
78.09845399856567,3.29274320602417,-1.566575050354004,2.26602367769962
78.14833164215088,3.216862678527832,-1.5565650463104248,2.12851019122802
78.19816613197327,3.1392951011657715,-1.5659409761428833,2.04423373802224
78.24841403961182,3.0552237033843994,-1.625321865081787,1.97163666987648
78.29838585853577,2.9669535160064697,-1.6921794414520264,1.94157790047215
78.34866642951965,2.879321575164795,-1.7261383533477783,1.91771481957877
78.39855551719666,2.796342134475708,-1.7081971168518066,1.9142388532012
78.44812154769897,2.7191033363342285,-1.6519192457199097,1.91401200697244
78.49816846847534,2.6467459201812744,-1.5793097019195557,1.94026279080869
78.54821062088013,2.579624652862549,-1.4930039644241333,1.9747926373071
78.59837770462036,2.517103433609009,-1.4045777320861816,1.99766770223738
78.64970636367798,2.4605941772460938,-1.3016324043273926,1.99380890377249
78.69847846031189,2.4082794189453125,-1.2075347900390625,1.98786027735105
78.74879264831543,2.356797933578491,-1.1447173357009888,1.97369978298906
78.79978322982788,2.304478168487549,-1.1135541200637817,1.94828111959054
78.84862995147705,2.2521910667419434,-1.0934613943099976,1.91883888647887
78.8985104560852,2.200228691101074,-1.0789124965667725,1.9040202197014
78.94909071922302,2.1481659412384033,-1.0709728002548218,1.89345885423899
78.99837160110474,2.0971860885620117,-1.0566776990890503,1.8961776835054
79.04827117919922,2.0487418174743652,-1.0273497104644775,1.8946896783175
79.09803247451782,2.003521203994751,-0.983700156211853,1.89625505225942
79.14825248718262,1.961685299873352,-0.930221438407898,1.900622219755
79.19789361953735,1.9217904806137085,-0.8831787705421448,1.89168991921697
79.24836945533752,1.884871244430542,-0.8296616077423096,1.88928920100682
79.30350399017334,1.8432246446609497,-0.7704132199287415,1.88737124182745
79.35381126403809,1.8079824447631836,-0.7434936761856079,1.8887963695574
79.40349316596985,1.7747218608856201,-0.7113164067268372,1.88395898380193
79.45346999168396,1.7425017356872559,-0.6839959025382996,1.86133506682132
79.50364184379578,1.7120985984802246,-0.6528512239456177,1.85861032575558
79.55353832244873,1.6826428174972534,-0.6268699169158936,1.79506799675579
79.60373973846436,1.653267502784729,-0.6106807589530945,1.76179987620996
79.65385484695435,1.620179295539856,-0.6311393976211548,1.74832687601377
79.70363259315491,1.5858906507492065,-0.6519399881362915,1.73691265304009
79.75348544120789,1.5532931089401245,-0.6506011486053467,1.72059563450295
79.80328750610352,1.5239322185516357,-0.6240547895431519,1.70986117822087
79.85356616973877,1.4949278831481934,-0.6061267256736755,1.71430091428936
79.9033854007721,1.468802571296692,-0.5716684460639954,1.73615232929914
79.95356822013855,1.4446696043014526,-0.5356262922286987,1.79087751770901
80.00368070602417,1.4228297472000122,-0.49557679891586304,1.85964155012666
80.05441093444824,1.4071747064590454,-0.4215846359729767,1.95641308229157
80.10369634628296,1.3987250328063965,-0.32010212540626526,2.00773052515739
80.1537356376648,1.3989118337631226,-0.19035445153713226,2.00479936492245
80.19835352897644,1.4023511409759521,-0.0987347960472107,1.93516997132963
80.24863028526306,1.4047454595565796,-0.042993854731321335,1.9461410340426
80.29839825630188,1.3978930711746216,-0.08572109043598175,1.99812797279707
80.34963750839233,1.3877661228179932,-0.13195447623729706,2.04713890845597
80.39851498603821,1.3807388544082642,-0.13453641533851624,2.09098536606654
80.45377659797668,1.38136625289917,-0.06480863690376282,2.08051732278535
80.498459815979,1.3866909742355347,0.001459095161408186,2.10935834689795
80.5485463142395,1.392398715019226,0.044981084764003754,2.13848450336688
80.59870791435242,1.398090124130249,0.0732683539390564,2.18118082399861
80.64845681190491,1.4059786796569824,0.10836391150951385,2.22119756906833
80.69864654541016,1.4167195558547974,0.15260154008865356,2.26185677173306
80.74842381477356,1.4305689334869385,0.2042975127696991,2.30502861497695
80.79827070236206,1.4462040662765503,0.24907247722148895,2.35182076848145
80.85379672050476,1.4680967330932617,0.3039489686489105,2.40084010135533
80.90412378311157,1.4892895221710205,0.3510253429412842,2.4512341223256
80.9486677646637,1.5085917711257935,0.3960435092449188,2.48520344704158
80.99869918823242,1.5338773727416992,0.4432086646556854,2.53132030108519
81.04829978942871,1.56055748462677,0.48224538564682007,2.58528114716546
81.0983338356018,1.5873383283615112,0.5064133405685425,2.6323359538704
81.14823722839355,1.616310715675354,0.5401661396026611,2.68494322130593
81.19820761680603,1.6489205360412598,0.5896660685539246,2.71723375556279
81.2480001449585,1.6837406158447266,0.6364058256149292,2.76588664489848
81.2983250617981,1.7190642356872559,0.6683019995689392,2.8146284621571
81.34773921966553,1.755354404449463,0.6960504055023193,2.86390566859354
81.39868664741516,1.7924569845199585,0.7189547419548035,2.9200218376259
81.44910097122192,1.8309494256973267,0.7445866465568542,2.9631608698237
81.49843287467957,1.8719371557235718,0.7803958058357239,3.02099161335303
81.54847598075867,1.9146373271942139,0.8150847554206848,3.07601531281971
81.59860754013062,1.959097146987915,0.8506351709365845,3.13266778586748
81.64845561981201,2.004754066467285,0.8811861872673035,3.18647614175738
81.69905424118042,2.0518994331359863,0.912162721157074,3.23316096963869
81.74782299995422,2.100153684616089,0.939291775226593,3.28411619539326
81.7984926700592,2.149911642074585,0.9683353900909424,3.33578381445428
81.85393929481506,2.2091848850250244,0.9795201420783997,3.39321725143048
81.9041862487793,2.2603070735931396,0.9951678514480591,3.44423830523393
81.95404934883118,2.312843084335327,1.0162042379379272,3.48187144170338
82.00440239906311,2.3662705421447754,1.0356967449188232,3.5339200992949
82.0542094707489,2.4181854724884033,1.034954309463501,3.58099619716627
82.10432696342468,2.4703786373138428,1.03739333152771,3.62814792197114
82.15453338623047,2.524782180786133,1.056670069694519,3.6773013260173
82.20418787002563,2.580681562423706,1.0797795057296753,3.69446993433669
82.25430393218994,2.637115240097046,1.0977551937103271,3.74126137553905
82.3041741847992,2.690117359161377,1.0805400609970093,3.79028405601631
82.35414361953735,2.7437455654144287,1.0765297412872314,3.8428841974882
82.40440011024475,2.7986438274383545,1.0839422941207886,3.89571712901549
82.45423102378845,2.8559744358062744,1.1079150438308716,3.92302230887708
82.50429797172546,2.914851665496826,1.134229302406311,3.97357894894305
82.5505440235138,2.9708244800567627,1.126084804534912,4.01980304641479
82.60434222221375,3.027590751647949,1.1288037300109863,4.06582888736215
82.6484637260437,3.0761189460754395,1.1602762937545776,4.10099585800507
82.69782066345215,3.1333255767822266,1.1606404781341553,4.12272656537473
82.74789953231812,3.1906745433807373,1.1631274223327637,4.16444560832213
82.79800033569336,3.2474915981292725,1.1593378782272339,4.20641172206143
82.84856414794922,3.3032593727111816,1.148958683013916,4.24938996922232
82.89779591560364,3.3585193157196045,1.1388176679611206,4.29155026830661
82.94784355163574,3.414985418319702,1.1432268619537354,4.33993708060453
82.99984216690063,3.4807753562927246,1.1240129470825195,4.38601917170226
83.04864048957825,3.5289101600646973,1.153875708580017,4.43577803460003
83.10189771652222,3.59676194190979,1.1462490558624268,4.48041954882781
83.15049409866333,3.6555564403533936,1.156559705734253,4.52465109820455
83.20394229888916,3.7126638889312744,1.148965835571289,4.5636968119559
83.25425219535828,3.7700817584991455,1.1475481986999512,4.59572799710946
83.30396246910095,3.8281195163726807,1.1514899730682373,4.63498680379313
83.35339188575745,3.884805917739868,1.1426763534545898,4.67616038695106
83.39818120002747,3.931400775909424,1.1531503200531006,4.70964469583578
83.44819593429565,3.9865379333496094,1.1403793096542358,4.75010527076307
83.50449061393738,4.050467014312744,1.1088855266571045,4.79025086702231
83.5553457736969,4.1073150634765625,1.1191291809082031,4.82167282581258
83.60445499420166,4.162193298339844,1.1085788011550903,4.85507407372713
83.64864134788513,4.208000659942627,1.12401282787323,4.88279876027047
83.70401954650879,4.270261287689209,1.0864523649215698,4.92818544690678
83.74980330467224,4.322690010070801,1.0700688362121582,4.95115598008984
83.79804134368896,4.367713928222656,1.09196937084198,4.97873286711187
83.85011720657349,4.428262710571289,1.0552750825881958,4.99988593382924
83.89804434776306,4.471496105194092,1.0669116973876953,5.01931389283885
83.9479911327362,4.520844459533691,1.040469765663147,5.05575903440886
83.99865698814392,4.569077014923096,1.0171738862991333,5.06433463416777
84.04956412315369,4.617807865142822,1.0070626735687256,5.06640756149065
84.09783339500427,4.665786266326904,0.9940229058265686,5.05766540523422
84.14801526069641,4.710100173950195,0.9555546045303345,5.04605662523469
84.19779634475708,4.7511749267578125,0.9074746370315552,5.04931139205167
84.25158214569092,4.794029235839844,0.8196033835411072,5.03258812330798
84.29820346832275,4.824042797088623,0.7991104125976562,5.00642984438337
84.34790086746216,4.856448650360107,0.7420749664306641,4.98945819871998
84.3994607925415,4.885565757751465,0.6824889779090881,4.9663026398007
84.44935774803162,4.912372589111328,0.6277644038200378,4.974134455485
84.49952363967896,4.93669319152832,0.5745943188667297,4.95007759344979
84.54935193061829,4.961037635803223,0.544086217880249,4.93525303251833
84.60043144226074,4.987724304199219,0.4989554286003113,4.90991148083551
84.64867353439331,5.005635738372803,0.48323044180870056,4.89289163570763
84.69900369644165,5.023928642272949,0.4379088282585144,4.89012497433643
84.75096607208252,5.041835308074951,0.3748484253883362,4.87639825069798
84.7986810207367,5.054224491119385,0.35432299971580505,4.85885556648308
84.85206317901611,5.069894313812256,0.3121386170387268,4.84371047010936
84.90215516090393,5.080896854400635,0.27498453855514526,4.82779982905288
84.95117735862732,5.0907158851623535,0.24357865750789642,4.8319654636028
85.00200414657593,5.098709583282471,0.20992043614387512,4.81817488158328
85.05279088020325,5.107508182525635,0.1967073529958725,4.80418804234054
85.0980384349823,5.11453914642334,0.1901707798242569,4.77765978037983
85.15142798423767,5.122061729431152,0.16005446016788483,4.75193955758001
85.19974946975708,5.125265121459961,0.12138878554105759,4.75071938943218
85.2509970664978,5.1268439292907715,0.08566806465387344,4.71149485081041
85.29893255233765,5.127928256988525,0.06650293618440628,4.68184827835175
85.35536193847656,5.126227855682373,0.021859245374798775,4.64336001407409
85.40466618537903,5.122346878051758,-0.017626747488975525,4.6108191618445
85.45377659797668,5.116227626800537,-0.05931320786476135,4.57851322558807
85.5038731098175,5.107402324676514,-0.10593949258327484,4.53434621308055
85.55397486686707,5.097351551055908,-0.14334706962108612,4.494965078188
85.60550951957703,5.0855817794799805,-0.179778054356575,4.4507582596431
85.65542936325073,5.071353435516357,-0.22133766114711761,4.41210196069953
85.70391488075256,5.055960655212402,-0.2552407383918762,4.36997116100528
85.75534844398499,5.038812160491943,-0.2898555099964142,4.33181511228315
85.80385088920593,5.019137859344482,-0.3308469355106354,4.29313986854266
85.85394096374512,4.9982380867004395,-0.364877849817276,4.24494591156774
85.90414071083069,4.977243900299072,-0.38599956035614014,4.20030496229265
85.9538402557373,4.953260898590088,-0.4232157766819,4.13656977630591
86.00397491455078,4.927270889282227,-0.4610261917114258,4.08569190871076
86.05400800704956,4.899017810821533,-0.5019063353538513,4.03684283113923
86.10394024848938,4.868021011352539,-0.5483335852622986,3.98946275066499
86.15395450592041,4.835768222808838,-0.5858585238456726,3.94124713901145
86.20395135879517,4.8017778396606445,-0.6225045323371887,3.89459208919826
86.25415229797363,4.767021656036377,-0.6503806710243225,3.84473887889322
86.30390930175781,4.732356071472168,-0.6663796901702881,3.79358375734666
86.35393524169922,4.696418285369873,-0.6865332126617432,3.73948679271061
86.40418457984924,4.657968521118164,-0.7187568545341492,3.68359040044051
86.45387125015259,4.616401672363281,-0.7628812789916992,3.6295053960637
86.5043249130249,4.573262691497803,-0.8014720678329468,3.57157601340329
86.55402183532715,4.529886722564697,-0.8264252543449402,3.5135636674945
86.6038978099823,4.485208988189697,-0.8521687388420105,3.45910327505345
86.65437054634094,4.439826488494873,-0.873040497303009,3.40350851952472
86.70393085479736,4.392718315124512,-0.8996155261993408,3.34762513986946
86.75416994094849,4.344623565673828,-0.923160970211029,3.2942425016491
86.79797530174255,4.3028950691223145,-0.9660446047782898,3.23805946511859
86.84877634048462,4.252030372619629,-0.9929178953170776,3.17453298398256
86.89791250228882,4.199548244476318,-1.02268385887146,3.10810130086654
86.9486083984375,4.145838737487793,-1.0500051975250244,3.05549490392449
86.99795293807983,4.090545654296875,-1.0797817707061768,2.99040056962562
87.04798793792725,4.034049034118652,-1.1069228649139404,2.92606898359901
87.09792828559875,3.9759819507598877,-1.1364901065826416,2.86627223057763
87.1481420993805,3.916715621948242,-1.1634727716445923,2.81161273396539
87.1981132030487,3.857213020324707,-1.1814656257629395,2.77221042732006
87.24817562103271,3.79795241355896,-1.190377950668335,2.70966057752974
87.30358791351318,3.7295238971710205,-1.1700764894485474,2.64936785639733
87.35389542579651,3.6693074703216553,-1.1825590133666992,2.58849115295455
87.40363693237305,3.608013868331909,-1.1983606815338135,2.53044301959774
87.45359396934509,3.546316385269165,-1.2109503746032715,2.513853409681
87.50365233421326,3.484619140625,-1.2184929847717285,2.4577015130922
87.55363965034485,3.4247939586639404,-1.2078098058700562,2.40302138934127
87.60362100601196,3.3647196292877197,-1.2040690183639526,2.34585256882528
87.65376114845276,3.304015874862671,-1.2066913843154907,2.28980528292336
87.70372724533081,3.241224765777588,-1.22512686252594,2.27204427526612
87.75370931625366,3.1787071228027344,-1.2333271503448486,2.21458094858999
87.80355167388916,3.1169369220733643,-1.2324620485305786,2.15736330729867
87.85383486747742,3.0556771755218506,-1.228001356124878,2.10611494898346
87.90382933616638,2.992976665496826,-1.2371954917907715,2.05544634039994
87.95333552360535,2.9307973384857178,-1.2379432916641235,2.02472673655556
88.0030107498169,2.867671251296997,-1.2464407682418823,1.96008275036192
88.04818725585938,2.8168013095855713,-1.2577414512634277,1.90249698394582
88.09801721572876,2.7554168701171875,-1.2548280954360962,1.85321493841858
88.1477563381195,2.6909689903259277,-1.277923345565796,1.80511366419723
88.19778609275818,2.6254518032073975,-1.2988560199737549,1.78252529341898
88.24789023399353,2.5604114532470703,-1.3077137470245361,1.72857972122416
88.29776382446289,2.49858021736145,-1.2858872413635254,1.6751715080966
88.3475615978241,2.437373638153076,-1.2703180313110352,1.6275586280141
88.39754438400269,2.3747386932373047,-1.2720266580581665,1.58728441828256
88.44784092903137,2.3124654293060303,-1.2690867185592651,1.57633851969527
88.49799084663391,2.2511401176452637,-1.260000228881836,1.54273446835634
88.54938912391663,2.191614866256714,-1.2394788265228271,1.50440830896089
88.59861421585083,2.1336569786071777,-1.2150707244873047,1.46369372988724
88.65445017814636,2.0669758319854736,-1.1705800294876099,1.41686241358118
88.70432114601135,2.0094916820526123,-1.161010980606079,1.40081851755521
88.75405812263489,1.95171320438385,-1.1575535535812378,1.36040488155612
88.80427050590515,1.8953481912612915,-1.1438249349594116,1.32070240459774
88.85478448867798,1.8400404453277588,-1.127428650856018,1.27006619030275
88.90387296676636,1.785109043121338,-1.1146959066390991,1.2164336573439
88.95425605773926,1.7284541130065918,-1.1211200952529907,1.18033914275877
89.00408792495728,1.672056794166565,-1.1222435235977173,1.13322517972631
89.05486583709717,1.616235613822937,-1.1184654235839844,1.08875574749131
89.1042332649231,1.5590357780456543,-1.1275887489318848,1.04746886276767
89.14844512939453,1.5115634202957153,-1.1502605676651,1.0111429554323
89.19769358634949,1.4555776119232178,-1.1452058553695679,0.993473233083994
89.24794363975525,1.4000775814056396,-1.1384226083755493,0.961673895870267
89.29804229736328,1.3461024761199951,-1.1214063167572021,0.929405647667524
89.34840178489685,1.2935794591903687,-1.0999900102615356,0.906861304506324
89.39842963218689,1.2429332733154297,-1.071485996246338,0.886107169501723
89.4481840133667,1.1923924684524536,-1.054760456085205,0.875103591722118
89.49816465377808,1.1434575319290161,-1.0299943685531616,0.858254249989618
89.54843473434448,1.096614122390747,-0.9989914894104004,0.844358533349899
89.59822225570679,1.0518828630447388,-0.9629257917404175,0.830515642410771
89.64828062057495,1.0085866451263428,-0.930226743221283,0.820705774189472
89.69834399223328,0.9655638337135315,-0.908521831035614,0.807167404013619
89.74790740013123,0.9235761165618896,-0.886349618434906,0.798395546221163
89.79839730262756,0.8839111924171448,-0.8539472818374634,0.78771839251257
89.84901165962219,0.8459137678146362,-0.8216460943222046,0.779236503752393
89.89835619926453,0.8083636164665222,-0.7988362312316895,0.769633133826906
89.94796967506409,0.7719466686248779,-0.7752439975738525,0.761970530384673
89.99793863296509,0.7378895878791809,-0.7417036890983582,0.759353017354627
90.04754519462585,0.705500602722168,-0.7087172865867615,0.759994516166525
90.09759187698364,0.6735435128211975,-0.6856143474578857,0.761692698928832
90.14755821228027,0.6427022218704224,-0.6619815826416016,0.769442456276043
90.19928407669067,0.6142075657844543,-0.6285197734832764,0.777497016918055
90.2476224899292,0.588708221912384,-0.5841555595397949,0.793780422344373
90.29797172546387,0.565081000328064,-0.543106198310852,0.814384044597118
90.34990119934082,0.5415133237838745,-0.474187970161438,0.840855612352408
90.39744114875793,0.5264897346496582,-0.4425804913043976,0.866005405858613
90.44746112823486,0.5104598999023438,-0.3960644602775574,0.889057556429796
90.49750471115112,0.4968811273574829,-0.34808415174484253,0.924226471434789
90.54752278327942,0.4860416352748871,-0.2969997823238373,0.965254640149118
90.59776997566223,0.4780749976634979,-0.24302281439304352,1.00501533007225
90.6475784778595,0.4730101525783539,-0.18708916008472443,1.04340953675929
90.69787502288818,0.4694881737232208,-0.14165224134922028,1.06538201187639
90.74769926071167,0.4686962366104126,-0.09099502116441727,1.09721173417144
90.79884266853333,0.47020384669303894,-0.042872123420238495,1.13198216409489
90.84787249565125,0.4735817313194275,0.0015823714202269912,1.16351283653826
90.89776754379272,0.47803249955177307,0.03650977462530136,1.1898823857441
90.9478325843811,0.4851192831993103,0.08014311641454697,1.19652760028048
90.99765110015869,0.49326375126838684,0.11329285800457001,1.21067112420881
91.04813170433044,0.5019804835319519,0.13874560594558716,1.2179805558803
91.09770798683167,0.5099475979804993,0.14703550934791565,1.22808640595933
91.14766716957092,0.5177714824676514,0.15206418931484222,1.23671359654422
91.19772148132324,0.5261380672454834,0.15927071869373322,1.24200925463336
91.2478654384613,0.5347253084182739,0.16529418528079987,1.24826137606142
91.29791355133057,0.5446668863296509,0.18053682148456573,1.25174277365394
91.34841561317444,0.5546450614929199,0.18878473341464996,1.25537131411483
91.39772319793701,0.5650381445884705,0.19810087978839874,1.25769489018107
91.44773459434509,0.5749369263648987,0.19869527220726013,1.25439596736624
91.4976499080658,0.5850483775138855,0.20186299085617065,1.24126271942047
91.54776668548584,0.594662070274353,0.19874650239944458,1.2207315589833
91.59760808944702,0.6032355427742004,0.1888405680656433,1.20555772781956
91.64746427536011,0.6099621653556824,0.16746580600738525,1.19146577497513
91.69779062271118,0.6164426803588867,0.15392425656318665,1.14141121199899
91.74783873558044,0.6224801540374756,0.14121919870376587,1.07338485889587
91.80401968955994,0.6251319646835327,0.09526021033525467,1.00103965691555
91.8540551662445,0.620817244052887,0.02226751483976841,0.931630237400793
91.9040117263794,0.6114153265953064,-0.06151299923658371,0.864721838469052
91.95357894897461,0.5999458432197571,-0.12769006192684174,0.810592933970609
92.00374007225037,0.5868149995803833,-0.18091413378715515,0.761504936120361
92.05367660522461,0.5716482996940613,-0.22927115857601166,0.726191402272273
92.1049633026123,0.5557705760002136,-0.2637398838996887,0.706440224596905
92.15372037887573,0.5401727557182312,-0.28223010897636414,0.686244503060001
92.2036190032959,0.5268945693969727,-0.27465036511421204,0.678004665562588
92.25371193885803,0.5154553651809692,-0.2558973729610443,0.661957038670768
92.30406141281128,0.5048930048942566,-0.2378857582807541,0.651658125723997
92.35372638702393,0.4928413927555084,-0.23933526873588562,0.648174940699668
92.40381026268005,0.4811006486415863,-0.2370678186416626,0.645699707343544
92.45502996444702,0.4715973436832428,-0.21768532693386078,0.644520113761838
92.5050196647644,0.46190568804740906,-0.2082611620426178,0.637676374775604
92.55503535270691,0.4531993567943573,-0.19426627457141876,0.631438621346925
92.60489058494568,0.44524085521698,-0.18010202050209045,0.626863625829962
92.6549243927002,0.4357893168926239,-0.18388648331165314,0.62700926997918
92.70508527755737,0.4266989529132843,-0.18262898921966553,0.632913870227298
92.75387573242188,0.4199046790599823,-0.16339854896068573,0.640502791318865
92.80342435836792,0.4129670560359955,-0.15371787548065186,0.645734357490107
92.84897947311401,0.4092691242694855,-0.13315564393997192,0.647606447075886
92.89915180206299,0.4054451584815979,-0.11167005449533463,0.650240194894081
92.94759821891785,0.40108776092529297,-0.10291833430528641,0.655094829320472
92.99777698516846,0.3974883556365967,-0.09064920991659164,0.659730958222359
93.04767537117004,0.39357060194015503,-0.08692576736211777,0.665238493040802
93.09943532943726,0.38991910219192505,-0.08146920055150986,0.673560485246154
93.14766120910645,0.3884255588054657,-0.0603560172021389,0.683416692155877
93.19882035255432,0.3874046206474304,-0.04522167518734932,0.699581817648863
93.24767589569092,0.38695085048675537,-0.03060227818787098,0.716473277116237
93.29774498939514,0.3886600136756897,-0.003960767295211554,0.735700514964216
93.34927535057068,0.3920544385910034,0.025025323033332825,0.757035941557221
93.39770030975342,0.3959839940071106,0.0465284027159214,0.781581740530555
93.44789052009583,0.4011387526988983,0.07004848122596741,0.803858081937358
93.49765729904175,0.4087202548980713,0.1040620282292366,0.82802780334144
93.5485167503357,0.416671484708786,0.1261313259601593,0.852491419381834
93.59965753555298,0.42639774084091187,0.14319202303886414,0.878371958887331
93.6486599445343,0.43519294261932373,0.16950930655002594,0.90442712400735
93.69873833656311,0.4469636082649231,0.19719679653644562,0.92246301902873
93.74880051612854,0.4605288505554199,0.22882221639156342,0.947441205163049
93.79840230941772,0.4740701913833618,0.24641887843608856,0.972257989553503
93.84873485565186,0.48777103424072266,0.2593627870082855,0.996503422504451
93.89861297607422,0.5033838748931885,0.28306204080581665,1.02264392791137
93.94872665405273,0.5192363262176514,0.2979453206062317,1.03870780313934
93.99877977371216,0.5354965925216675,0.31118273735046387,1.06037704411649
94.04876804351807,0.5525033473968506,0.3248825967311859,1.08589447211919
94.09872007369995,0.5710623860359192,0.3462548851966858,1.10963784557552
94.14882159233093,0.5896590352058411,0.35818323493003845,1.13002189082839
94.19876861572266,0.6085875630378723,0.36906304955482483,1.14218601162582
94.24885201454163,0.6282624006271362,0.38134878873825073,1.16220277247741
94.29831767082214,0.6481866240501404,0.39063790440559387,1.1804326323591
94.34828543663025,0.6680764555931091,0.3959375023841858,1.20019722487136
94.3983359336853,0.6891562342643738,0.40947675704956055,1.2202551423098
94.44854545593262,0.710195004940033,0.41610389947891235,1.23499138491411
94.4983901977539,0.7316304445266724,0.424308180809021,1.24957190776376
94.54840588569641,0.7525839805603027,0.4243321418762207,1.27414277702509
94.59850692749023,0.7737719416618347,0.4273262321949005,1.28467567428714
94.64847373962402,0.7958164215087891,0.43573883175849915,1.29188258645362
94.6984794139862,0.8169416189193726,0.4325074851512909,1.27771282655187
94.74832725524902,0.836730420589447,0.4202446937561035,1.28218311991424
94.79869413375854,0.8558511734008789,0.4077345132827759,1.27960400054961
94.84844541549683,0.8734480738639832,0.3872948884963989,1.27553937788628
94.89842462539673,0.8896714448928833,0.36443400382995605,1.27920713958405
94.94868993759155,0.9054413437843323,0.34723201394081116,1.29060494791164
94.99857521057129,0.9212810397148132,0.3374643623828888,1.27138117211939
95.04853129386902,0.9387272000312805,0.34519338607788086,1.25346381463904
95.09850788116455,0.9538895487785339,0.32867276668548584,1.24639785412563
95.14884305000305,0.9668689370155334,0.3030726909637451,1.26651601815471
95.19885683059692,0.9783070683479309,0.27465561032295227,1.31715277447473
95.24886584281921,0.9912105798721313,0.27128833532333374,1.37287640505551
95.29885697364807,1.0080807209014893,0.30109137296676636,1.4239060461652
95.34885096549988,1.0291773080825806,0.3527766764163971,1.47583074438409
95.3988983631134,1.0541868209838867,0.4151507616043091,1.52764767821107
95.45376753807068,1.0875675678253174,0.48147863149642944,1.5714821241856
95.50395560264587,1.1161493062973022,0.5159646272659302,1.6295822921354
95.5539562702179,1.1449902057647705,0.539364218711853,1.7025662035251
95.60409927368164,1.175551414489746,0.5674124360084534,1.77849360012921
95.65508317947388,1.210463523864746,0.6193082332611084,1.8523268061809
95.70375919342041,1.2497152090072632,0.6846718192100525,1.89635169448805
95.75385642051697,1.2909237146377563,0.7389568090438843,1.95389740388473
95.80379056930542,1.3322843313217163,0.7726593017578125,2.01204711353318
95.85399031639099,1.3729866743087769,0.7877658605575562,2.07063396302985
95.90407633781433,1.4145798683166504,0.8044360876083374,2.12249066940954
95.95383501052856,1.4584940671920776,0.8330944180488586,2.1629451648397
96.00408291816711,1.5020684003829956,0.846904993057251,2.20834859536123
96.05424356460571,1.546420931816101,0.8619270920753479,2.2562908432105
96.09842491149902,1.584017038345337,0.8903533816337585,2.29906034979743
96.14840841293335,1.629055142402649,0.9002038240432739,2.34051898017663
96.19828701019287,1.6753296852111816,0.9168280959129333,2.37871909423834
96.24852323532104,1.7215259075164795,0.9250156283378601,2.42677473774817
96.29827308654785,1.768056869506836,0.9336769580841064,2.47194640011484
96.35024929046631,1.823125958442688,0.9287269711494446,2.52182774129001
96.39826965332031,1.863024115562439,0.9542245268821716,2.56459513406565
96.44818902015686,1.9106707572937012,0.9597989320755005,2.59979507322292
96.49809861183167,1.9581971168518066,0.9622100591659546,2.64291867331562
96.54861831665039,2.0055835247039795,0.9625729322433472,2.68856541470776
96.59870409965515,2.054197311401367,0.9734438061714172,2.73181649667584
96.6480884552002,2.1041922569274902,0.9906290173530579,2.77968614567781
96.69901180267334,2.153439998626709,0.9939844608306885,2.8195354583789
96.74825024604797,2.2026584148406982,0.9969371557235718,2.87119578864257
96.79825329780579,2.2525475025177,1.0038886070251465,2.91648093015744
96.84805965423584,2.304088830947876,1.0219892263412476,2.96591613218711
96.89822840690613,2.3558127880096436,1.0330778360366821,3.0129625177363
96.94797158241272,2.4079904556274414,1.044395923614502,3.05722658312458
96.99863624572754,2.45965576171875,1.0460506677627563,3.11044805603189
97.04814743995667,2.5114970207214355,1.049569010734558,3.16079607298506
97.0981752872467,2.564141273498535,1.0578827857971191,3.21549559664897
97.14807724952698,2.6171653270721436,1.0658007860183716,3.26217436035675
97.19815587997437,2.6716136932373047,1.0827183723449707,3.30748879229352
97.24803376197815,2.7261102199554443,1.0920580625534058,3.35313884585003
97.29803681373596,2.779669761657715,1.0904152393341064,3.40697783632115
97.34815621376038,2.8339381217956543,1.0960739850997925,3.45548586508547
97.39826560020447,2.8893380165100098,1.1082109212875366,3.51222643966595
97.44844961166382,2.9439291954040527,1.1080642938613892,3.55611038718476
97.49828052520752,2.9985268115997314,1.1091959476470947,3.61097224232334
97.54827737808228,3.0538620948791504,1.1155725717544556,3.66154854254475
97.59805870056152,3.1109097003936768,1.133793592453003,3.7179380905923
97.64803767204285,3.168179750442505,1.1452637910842896,3.77758938956097
97.69863867759705,3.224588632583618,1.1454797983169556,3.82283545933438
97.74791193008423,3.28171706199646,1.1523383855819702,3.88147777985752
97.79844307899475,3.3399577140808105,1.1650443077087402,3.94009409456638
97.84809708595276,3.398697853088379,1.1765153408050537,4.0029065945367
97.8980188369751,3.457530975341797,1.1841071844100952,4.05544344361166
97.9484453201294,3.517592430114746,1.1993157863616943,4.10349044486947
97.99839663505554,3.577601671218872,1.2068581581115723,4.15498805069725
98.04844951629639,3.6366443634033203,1.2039068937301636,4.21146285181639
98.10401463508606,3.7045164108276367,1.173282504081726,4.26111569350214
98.1538360118866,3.7643258571624756,1.1813334226608276,4.31494012798458
98.2036702632904,3.823657989501953,1.1817351579666138,4.35365371322442
98.24851155281067,3.872786283493042,1.2004307508468628,4.40488232031088
98.29844903945923,3.931070327758789,1.194195032119751,4.46434562571886
98.35390019416809,3.9986014366149902,1.1655718088150024,4.52024371158109
98.40378952026367,4.058411121368408,1.1767144203186035,4.57439220652523
98.45386338233948,4.1178483963012695,1.1797798871994019,4.62566267990383
98.503671169281,4.178285121917725,1.190076231956482,4.67733045891639
98.54804396629333,4.228233337402344,1.2126749753952026,4.73406560941668
98.59798526763916,4.2883477210998535,1.2168437242507935,4.7861111833343
98.64835453033447,4.349330902099609,1.2260555028915405,4.84103348855241
98.69997215270996,4.420718193054199,1.2123160362243652,4.88075851759268
98.7488009929657,4.472201347351074,1.2406065464019775,4.93314252093105
98.79849982261658,4.530942916870117,1.2206330299377441,4.9831847427799
98.84794569015503,4.58935022354126,1.208419919013977,5.03627313989011
98.89788699150085,4.647980690002441,1.2016578912734985,5.08597519032774
98.948007106781,4.7074995040893555,1.2056398391723633,5.12540702014717
98.9978301525116,4.76831579208374,1.218050241470337,5.17404689077756
99.04800319671631,4.827098846435547,1.207440733909607,5.22737862662449
99.1041886806488,4.893795967102051,1.1665960550308228,5.27336410566872
99.14868712425232,4.943378448486328,1.1946438550949097,5.32218227504036
99.19825577735901,5.0013203620910645,1.1869150400161743,5.36515686094047
99.2481963634491,5.058593273162842,1.1782810688018799,5.41308411554454
99.29845309257507,5.116346836090088,1.1768213510513306,5.45943448631484
99.35376620292664,5.18393611907959,1.1566604375839233,5.50737815603773
99.40326642990112,5.240607738494873,1.1456607580184937,5.55450179684426
99.45370125770569,5.296091079711914,1.129885196685791,5.59398117060414
99.50346827507019,5.352791786193848,1.1305750608444214,5.63976415829282
99.55002522468567,5.407305717468262,1.1126205921173096,5.6809199377565
99.60420322418213,5.461643218994141,1.101236343383789,5.72605552993367
99.65486454963684,5.516482830047607,1.0982917547225952,5.77125268756465
99.70454692840576,5.571744918823242,1.0997934341430664,5.80410117724498
99.75374102592468,5.625571250915527,1.088865041732788,5.84891408127098
99.80459690093994,5.6782612800598145,1.0735331773757935,5.88754048152641
99.8545274734497,5.730494022369385,1.0608165264129639,5.92351068027795
99.89883399009705,5.774228572845459,1.0746947526931763,5.962991790997
99.94840669631958,5.826544284820557,1.0703985691070557,5.99938891294703
100.00362014770508,5.885887622833252,1.0348743200302124,6.03721974978154
100.05227541923523,5.93732213973999,1.0314847230911255,6.07351309206589
100.10364532470703,5.986220359802246,1.008384108543396,6.10058075870488
100.15319418907166,6.034811019897461,0.992901623249054,6.12659564446048
100.20328664779663,6.082202911376953,0.9736274480819702,6.14948194296542
100.25320839881897,6.1288161277771,0.9560588598251343,6.1640856374411
100.3035740852356,6.1735758781433105,0.9304765462875366,6.16939593555698
100.35360407829285,6.2155351638793945,0.8927759528160095,6.16961762922714
100.40329170227051,6.255999565124512,0.8586332201957703,6.16628103013853
100.45326232910156,6.292778968811035,0.808231770992279,6.16543182262451
100.50273275375366,6.327357769012451,0.7610273957252502,6.15319708090504
100.55322003364563,6.359749794006348,0.7151091694831848,6.13632355847471
100.6039674282074,6.3895673751831055,0.6669687032699585,6.12689426536526
100.6553156375885,6.416586399078369,0.6157646179199219,6.11860600087258
100.70342898368835,6.440718173980713,0.5620377659797668,6.12269633839065
100.75352573394775,6.46195650100708,0.50675368309021,6.12046653647551
100.79834222793579,6.480206489562988,0.49178361892700195,6.11643867395362
100.84792065620422,6.501773357391357,0.4706660509109497,6.11640910032511
100.89798140525818,6.52310037612915,0.4561659097671509,6.12129973350372
100.94971370697021,6.543252944946289,0.4372307360172272,6.13388037876687
100.99815249443054,6.560910224914551,0.4054357707500458,6.13827875160777
101.04809403419495,6.578099250793457,0.38393181562423706,6.14900232169116
101.09820985794067,6.594868183135986,0.3666371703147888,6.16033876895721
101.14806294441223,6.6109747886657715,0.35115334391593933,6.17045467367808
101.19800615310669,6.626964092254639,0.3409684896469116,6.18457423371676
101.24828433990479,6.643101215362549,0.33601129055023193,6.19919864933897
101.29833507537842,6.659456729888916,0.3347246050834656,6.21427771207042
101.34840083122253,6.674660682678223,0.3238888084888458,6.2300146138937
101.39837050437927,6.689871311187744,0.31861722469329834,6.24513158804966
101.44849419593811,6.704630374908447,0.3108001947402954,6.26336122468561
101.49819302558899,6.718488693237305,0.299157977104187,6.28003004858252
101.54817819595337,6.731974124908447,0.2892960011959076,6.2959364851502
101.5984251499176,6.745418548583984,0.2830736041069031,6.3122975364996
101.64841556549072,6.758975982666016,0.2802165150642395,6.32884131778363
101.69862771034241,6.772677898406982,0.2796238362789154,6.34989358589145
101.74840712547302,6.78516149520874,0.26868319511413574,6.36451598290064
101.7981767654419,6.797606468200684,0.26299914717674255,6.38104191812117
101.8484787940979,6.810912132263184,0.2662424147129059,6.3997805891438
101.89830088615417,6.824753284454346,0.27232712507247925,6.41546604971885
101.94816732406616,6.837501525878906,0.2663556635379791,6.43335191335174
102.00401163101196,6.8523054122924805,0.25854337215423584,6.44903252871521
102.05349493026733,6.8641862869262695,0.24965965747833252,6.47116636694784
102.10398268699646,6.876904487609863,0.25154227018356323,6.48467256261026
102.15430951118469,6.888840198516846,0.24588678777217865,6.50319216120375
102.20376372337341,6.89998197555542,0.23636449873447418,6.51845529547309
102.25402069091797,6.912478446960449,0.24186284840106964,6.5358443211338
102.30365204811096,6.9244771003723145,0.24057568609714508,6.55186203935372
102.35374045372009,6.937485218048096,0.248338520526886,6.57406465062612
102.40389227867126,6.949699401855469,0.24611860513687134,6.59598068064438
102.45372462272644,6.961032867431641,0.23798510432243347,6.62429010727147
102.50396037101746,6.973628044128418,0.24359863996505737,6.64877280691596
102.55369305610657,6.987358570098877,0.2557292878627777,6.67732996890302
102.59866189956665,6.999268054962158,0.2704755365848541,6.70819152939548
102.64880990982056,7.013642311096191,0.2789791524410248,6.73694523332636
102.69803404808044,7.029285907745361,0.2950543463230133,6.76022008035564
102.74824047088623,7.044887542724609,0.3031923472881317,6.79037917941286
102.7982656955719,7.060851097106934,0.31203189492225647,6.82557414825719
102.84808325767517,7.077627658843994,0.32361558079719543,6.86072399824446
102.89810514450073,7.094717979431152,0.33297717571258545,6.89574727329792
102.94790840148926,7.113152503967285,0.35014063119888306,6.92108991082537
102.99815845489502,7.131572246551514,0.359144389629364,6.95352758852614
103.04821562767029,7.15035343170166,0.36850112676620483,6.99253770533191
103.09844517707825,7.169936656951904,0.3803046941757202,7.02672341107652
103.14813470840454,7.191154956817627,0.4011792242527008,7.06205295108402
103.19776678085327,7.212480068206787,0.41334816813468933,7.09993622371178
103.24815034866333,7.2341814041137695,0.42471054196357727,7.1329486028633
103.29765939712524,7.256649017333984,0.4374399781227112,7.1691908796232
103.34814214706421,7.279370307922363,0.44702836871147156,7.20730072597164
103.39811491966248,7.3033881187438965,0.463962197303772,7.24839147911984
103.44780492782593,7.32736349105835,0.47260966897010803,7.2766440376566
103.50442099571228,7.357428073883057,0.4881274700164795,7.31405994723341
103.55451107025146,7.382204055786133,0.4898066520690918,7.35303766797958
103.60459542274475,7.406874656677246,0.4907274544239044,7.38718924573485
103.6550145149231,7.4335174560546875,0.507260262966156,7.42170268009112
103.70456075668335,7.459849834442139,0.5140270590782166,7.46068289293813
103.75510931015015,7.487140655517578,0.5262266993522644,7.4983574405922
103.80462908744812,7.515201568603516,0.5394850969314575,7.53295298160331
103.85437107086182,7.543506145477295,0.549314558506012,7.56894183890412
103.9016227722168,7.571760654449463,0.5548131465911865,7.60101492535832
103.94836378097534,7.596628665924072,0.5789770483970642,7.63219948898293
103.9982557296753,7.626033782958984,0.5858209729194641,7.65951851286475
104.04789400100708,7.654484272003174,0.5825412273406982,7.68969158284878
104.100332736969,7.68681526184082,0.5637589693069458,7.71817723275781
104.14798521995544,7.711238861083984,0.5813085436820984,7.74419810904367
104.19807767868042,7.740196704864502,0.5837617516517639,7.76632828300088
104.25007915496826,7.772904872894287,0.5671662092208862,7.78198405401591
104.30165648460388,7.8005828857421875,0.561059832572937,7.79769635273008
104.34989428520203,7.826425552368164,0.5424806475639343,7.8063923146869
104.39993596076965,7.852722644805908,0.5355947613716125,7.81546319512055
104.44837069511414,7.872758388519287,0.5249714851379395,7.8359131636437
104.4987940788269,7.89614200592041,0.5057591795921326,7.83331589022995
104.5479485988617,7.9200520515441895,0.49831968545913696,7.82793835993516
104.59986448287964,7.945106029510498,0.46098092198371887,7.82141886997038
104.64994096755981,7.964087963104248,0.42803359031677246,7.80458158226934
104.69848585128784,7.978059768676758,0.4026627242565155,7.80732952547849
104.75538277626038,7.9958600997924805,0.35513049364089966,7.79109227792323
104.80460333824158,8.01102066040039,0.33434560894966125,7.77821193719973
104.85435223579407,8.023172378540039,0.2971711754798889,7.76120985581362
104.89801812171936,8.03177547454834,0.27050456404685974,7.75636480806583
104.94844245910645,8.040029525756836,0.22936910390853882,7.76197186439827
105.00082516670227,8.04966926574707,0.19948527216911316,7.76346205955194
105.05036330223083,8.059439659118652,0.19796542823314667,7.76870544488469
105.09818387031555,8.067026138305664,0.19554397463798523,7.77174423161728
105.15034580230713,8.076688766479492,0.18002456426620483,7.77900327198205
105.20105695724487,8.084650039672852,0.17159318923950195,7.79371376363891
105.24950242042542,8.091314315795898,0.1704472452402115,7.80487841399643
105.29794788360596,8.100677490234375,0.17915041744709015,7.81145741440257
105.34975361824036,8.111788749694824,0.1818033903837204,7.82298332893349
105.4000895023346,8.120548248291016,0.17882835865020752,7.82798517094663
105.44801044464111,8.12756061553955,0.17810648679733276,7.85641331907144
105.50292301177979,8.137063980102539,0.16949307918548584,7.86104013032361
105.55069971084595,8.145204544067383,0.16666287183761597,7.87288252546418
105.60227489471436,8.153388977050781,0.16531182825565338,7.88222945703063
105.65157914161682,8.161637306213379,0.164988711476326,7.88934274887016
105.70001673698425,8.169936180114746,0.16519255936145782,7.90525638326139
105.75164937973022,8.176566123962402,0.15168067812919617,7.91742605818175
105.80060577392578,8.183653831481934,0.1478542685508728,7.92589700288478
105.85132122039795,8.191520690917969,0.15158182382583618,7.93568057820478
105.90143179893494,8.199853897094727,0.1574261337518692,7.94504671874938
105.94921708106995,8.206987380981445,0.16483959555625916,7.96374504916722
106.00126910209656,8.216944694519043,0.1656828075647354,7.97677754526068
106.04945349693298,8.224066734313965,0.1702474057674408,7.98587372957398
106.10147452354431,8.233879089355469,0.1675221472978592,7.99536590892157
106.15094923973083,8.240549087524414,0.15338484942913055,8.0063067159202
106.19795632362366,8.246454238891602,0.1521340012550354,8.02063714894623
106.2511420249939,8.255464553833008,0.1519288420677185,8.02761127486934
106.2978720664978,8.262398719787598,0.15955385565757751,8.03728636487691
106.34857249259949,8.269551277160645,0.15321084856987,8.04752173346239
106.3981363773346,8.276658058166504,0.15021952986717224,8.05763904210546
106.44810080528259,8.284558296203613,0.15456393361091614,8.06634980418884
106.50144696235657,8.292610168457031,0.1447877287864685,8.07316100018493
106.54800271987915,8.29869556427002,0.1478712409734726,8.08065164821747
106.59982395172119,8.306295394897461,0.1378851681947708,8.09020324541844
106.647873878479,8.312297821044922,0.14259862899780273,8.09650934036944
106.69774150848389,8.318947792053223,0.13916689157485962,8.10209281040012
106.74771046638489,8.324682235717773,0.13003475964069366,8.10965467628564
106.79817080497742,8.331311225891113,0.13264229893684387,8.12002607856637
106.84836435317993,8.337937355041504,0.13301821053028107,8.12839197528258
106.90067076683044,8.344697952270508,0.12376873940229416,8.13274314886952
106.94778513908386,8.349238395690918,0.12067344784736633,8.15058663487569
106.99772715568542,8.354537963867188,0.11559557169675827,8.16149443722156
107.04821372032166,8.361186981201172,0.12414390593767166,8.168658830449
107.10122394561768,8.370780944824219,0.1411629319190979,8.18126465013929
107.14818739891052,8.376882553100586,0.14499714970588684,8.19117312483549
107.19810771942139,8.383106231689453,0.13730739057064056,8.20139913733633
107.24827361106873,8.38991641998291,0.13840004801750183,8.218671320088
107.29769277572632,8.396540641784668,0.13644863665103912,8.23267058445205
107.34838771820068,8.403653144836426,0.14022476971149445,8.24724076386289
107.39791297912598,8.410449981689453,0.1388811320066452,8.2636470750611
107.44784712791443,8.417630195617676,0.14220550656318665,8.27237631542864
107.49785900115967,8.425765037536621,0.15157145261764526,8.28726227660801
107.5480580329895,8.43436336517334,0.16076278686523438,8.30801421815422
107.59789323806763,8.443079948425293,0.1671915352344513,8.32273148180125
107.64796185493469,8.451735496520996,0.17056697607040405,8.33697530541465
107.69795846939087,8.461605072021484,0.1831434965133667,8.36058452549026
107.74798655509949,8.471473693847656,0.18949687480926514,8.37114242110496
107.7984447479248,8.481772422790527,0.1978006660938263,8.39469361753038
107.85383367538452,8.493118286132812,0.19353479146957397,8.40979114630876
107.90499353408813,8.503413200378418,0.19845059514045715,8.42568840826295
107.95430135726929,8.514470100402832,0.20729194581508636,8.43343878886327
108.00307059288025,8.525867462158203,0.21521377563476562,8.45627718174753
108.0489091873169,8.534120559692383,0.21246373653411865,8.47200264670859
108.10027027130127,8.545748710632324,0.20493319630622864,8.48462177178459
108.14866638183594,8.554759979248047,0.21239298582077026,8.49397492989524
108.20483732223511,8.567704200744629,0.21450963616371155,8.49629533640457
108.25476264953613,8.57901382446289,0.21886028349399567,8.49675971351521
108.30624866485596,8.588624954223633,0.2076127976179123,8.4913500046616
108.35440611839294,8.596921920776367,0.19071024656295776,8.47732130578562
108.404305934906,8.604671478271484,0.17635560035705566,8.4640162487766
108.44814348220825,8.609790802001953,0.1604258120059967,8.45540922030663
108.49844360351562,8.614822387695312,0.1373385339975357,8.43360599388213
108.54804468154907,8.61811637878418,0.10891564190387726,8.41951898605241
108.59821915626526,8.618732452392578,0.07002443075180054,8.3994963198823
108.64783120155334,8.618912696838379,0.04451544210314751,8.38016115616543
108.69867134094238,8.618786811828613,0.02569851465523243,8.37523799910878
108.74896454811096,8.616778373718262,-0.00129182287491858,8.35667561526605
108.79816198348999,8.614625930786133,-0.017406651750206947,8.33879529716779
108.84812116622925,8.612161636352539,-0.0306414682418108,8.32345612064118
108.89820575714111,8.609018325805664,-0.043812260031700134,8.30682300775511
108.94781303405762,8.60435962677002,-0.06459029018878937,8.29727068912763
109.004399061203,8.597270011901855,-0.08940691500902176,8.28252844469878
109.05462884902954,8.592495918273926,-0.09120039641857147,8.26281290132021
109.09804773330688,8.58693790435791,-0.1078682467341423,8.24768438033854
109.14774417877197,8.579998970031738,-0.12059143930673599,8.23087982879214
109.19812321662903,8.572301864624023,-0.13523992896080017,8.21957545454144
109.24790740013123,8.563642501831055,-0.15145272016525269,8.20035512486324
109.29813480377197,8.554670333862305,-0.16358566284179688,8.1846974408882
109.34804034233093,8.544416427612305,-0.18192225694656372,8.16843100102008
109.398122549057,8.532914161682129,-0.20255903899669647,8.14633285293585
109.44810080528259,8.522331237792969,-0.20665757358074188,8.13514941860015
109.49824476242065,8.510581016540527,-0.2204669862985611,8.11761247221316
109.54823040962219,8.498135566711426,-0.23294341564178467,8.10312636253048
109.6035795211792,8.484338760375977,-0.2317766398191452,8.09245058806465
109.64847159385681,8.473471641540527,-0.2460116446018219,8.08816552185716
109.69781517982483,8.46088695526123,-0.24933065474033356,8.09197394367595
109.75426030158997,8.445735931396484,-0.2519274652004242,8.09483042454858
109.80438184738159,8.435182571411133,-0.2347010225057602,8.10440456538527
109.85433745384216,8.42513370513916,-0.22121575474739075,8.12091582348218
109.90506219863892,8.41646957397461,-0.20170697569847107,8.13572735608304
109.94806742668152,8.409914016723633,-0.1896200329065323,8.15614601974657
109.99823188781738,8.403700828552246,-0.1639661341905594,8.1812633723503
110.05095672607422,8.39814281463623,-0.13161438703536987,8.20576199883017
110.09771227836609,8.39434814453125,-0.11981324851512909,8.23358644929549
110.14773082733154,8.39103889465332,-0.09853354096412659,8.26123376384552
110.19790601730347,8.390174865722656,-0.06571177393198013,8.29180099700692
110.24775838851929,8.391057014465332,-0.03255636990070343,8.32614492800693
110.29884576797485,8.393757820129395,0.002527352189645171,8.36115305708855
110.34851551055908,8.397706985473633,0.03319760411977768,8.397599575757
110.39919543266296,8.403178215026855,0.06450989842414856,8.4348299794914
110.44857048988342,8.411109924316406,0.1034521833062172,8.46511225560944
110.49861288070679,8.420659065246582,0.13927523791790009,8.50415891223748
110.54887104034424,8.430538177490234,0.163295716047287,8.54127490957021
110.59981751441956,8.443346977233887,0.1871398389339447,8.58349055334735
110.64861297607422,8.454627990722656,0.21965189278125763,8.6246563952692
110.69961023330688,8.469444274902344,0.2519490420818329,8.65799911901988
110.74892902374268,8.486016273498535,0.2860313653945923,8.70059416260324
110.79933500289917,8.503816604614258,0.3159402310848236,8.74278182370397
110.84907674789429,8.521805763244629,0.3353266417980194,8.7808384658195
110.89907741546631,8.542158126831055,0.3675428032875061,8.81709643307887
110.94871044158936,8.56363582611084,0.3943655788898468,8.84711133687983
110.99933099746704,8.585875511169434,0.4174997806549072,8.88797546137634
111.04893970489502,8.607553482055664,0.42585256695747375,8.92782928046485
111.09895873069763,8.630556106567383,0.443423867225647,8.96595577234029
111.14894199371338,8.65561294555664,0.4698330760002136,9.00433208584859
111.19899225234985,8.681526184082031,0.49227190017700195,9.03102868465603
111.24915337562561,8.708870887756348,0.5179441571235657,9.07113334383544
111.29907393455505,8.736068725585938,0.5310274362564087,9.11580373196604
111.3492386341095,8.763442039489746,0.5413900017738342,9.15232328564496
111.39906311035156,8.791462898254395,0.5526002049446106,9.18525701619791
111.44942855834961,8.821022033691406,0.572376012802124,9.21074049247676
111.49903583526611,8.851980209350586,0.5950376987457275,9.24225302541334
111.54909253120422,8.882080078125,0.6008113622665405,9.27598860223346
111.59961652755737,8.912016868591309,0.6041772365570068,9.30714286126023
111.64884424209595,8.942519187927246,0.6105701327323914,9.3345241946362
111.69917464256287,8.973278045654297,0.6163743138313293,9.34299468469656
111.754225730896,9.009093284606934,0.6088449358940125,9.38748504596151
111.80444407463074,9.038130760192871,0.5965412259101868,9.41295067179126
111.85436701774597,9.067532539367676,0.5927082300186157,9.44795088742219
111.90421962738037,9.09764575958252,0.5959153175354004,9.48441777677893
111.95410084724426,9.129892349243164,0.615052342414856,9.50951744121517
112.00449132919312,9.161880493164062,0.6237937211990356,9.53937490299919
112.05433988571167,9.19482135772705,0.6371250152587891,9.56827349368678
112.0991690158844,9.221654891967773,0.6498353481292725,9.60024346657582
112.14882040023804,9.2540922164917,0.654042661190033,9.6256410920148
112.1988468170166,9.287325859069824,0.6627238988876343,9.65171215383635
112.24886894226074,9.31959342956543,0.6592823266983032,9.67904152122589
112.29863858222961,9.351828575134277,0.6581475138664246,9.71462479239313
112.34882259368896,9.38482666015625,0.663360059261322,9.74572127428314
112.39885330200195,9.41824722290039,0.6697404980659485,9.77631036385086
112.44949388504028,9.451820373535156,0.6747526526451111,9.81758489621058
112.49780344963074,9.48538875579834,0.6777156591415405,9.84787917339169
112.5479257106781,9.51888656616211,0.6789442300796509,9.87983405015591
112.59791541099548,9.553641319274902,0.6905595660209656,9.9005118968754
112.6480643749237,9.588445663452148,0.6967384219169617,9.92966981781656
112.69738936424255,9.62238597869873,0.6937659382820129,9.96931720933938
112.74785351753235,9.655782699584961,0.6877797842025757,9.98966710115341
112.79799032211304,9.690264701843262,0.6937476396560669,10.0164801633779
112.84761571884155,9.72480297088623,0.6965924501419067,10.0415257124153
112.89783191680908,9.758559226989746,0.6922493577003479,10.0758055947653
112.94775104522705,9.791858673095703,0.6861266493797302,10.1018364731153
112.99794220924377,9.82497501373291,0.6810353994369507,10.1309450903999
113.04820799827576,9.858077049255371,0.6778734922409058,10.158400663286
113.09954857826233,9.89257526397705,0.6879379749298096,10.1866427619096
113.14758014678955,9.927257537841797,0.6942213773727417,10.2131828887337
113.19768261909485,9.96116828918457,0.6920316219329834,10.2398256711835
113.24769735336304,9.994584083557129,0.6868829131126404,10.2688484585401
113.29779601097107,10.027764320373535,0.6819862127304077,10.2950724276585
113.34816193580627,10.060890197753906,0.6786304712295532,10.3190144659177
113.39773488044739,10.094053268432617,0.6769065856933594,10.3382735052917
113.44763898849487,10.12728214263916,0.6763819456100464,10.3603052389735
113.49766159057617,10.160569190979004,0.6765177249908447,10.3766545339282
113.54778742790222,10.192559242248535,0.6654117107391357,10.4056513869907
113.59768486022949,10.223125457763672,0.6477493047714233,10.4314111760227
113.64786529541016,10.253084182739258,0.6324697136878967,10.4494470076735
113.69820785522461,10.284293174743652,0.6341517567634583,10.4790231413108
113.74794840812683,10.315774917602539,0.636094331741333,10.4918521136727
113.79834938049316,10.346647262573242,0.63254714012146,10.5136128719484
113.84967470169067,10.382100105285645,0.6148927807807922,10.5325909053905
113.89811778068542,10.406214714050293,0.6122486591339111,10.5510650901546
113.94902396202087,10.433809280395508,0.591770350933075,10.5699866674208
113.99836921691895,10.462177276611328,0.5866352915763855,10.5827166502307
114.04854583740234,10.490632057189941,0.5830654501914978,10.5983269990135
114.10040926933289,10.52295207977295,0.5639585852622986,10.6044215024088
114.14959383010864,10.54603099822998,0.5698806643486023,10.6057927228067
114.20051097869873,10.57459545135498,0.5265357494354248,10.6023219705411
114.25096726417542,10.5979585647583,0.5026293396949768,10.6001479811205
114.30168986320496,10.618301391601562,0.46350568532943726,10.5831325255092
114.34801530838013,10.6351318359375,0.4508020281791687,10.5651310047858
114.40040755271912,10.655749320983887,0.401579350233078,10.5492954384258
114.45033502578735,10.671353340148926,0.36559903621673584,10.5398632871709
114.49987030029297,10.684808731079102,0.3267102837562561,10.524872731199
114.54983520507812,10.695558547973633,0.2817607820034027,10.5171864005162
114.60380220413208,10.706744194030762,0.2589375376701355,10.5069521453167
114.6544771194458,10.715725898742676,0.22675253450870514,10.4989137854366
114.70458173751831,10.724841117858887,0.20924149453639984,10.5045747295491
114.75564813613892,10.733116149902344,0.19152607023715973,10.5006847018605
114.79889059066772,10.74095344543457,0.19388842582702637,10.4946347936027
114.84828972816467,10.748706817626953,0.17841899394989014,10.4878788755783
114.89815640449524,10.755664825439453,0.16418132185935974,10.4819519674568
114.94789457321167,10.761807441711426,0.1481785774230957,10.4798992495577
114.99793267250061,10.76697826385498,0.13107739388942719,10.4739787589589
115.04904842376709,10.771848678588867,0.11850977689027786,10.4715255626747
115.10166263580322,10.775894165039062,0.09469380974769592,10.4673575976496
115.14890241622925,10.77783203125,0.07947449386119843,10.4600099523471
115.19812822341919,10.779801368713379,0.06400500982999802,10.463607130073
115.24829292297363,10.781834602355957,0.05523433908820152,10.4638211819791
115.29825568199158,10.784113883972168,0.051873110234737396,10.4573184952406
115.3482186794281,10.786642074584961,0.05178770050406456,10.4530565047888
115.3981261253357,10.78801441192627,0.04163556545972824,10.452301294113
115.44899725914001,10.788040161132812,0.0251469649374485,10.4460588936913
115.49911642074585,10.787487030029297,0.010791139677166939,10.444636215974
115.5543806552887,10.786736488342285,0.0003143255889881402,10.4427335407281
115.60563826560974,10.786290168762207,-0.0032562126871198416,10.4384277695494
115.65454483032227,10.784348487854004,-0.017693905159831047,10.4420390645381
115.7044005393982,10.78300666809082,-0.020969919860363007,10.4525414643129
115.74872517585754,10.782575607299805,-0.017485138028860092,10.4537921263621
115.79819059371948,10.7825345993042,-0.010792998597025871,10.4539780303636
115.85068607330322,10.781103134155273,-0.017706889659166336,10.4599564590053
115.8971495628357,10.780235290527344,-0.018880922347307205,10.4600378142149
115.94812631607056,10.778491973876953,-0.02594732865691185,10.4618284010681
115.99791407585144,10.77708911895752,-0.02639160491526127,10.4641098921363
116.04836988449097,10.775359153747559,-0.030345316976308823,10.46549442416
116.10084104537964,10.773946762084961,-0.026631826534867287,10.4726273159997
116.14833378791809,10.772455215454102,-0.030500635504722595,10.4757568938855
116.2041745185852,10.77114200592041,-0.025979962199926376,10.4765989075899
116.25478529930115,10.771047592163086,-0.01629786193370819,10.4780632203459
116.30409026145935,10.76965045928955,-0.02129915915429592,10.4822090376982
116.35459566116333,10.767075538635254,-0.03339419141411781,10.4859353035129
116.4041006565094,10.765642166137695,-0.031084060668945312,10.4898430533875
116.4515130519867,10.763632774353027,-0.03488539904356003,10.4839288923316
116.5041139125824,10.76263427734375,-0.028617169708013535,10.4875971939459
116.55429339408875,10.760876655578613,-0.03146442025899887,10.4935783059217
116.60433030128479,10.75827693939209,-0.03967158868908882,10.496745443946
116.65422010421753,10.755269050598145,-0.0477537177503109,10.4949029300931
116.70429968833923,10.753854751586914,-0.03953970596194267,10.4946589206135
116.75467133522034,10.75205135345459,-0.038361240178346634,10.4930501061212
116.80429267883301,10.749576568603516,-0.042841147631406784,10.4932861377839
116.8543472290039,10.746728897094727,-0.04841375723481178,10.4948772998235
116.90377569198608,10.745443344116211,-0.03894125297665596,10.4850274560784
116.95429563522339,10.743717193603516,-0.037403542548418045,10.4674468668389
117.00421643257141,10.739575386047363,-0.05589007958769798,10.4523018669816
117.05456066131592,10.733773231506348,-0.0797894075512886,10.4354933628334
117.09779667854309,10.728431701660156,-0.09791494160890579,10.4156234835978
117.14785242080688,10.721957206726074,-0.11103766411542892,10.3922672279403
117.1986300945282,10.714372634887695,-0.12864632904529572,10.3782348401851
117.24810671806335,10.705642700195312,-0.14804278314113617,10.356068364298
117.29772186279297,10.695208549499512,-0.17400945723056793,10.3444811147834
117.35472440719604,10.683085441589355,-0.18643121421337128,10.32870925997
117.40418148040771,10.67215347290039,-0.19911427795886993,10.3160868245141
117.45436429977417,10.660659790039062,-0.2110590934753418,10.3083314509099
117.50400686264038,10.649039268493652,-0.2191966325044632,10.294343091671
117.55174517631531,10.639215469360352,-0.20945850014686584,10.2808003328107
117.60436463356018,10.629109382629395,-0.20653589069843292,10.2652939932382
117.65448212623596,10.618368148803711,-0.20968444645404816,10.2545475996539
117.7035973072052,10.605549812316895,-0.22836382687091827,10.2441975811418
117.75362992286682,10.593016624450684,-0.23662081360816956,10.2309354673686
117.80424952507019,10.57953929901123,-0.24959483742713928,10.2159777770092
117.84909868240356,10.567672729492188,-0.2660345733165741,10.19995716289
117.89790987968445,10.554584503173828,-0.2652139365673065,10.185487509341
117.94807934761047,10.541631698608398,-0.2648431062698364,10.1716608593876
117.99786567687988,10.526673316955566,-0.2812863290309906,10.1554891593233
118.0479896068573,10.511244773864746,-0.293605774641037,10.1436308485151
118.09839391708374,10.49652099609375,-0.29554107785224915,10.1298337184416
118.14812636375427,10.481006622314453,-0.3039841651916504,10.1119778043092
118.19825172424316,10.4656982421875,-0.30627191066741943,10.0941883034618
118.24812483787537,10.450014114379883,-0.31172582507133484,10.0799859687246
118.29821538925171,10.433426856994629,-0.32196080684661865,10.0641402692456
118.34869647026062,10.417769432067871,-0.3197510838508606,10.04807112997
118.3981282711029,10.402142524719238,-0.319352924823761,10.0389916060788
118.44816184043884,10.385769844055176,-0.3248724341392517,10.014259289119
118.49831056594849,10.368995666503906,-0.3312937915325165,9.99890492030801
118.54827761650085,10.350746154785156,-0.3477022349834442,9.98314626673657
118.59829425811768,10.332402229309082,-0.35709866881370544,9.96861425689604
118.64806294441223,10.314963340759277,-0.35573580861091614,9.95287078236994
118.69821286201477,10.296798706054688,-0.36168837547302246,9.951325645958
118.74855041503906,10.278833389282227,-0.36255475878715515,9.93574569785313
118.79835915565491,10.261785507202148,-0.35597845911979675,9.91826901359269
118.84797787666321,10.245240211486816,-0.3481637239456177,9.90111972009745
118.89814162254333,10.22753620147705,-0.3535919785499573,9.88389055475892
118.9482192993164,10.209712982177734,-0.3566039502620697,9.86752461363708
118.99810910224915,10.191296577453613,-0.3641599714756012,9.85007222059207
119.04810547828674,10.171873092651367,-0.37646883726119995,9.83314187721013
119.09971570968628,10.148759841918945,-0.38132181763648987,9.81941647828148
119.1486394405365,10.133430480957031,-0.3826275169849396,9.80161773066464
119.19864130020142,10.115065574645996,-0.3793535828590393,9.78718875393614
119.24867391586304,10.096024513244629,-0.3826204240322113,9.7723631944515
119.29867506027222,10.076577186584473,-0.3877086043357849,9.75534922309295
119.34808087348938,10.056960105895996,-0.39208170771598816,9.74055904249596
119.39762806892395,10.037320137023926,-0.39487212896347046,9.72142232192558
119.44840955734253,10.017727851867676,-0.3961743712425232,9.70530412585967
119.49827909469604,9.998198509216309,-0.39646393060684204,9.6847253676607
119.54840111732483,9.978721618652344,-0.3962388336658478,9.66519787181006
119.59830522537231,9.95927619934082,-0.39586108922958374,9.64568473247354
119.64828586578369,9.939844131469727,-0.39552903175354004,9.62902362209518
119.69839549064636,9.919079780578613,-0.4067981541156769,9.60933253427168
119.7483479976654,9.898202896118164,-0.4132455587387085,9.59268792223629
119.7983832359314,9.87681770324707,-0.42221081256866455,9.57480033272206
119.84979462623596,9.855851173400879,-0.42317187786102295,9.55888269375352
119.89842009544373,9.834628105163574,-0.4269004762172699,9.54605246438726
119.94802927970886,9.813884735107422,-0.4242648184299469,9.53240683472633
119.99837565422058,9.79417896270752,-0.4146660268306732,9.51449027157364
120.04835104942322,9.774989128112793,-0.4049186408519745,9.49586936135159
120.09880137443542,9.754610061645508,-0.40944400429725647,9.47515009451244
120.14840817451477,9.7340669631958,-0.4122543931007385,9.45894466131559
120.19833540916443,9.712895393371582,-0.4199654757976532,9.4494029091413
120.24818325042725,9.690694808959961,-0.43253156542778015,9.42505604680585
120.29835844039917,9.669386863708496,-0.4320007860660553,9.39578829319164
120.34835386276245,9.64812183380127,-0.43251749873161316,9.36706876165258
120.39826011657715,9.626140594482422,-0.43836164474487305,9.33418603763484
120.4484133720398,9.603784561157227,-0.4447542130947113,9.28957111112157
120.49803304672241,9.579974174499512,-0.4609966576099396,9.2557518575298
120.54804134368896,9.554743766784668,-0.4817016124725342,9.21539251334843
120.59890389442444,9.527643203735352,-0.5097278356552124,9.17401057086565
120.64859580993652,9.499095916748047,-0.53769850730896,9.12978263626567
120.69834852218628,9.470159530639648,-0.557464063167572,9.10200111615269
120.74843168258667,9.441396713256836,-0.5679686069488525,9.05473181267406
120.79855346679688,9.411661148071289,-0.582947313785553,9.00990660114373
120.84990072250366,9.375734329223633,-0.5916953682899475,8.96178539684306
120.89905714988708,9.34825325012207,-0.6254519820213318,8.91890002870033
120.94845008850098,9.315613746643066,-0.6398293972015381,8.88128463694922
120.99835729598999,9.281336784362793,-0.6634343862533569,8.83214344698331
121.04828476905823,9.246253967285156,-0.6826338171958923,8.78140801133292
121.09817576408386,9.210460662841797,-0.7008016705513,8.73030181460836
121.14796042442322,9.17381763458252,-0.7182491421699524,8.68172098316042
121.19804286956787,9.135635375976562,-0.7417702674865723,8.64525967414985
121.24843883514404,9.096138000488281,-0.7660238742828369,8.59282178193975
121.29814982414246,9.057595252990723,-0.7720096111297607,8.53904112437023
121.35028266906738,9.01131534576416,-0.7747330665588379,8.49215480566653
121.40409350395203,8.96945858001709,-0.7986682653427124,8.43855496272551
121.45407223701477,8.926926612854004,-0.8182214498519897,8.38957043646032
121.50369262695312,8.884361267089844,-0.8301957249641418,8.33529272328091
121.54803013801575,8.84758186340332,-0.8625545501708984,8.28023475317671
121.599280834198,8.802727699279785,-0.882128119468689,8.22598745431507
121.64922428131104,8.757506370544434,-0.8966861963272095,8.16960152207
121.69831323623657,8.71102237701416,-0.916339099407196,8.11573804372321
121.74826502799988,8.663331985473633,-0.9374387264251709,8.05246973388689
121.7982108592987,8.613930702209473,-0.9644654989242554,7.99605370904037
121.84952974319458,8.5631742477417,-0.9911371469497681,7.93979666661347
121.89787602424622,8.512063980102539,-1.009852647781372,7.8812100565396
121.9487669467926,8.461127281188965,-1.019718050956726,7.82842082989664
121.99986457824707,8.400642395019531,-1.0174363851547241,7.7666087722408
122.04979205131531,8.356157302856445,-1.051919937133789,7.69779995810159
122.09997320175171,8.294002532958984,-1.0469359159469604,7.63931463739746
122.15405797958374,8.23891544342041,-1.0676724910736084,7.57468124794933
122.20412158966064,8.182782173156738,-1.088181972503662,7.50679033975348
122.25443148612976,8.126373291015625,-1.1025959253311157,7.43576899364628
122.3039243221283,8.06839656829834,-1.1240850687026978,7.35242609808295
122.35398077964783,8.009428977966309,-1.1446149349212646,7.27782668474903
122.4040687084198,7.946824550628662,-1.186488389968872,7.20069558752842
122.45390367507935,7.883560657501221,-1.2159411907196045,7.13576386289834
122.50383138656616,7.8191657066345215,-1.2430620193481445,7.05492878198932
122.55448293685913,7.754218578338623,-1.2635828256607056,6.98172379970745
122.59798169136047,7.69856071472168,-1.3100000619888306,6.89815736331555
122.64811730384827,7.631159782409668,-1.33380126953125,6.82393248898018
122.6981463432312,7.562150478363037,-1.361656665802002,6.74864346330442
122.7478711605072,7.49187707901001,-1.3881174325942993,6.67127614828819
122.80436706542969,7.409823417663574,-1.3816876411437988,6.58821189545861
122.84820532798767,7.349610328674316,-1.4270209074020386,6.51479934623441
122.90430426597595,7.264928340911865,-1.423244833946228,6.43891727813226
122.9549241065979,7.19184684753418,-1.4366024732589722,6.3652651773741
123.00440001487732,7.118938446044922,-1.4432687759399414,6.28942509034258
123.05464720726013,7.04460334777832,-1.459020972251892,6.20937736476246
123.0997223854065,6.981542110443115,-1.5023630857467651,6.13001345530887
123.1480131149292,6.905882358551025,-1.5163837671279907,6.04739693195453
123.19814372062683,6.828892707824707,-1.5362319946289062,5.95681921838615
123.2480239868164,6.749318599700928,-1.5692641735076904,5.85925787681477
123.29814648628235,6.667905330657959,-1.6032648086547852,5.7647281408292
123.34807968139648,6.585962772369385,-1.6277313232421875,5.66590180104814
123.39823913574219,6.502865791320801,-1.6524782180786133,5.56800334203595
123.4482843875885,6.417420387268066,-1.6866222620010376,5.46304835197182
123.49811887741089,6.330328941345215,-1.719801664352417,5.35673620378685
123.55012893676758,6.2268781661987305,-1.7264041900634766,5.24901013592047
123.60450530052185,6.135029315948486,-1.7684143781661987,5.14096328467887
123.65435814857483,6.043586730957031,-1.789711833000183,5.03233346567353
123.7043685913086,5.9498820304870605,-1.8214212656021118,4.93409860324224
123.75493550300598,5.854559421539307,-1.8529192209243774,4.82654459812928
123.80423188209534,5.75880765914917,-1.875113844871521,4.73131194096089
123.85498523712158,5.661554336547852,-1.9007457494735718,4.64134928228457
123.90440845489502,5.5651535987854,-1.908783197402954,4.56059447538019
123.95421838760376,5.468206405639648,-1.9185563325881958,4.47215302578002
124.00467658042908,5.370726585388184,-1.9285303354263306,4.39091691945225
124.05448889732361,5.274796485900879,-1.9217932224273682,4.31136707073234
124.10462594032288,5.178478717803955,-1.9214881658554077,4.23050221091477
124.1542501449585,5.083212375640869,-1.9124468564987183,4.15021694055238
124.20431566238403,4.987152099609375,-1.9138975143432617,4.06251508312862
124.2546935081482,4.890194416046143,-1.9217008352279663,3.97607788675978
124.2980146408081,4.808624267578125,-1.9663084745407104,3.88187294241546
124.34804701805115,4.711079120635986,-1.9728338718414307,3.78612379908137
124.39772200584412,4.612213134765625,-1.9881213903427124,3.69089392534081
124.4480369091034,4.51200008392334,-2.0076904296875,3.58275825728892
124.49805188179016,4.411277770996094,-2.023353099822998,3.48251338620231
124.54796934127808,4.309215068817139,-2.0442605018615723,3.38794194880095
124.59797811508179,4.205920219421387,-2.0663113594055176,3.29122383687178
124.64800071716309,4.103588104248047,-2.070915699005127,3.19238968566978
124.69799208641052,4.001466274261475,-2.0732152462005615,3.08629725845163
124.74800443649292,3.8974528312683105,-2.0903804302215576,2.99182028810838
124.80401110649109,3.7744486331939697,-2.0771045684814453,2.89436486637822
124.85383152961731,3.6697044372558594,-2.0811314582824707,2.80124949800899
124.90403771400452,3.566258430480957,-2.0735116004943848,2.70692479110477
124.95405745506287,3.4635589122772217,-2.063176155090332,2.59116828793862
125.00400614738464,3.359452724456787,-2.0685884952545166,2.49738735886608
125.05401301383972,3.2541050910949707,-2.0814261436462402,2.40119542125818
125.10452604293823,3.1481692790985107,-2.0936625003814697,2.30635128959875
125.15414762496948,3.0403940677642822,-2.115941047668457,2.22009034175934
125.2038061618805,2.9331552982330322,-2.1244113445281982,2.11484453194801
125.24866700172424,2.845421075820923,-2.152811050415039,2.02925516017598
125.29799604415894,2.7397518157958984,-2.1520352363586426,1.94553996946238
125.34827613830566,2.63216495513916,-2.1663906574249268,1.86815283042154
125.39776277542114,2.5248801708221436,-2.171487331390381,1.79098297272583
125.44812893867493,2.4200191497802734,-2.1546454429626465,1.696931767426
125.50392889976501,2.3007004261016846,-2.083261013031006,1.62315173572333
125.54820823669434,2.214033365249634,-2.1172850131988525,1.55402879026549
125.60400748252869,2.095830202102661,-2.0535833835601807,1.48919892687528
125.65378212928772,1.9962269067764282,-2.026576519012451,1.42492514912619
125.70341205596924,1.898952841758728,-1.9916610717773438,1.33430484176258
125.74765467643738,1.8184176683425903,-2.0044641494750977,1.27536347561644
125.79772233963013,1.721229910850525,-1.9941041469573975,1.21416283398468
125.85470819473267,1.606178879737854,-1.9643611907958984,1.15449804358598
125.90406155586243,1.5095118284225464,-1.9489585161209106,1.10057223158676
125.95379114151001,1.4166910648345947,-1.90927255153656,1.00848544636511
126.00400424003601,1.3260613679885864,-1.868563175201416,0.949674092909909
126.05396699905396,1.2343575954437256,-1.8532042503356934,0.890360080566399
126.10393524169922,1.1445775032043457,-1.8276684284210205,0.832707785964685
126.1539056301117,1.0563156604766846,-1.800635814666748,0.775430833213587
126.20386457443237,0.9685149788856506,-1.7808746099472046,0.677298131982316
126.25400114059448,0.8822926878929138,-1.7561030387878418,0.626715569055516
126.30395364761353,0.7935916781425476,-1.7618826627731323,0.581464304326382
126.35377812385559,0.7059317827224731,-1.7558324337005615,0.551214022637006
126.4040789604187,0.6213086247444153,-1.7280066013336182,0.524012537046763
126.45390486717224,0.5419741868972778,-1.6689975261688232,0.462844201203329
126.50400137901306,0.46578124165534973,-1.609364628791809,0.43978007736863
126.55379748344421,0.39045846462249756,-1.5669093132019043,0.423808203120912
126.60403871536255,0.3164879381656647,-1.530287742614746,0.413047939542018
126.64872074127197,0.2575590908527374,-1.5149338245391846,0.413383808205991
126.6979603767395,0.19081613421440125,-1.4515085220336914,0.385817522855189
126.7480981349945,0.12761937081813812,-1.3849340677261353,0.396464459119786
126.79804611206055,0.06618013978004456,-1.3314625024795532,0.403598072712339
126.84803462028503,0.008775262162089348,-1.2647438049316406,0.406711750481029
126.89771866798401,-0.02098427154123783,-0.9901123642921448,0.405450017017693
126.94789218902588,-0.026416825130581856,-0.6399078965187073,0.347193402767076
127.0040922164917,-0.0027049256023019552,-0.15900655090808868,0.346776883770545
127.05417966842651,0.013413798995316029,0.026347912847995758,0.348938020220797
127.10394239425659,0.02786705456674099,0.1296769082546234,0.350141674411371
127.15401601791382,0.029459824785590172,0.08707181364297867,0.348766407446324
127.20369124412537,0.030539153143763542,0.06198027357459068,0.309875065906526
127.25400638580322,0.03233138844370842,0.051720887422561646,0.308117006627581
127.30370950698853,0.031092381104826927,0.02068164385855198,0.308716306109517
127.35356998443604,0.032778188586235046,0.0268871933221817,0.310287400408855
127.40353894233704,0.028994452208280563,-0.015330691821873188,0.311481348022903
127.45350337028503,0.028960203751921654,-0.007982426322996616,0.295870735076026
127.50357937812805,0.026451360434293747,-0.025638092309236526,0.294794392221093
127.55357122421265,0.031324416399002075,0.025230884552001953,0.294674186102142
127.60360407829285,0.028871510177850723,-0.00677313981577754,0.292867800405493
127.65368318557739,0.030918708071112633,0.013963502831757069,0.292881960641171
127.70359897613525,0.028052713721990585,-0.01598244719207287,0.277106430635177
127.75015044212341,0.03208532929420471,0.0245218463242054,0.277328609725982
127.79880690574646,0.03128402680158615,0.008020257577300072,0.277580337409834
127.84978199005127,0.03205868601799011,0.012870275415480137,0.276964769170627
127.89850759506226,0.02922198548913002,-0.016347823664546013,0.275089476265318
127.94837141036987,0.02959006279706955,-0.0034467640798538923,0.259858845982531
127.99835276603699,0.030869700014591217,0.0066551039926707745,0.259767875794325
128.04841923713684,0.03353644162416458,0.026931002736091614,0.260168776636691
128.10431790351868,0.03326792269945145,0.009609032422304153,0.25913229338956
128.15412259101868,0.035016898065805435,0.02074083872139454,0.257690376783537
128.20423102378845,0.03141765668988228,-0.01758776791393757,0.2415646558269
128.25440740585327,0.0332663394510746,0.005949555430561304,0.239856925228382
128.30426955223083,0.030441882088780403,-0.020463261753320694,0.238654586774099
128.35403323173523,0.032904915511608124,0.008974038995802402,0.237741146005954
128.40452766418457,0.03044700063765049,-0.015818588435649872,0.235180234777387
128.44804644584656,0.0310061015188694,-0.00479112658649683,0.224492230907065
128.49826765060425,0.031206682324409485,-0.002488823141902685,0.224246937885465
128.54832196235657,0.03198183327913284,0.005666813813149929,0.223389696604106
128.5979483127594,0.03182579576969147,0.0010215647052973509,0.221194385154431
128.64799547195435,0.033603351563215256,0.016684342175722122,0.219997089831489
128.6980402469635,0.03333064541220665,0.005553433671593666,0.209412449271318
128.7476363182068,0.03282914683222771,0.0006202317890711129,0.208023632746907
128.79804515838623,0.03188325837254524,-0.00810579676181078,0.206584799542532
128.84840631484985,0.03197377175092697,-0.0029893021564930677,0.205497397511391
128.89764189720154,0.030194522812962532,-0.01787644438445568,0.202472275268866
128.94814562797546,0.030493134632706642,-0.006067545153200626,0.190474622425582
128.99798440933228,0.03102467581629753,-0.000696121365763247,0.187591486983823
129.04801559448242,0.03332848101854324,0.01972169615328312,0.18665328458594
129.10390663146973,0.032968729734420776,0.0050685107707977295,0.184594349564105
129.15440487861633,0.03308084234595299,0.004637330770492554,0.18273644819918
129.20370221138,0.030020935460925102,-0.02233494259417057,0.171442348664016
129.25340747833252,0.03102666139602661,-0.00414282688871026,0.17037297786354
129.29802632331848,0.03097943775355816,-0.003736822633072734,0.16779822544486
129.3477976322174,0.03187800943851471,0.005872753914445639,0.165407312256477
129.39777612686157,0.03180473670363426,0.0017845416441559792,0.164670364457592
129.4478657245636,0.0336235947906971,0.017460640519857407,0.149235058059541
129.497620344162,0.03202759474515915,-0.005375226028263569,0.147781356278381
129.54778265953064,0.032748281955718994,0.005852583330124617,0.146317693011672
129.59773993492126,0.03273143619298935,0.0010404482018202543,0.145280863987352
129.64767265319824,0.03384873643517494,0.011593503877520561,0.144193128537615
129.69767212867737,0.03188903629779816,-0.011701220646500587,0.141723332097949
129.74774980545044,0.03249583765864372,0.0011821435764431953,0.140400990184464
129.7980284690857,0.031169582158327103,-0.013044551946222782,0.137720873742608
129.84802889823914,0.030920853838324547,-0.00740194134414196,0.135717618491092
129.897967338562,0.031094912439584732,-0.004258124157786369,0.133263473248246
129.94818782806396,0.03322640061378479,0.016255848109722137,0.12655333740575
129.9978392124176,0.03321421518921852,0.007309866137802601,0.124679880411414
130.04812216758728,0.0341922789812088,0.01427406631410122,0.122171065948756
130.09804105758667,0.03340788185596466,0.00015515577979385853,0.118432222453988
130.14799666404724,0.03533635661005974,0.018499480560421944,0.118163433339095
130.19781470298767,0.03321796655654907,-0.009957640431821346,0.112689497472615
130.24784755706787,0.03291422873735428,-0.004809337202459574,0.111873077023478
130.2978491783142,0.032413922250270844,-0.009083918295800686,0.109899797180512
130.34787273406982,0.033418841660022736,0.004658753052353859,0.108520521359051
130.39775037765503,0.03287207707762718,-0.0037698382511734962,0.106042701179844
130.4477367401123,0.0350581631064415,0.018138399347662926,0.0959115727947808
130.49793028831482,0.03313051536679268,-0.008700032718479633,0.0934574808528667
130.55349016189575,0.03345413878560066,0.0020403822418302298,0.0922895795591742
130.60444736480713,0.03376154601573944,0.0028640253003686666,0.0910499066794405
130.64903259277344,0.03625538572669029,0.023439092561602592,0.0901873208401423
130.6979649066925,0.03496910631656647,0.0006003067828714848,0.0898939945075781
130.74803805351257,0.035773392766714096,0.01007902342826128,0.0886366672418562
130.7981915473938,0.034384794533252716,-0.008195480331778526,0.0859760458706607
130.85341143608093,0.03429540619254112,-0.0021564133930951357,0.0843639615459417
130.9033007621765,0.03214536979794502,-0.019374551251530647,0.082343604191184
130.95390701293945,0.032027605921030045,-0.011784845031797886,0.0832268377102238
131.00397086143494,0.029178176075220108,-0.030548308044672012,0.0798798983519969
131.0537302494049,0.030519770458340645,-0.006468688603490591,0.0786284329817595
131.1048243045807,0.02895137295126915,-0.01746377907693386,0.0767772268768848
131.1539752483368,0.03260406106710434,0.019964326173067093,0.0755805790868127
131.20395612716675,0.03073921799659729,-0.004650456365197897,0.0772212176014992
131.25409173965454,0.03352268785238266,0.02092493325471878,0.0755075674485377
131.3037576675415,0.02931923232972622,-0.02288058213889599,0.0733131905514501
131.348149061203,0.03132517263293266,0.0034936913289129734,0.0720733150428949
131.39803814888,0.030931780114769936,-0.004450800362974405,0.0695569633546058
131.44797563552856,0.03248356282711029,0.012828798964619637,0.0708799824597487
131.49797463417053,0.031562093645334244,-0.0029381264466792345,0.0685871097910783
131.5481719970703,0.032705310732126236,0.010577971115708351,0.0675953003426156
131.59798645973206,0.03154551982879639,-0.006128391250967979,0.0659617998586958
131.64813137054443,0.03259240835905075,0.007922022603452206,0.0658798399265614
131.6979820728302,0.03142474219202995,-0.007780623622238636,0.0626672358795779
131.74795699119568,0.03250361606478691,0.0071792020462453365,0.0617761606920262
131.79905796051025,0.03137550130486488,-0.00792007427662611,0.0608426253699812
131.8498339653015,0.03318999707698822,0.013352412730455399,0.0602774299281963
131.89898586273193,0.03137597814202309,-0.007682569324970245,0.0594431359632618
131.94795680046082,0.032493770122528076,0.007538704201579094,0.0570524985555178
131.9980640411377,0.03138506039977074,-0.007554729003459215,0.0564202661095239
132.04810309410095,0.03250056877732277,0.007597666233778,0.0557945648844334
132.09809041023254,0.03138890117406845,-0.007542255334556103,0.0554331999951069
132.1478934288025,0.031167127192020416,-0.0038967893924564123,0.0556792454809067
132.19801092147827,0.02994569018483162,-0.014109673909842968,0.0597438986568602
132.24833703041077,0.03188881278038025,0.010065454989671707,0.0587069309339893
132.29851245880127,0.02997254580259323,-0.013449208810925484,0.0577191105457979
132.34836196899414,0.03122631274163723,0.0063022649846971035,0.0578887821454472
132.39799904823303,0.031000517308712006,-0.0014728476526215672,0.0577460758658143
132.44812679290771,0.03260334953665733,0.015007605776190758,0.0633752502027979
132.498473405838,0.031668514013290405,-0.0017359047196805477,0.0603595736022721
132.54799103736877,0.03144002705812454,-0.00046961550833657384,0.059703077684704
132.5982768535614,0.03147082030773163,-0.0012114986311644316,0.058361751772297
132.6479775905609,0.03209662809967995,0.005278098862618208,0.0575376405677086
132.6979010105133,0.030508702620863914,-0.011444317176938057,0.0634091209569105
132.7483856678009,0.03079664334654808,-0.0022959979251027107,0.0620947949527505
132.79836463928223,0.028565073385834694,-0.022124404087662697,0.0601513010185909
132.84793901443481,0.030551115050911903,0.0067629399709403515,0.0601513010185909
132.89768838882446,0.030833708122372627,0.002731745596975088,0.0601513010185909
132.94805240631104,0.031366266310214996,0.00808829814195633,0.0601513010185909
132.99800443649292,0.029071932658553123,-0.016387341544032097,0.0601513010185909
133.04766464233398,0.030883071944117546,0.008848902769386768,0.0601513010185909
133.09862637519836,0.030994310975074768,0.0026574733201414347,0.0601513010185909
133.14789152145386,0.03140714392066002,0.007118614856153727,0.0601513010185909
133.1983323097229,0.02905002422630787,-0.017453540116548538,0.0601513010185909
133.2482385635376,0.029506012797355652,-0.003429950447753072,0.0601513010185909
133.29751777648926,0.02951265498995781,-0.0043399701826274395,0.0601513010185909
133.34852385520935,0.030768921598792076,0.009443524293601513,0.0601513010185909
133.3980553150177,0.030291467905044556,-0.0003672890888992697,0.0601513010185909
133.44816732406616,0.031114405021071434,0.008475326001644135,0.0601513010185909
133.49846720695496,0.030351927503943443,-0.0031499562319368124,0.0601513010185909
133.55404829978943,0.031493380665779114,0.009547838009893894,0.0601513010185909
133.60390496253967,0.02975882589817047,-0.009150966070592403,0.0601513010185909
133.65398049354553,0.03140390291810036,0.008697343990206718,0.0601513010185909
133.70397281646729,0.02970574051141739,-0.00937936082482338,0.0601513010185909
133.75416588783264,0.031381797045469284,0.008799869567155838,0.0601513010185909
133.8039882183075,0.029703252017498016,-0.00916633103042841,0.0601513010185909
133.85386300086975,0.03138836473226547,0.008997502736747265,0.0601513010185909
133.89768767356873,0.03018040955066681,-0.0050464593805372715,0.0601513010185909
133.94794845581055,0.030925365164875984,0.005069046746939421,0.0601513010185909
133.9980592727661,0.030185073614120483,-0.005019481759518385,0.0601513010185909
134.04828333854675,0.030927542597055435,0.005066002253443003,0.0601513010185909
134.09805178642273,0.030185557901859283,-0.005034381523728371,0.0601513010185909
134.14845180511475,0.03092716634273529,0.005050427280366421,0.0601513010185909
134.19793367385864,0.030184926465153694,-0.005045687314122915,0.0601513010185909
134.2481586933136,0.03092661127448082,0.005044240970164537,0.0601513010185909
134.2979383468628,0.030184566974639893,-0.0050478908233344555,0.0601513010185909
134.34832215309143,0.03092643991112709,0.005044373217970133,0.0601513010185909
134.39778876304626,0.03018452413380146,-0.0050468058325350285,0.0601513010185909
134.4478678703308,0.03092646598815918,0.005045545287430286,0.0601513010185909
134.49778962135315,0.03018457256257534,-0.005045939702540636,0.0601513010185909
134.54831743240356,0.030926506966352463,0.005046028643846512,0.0601513010185909
134.59836769104004,0.03018459863960743,-0.005045760422945023,0.0601513010185909
134.6479365825653,0.030926521867513657,0.005046026315540075,0.0601513010185909
134.69786953926086,0.030184602364897728,-0.005045839119702578,0.0601513010185909
134.74790024757385,0.029591616243124008,-0.006437613163143396,0.0601513010185909
134.7980432510376,0.028741365298628807,-0.011595679447054863,0.0601513010185909
134.84843921661377,0.0289789866656065,-0.003943601623177528,0.0601513010185909
134.89976000785828,0.028446994721889496,-0.007456348277628422,0.0601513010185909
134.94864058494568,0.029147615656256676,0.001341697876341641,0.0601513010185909
134.9999566078186,0.02866903506219387,-0.004226022399961948,0.0601513010185909
135.05500626564026,0.0295758917927742,0.005209623835980892,0.0601513010185909
135.1049609184265,0.02876698039472103,-0.003863399149850011,0.0601513010185909
135.14971661567688,0.029614685103297234,0.004969803616404533,0.0601513010185909
135.19921588897705,0.02900553308427334,-0.0022516800090670586,0.0601513010185909
135.2476291656494,0.029367944225668907,0.002619447885081172,0.0601513010185909
135.29926347732544,0.028988735750317574,-0.002528887242078781,0.0601513010185909
135.34925842285156,0.02935398370027542,0.0024752693716436625,0.0601513010185909
135.3975954055786,0.028980063274502754,-0.002574415411800146,0.0601513010185909
135.449143409729,0.029350092634558678,0.002484940690919757,0.0601513010185909
135.49751353263855,0.028979340568184853,-0.0025441378820687532,0.0601513010185909
135.54795026779175,0.029350927099585533,0.002515110420063138,0.0601513010185909
135.59793710708618,0.028980592265725136,-0.002522838767617941,0.0601513010185909
135.64762544631958,0.029351988807320595,0.0025264136493206024,0.0601513010185909
135.69756293296814,0.02898126281797886,-0.0025190855376422405,0.0601513010185909
135.7475664615631,0.029352298006415367,0.0025258634705096483,0.0601513010185909
135.79769206047058,0.028981328010559082,-0.002521301619708538,0.0601513010185909
135.84770941734314,0.02935224026441574,0.0025235882494598627,0.0601513010185909
135.89748096466064,0.02898123487830162,-0.002522936323657632,0.0601513010185909
135.9475953578949,0.029352160170674324,0.002522703493013978,0.0601513010185909
135.9977171421051,0.028981182724237442,-0.0025232438929378986,0.0601513010185909
136.05389976501465,0.029586831107735634,0.00451951427385211,0.0601513010185909
136.0978982448578,0.028981177136301994,-0.002523082308471203,0.0601513010185909
136.1483769416809,0.029352139681577682,0.0025229023303836584,0.0601513010185909
136.19806456565857,0.02898118458688259,-0.0025229568127542734,0.0601513010185909
136.24848461151123,0.02935214526951313,0.0025229714810848236,0.0601513010185909
136.29788637161255,0.02898118831217289,-0.0025229318998754025,0.0601513010185909
136.34987044334412,0.027885956689715385,-0.009357908740639687,0.0601513010185909
136.39782881736755,0.027537954971194267,-0.009072713553905487,0.0601513010185909
136.44811296463013,0.02740461938083172,-0.006466538179665804,0.0601513010185909
136.49806952476501,0.027457160875201225,-0.003468603827059269,0.0601513010185909
136.54748940467834,0.027573248371481895,-0.0011812472948804498,0.0601513010185909
136.5980362892151,0.027682358399033546,0.00013537483755499125,0.0601513010185909
136.64811396598816,0.027756592258810997,0.0006547540542669594,0.0601513010185909
136.698139667511,0.027794305235147476,0.0006837416440248489,0.0601513010185909
136.74800491333008,0.02780548296868801,0.0004960528458468616,0.0601513010185909
136.80433559417725,0.027800599113106728,0.00023087642330210656,0.0601513010185909
136.85402727127075,0.027791792526841164,7.027923129498959e-05,0.0601513010185909
136.90436387062073,0.0277839545160532,-1.8459675629856065e-05,0.0601513010185909
136.95417189598083,0.02777881920337677,-5.0734604883473366e-05,0.0601513010185909
137.0042097568512,0.027776334434747696,-4.959707803209312e-05,0.0601513010185909
137.0536060333252,0.027775702998042107,-3.4606906410772353e-05,0.0601513010185909
137.103853225708,0.027776040136814117,-1.8120195818482898e-05,0.0601513010185909
137.14872121810913,0.027776559814810753,-7.843176717869937e-06,0.0601513010185909
137.19852209091187,0.027777181938290596,1.1496811680444807e-07,0.0601513010185909
137.24828934669495,0.027777621522545815,3.4599981972860405e-06,0.0601513010185909
137.29827308654785,0.02777785249054432,3.868086878355825e-06,0.0601513010185909
137.35403776168823,0.027777932584285736,2.6581053589325165e-06,0.0601513010185909
137.40405416488647,0.027777910232543945,1.4198230928741395e-06,0.0601513010185909
137.45391464233398,0.027777861803770065,4.78805134207505e-07,0.0601513010185909
137.5039246082306,0.027777817100286484,-6.075868697053011e-08,0.0601513010185909
137.55439615249634,0.027777787297964096,-2.720603902162111e-07,0.0601513010185909
137.59861826896667,0.027777772396802902,-2.9033898840680195e-07,0.0601513010185909
137.6480462551117,0.027777766808867455,-2.2252551445944846e-07,0.0601513010185909
137.69808959960938,0.027777766808867455,-1.28645964991847e-07,0.0601513010185909
137.75350618362427,0.027777772396802902,-3.915757318395663e-08,0.0601513010185909
137.8040018081665,0.02777777425944805,2.8299902421480283e-09,0.0601513010185909
137.85418462753296,0.02777777798473835,1.982818176315959e-08,0.0601513010185909
137.9041965007782,0.02777777798473835,2.1245046610829377e-08,0.0601513010185909
137.95376634597778,0.02777777798473835,1.56323682887205e-08,0.0601513010185909
138.0040214061737,0.02777777798473835,8.676991569700476e-09,0.0601513010185909
138.05410075187683,0.02777777798473835,3.1860258875582304e-09,0.0601513010185909
138.1040325164795,0.02777777798473835,-7.710108940184313e-11,0.0601513010185909
138.1550784111023,0.02777777798473835,-1.4399209602444785e-09,0.0601513010185909
138.2039029598236,0.02777777798473835,-1.5973316003226046e-09,0.0601513010185909
138.25407457351685,0.02777777798473835,-1.1969385482757389e-09,0.0601513010185909
138.30397248268127,0.02777777798473835,-6.76843692204443e-10,0.0601513010185909
138.35385036468506,0.02777777798473835,-2.580575753086123e-10,0.0601513010185909
138.40422463417053,0.02777777798473835,-4.778157036700037e-12,0.0601513010185909
138.4539499282837,0.02777777798473835,1.041501329623884e-10,0.0601513010185909
138.50399684906006,0.02777777798473835,1.1993192550185938e-10,0.0601513010185909
138.55387449264526,0.02777777798473835,9.155187719045443e-11,0.0601513010185909
138.60375475883484,0.02777777798473835,5.272395020572418e-11,0.0601513010185909
138.65372276306152,0.02777777798473835,2.0817583767929193e-11,0.0601513010185909
138.70383310317993,0.02777777798473835,1.182436093483119e-12,0.0601513010185909
138.7540361881256,0.02777777798473835,-7.499598164706356e-12,0.0601513010185909
138.80396580696106,0.02777777798473835,-8.99193913772578e-12,0.0601513010185909
138.85394167900085,0.02777777798473835,-6.995369561391129e-12,0.0601513010185909
138.90402483940125,0.02777777798473835,-4.101573247705659e-12,0.0601513010185909
138.95406913757324,0.02777777798473835,-1.673321203821132e-12,0.0601513010185909
139.00421977043152,0.02777777798473835,-1.5296097721773094e-13,0.0601513010185909
139.05405521392822,0.02777777798473835,5.372507994039211e-13,0.0601513010185909
139.1040961742401,0.02777777798473835,6.73086586466809e-13,0.0601513010185909
139.15438866615295,0.02777777798473835,5.3389237475443e-13,0.0601513010185909
139.20417952537537,0.02777777798473835,3.1864094696132383e-13,0.0601513010185909
139.25442790985107,0.02777777798473835,1.3405943022348765e-13,0.0601513010185909
139.30391764640808,0.02777777798473835,1.6507628597395296e-14,0.0601513010185909
139.35415935516357,0.02777777798473835,-3.8212488728817107e-14,0.0601513010185909
139.4042456150055,0.02777777798473835,-5.026534743990396e-14,0.0601513010185909
139.45406341552734,0.02777777798473835,-4.068273495860808e-14,0.0601513010185909
139.49875593185425,0.02777777798473835,-2.79359868571305e-14,0.0601513010185909
139.54826283454895,0.02777777798473835,-1.3163081735712012e-14,0.0601513010185909
139.603928565979,0.02777777798473835,-1.6167622796103842e-15,0.0601513010185909
139.6537435054779,0.02777777798473835,2.7131075164277263e-15,0.0601513010185909
139.69842100143433,0.02777777798473835,3.7192471324942744e-15,0.0601513010185909
139.7538480758667,0.02777777798473835,3.073929999430902e-15,0.0601513010185909
139.80392122268677,0.02777777798473835,1.887379141862766e-15,0.0601513010185909
139.8538899421692,0.02777777798473835,8.187894806610529e-16,0.0601513010185909
139.90380907058716,0.02777777798473835,1.5959455978986625e-16,0.0601513010185909
139.95395469665527,0.02777777798473835,-1.5959455978986625e-16,0.0601513010185909
140.00430583953857,0.02777777798473835,-2.42861286636753e-16,0.0601513010185909
140.05435943603516,0.02777777798473835,-1.5959455978986625e-16,0.0601513010185909
140.1044204235077,0.02777777798473835,-8.326672684688674e-17,0.0601513010185909
140.15411043167114,0.02777777798473835,-1.3877787807814457e-17,0.0601513010185909
140.20413088798523,0.02777777798473835,5.551115123125783e-17,0.0601513010185909
140.25503206253052,0.02777777798473835,1.249000902703301e-16,0.0601513010185909
140.30423402786255,0.02777777798473835,1.942890293094024e-16,0.0601513010185909
140.34843373298645,0.02777777798473835,1.8735013540549517e-16,0.0601513010185909
140.39892601966858,0.02777777798473835,1.3877787807814457e-16,0.0601513010185909
140.44789719581604,0.02777777798473835,1.0408340855860843e-16,0.0601513010185909
140.4988408088684,0.02777777798473835,6.938893903907228e-17,0.0601513010185909
140.5484094619751,0.02777777798473835,3.469446951953614e-17,0.0601513010185909
140.6006989479065,0.02777777798473835,-6.938893903907228e-18,0.0601513010185909
140.64879035949707,0.02777777798473835,-3.469446951953614e-17,0.0601513010185909
140.69884133338928,0.02777777798473835,-6.938893903907228e-17,0.0601513010185909
140.74835729599,0.02777777798473835,-1.0408340855860843e-16,0.0601513010185909
140.79863357543945,0.02777777798473835,-1.3877787807814457e-16,0.0601513010185909
140.8496813774109,0.02777777798473835,-1.8041124150158794e-16,0.0601513010185909
140.89834189414978,0.02777777798473835,-1.8735013540549517e-16,0.0601513010185909
140.94841027259827,0.02777777798473835,-1.1102230246251565e-16,0.0601513010185909
140.99847865104675,0.02777777798473835,-4.163336342344337e-17,0.0601513010185909
141.0489320755005,0.02777777798473835,2.7755575615628914e-17,0.0601513010185909
141.0981149673462,0.02777777798473835,9.71445146547012e-17,0.0601513010185909
141.14821100234985,0.02777777798473835,1.6653345369377348e-16,0.0601513010185909
141.1986165046692,0.02777777798473835,1.942890293094024e-16,0.0601513010185909
141.24821710586548,0.02777777798473835,1.457167719820518e-16,0.0601513010185909
141.30401134490967,0.02777777798473835,1.0408340855860843e-16,0.0601513010185909
141.35410141944885,0.02777777798473835,6.938893903907228e-17,0.0601513010185909
141.39878273010254,0.02777777798473835,4.163336342344337e-17,0.0601513010185909
141.4539053440094,0.02777777798473835,0.0,0.0601513010185909
141.5043330192566,0.02777777798473835,-3.469446951953614e-17,0.0601513010185909
141.55409455299377,0.02777777798473835,-6.938893903907228e-17,0.0601513010185909
141.60420203208923,0.02777777798473835,-1.0408340855860843e-16,0.0601513010185909
141.65473985671997,0.02777777798473835,-1.3877787807814457e-16,0.0601513010185909
141.6980242729187,0.02777777798473835,-1.6653345369377348e-16,0.0601513010185909
141.74779534339905,0.02777777798473835,-1.942890293094024e-16,0.0601513010185909
141.80092668533325,0.02777777798473835,-1.1102230246251565e-16,0.0601513010185909
141.84882259368896,0.02777777798473835,-5.551115123125783e-17,0.0601513010185909
141.8985857963562,0.02777777798473835,1.3877787807814457e-17,0.0601513010185909
141.94788670539856,0.02777777798473835,8.326672684688674e-17,0.0601513010185909
141.99825024604797,0.02777777798473835,1.5265566588595902e-16,0.0601513010185909
142.04954886436462,0.02777777798473835,2.0122792321330962e-16,0.0601513010185909
142.0995843410492,0.02777777798473835,1.5265566588595902e-16,0.0601513010185909
142.14808821678162,0.02777777798473835,1.1796119636642288e-16,0.0601513010185909
142.19772863388062,0.02777777798473835,8.326672684688674e-17,0.0601513010185909
142.24796795845032,0.02777777798473835,4.85722573273506e-17,0.0601513010185909
142.29816269874573,0.02777777798473835,1.3877787807814457e-17,0.0601513010185909
142.348046541214,0.02777777798473835,-2.0816681711721685e-17,0.0601513010185909
142.3981010913849,0.02777777798473835,-5.551115123125783e-17,0.0601513010185909
142.45462322235107,0.02777777798473835,-9.71445146547012e-17,0.0601513010185909
142.50453782081604,0.02777777798473835,-1.3183898417423734e-16,0.0601513010185909
142.5545253753662,0.02777777798473835,-1.6653345369377348e-16,0.0601513010185909
142.6046426296234,0.02777777798473835,-1.942890293094024e-16,0.0601513010185909
142.65493535995483,0.02777777798473835,-1.249000902703301e-16,0.0601513010185909
142.6978588104248,0.02777777798473835,-6.938893903907228e-17,0.0601513010185909
142.74939465522766,0.02777777798473835,0.0,0.0601513010185909
142.79843878746033,0.02777777798473835,6.938893903907228e-17,0.0601513010185909
142.84955263137817,0.02777777798473835,1.3877787807814457e-16,0.0601513010185909
142.89811396598816,0.02777777798473835,2.0122792321330962e-16,0.0601513010185909
142.948139667511,0.02777777798473835,1.5959455978986625e-16,0.0601513010185909
142.99792313575745,0.02777777798473835,1.249000902703301e-16,0.0601513010185909
143.04833126068115,0.02777777798473835,9.020562075079397e-17,0.0601513010185909
143.105211019516,0.02777777798473835,4.85722573273506e-17,0.0601513010185909
143.15411257743835,0.02777777798473835,1.3877787807814457e-17,0.0601513010185909
143.20417046546936,0.02777777798473835,-2.0816681711721685e-17,0.0601513010185909
143.254230260849,0.02777777798473835,-5.551115123125783e-17,0.0601513010185909
143.30395078659058,0.02777777798473835,-9.020562075079397e-17,0.0601513010185909
143.35422801971436,0.02777777798473835,-1.249000902703301e-16,0.0601513010185909
143.40415382385254,0.02777777798473835,-1.5959455978986625e-16,0.0601513010185909
143.4539406299591,0.02777777798473835,-1.942890293094024e-16,0.0601513010185909
143.50407004356384,0.02777777798473835,-1.3877787807814457e-16,0.0601513010185909
143.554203748703,0.02777777798473835,-6.938893903907228e-17,0.0601513010185909
143.59838223457336,0.02777777798473835,-1.3877787807814457e-17,0.0601513010185909
143.64823174476624,0.02777777798473835,5.551115123125783e-17,0.0601513010185909
143.69835376739502,0.02777777798473835,1.249000902703301e-16,0.0601513010185909
143.74830770492554,0.02777777798473835,1.942890293094024e-16,0.0601513010185909
143.79827451705933,0.02777777798473835,1.734723475976807e-16,0.0601513010185909
143.84842085838318,0.02777777798473835,1.3183898417423734e-16,0.0601513010185909
143.89833450317383,0.02777777798473835,9.71445146547012e-17,0.0601513010185909
143.94849491119385,0.02777777798473835,6.245004513516506e-17,0.0601513010185909
143.9983615875244,0.02777777798473835,2.7755575615628914e-17,0.0601513010185909
144.04856300354004,0.02777777798473835,-6.938893903907228e-18,0.0601513010185909
144.09835505485535,0.02777777798473835,-4.163336342344337e-17,0.0601513010185909
144.14861798286438,0.02777777798473835,-7.632783294297951e-17,0.0601513010185909
144.1985821723938,0.02777777798473835,-1.1102230246251565e-16,0.0601513010185909
144.24892234802246,0.02777777798473835,-1.457167719820518e-16,0.0601513010185909
144.29916334152222,0.02777777798473835,-1.8041124150158794e-16,0.0601513010185909
144.35037446022034,0.02777777798473835,-1.5265566588595902e-16,0.0601513010185909
144.3983290195465,0.02777777798473835,-9.71445146547012e-17,0.0601513010185909
144.44830536842346,0.02777777798473835,-2.7755575615628914e-17,0.0601513010185909
144.49836540222168,0.02777777798473835,4.163336342344337e-17,0.0601513010185909
144.54861783981323,0.02777777798473835,1.1102230246251565e-16,0.0601513010185909
144.59815454483032,0.02777777798473835,1.8041124150158794e-16,0.0601513010185909
144.64839506149292,0.02777777798473835,1.8735013540549517e-16,0.0601513010185909
144.69784903526306,0.02777777798473835,1.3877787807814457e-16,0.0601513010185909
144.74789881706238,0.02777777798473835,1.0408340855860843e-16,0.0601513010185909
144.80115008354187,0.02777777798473835,6.245004513516506e-17,0.0601513010185909
144.8478138446808,0.02777777798473835,3.469446951953614e-17,0.0601513010185909
144.89855003356934,0.02777777798473835,0.0,0.0601513010185909
144.95421433448792,0.02777777798473835,-4.163336342344337e-17,0.0601513010185909
145.00406169891357,0.02777777798473835,-7.632783294297951e-17,0.0601513010185909
145.0492024421692,0.02777777798473835,-1.0408340855860843e-16,0.0601513010185909
145.1000270843506,0.02777777798473835,-1.457167719820518e-16,0.0601513010185909
145.14774250984192,0.02777777798473835,-1.734723475976807e-16,0.0601513010185909
145.19772171974182,0.02777777798473835,-1.8735013540549517e-16,0.0601513010185909
145.24811363220215,0.02777777798473835,-1.1102230246251565e-16,0.0601513010185909
145.29804396629333,0.02777777798473835,-4.163336342344337e-17,0.0601513010185909
145.34843182563782,0.02777777798473835,2.7755575615628914e-17,0.0601513010185909
145.39810919761658,0.02777777798473835,9.71445146547012e-17,0.0601513010185909
145.4480803012848,0.02777777798473835,1.6653345369377348e-16,0.0601513010185909
145.49815464019775,0.02644287422299385,-0.011483543552458286,0.0601513010185909
145.54813694953918,0.026334544643759727,-0.006549769546836615,0.0601513010185909
145.59822750091553,0.02583025023341179,-0.008989496156573296,0.0601513010185909
145.64814829826355,0.026253750547766685,-0.0009456505067646503,0.0601513010185909
145.69800519943237,0.025998879224061966,-0.003704199567437172,0.0601513010185909
145.74823379516602,0.026478949934244156,0.002658330136910081,0.0601513010185909
145.79813194274902,0.026182224974036217,-0.0018681982764974236,0.0601513010185909
145.84806084632874,0.026590896770358086,0.003206696128472686,0.0601513010185909
145.89821124076843,0.02623111382126808,-0.002026900416240096,0.0601513010185909
145.94816517829895,0.026598714292049408,0.0027942261658608913,0.0601513010185909
145.99807381629944,0.026219207793474197,-0.002426460152491927,0.0601513010185909
146.04818034172058,0.026581916958093643,0.002517019398510456,0.0601513010185909
146.09784173965454,0.02620524726808071,-0.0025706379674375057,0.0601513010185909
146.1482229232788,0.026573244482278824,0.0024714916944503784,0.0601513010185909
146.19821214675903,0.026201356202363968,-0.0025609664153307676,0.0601513010185909
146.2482306957245,0.026572521775960922,0.002501769457012415,0.0601513010185909
146.2979245185852,0.026202190667390823,-0.0025307966861873865,0.0601513010185909
146.3479928970337,0.026573773473501205,0.0025230685714632273,0.0601513010185909
146.3979377746582,0.026203252375125885,-0.0025194936897605658,0.0601513010185909
146.44810557365417,0.02523954026401043,-0.008956721983850002,0.0601513010185909
146.49815797805786,0.024760328233242035,-0.009069813415408134,0.0601513010185909
146.54826760292053,0.02462698146700859,-0.006464890204370022,0.0601513010185909
146.59875750541687,0.024679476395249367,-0.003467969363555312,0.0601513010185909
146.64778566360474,0.024795517325401306,-0.0011812289012596011,0.0601513010185909
146.70426988601685,0.0266234390437603,0.014171071350574493,0.0601513010185909
146.75466108322144,0.026246564462780952,0.004844699054956436,0.0601513010185909
146.80435490608215,0.027202414348721504,0.011023207567632198,0.0601513010185909
146.84918308258057,0.02655172161757946,0.0014415750047191978,0.0601513010185909
146.89828777313232,0.026803236454725266,0.003975421190261841,0.0601513010185909
146.9483940601349,0.026314623653888702,-0.0025618397630751133,0.0601513010185909
146.99833989143372,0.026603100821375847,0.0018622820498421788,0.0601513010185909
147.04829502105713,0.026188720017671585,-0.003254358656704426,0.0601513010185909
147.09975671768188,0.026779780164361,0.004020052496343851,0.0601513010185909
147.14782857894897,0.02617701143026352,-0.0028322290163487196,0.0601513010185909
147.1979775428772,0.026556722819805145,0.002405280014500022,0.0601513010185909
147.2482659816742,0.02619464136660099,-0.0025248622987419367,0.0601513010185909
147.29811644554138,0.026571935042738914,0.002570751588791609,0.0601513010185909
147.34832501411438,0.02620437555015087,-0.0024680334609001875,0.0601513010185909
147.39817571640015,0.02657649666070938,0.002564833266660571,0.0601513010185909
147.4480323791504,0.026205407455563545,-0.00249886023811996,0.0601513010185909
147.4978415966034,0.02657572738826275,0.002532448386773467,0.0601513010185909
147.5477089881897,0.026204099878668785,-0.002522433875128627,0.0601513010185909
147.59796118736267,0.026574572548270226,0.002519510919228196,0.0601513010185909
147.6479697227478,0.026203347370028496,-0.0025270716287195683,0.0601513010185909
147.69796013832092,0.026574211195111275,0.0025197535287588835,0.0601513010185909
147.74801349639893,0.026203257963061333,-0.0025248280726373196,0.0601513010185909
147.79802584648132,0.026574263349175453,0.002522190334275365,0.0601513010185909
147.8482255935669,0.026203354820609093,-0.0025230220053344965,0.0601513010185909
147.8981807231903,0.026574350893497467,0.0025232003536075354,0.0601513010185909
147.94841122627258,0.026203414425253868,-0.0025226452853530645,0.0601513010185909
147.99848818778992,0.026574380695819855,0.002523197792470455,0.0601513010185909
148.04819178581238,0.026203421875834465,-0.0025228080339729786,0.0601513010185909
148.10503768920898,0.026809072121977806,0.004519766196608543,0.0601513010185909
148.15391635894775,0.02596871741116047,-0.004519717767834663,0.0601513010185909
148.20381140708923,0.02680906467139721,0.0045196982100605965,0.0601513010185909
148.2540373802185,0.02596871368587017,-0.004519741050899029,0.0601513010185909
148.30391311645508,0.02680906280875206,0.00451970100402832,0.0601513010185909
148.354074716568,0.02596871368587017,-0.004519728012382984,0.0601513010185909
148.4043071269989,0.02680906280875206,0.004519714508205652,0.0601513010185909
148.45397114753723,0.02596871368587017,-0.004519718699157238,0.0601513010185909
148.50425386428833,0.02680906467139721,0.004519719630479813,0.0601513010185909
148.55408930778503,0.02596871368587017,-0.004519716836512089,0.0601513010185909
148.60424995422363,0.025108179077506065,-0.009357922710478306,0.0601513010185909
148.654461145401,0.024711191654205322,-0.008674792014062405,0.0601513010185909
148.70416021347046,0.02462712675333023,-0.005847374442964792,0.0601513010185909
148.7543728351593,0.024700503796339035,-0.0029366170056164265,0.0601513010185909
148.80459785461426,0.024819258600473404,-0.0008418790530413389,0.0601513010185909
148.85386443138123,0.02492254413664341,0.0002937004610430449,0.0601513010185909
148.9040243625641,0.0249890498816967,0.0006899068830534816,0.0601513010185909
148.95394372940063,0.02502048946917057,0.0006563187343999743,0.0601513010185909
149.0041172504425,0.025027843192219734,0.0004500844224821776,0.0601513010185909
149.0541431903839,0.025022821500897408,0.00023087642330210656,0.0601513010185909
149.10443806648254,0.025014014914631844,7.027912943158299e-05,0.0601513010185909
149.15404224395752,0.02500617690384388,-1.845978658820968e-05,0.0601513010185909
149.2040045261383,0.02500104159116745,-5.073468855698593e-05,0.0601513010185909
149.2546899318695,0.024998556822538376,-4.959712896379642e-05,0.0601513010185909
149.30389142036438,0.024997925385832787,-3.460692460066639e-05,0.0601513010185909
149.35400295257568,0.024998262524604797,-1.8120195818482898e-05,0.0601513010185909
149.40412998199463,0.024998914450407028,-5.820507794851437e-06,0.0601513010185909
149.45405650138855,0.024999508634209633,1.1038772527172114e-06,0.0601513010185909
149.50415563583374,0.02499990537762642,3.7207635159575148e-06,0.0601513010185909
149.55323147773743,0.02500010095536709,3.743441993719898e-06,0.0601513010185909
149.6037313938141,0.025000154972076416,2.6581069505482446e-06,0.0601513010185909
149.65379238128662,0.025000132620334625,1.4198232065609773e-06,0.0601513010185909
149.70387649536133,0.025000084191560745,4.788046226167353e-07,0.0601513010185909
149.7538857460022,0.025000039488077164,-6.075930514271022e-08,0.0601513010185909
149.80407857894897,0.025000009685754776,-2.7206090180698084e-07,0.0601513010185909
149.85394644737244,0.024999992921948433,-2.8219145065122575e-07,0.0601513010185909
149.90399622917175,0.024999989196658134,-2.0395091837599466e-07,0.0601513010185909
149.9481861591339,0.024999989196658134,-1.2864599341355643e-07,0.0601513010185909
149.99793124198914,0.024999992921948433,-5.115986567716391e-08,0.0601513010185909
150.04805445671082,0.02499999664723873,-3.2985072451197084e-09,0.0601513010185909
150.09792828559875,0.02499999850988388,1.7986021561000598e-08,0.0601513010185909
150.1490671634674,0.02500000037252903,2.1761501045602927e-08,0.0601513010185909
150.20423698425293,0.02500000037252903,1.5632378946861536e-08,0.0601513010185909
150.25473856925964,0.02500000037252903,8.676992457878896e-09,0.0601513010185909
150.2991020679474,0.02500000037252903,4.10909617443167e-09,0.0601513010185909
150.35426139831543,0.02500000037252903,-7.710466987109754e-11,0.0601513010185909
150.4030065536499,0.02500000037252903,-1.439923957846645e-09,0.0601513010185909
150.4484157562256,0.02500000037252903,-1.6286179072011464e-09,0.0601513010185909
150.49797368049622,0.02500000037252903,-1.2972349860973509e-09,0.0601513010185909
150.54806566238403,0.02500000037252903,-7.771018273317054e-10,0.0601513010185909
150.59816575050354,0.02500000037252903,-3.2897376489593455e-10,0.0601513010185909
150.64823603630066,0.02500000037252903,-4.249407076217793e-11,0.0601513010185909
150.69799876213074,0.02500000037252903,9.156146674182963e-11,0.0601513010185909
150.74806094169617,0.02500000037252903,1.216932943304272e-10,0.0601513010185909
150.7982530593872,0.02500000037252903,9.889034036092426e-11,0.0601513010185909
150.84818148612976,0.02500000037252903,6.028365306942618e-11,0.0601513010185909
150.89805436134338,0.02500000037252903,2.6259938668005134e-11,0.0601513010185909
150.9480278491974,0.02500000037252903,4.133943187767386e-12,0.0601513010185909
150.9981508255005,0.02500000037252903,-6.4689434364773035e-12,0.0601513010185909
151.04828929901123,0.02500000037252903,-9.078272855678193e-12,0.0601513010185909
151.09812569618225,0.02500000037252903,-7.530691348289764e-12,0.0601513010185909
151.14820861816406,0.02500000037252903,-4.6709441869907664e-12,0.0601513010185909
151.1981816291809,0.02500000037252903,-2.0905846498386893e-12,0.0601513010185909
151.24806189537048,0.02500000037252903,-3.835889939018955e-13,0.0601513010185909
151.29816269874573,0.02500000037252903,4.5333181653006704e-13,0.0601513010185909
151.34811663627625,0.02500000037252903,6.760147996942578e-13,0.0601513010185909
151.3979959487915,0.02500000037252903,5.728195695553495e-13,0.0601513010185909
151.44803428649902,0.02500000037252903,3.6145392234843143e-13,0.0601513010185909
151.4980390071869,0.02500000037252903,1.659783421814609e-13,0.0601513010185909
151.54828691482544,0.02500000037252903,3.4465486020707203e-14,0.0601513010185909
151.59805965423584,0.02500000037252903,-3.1460944960315373e-14,0.0601513010185909
151.64802169799805,0.02500000037252903,-5.0237591864288333e-14,0.0601513010185909
151.6980221271515,0.02500000037252903,-4.353462035311395e-14,0.0601513010185909
151.74809312820435,0.02500000037252903,-2.7956803538842223e-14,0.0601513010185909
151.8038158416748,0.02500000037252903,-1.0748346657152297e-14,0.0601513010185909
151.85401701927185,0.02500000037252903,-1.6792123247455493e-15,0.0601513010185909
151.90422797203064,0.02500000037252903,2.615963001773025e-15,0.0601513010185909
151.95419025421143,0.02500000037252903,3.615163723935666e-15,0.0601513010185909
152.0042576789856,0.02500000037252903,2.9559688030644793e-15,0.0601513010185909
152.0538547039032,0.02500000037252903,1.7763568394002505e-15,0.0601513010185909
152.1044409275055,0.02500000037252903,7.424616477180734e-16,0.0601513010185909
152.14815497398376,0.02500000037252903,1.6653345369377348e-16,0.0601513010185909
152.19789147377014,0.02500000037252903,-2.220446049250313e-16,0.0601513010185909
152.2484016418457,0.02500000037252903,-3.2612801348363973e-16,0.0601513010185909
152.29829931259155,0.02500000037252903,-2.7755575615628914e-16,0.0601513010185909
152.34818243980408,0.02500000037252903,-2.0816681711721685e-16,0.0601513010185909
152.39810466766357,0.02500000037252903,-1.457167719820518e-16,0.0601513010185909
152.4543182849884,0.02500000037252903,-1.0408340855860843e-16,0.0601513010185909
152.50408005714417,0.02500000037252903,-6.938893903907228e-17,0.0601513010185909
152.5551474094391,0.02500000037252903,-3.469446951953614e-17,0.0601513010185909
152.6044750213623,0.02500000037252903,0.0,0.0601513010185909
152.65509414672852,0.02500000037252903,3.469446951953614e-17,0.0601513010185909
152.70423793792725,0.02500000037252903,6.938893903907228e-17,0.0601513010185909
152.75479006767273,0.02500000037252903,1.0408340855860843e-16,0.0601513010185909
152.8042664527893,0.02500000037252903,1.3877787807814457e-16,0.0601513010185909
152.854474067688,0.02500000037252903,1.734723475976807e-16,0.0601513010185909
152.90424704551697,0.02500000037252903,1.6653345369377348e-16,0.0601513010185909
152.9542863368988,0.02500000037252903,9.71445146547012e-17,0.0601513010185909
153.00494027137756,0.02500000037252903,2.7755575615628914e-17,0.0601513010185909
153.05425238609314,0.02500000037252903,-4.163336342344337e-17,0.0601513010185909
153.10469722747803,0.02500000037252903,-1.1102230246251565e-16,0.0601513010185909
153.15529036521912,0.02500000037252903,-1.8041124150158794e-16,0.0601513010185909
153.2043001651764,0.02500000037252903,-2.0816681711721685e-16,0.0601513010185909
153.25471186637878,0.02500000037252903,-1.457167719820518e-16,0.0601513010185909
153.30446863174438,0.02500000037252903,-1.1102230246251565e-16,0.0601513010185909
153.35458636283875,0.02500000037252903,-7.632783294297951e-17,0.0601513010185909
153.39909887313843,0.02500000037252903,-4.85722573273506e-17,0.0601513010185909
153.44914555549622,0.02500000037252903,-1.3877787807814457e-17,0.0601513010185909
153.4980731010437,0.02500000037252903,2.0816681711721685e-17,0.0601513010185909
153.5480444431305,0.02500000037252903,5.551115123125783e-17,0.0601513010185909
153.59804677963257,0.02500000037252903,9.020562075079397e-17,0.0601513010185909
153.64861130714417,0.02500000037252903,1.249000902703301e-16,0.0601513010185909
153.69821095466614,0.02500000037252903,1.5959455978986625e-16,0.0601513010185909
153.74842953681946,0.02500000037252903,1.8735013540549517e-16,0.0601513010185909
153.79935503005981,0.02500000037252903,1.249000902703301e-16,0.0601513010185909
153.84908366203308,0.02500000037252903,5.551115123125783e-17,0.0601513010185909
153.89904141426086,0.02500000037252903,-1.3877787807814457e-17,0.0601513010185909
153.94898915290833,0.02500000037252903,-8.326672684688674e-17,0.0601513010185909
153.99920010566711,0.02500000037252903,-1.5265566588595902e-16,0.0601513010185909
154.0480465888977,0.02500000037252903,-2.1510571102112408e-16,0.0601513010185909
154.09995889663696,0.02500000037252903,-1.5265566588595902e-16,0.0601513010185909
154.1479663848877,0.02500000037252903,-1.249000902703301e-16,0.0601513010185909
154.19830203056335,0.02500000037252903,-9.020562075079397e-17,0.0601513010185909
154.2490839958191,0.02500000037252903,-5.551115123125783e-17,0.0601513010185909
154.30403447151184,0.02500000037252903,-1.3877787807814457e-17,0.0601513010185909
154.3542082309723,0.02500000037252903,2.0816681711721685e-17,0.0601513010185909
154.404443025589,0.02500000037252903,5.551115123125783e-17,0.0601513010185909
154.44782400131226,0.02500000037252903,8.326672684688674e-17,0.0601513010185909
154.4982190132141,0.02500000037252903,1.1796119636642288e-16,0.0601513010185909
154.55466532707214,0.02500000037252903,1.5959455978986625e-16,0.0601513010185909
154.5977394580841,0.02500000037252903,1.8735013540549517e-16,0.0601513010185909
154.65442442893982,0.02500000037252903,1.249000902703301e-16,0.0601513010185909
154.7047040462494,0.023299114778637886,-0.013877642340958118,0.0601513010185909
154.75438618659973,0.02374247834086418,-0.004155074246227741,0.0601513010185909
154.80455923080444,0.0228180643171072,-0.010367092676460743,0.0601513010185909
154.8545217514038,0.023731788620352745,0.0015831012278795242,0.0601513010185909
154.90482187271118,0.023010194301605225,-0.005361597519367933,0.0601513010185909
154.95402240753174,0.02395383082330227,0.004813418723642826,0.0601513010185909
154.99760723114014,0.023404447361826897,-0.0018681982764974236,0.0601513010185909
155.04773616790771,0.023813119158148766,0.003206696128472686,0.0601513010185909
155.09967494010925,0.023218778893351555,-0.004069633781909943,0.0601513010185909
155.148099899292,0.023820936679840088,0.0027942261658608913,0.0601513010185909
155.19787883758545,0.023441430181264877,-0.002426460152491927,0.0601513010185909
155.24957704544067,0.023804139345884323,0.002517019398510456,0.0601513010185909
155.30125284194946,0.02319197915494442,-0.0045704529620707035,0.0601513010185909
155.35100746154785,0.024029843509197235,0.004470121115446091,0.0601513010185909
155.39953088760376,0.023423578590154648,-0.0025609664153307676,0.0601513010185909
155.44979405403137,0.024029549211263657,0.004501597955822945,0.0601513010185909
155.49934220314026,0.023424413055181503,-0.0025307966861873865,0.0601513010185909
155.5502634048462,0.02232990972697735,-0.009356820024549961,0.0601513010185909
155.60532641410828,0.02193331904709339,-0.00867107231169939,0.0601513010185909
155.65526509284973,0.02184944972395897,-0.005843631457537413,0.0601513010185909
155.69983386993408,0.0219228807836771,-0.002933959010988474,0.0601513010185909
155.74967050552368,0.02204161323606968,-0.0008404591353610158,0.0601513010185909
155.80538511276245,0.022144850343465805,0.00029417939367704093,0.0601513010185909
155.85521054267883,0.022211311385035515,0.0006898462306708097,0.0601513010185909
155.90509867668152,0.022242719307541847,0.0006560467300005257,0.0601513010185909
155.95531845092773,0.022250058129429817,0.0004498022608458996,0.0601513010185909
156.0053699016571,0.022245032712817192,0.00023067246365826577,0.0601513010185909
156.05543684959412,0.022236226126551628,7.016804738668725e-05,0.0601513010185909
156.1052463054657,0.022228391841053963,-1.849895306804683e-05,0.0601513010185909
156.15550565719604,0.02222326211631298,-5.0731865485431626e-05,0.0601513010185909
156.2051944732666,0.022220779210329056,-4.957730561727658e-05,0.0601513010185909
156.25562500953674,0.022220147773623466,-3.458568244241178e-05,0.0601513010185909
156.30531477928162,0.022220486775040627,-1.8104563423548825e-05,0.0601513010185909
156.3553924560547,0.022221138700842857,-5.811830305901822e-06,0.0601513010185909
156.40350699424744,0.022221732884645462,1.107064008465386e-06,0.0601513010185909
156.44809103012085,0.022222066298127174,3.4604097436385928e-06,0.0601513010185909
156.49781823158264,0.02222229726612568,3.8668044908263255e-06,0.0601513010185909
156.54804468154907,0.022222373634576797,2.908293936343398e-06,0.0601513010185909
156.5980634689331,0.022222362458705902,1.6506737665622495e-06,0.0601513010185909
156.6478750705719,0.02222231589257717,6.339216724882135e-07,0.0601513010185909
156.69784903526306,0.02222226932644844,1.6832791160936722e-08,0.0601513010185909
156.74793982505798,0.022222235798835754,-2.5007810222632543e-07,0.0601513010185909
156.79848289489746,0.022222217172384262,-2.902477831412398e-07,0.0601513010185909
156.85116934776306,0.022222211584448814,-2.0383099297305307e-07,0.0601513010185909
156.8985493183136,0.022222211584448814,-1.2854710007559333e-07,0.0601513010185909
156.94803094863892,0.022222215309739113,-5.109958323146202e-08,0.0601513010185909
157.00420928001404,0.02222221903502941,2.8508579941188827e-09,0.0601513010185909
157.05419039726257,0.02222222276031971,1.9829405673021938e-08,0.0601513010185909
157.10391187667847,0.02222222276031971,2.123757170124918e-08,0.0601513010185909
157.1492223739624,0.02222222276031971,1.699004137378779e-08,0.0601513010185909
157.19878482818604,0.02222222276031971,9.997428662700258e-09,0.0601513010185909
157.24889588356018,0.02222222276031971,4.104425244122467e-09,0.0601513010185909
157.29886507987976,0.02222222276031971,4.0197814521469866e-10,0.0601513010185909
157.34879231452942,0.02222222276031971,-1.2874882271418642e-09,0.0601513010185909
157.39886045455933,0.02222222276031971,-1.628164603140192e-09,0.0601513010185909
157.4489450454712,0.02222222276031971,-1.2965589712976566e-09,0.0601513010185909
157.49875211715698,0.02222222276031971,-7.765288967398476e-10,0.0601513010185909
157.54783463478088,0.02222222276031971,-3.2861219301238975e-10,0.0601513010185909
157.6039538383484,0.02222222276031971,-4.643771478463066e-12,0.0601513010185909
157.65428018569946,0.02222222276031971,1.0416691814674195e-10,0.0601513010185909
157.70397400856018,0.02222222276031971,1.1989388648547816e-10,0.0601513010185909
157.7544138431549,0.02222222276031971,9.150163959859015e-11,0.0601513010185909
157.79827427864075,0.02222222276031971,6.024020865469382e-11,0.0601513010185909
157.85433983802795,0.02222222276031971,2.0792763344434917e-11,0.0601513010185909
157.8987386226654,0.02222222276031971,4.12080786160729e-12,0.0601513010185909
157.94831156730652,0.02222222276031971,-6.471954916431599e-12,0.0601513010185909
157.99844813346863,0.02222222276031971,-9.076066287416751e-12,0.0601513010185909
158.048259973526,0.02222222276031971,-7.526854139960903e-12,0.0601513010185909
158.10457038879395,0.02222222276031971,-4.098388295403765e-12,0.0601513010185909
158.15442848205566,0.02222222276031971,-1.6713228023768067e-12,0.0601513010185909
158.2040946483612,0.02222222276031971,-1.52058921010223e-13,0.0601513010185909
158.254380941391,0.02222222276031971,5.373895772819992e-13,0.0601513010185909
158.30428504943848,0.02222222276031971,6.728784196496918e-13,0.0601513010185909
158.35405778884888,0.02222222276031971,5.335662467409463e-13,0.0601513010185909
158.40428638458252,0.02222222276031971,3.18328696735648e-13,0.0601513010185909
158.45402264595032,0.02222222276031971,1.3385820230027434e-13,0.0601513010185909
158.4993872642517,0.02222222276031971,3.435446371824469e-14,0.0601513010185909
158.54792141914368,0.02222222276031971,-3.153727279325835e-14,0.0601513010185909
158.59766507148743,0.02222222276031971,-5.031391969723131e-14,0.0601513010185909
158.6476674079895,0.02222222276031971,-4.355543703482567e-14,0.0601513010185909
158.6977186203003,0.02222222276031971,-2.7929047963226594e-14,0.0601513010185909
158.7475471496582,0.02222222276031971,-1.3156142841808105e-14,0.0601513010185909
158.79794883728027,0.02222222276031971,-3.0531133177191805e-15,0.0601513010185909
158.84922289848328,0.02222222276031971,2.067790383364354e-15,0.0601513010185909
158.89776802062988,0.02222222276031971,3.622102617839573e-15,0.0601513010185909
158.9496157169342,0.02222222276031971,3.2057689836051395e-15,0.0601513010185909
158.99838376045227,0.02222222276031971,2.1024848528838902e-15,0.0601513010185909
159.05133867263794,0.02222222276031971,8.881784197001252e-16,0.0601513010185909
159.09792733192444,0.02222222276031971,3.122502256758253e-16,0.0601513010185909
159.1491630077362,0.02222222276031971,-1.5265566588595902e-16,0.0601513010185909
159.19790935516357,0.02222222276031971,-3.3306690738754696e-16,0.0601513010185909
159.24967789649963,0.02222222276031971,-3.0531133177191805e-16,0.0601513010185909
159.29812145233154,0.02222222276031971,-2.706168622523819e-16,0.0601513010185909
159.3504283428192,0.02222222276031971,-2.2898349882893854e-16,0.0601513010185909
159.39752340316772,0.02222222276031971,-2.0122792321330962e-16,0.0601513010185909
159.4475917816162,0.02222222276031971,-1.6653345369377348e-16,0.0601513010185909
159.49862670898438,0.02222222276031971,-1.3183898417423734e-16,0.0601513010185909
159.54801678657532,0.02222222276031971,-9.71445146547012e-17,0.0601513010185909
159.59822034835815,0.02222222276031971,-6.245004513516506e-17,0.0601513010185909
159.6508309841156,0.02222222276031971,-2.0816681711721685e-17,0.0601513010185909
159.69799828529358,0.02222222276031971,6.938893903907228e-18,0.0601513010185909
159.75092315673828,0.02222222276031971,4.85722573273506e-17,0.0601513010185909
159.7981538772583,0.02222222276031971,7.632783294297951e-17,0.0601513010185909
159.848295211792,0.02222222276031971,1.1102230246251565e-16,0.0601513010185909
159.9008128643036,0.02222222276031971,1.5265566588595902e-16,0.0601513010185909
159.94844794273376,0.02222222276031971,1.8041124150158794e-16,0.0601513010185909
159.9983925819397,0.02222222276031971,1.8041124150158794e-16,0.0601513010185909
160.0480718612671,0.02222222276031971,1.8041124150158794e-16,0.0601513010185909
160.098069190979,0.02222222276031971,1.8041124150158794e-16,0.0601513010185909
160.14810967445374,0.02222222276031971,1.8041124150158794e-16,0.0601513010185909
160.19811463356018,0.02222222276031971,1.8041124150158794e-16,0.0601513010185909
160.24817395210266,0.02222222276031971,1.8041124150158794e-16,0.0601513010185909
160.2980670928955,0.02222222276031971,1.8041124150158794e-16,0.0601513010185909
160.34802746772766,0.02222222276031971,1.8041124150158794e-16,0.0601513010185909
160.39804029464722,0.02222222276031971,1.8041124150158794e-16,0.0601513010185909
160.4479420185089,0.02222222276031971,1.8041124150158794e-16,0.0601513010185909
160.49810481071472,0.02222222276031971,1.8041124150158794e-16,0.0601513010185909
160.54801201820374,0.02222222276031971,1.8041124150158794e-16,0.0601513010185909
160.5981523990631,0.02222222276031971,1.8041124150158794e-16,0.0601513010185909
160.64797687530518,0.02222222276031971,1.8041124150158794e-16,0.0601513010185909
160.69803977012634,0.02222222276031971,1.8041124150158794e-16,0.0601513010185909
160.74793553352356,0.02222222276031971,1.8041124150158794e-16,0.0601513010185909
160.7981255054474,0.02222222276031971,1.8041124150158794e-16,0.0601513010185909
160.8478226661682,0.02222222276031971,1.8041124150158794e-16,0.0601513010185909
160.89793038368225,0.02222222276031971,1.8041124150158794e-16,0.0601513010185909
160.94797348976135,0.02222222276031971,1.8041124150158794e-16,0.0601513010185909
160.99798464775085,0.02222222276031971,1.8041124150158794e-16,0.0601513010185909
161.0479657649994,0.02222222276031971,1.8041124150158794e-16,0.0601513010185909
161.09808468818665,0.02222222276031971,1.8041124150158794e-16,0.0601513010185909
161.14794826507568,0.02222222276031971,1.8041124150158794e-16,0.0601513010185909
161.19792795181274,0.02222222276031971,1.8041124150158794e-16,0.0601513010185909
161.24807357788086,0.02222222276031971,1.8041124150158794e-16,0.0601513010185909
161.29800415039062,0.02222222276031971,1.8041124150158794e-16,0.0601513010185909
161.3478982448578,0.02222222276031971,1.8041124150158794e-16,0.0601513010185909
161.3979775905609,0.02222222276031971,1.8041124150158794e-16,0.0601513010185909
161.44799709320068,0.02222222276031971,1.8041124150158794e-16,0.0601513010185909
161.49799704551697,0.02222222276031971,1.8041124150158794e-16,0.0601513010185909
161.5481903553009,0.02222222276031971,1.8041124150158794e-16,0.0601513010185909
161.59787774085999,0.02222222276031971,1.8041124150158794e-16,0.0601513010185909
161.6478452682495,0.02222222276031971,1.8041124150158794e-16,0.0601513010185909
161.6979784965515,0.02222222276031971,1.8041124150158794e-16,0.0601513010185909
161.7479214668274,0.02222222276031971,1.8041124150158794e-16,0.0601513010185909
161.79798984527588,0.02222222276031971,1.8041124150158794e-16,0.0601513010185909
161.84793710708618,0.02222222276031971,1.8041124150158794e-16,0.0601513010185909
161.89782071113586,0.02222222276031971,1.8041124150158794e-16,0.0601513010185909
161.9481611251831,0.02222222276031971,1.8041124150158794e-16,0.0601513010185909
161.99832463264465,0.02222222276031971,1.8041124150158794e-16,0.0601513010185909
162.04835271835327,0.02222222276031971,1.8041124150158794e-16,0.0601513010185909
162.0987787246704,0.02222222276031971,1.8041124150158794e-16,0.0601513010185909
162.15449786186218,0.02222222276031971,1.8041124150158794e-16,0.0601513010185909
162.1979067325592,0.02222222276031971,1.8041124150158794e-16,0.0601513010185909
162.25402998924255,0.02222222276031971,1.8041124150158794e-16,0.0601513010185909
162.3042345046997,0.02222222276031971,1.8041124150158794e-16,0.0601513010185909
162.35417199134827,0.02222222276031971,1.8041124150158794e-16,0.0601513010185909
162.40415716171265,0.02222222276031971,1.8041124150158794e-16,0.0601513010185909
162.45410752296448,0.02222222276031971,1.8041124150158794e-16,0.0601513010185909
162.50411772727966,0.02222222276031971,1.8041124150158794e-16,0.0601513010185909
162.5548369884491,0.02222222276031971,1.8041124150158794e-16,0.0601513010185909
162.60419344902039,0.02222222276031971,1.8041124150158794e-16,0.0601513010185909
162.6540355682373,0.02222222276031971,1.8041124150158794e-16,0.0601513010185909
162.70397472381592,0.02222222276031971,1.8041124150158794e-16,0.0601513010185909
162.75409388542175,0.02222222276031971,1.8041124150158794e-16,0.0601513010185909
162.8041009902954,0.02222222276031971,1.8041124150158794e-16,0.0601513010185909
162.85403442382812,0.02222222276031971,1.8041124150158794e-16,0.0601513010185909
162.90409564971924,0.02222222276031971,1.8041124150158794e-16,0.0601513010185909
162.9537706375122,0.02222222276031971,1.8041124150158794e-16,0.0601513010185909
163.0039610862732,0.02222222276031971,1.8041124150158794e-16,0.0601513010185909
163.05396008491516,0.02222222276031971,1.8041124150158794e-16,0.0601513010185909
163.1040904521942,0.02222222276031971,1.8041124150158794e-16,0.0601513010185909
163.15509295463562,0.02222222276031971,1.8041124150158794e-16,0.0601513010185909
163.20405268669128,0.02222222276031971,1.8041124150158794e-16,0.0601513010185909
163.24939608573914,0.02222222276031971,1.8041124150158794e-16,0.0601513010185909
163.30393719673157,0.02222222276031971,1.8041124150158794e-16,0.0601513010185909
163.35409379005432,0.02222222276031971,1.8041124150158794e-16,0.0601513010185909
163.40410733222961,0.02222222276031971,1.8041124150158794e-16,0.0601513010185909
163.45404434204102,0.02222222276031971,1.8041124150158794e-16,0.0601513010185909
163.50420093536377,0.02222222276031971,1.8041124150158794e-16,0.0601513010185909
163.55379939079285,0.02222222276031971,1.8041124150158794e-16,0.0601513010185909
163.6038281917572,0.02222222276031971,1.8041124150158794e-16,0.0601513010185909
163.654639005661,0.020521337166428566,-0.013877642340958118,0.0601513010185909
163.69829106330872,0.020778989419341087,-0.006549769546836615,0.0601513010185909
163.7483479976654,0.02027469500899315,-0.008989496156573296,0.0601513010185909
163.79868721961975,0.020698195323348045,-0.0009456505067646503,0.0601513010185909
163.84866976737976,0.020443323999643326,-0.003704199567437172,0.0601513010185909
163.89786744117737,0.020923394709825516,0.002658330136910081,0.0601513010185909
163.94813060760498,0.020626669749617577,-0.0018681982764974236,0.0601513010185909
163.99780011177063,0.019700437784194946,-0.008276847191154957,0.0601513010185909
164.047954082489,0.01923232525587082,-0.008576669730246067,0.0601513010185909
164.10430264472961,0.019094392657279968,-0.005616498179733753,0.0601513010185909
164.15426635742188,0.01915896125137806,-0.0028663380071520805,0.0601513010185909
164.19810366630554,0.01924746483564377,-0.0011871801689267159,0.0601513010185909
164.24797129631042,0.019350863993167877,8.769209671299905e-05,0.0601513010185909
164.30401635169983,0.019432052969932556,0.0006403098232112825,0.0601513010185909
164.35399651527405,0.019462857395410538,0.0006217118934728205,0.0601513010185909
164.40399956703186,0.01947055011987686,0.00043196423212066293,0.0601513010185909
164.4538779258728,0.019466180354356766,0.00022505591914523393,0.0601513010185909
164.4979372024536,0.019459648057818413,9.660846990300342e-05,0.0601513010185909
164.54798126220703,0.019451836124062538,-2.4741013930906774e-06,0.0601513010185909
164.60418725013733,0.01944558694958687,-4.699125202023424e-05,0.0601513010185909
164.6481683254242,0.01944347284734249,-4.8551908548688516e-05,0.0601513010185909
164.70395493507385,0.019442502409219742,-3.3187105145771056e-05,0.0601513010185909
164.75396871566772,0.019442791119217873,-1.764139233273454e-05,0.0601513010185909
164.8039412498474,0.019443398341536522,-5.881266588403378e-06,0.0601513010185909
164.85383915901184,0.01944396272301674,8.318170898746757e-07,0.0601513010185909
164.90381813049316,0.019444342702627182,3.4385725484753493e-06,0.0601513010185909
164.9539670944214,0.019444534555077553,3.539491444826126e-06,0.0601513010185909
165.0038833618164,0.01944459043443203,2.547029453126015e-06,0.0601513010185909
165.05438041687012,0.019444569945335388,1.380665707984008e-06,0.0601513010185909
165.10392045974731,0.019444525241851807,4.816346290681395e-07,0.0601513010185909
165.14902925491333,0.01944449171423912,3.514779223223741e-08,0.0601513010185909
165.20391583442688,0.019444454461336136,-2.5081587295971985e-07,0.0601513010185909
165.2490108013153,0.01944444142282009,-2.733402482135716e-07,0.0601513010185909
165.3039002418518,0.019444433972239494,-1.952739410171489e-07,0.0601513010185909
165.3542981147766,0.019444435834884644,-1.0789160143076515e-07,0.0601513010185909
165.39968371391296,0.019444437697529793,-5.075579778690553e-08,0.0601513010185909
165.44906425476074,0.01944444142282009,-4.585607893403676e-09,0.0601513010185909
165.49884629249573,0.01944444328546524,1.6357407872646945e-08,0.0601513010185909
165.55399703979492,0.01944444514811039,2.004813204337097e-08,0.0601513010185909
165.60458040237427,0.01944444514811039,1.4955535476701698e-08,0.0601513010185909
165.65410566329956,0.01944444514811039,8.418935770748703e-09,0.0601513010185909
165.7038857936859,0.01944444514811039,3.1812454892587994e-09,0.0601513010185909
165.75393342971802,0.01944444514811039,2.7045601869168934e-11,0.0601513010185909
165.80384516716003,0.01944444514811039,-1.31999200458921e-09,0.0601513010185909
165.85400557518005,0.01944444514811039,-1.505781610511292e-09,0.0601513010185909
165.90396404266357,0.01944444514811039,-1.1442153891039197e-09,0.0601513010185909
165.9539577960968,0.01944444514811039,-6.56026233336604e-10,0.0601513010185909
166.0041959285736,0.01944444514811039,-2.5687491023163034e-10,0.0601513010185909
166.0540246963501,0.01944444514811039,-1.2277415195605101e-11,0.0601513010185909
166.10267877578735,0.01944444514811039,9.515849219710049e-11,0.0601513010185909
166.1478500366211,0.01944444514811039,1.1416289441568139e-10,0.0601513010185909
166.19798278808594,0.01944444514811039,9.421970148526526e-11,0.0601513010185909
166.24820280075073,0.01944444514811039,5.819333903644974e-11,0.0601513010185909
166.29826736450195,0.01944444514811039,2.5876592535389875e-11,0.0601513010185909
166.3483259677887,0.01944444514811039,4.587490110008474e-12,0.0601513010185909
166.3981568813324,0.01944444514811039,-5.792734347753736e-12,0.0601513010185909
166.44813871383667,0.01944444514811039,-8.505307569350862e-12,0.0601513010185909
166.49840116500854,0.01944444514811039,-7.169112525851062e-12,0.0601513010185909
166.54772663116455,0.01944444514811039,-4.504854822506843e-12,0.0601513010185909
166.59952068328857,0.01944444514811039,-2.0560289581972313e-12,0.0601513010185909
166.64801383018494,0.01944444514811039,-4.14966672135364e-13,0.0601513010185909
166.69770050048828,0.01944444514811039,4.0313585802920215e-13,0.0601513010185909
166.74773931503296,0.01944444514811039,6.325703849618947e-13,0.0601513010185909
166.79900670051575,0.01944444514811039,5.449668494250659e-13,0.0601513010185909
166.84839057922363,0.01944444514811039,3.4840186291518194e-13,0.0601513010185909
166.89857268333435,0.01944444514811039,1.6307788452962768e-13,0.0601513010185909
166.9488136768341,0.01944444514811039,3.673450432728487e-14,0.0601513010185909
166.99922275543213,0.01944444514811039,-2.7595981055839047e-14,0.0601513010185909
167.04809665679932,0.01944444514811039,-4.6802839381854255e-14,0.0601513010185909
167.0978775024414,0.01944444514811039,-4.123784647092066e-14,0.0601513010185909
167.14794278144836,0.01944444514811039,-2.6798008256889716e-14,0.0601513010185909
167.19792819023132,0.01944444514811039,-1.2795320358804929e-14,0.0601513010185909
167.24810147285461,0.01944444514811039,-3.0808688933348094e-15,0.0601513010185909
167.29818606376648,0.01944444514811039,1.970645868709653e-15,0.0601513010185909
167.34806871414185,0.01944444514811039,3.566591466608315e-15,0.0601513010185909
167.3981568813324,0.01944444514811039,3.2751579226442118e-15,0.0601513010185909
167.44851422309875,0.01944444514811039,2.2620794126737565e-15,0.0601513010185909
167.49743175506592,0.01944444514811039,1.2004286453759505e-15,0.0601513010185909
167.5481517314911,0.01944444514811039,4.2327252813834093e-16,0.0601513010185909
167.59872102737427,0.01944444514811039,0.0,0.0601513010185909
167.65042161941528,0.01944444514811039,-1.8041124150158794e-16,0.0601513010185909
167.70008659362793,0.01944444514811039,-1.457167719820518e-16,0.0601513010185909
167.74855995178223,0.01944444514811039,-6.245004513516506e-17,0.0601513010185909
167.79845333099365,0.01944444514811039,4.163336342344337e-17,0.0601513010185909
167.84802961349487,0.01944444514811039,1.457167719820518e-16,0.0601513010185909
167.8980541229248,0.01944444514811039,2.2898349882893854e-16,0.0601513010185909
167.94799375534058,0.01944444514811039,2.0816681711721685e-16,0.0601513010185909
167.99791836738586,0.01944444514811039,1.734723475976807e-16,0.0601513010185909
168.04816436767578,0.01944444514811039,1.6653345369377348e-16,0.0601513010185909
168.09887051582336,0.01944444514811039,1.6653345369377348e-16,0.0601513010185909
168.1539237499237,0.01944444514811039,1.6653345369377348e-16,0.0601513010185909
168.198148727417,0.01944444514811039,1.6653345369377348e-16,0.0601513010185909
168.24765515327454,0.01944444514811039,1.6653345369377348e-16,0.0601513010185909
168.29801440238953,0.01944444514811039,1.6653345369377348e-16,0.0601513010185909
168.35379266738892,0.01944444514811039,1.6653345369377348e-16,0.0601513010185909
168.39862036705017,0.01944444514811039,1.6653345369377348e-16,0.0601513010185909
168.45379757881165,0.01944444514811039,1.6653345369377348e-16,0.0601513010185909
168.50401759147644,0.01944444514811039,1.6653345369377348e-16,0.0601513010185909
168.55406045913696,0.01944444514811039,1.6653345369377348e-16,0.0601513010185909
168.6016082763672,0.01944444514811039,1.6653345369377348e-16,0.0601513010185909
168.64863085746765,0.01944444514811039,1.6653345369377348e-16,0.0601513010185909
168.69854164123535,0.01944444514811039,1.6653345369377348e-16,0.0601513010185909
168.74867033958435,0.01944444514811039,1.6653345369377348e-16,0.0601513010185909
168.79870676994324,0.01944444514811039,1.6653345369377348e-16,0.0601513010185909
168.84890031814575,0.01944444514811039,1.6653345369377348e-16,0.0601513010185909
168.89876532554626,0.01944444514811039,1.6653345369377348e-16,0.0601513010185909
168.94849562644958,0.01944444514811039,1.6653345369377348e-16,0.0601513010185909
168.99853944778442,0.01944444514811039,1.6653345369377348e-16,0.0601513010185909
169.04883122444153,0.01944444514811039,1.6653345369377348e-16,0.0601513010185909
169.0987491607666,0.01944444514811039,1.6653345369377348e-16,0.0601513010185909
169.1487638950348,0.01944444514811039,1.6653345369377348e-16,0.0601513010185909
169.1987705230713,0.01944444514811039,1.6653345369377348e-16,0.0601513010185909
169.248765707016,0.01944444514811039,1.6653345369377348e-16,0.0601513010185909
169.29850316047668,0.01944444514811039,1.6653345369377348e-16,0.0601513010185909
169.3484857082367,0.01944444514811039,1.6653345369377348e-16,0.0601513010185909
169.39856433868408,0.01944444514811039,1.6653345369377348e-16,0.0601513010185909
169.4481565952301,0.01944444514811039,1.6653345369377348e-16,0.0601513010185909
169.49828100204468,0.01944444514811039,1.6653345369377348e-16,0.0601513010185909
169.5483832359314,0.01944444514811039,1.6653345369377348e-16,0.0601513010185909
169.59831833839417,0.01944444514811039,1.6653345369377348e-16,0.0601513010185909
169.6482470035553,0.01944444514811039,1.6653345369377348e-16,0.0601513010185909
169.69808959960938,0.01944444514811039,1.6653345369377348e-16,0.0601513010185909
169.7480742931366,0.01944444514811039,1.6653345369377348e-16,0.0601513010185909
169.79841136932373,0.01944444514811039,1.6653345369377348e-16,0.0601513010185909
169.84853553771973,0.01944444514811039,1.6653345369377348e-16,0.0601513010185909
169.8983509540558,0.01944444514811039,1.6653345369377348e-16,0.0601513010185909
169.9484405517578,0.01944444514811039,1.6653345369377348e-16,0.0601513010185909
169.99834537506104,0.01944444514811039,1.6653345369377348e-16,0.0601513010185909
170.04827404022217,0.01944444514811039,1.6653345369377348e-16,0.0601513010185909
170.09829568862915,0.01944444514811039,1.6653345369377348e-16,0.0601513010185909
170.1481330394745,0.01944444514811039,1.6653345369377348e-16,0.0601513010185909
170.20343232154846,0.01944444514811039,1.6653345369377348e-16,0.0601513010185909
170.2483470439911,0.01944444514811039,1.6653345369377348e-16,0.0601513010185909
170.29841899871826,0.01944444514811039,1.6653345369377348e-16,0.0601513010185909
170.34855771064758,0.01944444514811039,1.6653345369377348e-16,0.0601513010185909
170.39802765846252,0.01944444514811039,1.6653345369377348e-16,0.0601513010185909
170.44850611686707,0.01944444514811039,1.6653345369377348e-16,0.0601513010185909
170.50314712524414,0.01944444514811039,1.6653345369377348e-16,0.0601513010185909
170.55445170402527,0.01944444514811039,1.6653345369377348e-16,0.0601513010185909
170.60361433029175,0.01944444514811039,1.6653345369377348e-16,0.0601513010185909
170.65322256088257,0.01944444514811039,1.6653345369377348e-16,0.0601513010185909
170.70319962501526,0.01944444514811039,1.6653345369377348e-16,0.0601513010185909
170.75387120246887,0.01944444514811039,1.6653345369377348e-16,0.0601513010185909
170.80422854423523,0.01944444514811039,1.6653345369377348e-16,0.0601513010185909
170.85470604896545,0.01944444514811039,1.6653345369377348e-16,0.0601513010185909
170.90357851982117,0.01944444514811039,1.6653345369377348e-16,0.0601513010185909
170.95380282402039,0.01944444514811039,1.6653345369377348e-16,0.0601513010185909
171.00429248809814,0.01944444514811039,1.6653345369377348e-16,0.0601513010185909
171.0536196231842,0.01944444514811039,1.6653345369377348e-16,0.0601513010185909
171.10498929023743,0.01944444514811039,1.6653345369377348e-16,0.0601513010185909
171.1544487476349,0.01944444514811039,1.6653345369377348e-16,0.0601513010185909
171.20424842834473,0.01944444514811039,1.6653345369377348e-16,0.0601513010185909
171.25451374053955,0.01944444514811039,1.6653345369377348e-16,0.0601513010185909
171.30491662025452,0.01944444514811039,1.6653345369377348e-16,0.0601513010185909
171.35146856307983,0.01944444514811039,1.6653345369377348e-16,0.0601513010185909
171.39804577827454,0.01810954138636589,-0.011483543552458286,0.0601513010185909
171.44829893112183,0.018001211807131767,-0.006549769546836615,0.0601513010185909
171.49805164337158,0.01749691739678383,-0.008989496156573296,0.0601513010185909
171.5486102104187,0.017920417711138725,-0.0009456505067646503,0.0601513010185909
171.60512042045593,0.017454639077186584,-0.005361597519367933,0.0601513010185909
171.64935302734375,0.018145617097616196,0.002658330136910081,0.0601513010185909
171.7052035331726,0.01762443222105503,-0.0038298112340271473,0.0601513010185909
171.74985003471375,0.018257563933730125,0.003206696128472686,0.0601513010185909
171.80462884902954,0.017663223668932915,-0.004069633781909943,0.0601513010185909
171.8547375202179,0.018498552963137627,0.004750594962388277,0.0601513010185909
171.89931631088257,0.017885874956846237,-0.002426460152491927,0.0601513010185909
171.9536201953888,0.01848190650343895,0.004501258488744497,0.0601513010185909
172.00348901748657,0.01763642393052578,-0.0045704529620707035,0.0601513010185909
172.0536139011383,0.018474288284778595,0.004470121115446091,0.0601513010185909
172.1041579246521,0.017633305862545967,-0.004554325249046087,0.0601513010185909
172.15358686447144,0.018473993986845016,0.004501597955822945,0.0601513010185909
172.19831037521362,0.017868857830762863,-0.0025307966861873865,0.0601513010185909
172.247953414917,0.018240440636873245,0.0025230685714632273,0.0601513010185909
172.29813718795776,0.017869919538497925,-0.0025194936897605658,0.0601513010185909
172.34834957122803,0.01690620742738247,-0.008956721983850002,0.0601513010185909
172.39799165725708,0.016426995396614075,-0.009069813415408134,0.0601513010185909
172.4481167793274,0.01629364863038063,-0.006464890204370022,0.0601513010185909
172.49838948249817,0.016346143558621407,-0.003467969363555312,0.0601513010185909
172.54849338531494,0.016462184488773346,-0.0011812289012596011,0.0601513010185909
172.59848761558533,0.01657126285135746,0.00013512643636204302,0.0601513010185909
172.64839386940002,0.01664547808468342,0.0006544650532305241,0.0601513010185909
172.69774889945984,0.0166831836104393,0.0006835199310444295,0.0601513010185909
172.74793601036072,0.016694361343979836,0.0004959244979545474,0.0601513010185909
172.79830861091614,0.01669100672006607,0.0002712214190978557,0.0601513010185909
172.84844994544983,0.016682462766766548,9.649019193602726e-05,0.0601513010185909
172.89796471595764,0.016674214974045753,-5.916121153859422e-06,0.0601513010185909
172.94809007644653,0.01666850596666336,-4.7662608267273754e-05,0.0601513010185909
172.99824500083923,0.016665544360876083,-5.144483293406665e-05,0.0601513010185909
173.04805183410645,0.016664614900946617,-3.800288322963752e-05,0.0601513010185909
173.10394096374512,0.016664931550621986,-1.811701076803729e-05,0.0601513010185909
173.15382862091064,0.016665581613779068,-5.820584192406386e-06,0.0601513010185909
173.203955411911,0.016666175797581673,1.1024380910384934e-06,0.0601513010185909
173.25383305549622,0.01666657254099846,3.719166670634877e-06,0.0601513010185909
173.3045129776001,0.016666768118739128,3.742245553439716e-06,0.0601513010185909
173.3540256023407,0.016666822135448456,2.6574302864901256e-06,0.0601513010185909
173.40402483940125,0.016666799783706665,1.4195651374393492e-06,0.0601513010185909
173.45398569107056,0.016666751354932785,4.78799847769551e-07,0.0601513010185909
173.50416445732117,0.016666706651449203,-6.065521063192136e-08,0.0601513010185909
173.55400943756104,0.016666676849126816,-2.7194099061489396e-07,0.0601513010185909
173.60516715049744,0.016666660085320473,-2.820999043251504e-07,0.0601513010185909
173.6539375782013,0.016666656360030174,-2.0389821031585598e-07,0.0601513010185909
173.70398831367493,0.016666658222675323,-1.1105680641776416e-07,0.0601513010185909
173.75421500205994,0.016666661947965622,-3.91563546031648e-08,0.0601513010185909
173.8040235042572,0.01666666381061077,2.8225408676973984e-09,0.0601513010185909
173.84823083877563,0.01666666567325592,1.797694793026494e-08,0.0601513010185909
173.90401530265808,0.01666666753590107,2.123807618659157e-08,0.0601513010185909
173.95413541793823,0.01666666753590107,1.562827733891936e-08,0.0601513010185909
174.00380730628967,0.01666666753590107,8.6753200179146e-09,0.0601513010185909
174.0539231300354,0.01666666753590107,3.185870234290178e-09,0.0601513010185909
174.1041338443756,0.01666666753590107,-7.656758560514731e-11,0.0601513010185909
174.15424394607544,0.01666666753590107,-1.4392509406491172e-09,0.0601513010185909
174.20414423942566,0.01666666753590107,-1.5967996924715067e-09,0.0601513010185909
174.25409626960754,0.01666666753590107,-1.1966208024460911e-09,0.0601513010185909
174.3040235042572,0.01666666753590107,-6.767097993076732e-10,0.0601513010185909
174.35418725013733,0.01666666753590107,-2.5804097747439414e-10,0.0601513010185909
174.4040789604187,0.01666666753590107,-4.8161925836343045e-12,0.0601513010185909
174.4542064666748,0.01666666753590107,1.0410002027061438e-10,0.0601513010185909
174.50412321090698,0.01666666753590107,1.1989131909473372e-10,0.0601513010185909
174.5538845062256,0.01666666753590107,9.1527140033687e-11,0.0601513010185909
174.6040313243866,0.01666666753590107,5.271317063404446e-11,0.0601513010185909
174.65394473075867,0.01666666753590107,2.081587333058188e-11,0.0601513010185909
174.70394372940063,0.01666666753590107,1.185062464825748e-12,0.0601513010185909
174.7540159225464,0.01666666753590107,-7.495930959278141e-12,0.0601513010185909
174.8038980960846,0.01666666753590107,-8.988941535559292e-12,0.0601513010185909
174.8492934703827,0.01666666753590107,-7.528540291179553e-12,0.0601513010185909
174.89806485176086,0.01666666753590107,-4.6698929445643245e-12,0.0601513010185909
174.9543972015381,0.01666666753590107,-1.6731581398143902e-12,0.0601513010185909
175.00440788269043,0.01666666753590107,-1.531136328836169e-13,0.0601513010185909
