timestep,speed,acceleration,target_speed
24.504199743270874,0.004589597228914499,0.004665024112910032,0.0107671560487209
24.551233291625977,0.00545306084677577,0.009467612951993942,0.0117937822381297
24.599782943725586,0.005800886079668999,0.009144341573119164,0.00838274844294859
24.65030837059021,0.005931974388659,0.005871539935469627,0.00782090441691219
24.69796395301819,0.005878275725990534,0.0034729214385151863,0.00857176001659916
24.75059175491333,0.005736806429922581,0.0008325579692609608,0.0104416042798922
24.799805164337158,0.005650890991091728,-0.0001464184606447816,0.0111749405418236
24.84989094734192,0.005576343275606632,-0.0006638017948716879,0.00656070390495635
24.897775650024414,0.0068735163658857346,0.010794250294566154,0.00690933610305375
24.947622537612915,0.008305687457323074,0.01753481663763523,0.00766460720356269
24.99761176109314,0.008921807631850243,0.015267584472894669,0.00857940900571936
25.047734260559082,0.009011253714561462,0.009839227423071861,0.00781845171156287
25.1049702167511,0.008807407692074776,0.003797773504629731,0.0081552126196985
25.14821195602417,0.00863147247582674,0.0010942426742985845,0.00823268638701591
25.198251247406006,0.00845109298825264,-0.0007382400799542665,0.00600801826995944
25.24857258796692,0.008340067230165005,-0.0013002906925976276,0.0070188507028557
25.29784631729126,0.008290961384773254,-0.0011585738975554705,0.00717052975232941
25.348859548568726,0.008282506838440895,-0.0007595227216370404,0.00720515709154557
25.398285627365112,0.008293785154819489,-0.00036794235347770154,0.00449462868441712
25.452556848526,0.008313236758112907,-5.558897100854665e-05,0.00416730747993797
25.503339767456055,0.008326013572514057,6.542169285239652e-05,0.00489749677133567
25.553150177001953,0.006632693111896515,-0.01377998385578394,0.00604709510180211
25.603265047073364,0.005378311034291983,-0.017949936911463737,0.00570743451364968
25.65316081047058,0.004897603299468756,-0.014469917863607407,0.00418119487494008
25.703407526016235,0.00658685527741909,0.005117657594382763,0.0041548497628093
25.7536301612854,0.00633440725505352,0.0003815707750618458,0.00699489239919393
25.80376935005188,0.005779001861810684,-0.004063268657773733,0.00658198817115354
25.85336685180664,0.007178730331361294,0.00911581702530384,0.00523420448377312
25.90340495109558,0.008331125602126122,0.014367159456014633,0.00349327017917123
25.952908039093018,0.008821024559438229,0.012394215911626816,0.00445789538027574
26.003177404403687,0.007185476832091808,-0.005946378689259291,0.00835623435458272
26.052762031555176,0.005793932359665632,-0.01431612391024828,0.0122527123589819
26.105254650115967,0.006834307685494423,0.00019560700457077473,0.00377996890252823
26.15211248397827,0.007934882305562496,0.00862190593034029,0.00361196130779149
26.203287363052368,0.008518682792782784,0.009677398018538952,0.00658600173666555
26.247698545455933,0.007361669559031725,-0.0035859837662428617,0.0113515677028198
26.298510789871216,0.005921768024563789,-0.01327549945563078,0.0171472307498355
26.347821950912476,0.006538238376379013,-0.0020225648768246174,0.00485812664384974
26.399073123931885,0.007779484614729881,0.0083798598498106,0.00580688544298469
26.448511838912964,0.008468462154269218,0.010345122776925564,0.00526106729060897
26.503793478012085,0.00873542483896017,0.0075095403008162975,0.00876473381497735
26.55343461036682,0.00869721733033657,0.004204320255666971,0.0111203071829139
26.60458207130432,0.008574560284614563,0.0015713063767179847,0.00614408062997409
26.653534173965454,0.00845192652195692,-6.15891349298181e-06,0.00684625659404623
26.703461170196533,0.008365172892808914,-0.0006740758544765413,0.00708783714319937
26.753463745117188,0.008319028653204441,-0.0007604740094393492,0.00702959127761625
26.803457021713257,0.008303621783852577,-0.0005747146788053215,0.00702097325179561
26.853487968444824,0.008305772207677364,-0.0003277448413427919,0.00954025158760152
26.903515100479126,0.008314746432006359,-0.00012702698586508632,0.00828457021531505
26.952444553375244,0.008323993533849716,-4.655894372262992e-06,0.00856562629195672
27.002791166305542,0.008330651558935642,4.865904702455737e-05,0.00897814445943474
27.053542852401733,0.008334262296557426,5.706123556592502e-05,0.00892469686067123
27.09797167778015,0.008335411548614502,4.7386158257722855e-05,0.00781138987819343
27.14693808555603,0.008335505612194538,2.9118504244252108e-05,0.00754525348312804
27.197815418243408,0.008334910497069359,1.2845692253904417e-05,0.00843846580925158
27.246850967407227,0.008334196172654629,2.1796251985506387e-06,0.00949165029943414
27.296871423721313,0.008333641104400158,-2.986235585922259e-06,0.0102845308643935
27.347890615463257,0.008333315141499043,-4.305940819904208e-06,0.0104015166624371
27.39707899093628,0.008333182893693447,-3.6067312976229005e-06,0.0110117543157297
27.446964740753174,0.009668073616921902,0.011481288820505142,0.0121128337832862
27.497035264968872,0.011111349798738956,0.018032291904091835,0.0146315658155086
27.547488927841187,0.01172402873635292,0.01553906686604023,0.0158607447236353
27.597054481506348,0.011804863810539246,0.009935354813933372,0.0117746252541906
27.64675760269165,0.011636259034276009,0.00465017044916749,0.0129448932772482
27.696727991104126,0.011411070823669434,0.0010461438214406371,0.0149632960590141
27.746696710586548,0.011227727867662907,-0.0007899574120528996,0.0166542165746558
27.796900033950806,0.011115778237581253,-0.0013384168269112706,0.0185049683070643
27.848950386047363,0.011066884733736515,-0.0011797779006883502,0.0150483583008421
27.897703170776367,0.012393966317176819,0.010716203600168228,0.015547996549684
27.947000741958618,0.013849103823304176,0.017665524035692215,0.0161540210132321
27.997213125228882,0.014478525146842003,0.015448685735464096,0.0179175794788685
28.04690718650818,0.014573277905583382,0.009988751262426376,0.0204236680295369
28.097100973129272,0.014413321390748024,0.004748989827930927,0.0193811314841001
28.147059679031372,0.014192013069987297,0.0011353427544236183,0.0223188518716849
28.19713258743286,0.014009391888976097,-0.0007309337379410863,0.0252456222596504
28.247138500213623,0.015231515280902386,0.010174078866839409,0.0265441527848973
28.296873092651367,0.016624609008431435,0.01686125434935093,0.0322420770188025
28.348331451416016,0.01856325753033161,0.026251913979649544,0.0320731143786802
28.396810293197632,0.020098520442843437,0.027593368664383888,0.0360077422441539
28.44673204421997,0.021893905475735664,0.03157532215118408,0.0384396646728864
28.49686598777771,0.02320662885904312,0.029063386842608452,0.0430213938025148
28.54671049118042,0.0248109120875597,0.03097938746213913,0.0459858480295257
28.599038124084473,0.02600177936255932,0.02776465378701687,0.0454923648499107
28.647273063659668,0.027549246326088905,0.029762161895632744,0.047108609009646
28.69725203514099,0.02872752770781517,0.026938073337078094,0.0503491251063825
28.747090816497803,0.03028487041592598,0.02934320643544197,0.0506657270918694
28.797917366027832,0.03281457722187042,0.03829827532172203,0.0536821579142121
28.850370407104492,0.034651920199394226,0.03400410711765289,0.044312792493025
28.897947549819946,0.03620327636599541,0.035899873822927475,0.047724751362774
28.949220657348633,0.03735612705349922,0.030419139191508293,0.0473425210886988
28.997361183166504,0.0374814048409462,0.019194621592760086,0.0489053078999019
29.047475576400757,0.038468681275844574,0.020298296585679054,0.0481075108900642
29.09749984741211,0.039465196430683136,0.01986292563378811,0.0407377354895149
29.147466897964478,0.041054606437683105,0.025351690128445625,0.0427173829893498
29.197333812713623,0.04236287623643875,0.02529989741742611,0.0423369204665735
29.247456312179565,0.04271466284990311,0.017877645790576935,0.0438032055000047
29.29682493209839,0.042557477951049805,0.009497258812189102,0.048308945662917
29.34871220588684,0.04223017767071724,0.0031613714527338743,0.0372666757848669
29.402757167816162,0.0418766550719738,-0.0008842137758620083,0.0365840932458646
29.446786880493164,0.04172145202755928,-0.0018552838591858745,0.0383619446616921
29.496750354766846,0.04161841794848442,-0.0019078447949141264,0.0376368669391669
29.547335147857666,0.041588786989450455,-0.001372111844830215,0.0382015219538011
29.598190546035767,0.04159898683428764,-0.0007433193968608975,0.0306213458731691
29.65284752845764,0.04162810742855072,-0.0001866762322606519,0.0321291008215849
29.70268440246582,0.04164990410208702,5.657535803038627e-05,0.0346784613826264
29.752746105194092,0.041664060205221176,0.00014330029080156237,0.034660673913653
29.80264902114868,0.04167083278298378,0.00013820409367326647,0.0362340395614994
29.85283589363098,0.041672490537166595,9.561554179526865e-05,0.0301189148503154
29.9028582572937,0.04167149215936661,4.956670818501152e-05,0.0316282419388223
29.948129415512085,0.04167003184556961,2.1097061107866466e-05,0.0328368891070301
29.997204065322876,0.04166829213500023,-7.789971618876734e-07,0.0342917247502394
30.047252893447876,0.04166708141565323,-9.838697224040516e-06,0.0363204767053479
30.098814964294434,0.04166644439101219,-1.080718902812805e-05,0.030908886430507
30.153208017349243,0.04166623577475548,-7.347893188125454e-06,0.0317131256527602
30.20313024520874,0.03996541351079941,-0.013881529681384563,0.034371065307757
30.253231287002563,0.038708027452230453,-0.01803399808704853,0.0363547275192837
30.303913116455078,0.038227103650569916,-0.014521966688334942,0.0384042774869587
30.353620529174805,0.038216497749090195,-0.008783221244812012,0.0324506816039149
30.39952063560486,0.039698660373687744,0.006834505125880241,0.033713624139914
30.448189973831177,0.04003220796585083,0.005504516419023275,0.0352770504892088
30.497636079788208,0.03938494250178337,-0.0017035625642165542,0.0381503742656271
30.547743558883667,0.038965046405792236,-0.0042654830031096935,0.0384145230406595
30.59774398803711,0.040099404752254486,0.007378049194812775,0.0340224980367671
30.647387742996216,0.04149388149380684,0.015196607448160648,0.0347246330390046
30.697479724884033,0.04080154746770859,0.0025874257553368807,0.0342938348152406
30.748682022094727,0.039493706077337265,-0.008556020446121693,0.0357385447685187
30.803537130355835,0.03867587074637413,-0.010573066771030426,0.0373762570971144
30.853927612304688,0.03847198188304901,-0.0079107116907835,0.0336900759890154
30.90323829650879,0.0385073684155941,-0.004466501995921135,0.0353671739860664
30.953991651535034,0.03863398730754852,-0.0016977910418063402,0.0374819665889139
31.004001140594482,0.038762301206588745,-2.571811455709394e-05,0.0413538457647673
31.05401086807251,0.04055469110608101,0.014569331891834736,0.0445665602889319
31.10450315475464,0.04186132550239563,0.018826663494110107,0.0378556517259449
31.151245594024658,0.0423591211438179,0.015127296559512615,0.0390791268809587
31.198466062545776,0.042390596121549606,0.010333139449357986,0.0414581862069678
31.247305631637573,0.04221348837018013,0.004822818096727133,0.0441250904726899
31.29994797706604,0.04193482547998428,0.0005555449752137065,0.0471042224230481
31.353978872299194,0.041758015751838684,-0.0010334340622648597,0.0392427283151915
31.403072357177734,0.04165622964501381,-0.0014057594817131758,0.039262131085634
31.45254635810852,0.04161607101559639,-0.0011526443995535374,0.0400054338133865
31.503058671951294,0.04161382094025612,-0.0007080330397002399,0.0410192281277301
31.552690505981445,0.04162832349538803,-0.0003121707995887846,0.0427630888714324
31.603088855743408,0.0433465801179409,0.013824846595525742,0.0393200850935644
31.653056144714355,0.04461761191487312,0.018105482682585716,0.0403923762864931
31.703043222427368,0.04510658234357834,0.014626956544816494,0.0432329563835717
31.75262951850891,0.04341961443424225,-0.0050059170462191105,0.0439131825989462
31.802547693252563,0.0436711385846138,-0.000321747618727386,0.0462086626068222
31.852993726730347,0.04422453045845032,0.004083551466464996,0.0400570603863953
31.902993202209473,0.044523801654577255,0.004759390838444233,0.0416835359082728
31.947438955307007,0.04461851343512535,0.003943013958632946,0.0416833711769652
31.997222661972046,0.04462549462914467,0.0024165238719433546,0.0431327907933073
32.04685735702515,0.04457550123333931,0.001061609829775989,0.0441903452131734
32.096782207489014,0.0445159412920475,0.0001758534781401977,0.0410452041731009
32.15254497528076,0.04446282237768173,-0.0002936110249720514,0.0409732967003471
32.203179121017456,0.04443943500518799,-0.0003566764644347131,0.039197241625456
32.253093242645264,0.044430967420339584,-0.0002791226434055716,0.0388756985823059
32.3030743598938,0.04443131759762764,-0.0001645530282985419,0.0418107874519475
32.35309839248657,0.044435303658246994,-6.778004899388179e-05,0.0545481563582353
32.40310311317444,0.04443967342376709,-6.868951913929777e-06,0.0705331246120491
32.45298457145691,0.04614380747079849,0.013898642733693123,0.0866217551251085
32.503092765808105,0.04910404235124588,0.031937047839164734,0.104786868982173
32.54679465293884,0.05194916948676109,0.04507894814014435,0.122475797401403
32.59985899925232,0.05769522115588188,0.06910694390535355,0.135964421972107
32.64749622344971,0.0641714408993721,0.10064823925495148,0.15312802286489
32.69837760925293,0.07208283245563507,0.12377788871526718,0.170458239943255
32.74731469154358,0.08039602637290955,0.14190973341464996,0.184183535615609
32.797781467437744,0.08934015780687332,0.15764950215816498,0.196675131692638
32.85025501251221,0.09985079616308212,0.16585955023765564,0.201663473513159
32.897547006607056,0.10723993927240372,0.17254412174224854,0.213566318057318
32.94760870933533,0.11454470455646515,0.1621687412261963,0.22552737071766
32.997891426086426,0.12289015203714371,0.16633006930351257,0.237458240972467
33.04741382598877,0.13206039369106293,0.17402896285057068,0.2495439810737
33.0993857383728,0.14088155329227448,0.1759444773197174,0.256937745223898
33.14700627326965,0.15074671804904938,0.18632787466049194,0.269953612194337
33.19742751121521,0.16053912043571472,0.19081895053386688,0.282916016312324
33.24678874015808,0.17075428366661072,0.19794496893882751,0.297285852412017
33.29930353164673,0.18053056299686432,0.19765515625476837,0.311248395265893
33.34868311882019,0.190578892827034,0.20075185596942902,0.314032769504386
33.397053241729736,0.2015080451965332,0.20941387116909027,0.328327087274461
33.447640895843506,0.21286436915397644,0.21790499985218048,0.343165619187619
33.4969801902771,0.224330335855484,0.2238399088382721,0.357161649790638
33.54659128189087,0.23573905229568481,0.22695359587669373,0.37150759413715
33.5992796421051,0.2470363974571228,0.22795875370502472,0.378639407024863
33.646968364715576,0.2582320272922516,0.22777479887008667,0.394465955384214
33.69711208343506,0.2693597078323364,0.22713975608348846,0.410845393201885
33.747188091278076,0.2817886173725128,0.2379823923110962,0.428413472582722
33.7978732585907,0.29565146565437317,0.2555598318576813,0.444446144889135
33.85125017166138,0.31082552671432495,0.25399523973464966,0.451089954137609
33.89827275276184,0.32192081212997437,0.2626744210720062,0.466172243829125
33.94800019264221,0.33571553230285645,0.2698284089565277,0.479992717580931
33.9984495639801,0.3484872281551361,0.2650412917137146,0.492731660913279
34.048537254333496,0.36121928691864014,0.2630348801612854,0.505971059780219
34.10128426551819,0.3769696056842804,0.26367267966270447,0.5126531531672
34.14827537536621,0.3886762857437134,0.27410879731178284,0.526428320554408
34.19876146316528,0.4014599025249481,0.26769837737083435,0.541445711938952
34.24894642829895,0.4141400456428528,0.26422569155693054,0.557314444742262
34.299219608306885,0.4275842607021332,0.2680493891239166,0.573261871339323
34.35128998756409,0.4437699317932129,0.2695480287075043,0.587726382238573
34.398515701293945,0.4569065570831299,0.29028159379959106,0.604161353648955
34.44982123374939,0.4724608063697815,0.2999667227268219,0.620586991141095
34.49813103675842,0.487128883600235,0.2989221513271332,0.636064229740757
34.54843354225159,0.5011928677558899,0.29362788796424866,0.652772414609556
34.598692417144775,0.5162840485572815,0.29956158995628357,0.665905146333851
34.64832019805908,0.5313916802406311,0.3020763397216797,0.683878471564063
34.69819235801697,0.5470303297042847,0.3088540732860565,0.700908469953664
34.74824142456055,0.5636494755744934,0.3204924762248993,0.717826734035214
34.79907250404358,0.579364001750946,0.31930679082870483,0.733858922358949
34.84851050376892,0.5950407981872559,0.3194735646247864,0.745546258334148
34.89811372756958,0.6114456653594971,0.32519930601119995,0.760747587630859
34.94806146621704,0.6269013285636902,0.3201267123222351,0.775116546971299
34.998297929763794,0.6423760652542114,0.3184034824371338,0.789160785700748
35.04824709892273,0.6586620807647705,0.32363954186439514,0.802252645845284
35.09872364997864,0.6754038333892822,0.33029866218566895,0.816598624088392
35.14886999130249,0.6909821629524231,0.32413068413734436,0.830653919560183
35.19856524467468,0.7064529061317444,0.3207714557647705,0.844941578899355
35.24815535545349,0.7226822376251221,0.32462042570114136,0.85944351656837
35.300556659698486,0.7420998215675354,0.3250104486942291,0.872376687471493
35.34858584403992,0.7548932433128357,0.3238331973552704,0.879918670732696
35.39711308479309,0.770337700843811,0.32038983702659607,0.891509767343611
35.44708609580994,0.7852221131324768,0.31283116340637207,0.904199734191633
35.50309157371521,0.803016722202301,0.3068172335624695,0.916357736021575
35.553897857666016,0.8177201747894287,0.3011300563812256,0.927515142061739
35.60318040847778,0.8316358923912048,0.29163527488708496,0.926081059523003
35.65292286872864,0.8452093601226807,0.2833011746406555,0.937977168727035
35.697511196136475,0.856543779373169,0.28414642810821533,0.949600355162838
35.753015756607056,0.8723354339599609,0.27531877160072327,0.961533185094523
35.80311894416809,0.8860601186752319,0.27469348907470703,0.974510991426311
35.85313534736633,0.8998833894729614,0.27508047223091125,0.953178592329919
35.90202355384827,0.9137676954269409,0.27578404545783997,0.965119327522508
35.947774171829224,0.9227486252784729,0.25875234603881836,0.977918958236769
35.99781274795532,0.9324439167976379,0.23463217914104462,0.992990971513443
36.04773449897766,0.9423527121543884,0.22182919085025787,1.00874966090447
36.09852695465088,0.9527037143707275,0.21757571399211884,1.0234486071434
36.14859390258789,0.9647997617721558,0.22967968881130219,1.0361853535597
36.19813132286072,0.9786155223846436,0.25022125244140625,1.04909710791584
36.24829983711243,0.9918478727340698,0.2568528950214386,1.06099472142924
36.298574447631836,1.0050926208496094,0.2620897889137268,1.06857345191172
36.353254556655884,1.0212841033935547,0.266388475894928,1.07748564402409
36.40334224700928,1.0337716341018677,0.2590482234954834,1.08299793127373
36.45208477973938,1.045005202293396,0.24496060609817505,1.08807482105248
36.49781847000122,1.0539753437042236,0.23872461915016174,1.09480523837493
36.54800248146057,1.0645272731781006,0.22925151884555817,1.10279440422396
36.60330080986023,1.0768954753875732,0.21935756504535675,1.11802214411578
36.653406620025635,1.087743878364563,0.21820186078548431,1.12007821513227
36.70326519012451,1.0987446308135986,0.21868695318698883,1.12153986465301
36.75346326828003,1.1098424196243286,0.2197272628545761,1.12211944451882
36.80320143699646,1.1192843914031982,0.2068212628364563,1.12625542716616
36.84750509262085,1.1262125968933105,0.1960679590702057,1.13743428421332
36.8977837562561,1.1339689493179321,0.18092100322246552,1.13774917018994
36.947540521621704,1.1416314840316772,0.17112122476100922,1.13602808124195
36.997599363327026,1.1494505405426025,0.16645856201648712,1.13125328511967
37.04758548736572,1.1574864387512207,0.16534043848514557,1.12773986958864
37.09787106513977,1.1643664836883545,0.1545702964067459,1.13252792427961
37.147666692733765,1.1699138879776,0.13781923055648804,1.13183151271016
37.197720766067505,1.1748980283737183,0.12342914193868637,1.13115894433329
37.24773645401001,1.1798100471496582,0.11425027996301651,1.1308007955589
37.29900646209717,1.1848796606063843,0.10996846854686737,1.13146526558396
37.348329067230225,1.1888235807418823,0.09753494709730148,1.1212503727094
37.39742612838745,1.1928287744522095,0.09172791987657547,1.12054524725439
37.44723320007324,1.196433186531067,0.08398198336362839,1.118753130511
37.496801137924194,1.1991710662841797,0.07264544069766998,1.11704403659086
37.54689311981201,1.2015527486801147,0.063100665807724,1.11420576714368
37.599868059158325,1.2025741338729858,0.04137013852596283,1.07221804048629
37.64723181724548,1.2035784721374512,0.036343179643154144,1.06617351362384
37.697235345840454,1.2015595436096191,0.0038385072257369757,1.06036439355091
37.747145891189575,1.1971899271011353,-0.03263454884290695,1.05372447934735
37.79781937599182,1.1927423477172852,-0.055090270936489105,1.04670134393996
37.84844160079956,1.1900850534439087,-0.053543124347925186,1.05240640482592
37.8971209526062,1.188084602355957,-0.04870851710438728,1.04615750899553
37.947030544281006,1.1856812238693237,-0.04892575368285179,1.04032276161749
37.99744629859924,1.182997226715088,-0.051224227994680405,1.03530587642452
38.04698324203491,1.1801667213439941,-0.05373349413275719,1.03145608820587
38.098756074905396,1.177289366722107,-0.05559856817126274,1.04958416425619
38.14703321456909,1.173086404800415,-0.06812803447246552,1.05425109770699
38.19715332984924,1.1701403856277466,-0.06358650326728821,1.06147823305417
38.24746561050415,1.1694985628128052,-0.04305921867489815,1.06831538314341
38.29717206954956,1.17002272605896,-0.02174939028918743,1.07444469797811
38.34853196144104,1.1708886623382568,-0.006340492516756058,1.08929358949038
38.3969841003418,1.1716463565826416,0.0020560147240757942,1.09550347192233
38.447030782699585,1.1721365451812744,0.005019393749535084,1.10321671587602
38.49713921546936,1.1737045049667358,0.016292531043291092,1.11262886526796
38.54725527763367,1.1765384674072266,0.0328298844397068,1.12628576292462
38.59879016876221,1.178558588027954,0.03528149053454399,1.15150648581614
38.647008657455444,1.181857705116272,0.0489693358540535,1.1669362318148
38.69712734222412,1.187268614768982,0.07349094748497009,1.18103020219472
38.7469584941864,1.1936185359954834,0.09543918818235397,1.19774483458405
38.797680377960205,1.2001347541809082,0.10987526923418045,1.21656857509124
38.84947371482849,1.207775354385376,0.1283828765153885,1.24613193899389
38.897550106048584,1.216550588607788,0.14823876321315765,1.26253852486486
38.94721508026123,1.2256780862808228,0.16285918653011322,1.27847440309502
38.99744367599487,1.2360578775405884,0.18246406316757202,1.29522848941053
39.047487020492554,1.2476376295089722,0.20348356664180756,1.31394680101898
39.09895873069763,1.2595897912979126,0.21895571053028107,1.29406094276967
39.14782452583313,1.2714539766311646,0.2275472730398178,1.31269149927272
39.19798827171326,1.2803908586502075,0.20773722231388092,1.33374182435608
39.24747705459595,1.2875217199325562,0.1830805093050003,1.35721511019076
39.29908013343811,1.2960270643234253,0.180095374584198,1.3808657699588
39.34731841087341,1.3076673746109009,0.20370075106620789,1.36501483650284
39.39755892753601,1.32041597366333,0.22524061799049377,1.39070193917716
39.44743204116821,1.331366777420044,0.22308620810508728,1.41893859623523
39.49729585647583,1.3430041074752808,0.2294364720582962,1.44796508219046
39.55342483520508,1.3588119745254517,0.24603863060474396,1.47984326181844
39.60417199134827,1.3733019828796387,0.26306357979774475,1.48543022124567
39.653181314468384,1.3896328210830688,0.28822338581085205,1.51945830847369
39.703550577163696,1.4053629636764526,0.2979222238063812,1.55575796654824
39.75358033180237,1.423480749130249,0.3236532211303711,1.59522260316475
39.79832744598389,1.4400986433029175,0.35531672835350037,1.63319132331759
39.847302198410034,1.4606361389160156,0.3797784447669983,1.70117013104694
39.89781713485718,1.4825421571731567,0.4061794877052307,1.73762634713207
39.94741749763489,1.5082460641860962,0.4536820948123932,1.77612349349626
39.99747037887573,1.537077784538269,0.5063157081604004,1.81084098622831
40.048118591308594,1.5669292211532593,0.5457322597503662,1.84802919886279
40.099809408187866,1.6014271974563599,0.5598107576370239,1.90908469630892
40.14741396903992,1.6256554126739502,0.5764909386634827,1.94520356358315
40.19804382324219,1.656734585762024,0.5996037125587463,1.98451898481452
40.24750590324402,1.6902443170547485,0.6322336792945862,2.02538811612145
40.29756045341492,1.7233994007110596,0.6478766798973083,2.06852249958323
40.348161697387695,1.7565239667892456,0.6581822633743286,2.15979721404
40.39758110046387,1.7914860248565674,0.6797242760658264,2.20799592115737
40.447280168533325,1.8306885957717896,0.7277359962463379,2.25754931221328
40.498292446136475,1.8733210563659668,0.7830091118812561,2.30684830113645
40.548301696777344,1.917127251625061,0.8251973390579224,2.36020717045579
40.59817886352539,1.960805892944336,0.8494899868965149,2.50621235625144
40.64816641807556,2.0038418769836426,0.8590798377990723,2.56459866830629
40.697957038879395,2.055548906326294,0.9400071501731873,2.62390243995044
40.74824810028076,2.1128644943237305,1.028332233428955,2.68077456119208
40.798579692840576,2.169870376586914,1.0788629055023193,2.74032831144005
40.84826302528381,2.225507974624634,1.0985674858093262,2.88321742770556
40.897501707077026,2.279728412628174,1.0994211435317993,2.94300672338107
40.947378635406494,2.3409342765808105,1.1609230041503906,3.00016580814801
40.997767210006714,2.406238079071045,1.2259339094161987,3.05896270540219
41.04751515388489,2.470691680908203,1.2583179473876953,3.12430052655945
41.098724365234375,2.533806562423706,1.2673782110214233,3.23572095886447
41.14808106422424,2.595767021179199,1.263885736465454,3.29995603968324
41.19805121421814,2.660993814468384,1.2905371189117432,3.36495076460723
41.248403549194336,2.7302043437957764,1.3372901678085327,3.42969745832278
41.298851013183594,2.799839496612549,1.3674181699752808,3.49280506686251
41.34814429283142,2.8683323860168457,1.376641869544983,3.57490128154335
41.397783517837524,2.9358060359954834,1.3742936849594116,3.63737189380601
41.44780898094177,3.0052807331085205,1.3906853199005127,3.69595167203382
41.49761176109314,3.0759828090667725,1.4088226556777954,3.75414138374293
41.54750990867615,3.1450486183166504,1.4058786630630493,3.81190638585557
41.59805655479431,3.2135984897613525,1.40129554271698,3.87612725687552
41.64783310890198,3.2813103199005127,1.390906810760498,3.9307266796453
41.697839975357056,3.349241256713867,1.3875422477722168,3.98902720477645
41.75329089164734,3.4294164180755615,1.3676502704620361,4.04251649573291
41.80338788032532,3.497279405593872,1.361498236656189,4.10051734297974
41.85350012779236,3.5640602111816406,1.3494491577148438,4.15721480139771
41.89826822280884,3.6196155548095703,1.3663588762283325,4.2126128973251
41.952796459198,3.696537971496582,1.331052541732788,4.26537698975511
41.997464179992676,3.752063274383545,1.3538612127304077,4.31825790718319
42.04780626296997,3.8171377182006836,1.3409353494644165,4.36958804788674
42.097151041030884,3.882242441177368,1.3345932960510254,4.41917958787395
42.1472647190094,3.9482715129852295,1.3379359245300293,4.46781600476407
42.19741177558899,4.01354455947876,1.33292818069458,4.51685292288375
42.253178358078,4.087968826293945,1.2933847904205322,4.56687259881818
42.297465324401855,4.139834403991699,1.2977278232574463,4.61697850396851
42.35329294204712,4.21019172668457,1.243304967880249,4.66596430791745
42.403536558151245,4.27196741104126,1.2392189502716064,4.71618311282368
42.453280448913574,4.3334455490112305,1.2337356805801392,4.76347221845057
42.503438234329224,4.394469261169434,1.2269405126571655,4.81453606142546
42.55349946022034,4.453625202178955,1.207699179649353,4.85528282098979
42.60392141342163,4.513227462768555,1.2003562450408936,4.89476953408143
42.653441429138184,4.5719804763793945,1.188658356666565,4.94902995957214
42.70315980911255,4.630029678344727,1.176210880279541,4.99512889488803
42.748619556427,4.678492069244385,1.1913161277770996,5.04118787649689
42.798020362854004,4.735021591186523,1.174008846282959,5.08559628985966
42.852110147476196,4.802535533905029,1.1560479402542114,5.13779690938603
42.89723443984985,4.850583076477051,1.1739097833633423,5.19351246374707
42.94761681556702,4.906617164611816,1.1597493886947632,5.24250078773109
42.99747967720032,4.963155746459961,1.1563290357589722,5.2813816687476
43.047751665115356,5.02088737487793,1.163502812385559,5.33083875439817
43.097795486450195,5.077967166900635,1.161594271659851,5.37507820820363
43.14768433570862,5.1338701248168945,1.151353120803833,5.41786677449122
43.19763994216919,5.189171314239502,1.140570878982544,5.46260132590037
43.24813675880432,5.242956638336182,1.1212290525436401,5.50742918878057
43.2974591255188,5.296684265136719,1.1103595495224,5.55228839990532
43.35438513755798,5.358614921569824,1.0767022371292114,5.59180271311749
43.39984202384949,5.402617454528809,1.087463140487671,5.6341404437871
43.453612089157104,5.463393688201904,1.0559619665145874,5.67719085528874
43.49854302406311,5.507247447967529,1.0724347829818726,5.72240811526261
43.55547070503235,5.566542625427246,1.0356167554855347,5.76355692329899
43.597506523132324,5.609556674957275,1.0520310401916504,5.79746586895511
43.64759373664856,5.659003734588623,1.0323150157928467,5.84016685907673
43.69754719734192,5.707491874694824,1.0142619609832764,5.88344641166573
43.74740767478943,5.7564697265625,1.0072273015975952,5.92527124652843
43.80362558364868,5.814020156860352,0.9878312945365906,5.96099468705089
43.853328227996826,5.8639235496521,0.9907269477844238,5.99836351069538
43.904969215393066,5.9105939865112305,0.9660146832466125,6.0362354366052
43.95319128036499,5.956501007080078,0.9460417628288269,6.07583048976183
43.997644901275635,5.995193958282471,0.9559255838394165,6.11487445074286
44.04891586303711,6.0403852462768555,0.9406777024269104,6.15317375767089
44.10402989387512,6.093307971954346,0.9168074727058411,6.18415199606988
44.154547452926636,6.140021800994873,0.9227913618087769,6.22193030867312
44.20327305793762,6.183907985687256,0.9030605554580688,6.26025425315025
44.25492310523987,6.2272047996521,0.8874173164367676,6.29415369250726
44.30474805831909,6.270807266235352,0.8804055452346802,6.32676336169428
44.35503053665161,6.313085079193115,0.8652345538139343,6.35721392862671
44.39723253250122,6.3477463722229,0.8680189847946167,6.38991543830025
44.44781541824341,6.388779640197754,0.8547051548957825,6.41465574735834
44.49750089645386,6.42982292175293,0.8468043804168701,6.43440584541272
44.54768943786621,6.469717502593994,0.8320289254188538,6.4367183298223
44.60008454322815,6.514571189880371,0.79511559009552,6.44216617049282
44.64917993545532,6.543907642364502,0.7760916352272034,6.43247506379513
44.69734001159668,6.57522439956665,0.7198672890663147,6.41896090138386
44.74778389930725,6.6027398109436035,0.6556378602981567,6.39758191585388
44.79820895195007,6.626928806304932,0.5902782678604126,6.37342322208714
44.85044860839844,6.649626731872559,0.4931809902191162,6.37594089618028
44.897193908691406,6.662508964538574,0.4371676445007324,6.35165902843354
44.94886875152588,6.676247596740723,0.3751157522201538,6.32498408884548
45.00029945373535,6.6905317306518555,0.31318724155426025,6.30044629803198
45.047826290130615,6.699192523956299,0.2816481292247772,6.27295465900348
45.103787899017334,6.706657409667969,0.20878475904464722,6.26641063224223
45.154624700546265,6.710269451141357,0.15448282659053802,6.24420637105275
45.20342230796814,6.713454723358154,0.11864297837018967,6.21731174974895
45.25290489196777,6.713749885559082,0.0733688473701477,6.19365808405214
45.30346465110779,6.7122907638549805,0.03268703445792198,6.16886470815737
45.353241205215454,6.708812713623047,-0.008024605922400951,6.16479881837002
45.40461492538452,6.702761173248291,-0.05304006114602089,6.14094634477109
45.45429992675781,6.697242736816406,-0.07515893131494522,6.11439119162177
45.5049352645874,6.691271781921387,-0.09264345467090607,6.08191079700787
45.5532648563385,6.6833086013793945,-0.11924557387828827,6.04790847568018
45.603845834732056,6.672470569610596,-0.15813878178596497,6.02477631189363
45.653284549713135,6.65841007232666,-0.20707327127456665,5.98218008438507
45.70322608947754,6.642812252044678,-0.24827972054481506,5.9348953752245
45.75483155250549,6.625359535217285,-0.28803128004074097,5.88776195962007
45.803274631500244,6.605428695678711,-0.33173713088035583,5.83576884335808
45.85328245162964,6.582666873931885,-0.3805367350578308,5.81160763587921
45.904770374298096,6.556939125061035,-0.43342629075050354,5.7589426056601
45.95330786705017,6.531645774841309,-0.4610256850719452,5.70495271729595
46.00088429450989,6.504254341125488,-0.49524807929992676,5.64779883373979
46.04795742034912,6.478857040405273,-0.5436143279075623,5.59378473436514
46.103516578674316,6.439917087554932,-0.5940293669700623,5.55244764493
46.154762268066406,6.402947425842285,-0.6511556506156921,5.50541399086041
46.2033851146698,6.364663124084473,-0.6955456733703613,5.43952198772524
46.24950313568115,6.332696437835693,-0.7318193316459656,5.37964013785012
46.29736924171448,6.2923197746276855,-0.7680212259292603,5.31580433044451
46.35029888153076,6.242713451385498,-0.7968994975090027,5.26733648753137
46.39687156677246,6.20522403717041,-0.8461669087409973,5.19328458713259
46.44724082946777,6.159403324127197,-0.8797747492790222,5.11420174893808
46.497748136520386,6.110775470733643,-0.923943817615509,5.03886209838308
46.54840421676636,6.058310031890869,-0.9812278151512146,4.95742543797662
46.59844636917114,6.0023345947265625,-1.0438426733016968,4.90592049298298
46.647836685180664,5.943202972412109,-1.1069222688674927,4.82368012224027
46.697473764419556,5.88384485244751,-1.1452966928482056,4.73194959351972
46.74750375747681,5.823287487030029,-1.1798913478851318,4.6398782725259
46.79796314239502,5.759815692901611,-1.2243138551712036,4.53402124172034
46.850032329559326,5.682098388671875,-1.260530710220337,4.44121345597879
46.90333080291748,5.610125541687012,-1.3305411338806152,4.30871693504596
46.94792294502258,5.549200534820557,-1.3981685638427734,4.16818483598311
46.99750304222107,5.471661567687988,-1.4708125591278076,4.03048659403063
47.047849893569946,5.3854475021362305,-1.5848779678344727,3.89175006566809
47.10387468338013,5.276352882385254,-1.6965909004211426,3.79975164658469
47.1477746963501,5.194362163543701,-1.819201111793518,3.68196350396669
47.19768571853638,5.09665060043335,-1.8836413621902466,3.57371929866824
47.24749445915222,4.998490810394287,-1.9280543327331543,3.49151211757339
47.2978732585907,4.899505615234375,-1.961041808128357,3.41155330950165
47.34780812263489,4.800685882568359,-1.9795303344726562,3.3703321572401
47.39773654937744,4.703738689422607,-1.974970817565918,3.31529408073387
47.44752645492554,4.610107421875,-1.9454432725906372,3.26021314120209
47.49733376502991,4.5202484130859375,-1.8974366188049316,3.22634546066005
47.547526836395264,4.4327287673950195,-1.8505915403366089,3.17543858254593
47.598135471343994,4.3484721183776855,-1.794975757598877,3.13578631707645
47.653573989868164,4.253692626953125,-1.7005434036254883,3.09104141594614
47.69704508781433,4.185695171356201,-1.7052932977676392,3.06035791536991
47.747777700424194,4.106881618499756,-1.6635162830352783,3.02968537547177
47.79774808883667,4.028908729553223,-1.6331543922424316,3.00327771859334
47.84885239601135,3.9527528285980225,-1.5985873937606812,2.96763629431005
47.898311614990234,3.8799500465393066,-1.550795316696167,2.93297656992529
47.95332145690918,3.7978498935699463,-1.470892071723938,2.89877666914449
48.00347185134888,3.7292046546936035,-1.4301371574401855,2.85677304242831
48.05344891548157,3.6613612174987793,-1.3995205163955688,2.80982284482565
48.10324144363403,3.595090866088867,-1.3682856559753418,2.76039666628518
48.14772868156433,3.5401687622070312,-1.3737419843673706,2.70318181831091
48.19737958908081,3.4733633995056152,-1.3685585260391235,2.64053228806102
48.247727394104004,3.404808282852173,-1.3789743185043335,2.57917393541765
48.29717826843262,3.33525013923645,-1.3929669857025146,2.5162544338517
48.347432374954224,3.2652993202209473,-1.404384970664978,2.4681676441139
48.39723491668701,3.1953301429748535,-1.4113695621490479,2.40687910182336
48.447582483291626,3.1255064010620117,-1.414428949356079,2.35116679943633
48.49751925468445,3.0558555126190186,-1.4149270057678223,2.26602367769962
48.547696113586426,2.9863383769989014,-1.4141919612884521,2.12851019122802
48.5974178314209,2.91556453704834,-1.42463219165802,2.04423373802224
48.64751577377319,2.83937406539917,-1.4762474298477173,1.97163666987648
48.69704294204712,2.7582437992095947,-1.5453455448150635,1.94157790047215
48.748695611953735,2.6765196323394775,-1.5901715755462646,1.91771481957877
48.80328011512756,2.5865752696990967,-1.5493621826171875,1.9142388532012
48.84761309623718,2.5280134677886963,-1.5240542888641357,1.91401200697244
48.8975350856781,2.4649202823638916,-1.4264322519302368,1.94026279080869
48.95381283760071,2.3991525173187256,-1.277483344078064,1.9747926373071
49.004454374313354,2.348362445831299,-1.1718693971633911,1.99766770223738
49.053839921951294,2.304813861846924,-1.0504271984100342,1.99380890377249
49.099124908447266,2.2723262310028076,-0.9736406207084656,1.98786027735105
49.1480438709259,2.234018325805664,-0.8981010913848877,1.97369978298906
49.19735145568848,2.195134162902832,-0.8561215996742249,1.94828111959054
49.24738788604736,2.155646324157715,-0.8356348872184753,1.91883888647887
49.29665446281433,2.115264892578125,-0.8302659392356873,1.9040202197014
49.34929943084717,2.075462818145752,-0.8214024305343628,1.89345885423899
49.39771389961243,2.036628246307373,-0.8086144924163818,1.8961776835054
49.45061731338501,1.9936763048171997,-0.76719069480896,1.8946896783175
49.496803998947144,1.965233325958252,-0.7502008080482483,1.89625505225942
49.54708743095398,1.9342072010040283,-0.7021087408065796,1.900622219755
49.597044706344604,1.9064937829971313,-0.6465252637863159,1.89168991921697
49.646745443344116,1.8806225061416626,-0.5989863276481628,1.88928920100682
49.69682216644287,1.8563106060028076,-0.5572842359542847,1.88737124182745
49.746750831604004,1.832913875579834,-0.5252247452735901,1.8887963695574
49.79668211936951,1.8094366788864136,-0.5066365003585815,1.88395898380193
49.85419487953186,1.7849665880203247,-0.46118417382240295,1.86133506682132
49.90269947052002,1.7646291255950928,-0.43936219811439514,1.85861032575558
49.954163551330566,1.7436579465866089,-0.431184321641922,1.79506799675579
50.00279998779297,1.7237526178359985,-0.4173138439655304,1.76179987620996
50.049628257751465,1.7050398588180542,-0.4359811246395111,1.74832687601377
50.09684443473816,1.6806117296218872,-0.4605122208595276,1.73691265304009
50.149219274520874,1.6549324989318848,-0.4848784804344177,1.72059563450295
50.198530435562134,1.6302558183670044,-0.49056363105773926,1.70986117822087
50.249561071395874,1.6071770191192627,-0.4816218316555023,1.71430091428936
50.297176361083984,1.5863621234893799,-0.4576021134853363,1.73615232929914
50.347095012664795,1.568698525428772,-0.417689710855484,1.79087751770901
50.397090673446655,1.55445396900177,-0.36618733406066895,1.85964155012666
50.44868588447571,1.5462239980697632,-0.2853454351425171,1.95641308229157
50.497347593307495,1.545362949371338,-0.17762650549411774,2.00773052515739
50.547468423843384,1.5541309118270874,-0.034003689885139465,2.00479936492245
50.597492694854736,1.5681551694869995,0.09150206297636032,1.93516997132963
50.64707136154175,1.5809569358825684,0.15608888864517212,1.9461410340426
50.69778847694397,1.5839914083480835,0.11346940696239471,1.99812797279707
50.7482590675354,1.5812863111495972,0.04708513244986534,2.04713890845597
50.797409772872925,1.582303762435913,0.039579566568136215,2.09098536606654
50.84735345840454,1.5897399187088013,0.08584979176521301,2.08051732278535
50.89726638793945,1.6027653217315674,0.15793399512767792,2.10935834689795
50.94747519493103,1.6162009239196777,0.20195907354354858,2.13848450336688
50.99747395515442,1.6287442445755005,0.22261102497577667,2.18118082399861
51.04728412628174,1.6436141729354858,0.2552994191646576,2.22119756906833
51.0999276638031,1.6638778448104858,0.2939431369304657,2.26185677173306
51.147268295288086,1.6803785562515259,0.33457061648368835,2.30502861497695
51.19722390174866,1.7025578022003174,0.3812026083469391,2.35182076848145
51.24710154533386,1.7263532876968384,0.42163321375846863,2.40084010135533
51.299827337265015,1.753044605255127,0.4705721139907837,2.4512341223256
51.35060524940491,1.7870959043502808,0.5161599516868591,2.48520344704158
51.397191524505615,1.8133164644241333,0.5642626285552979,2.53132030108519
51.44740676879883,1.845568299293518,0.6001701951026917,2.58528114716546
51.497732639312744,1.8791375160217285,0.6330333352088928,2.6323359538704
51.547301054000854,1.9149863719940186,0.6715083718299866,2.68494322130593
51.59737682342529,1.9523342847824097,0.7061452865600586,2.71723375556279
51.64676117897034,1.9899567365646362,0.729021430015564,2.76588664489848
51.69772124290466,2.0285887718200684,0.7516968846321106,2.8146284621571
51.749197006225586,2.06817889213562,0.7726879119873047,2.86390566859354
51.79823303222656,2.1093056201934814,0.7983065843582153,2.9200218376259
51.85325646400452,2.1586689949035645,0.8113967180252075,2.9631608698237
51.903037548065186,2.2030789852142334,0.8410970568656921,3.02099161335303
51.94872069358826,2.239738702774048,0.8682464361190796,3.07601531281971
51.997493267059326,2.2852389812469482,0.8916974067687988,3.13266778586748
52.047547578811646,2.3327929973602295,0.9216181635856628,3.18647614175738
52.0977418422699,2.3824567794799805,0.9570170044898987,3.23316096963869
52.147353410720825,2.4335689544677734,0.9894203543663025,3.28411619539326
52.19721698760986,2.484970808029175,1.0110738277435303,3.33578381445428
52.24758195877075,2.536085605621338,1.0218307971954346,3.39321725143048
52.297210693359375,2.588087320327759,1.0362982749938965,3.44423830523393
52.34758901596069,2.6411471366882324,1.0531424283981323,3.48187144170338
52.39792466163635,2.6945736408233643,1.066068410873413,3.5339200992949
52.447505474090576,2.7479658126831055,1.0735502243041992,3.58099619716627
52.49753999710083,2.801164150238037,1.076532244682312,3.62814792197114
52.5475971698761,2.8554916381835938,1.0882152318954468,3.6773013260173
52.600348472595215,2.918529510498047,1.0728923082351685,3.69446993433669
52.647576570510864,2.9644851684570312,1.1014519929885864,3.74126137553905
52.69764447212219,3.0160694122314453,1.078442931175232,3.79028405601631
52.747464418411255,3.0663580894470215,1.0569819211959839,3.8428841974882
52.79757070541382,3.117733955383301,1.0525224208831787,3.89571712901549
52.84934067726135,3.171316146850586,1.0680689811706543,3.92302230887708
52.89717674255371,3.2268667221069336,1.0925953388214111,3.97357894894305
52.947397232055664,3.2805848121643066,1.0907926559448242,4.01980304641479
52.99683427810669,3.3328630924224854,1.0797560214996338,4.06582888736215
53.047199010849,3.3864657878875732,1.0845444202423096,4.10099585800507
53.09712362289429,3.440321445465088,1.088200569152832,4.12272656537473
53.14688777923584,3.4935147762298584,1.085273027420044,4.16444560832213
53.19679856300354,3.5449705123901367,1.0689231157302856,4.20641172206143
53.247244358062744,3.5948081016540527,1.0466235876083374,4.24938996922232
53.29914999008179,3.645341396331787,1.0398054122924805,4.29155026830661
53.348440170288086,3.695945978164673,1.035103440284729,4.33993708060453
53.398467779159546,3.747284412384033,1.0391252040863037,4.38601917170226
53.44704031944275,3.7984750270843506,1.0392237901687622,4.43577803460003
53.497326135635376,3.850135087966919,1.0440783500671387,4.48041954882781
53.54759693145752,3.902775764465332,1.0545655488967896,4.52465109820455
53.598326206207275,3.9558727741241455,1.0643764734268188,4.5636968119559
53.64748454093933,4.00907039642334,1.0710307359695435,4.59572799710946
53.69765543937683,4.060852527618408,1.0629146099090576,4.63498680379313
53.74875497817993,4.111058712005615,1.04586923122406,4.67616038695106
53.798240661621094,4.160534858703613,1.0300172567367554,4.70964469583578
53.8503839969635,4.217848777770996,0.9983492493629456,4.75010527076307
53.89800524711609,4.259306907653809,1.0139191150665283,4.79025086702231
53.94730997085571,4.308975696563721,1.0123605728149414,4.82167282581258
53.997326612472534,4.358833312988281,1.0128860473632812,4.85507407372713
54.04826545715332,4.407477855682373,1.0026586055755615,4.88279876027047
54.09953331947327,4.454736709594727,0.9858238101005554,4.92818544690678
54.14748024940491,4.500061988830566,0.9596253037452698,4.95115598008984
54.197295904159546,4.545188903808594,0.943564236164093,4.97873286711187
54.247552156448364,4.591298580169678,0.9415379166603088,4.99988593382924
54.297664165496826,4.635481834411621,0.9230973720550537,5.01931389283885
54.350327491760254,4.685515403747559,0.8848010897636414,5.05575903440886
54.397541999816895,4.719303607940674,0.8733356595039368,5.06433463416777
54.447747468948364,4.758975982666016,0.8473752737045288,5.06640756149065
54.4975061416626,4.797886371612549,0.8247635960578918,5.05766540523422
54.54755997657776,4.834677696228027,0.7936720848083496,5.04605662523469
54.59734320640564,4.868581295013428,0.7515579462051392,5.04931139205167
54.6476035118103,4.897967338562012,0.6890813708305359,5.03258812330798
54.69733738899231,4.924056529998779,0.6261674761772156,5.00642984438337
54.74741864204407,4.946569919586182,0.5585049390792847,4.98945819871998
54.79757022857666,4.965236186981201,0.4870671331882477,4.9663026398007
54.84726595878601,4.9820427894592285,0.4298883378505707,4.974134455485
54.89733672142029,4.996160984039307,0.3725207448005676,4.95007759344979
54.94730496406555,5.009497165679932,0.33326902985572815,4.93525303251833
54.9972882270813,5.021259784698486,0.29525721073150635,4.90991148083551
55.0475378036499,5.03125524520874,0.25882434844970703,4.89289163570763
55.10018587112427,5.040642261505127,0.21201559901237488,4.89012497433643
55.147942543029785,5.045220375061035,0.17976263165473938,4.87639825069798
55.197282791137695,5.049379348754883,0.14218467473983765,4.85885556648308
55.24731755256653,5.053280353546143,0.1176757737994194,4.84371047010936
55.29947304725647,5.056221008300781,0.09439960867166519,4.82779982905288
55.347545862197876,5.0569167137146,0.061938557773828506,4.8319654636028
55.397465467453,5.05600118637085,0.030039969831705093,4.81817488158328
55.44977784156799,5.056004524230957,0.01919327862560749,4.80418804234054
55.49984788894653,5.056334495544434,0.012723371386528015,4.77765978037983
55.54976010322571,5.054497718811035,-0.007305182050913572,4.75193955758001
55.59987187385559,5.0495924949646,-0.04374959319829941,4.75071938943218
55.64783811569214,5.044154167175293,-0.07469882071018219,4.71149485081041
55.69774794578552,5.037130355834961,-0.10137071460485458,4.68184827835175
55.74993181228638,5.027459144592285,-0.12948289513587952,4.64336001407409
55.79808020591736,5.018415927886963,-0.16240008175373077,4.6108191618445
55.84752345085144,5.004945278167725,-0.20724143087863922,4.57851322558807
55.90307641029358,4.98703145980835,-0.2495012730360031,4.53434621308055
55.947758197784424,4.972647190093994,-0.28710857033729553,4.494965078188
55.998370885849,4.953235149383545,-0.3302127718925476,4.4507582596431
56.047664165496826,4.9323344230651855,-0.36754336953163147,4.41210196069953
56.097517013549805,4.909892559051514,-0.40298816561698914,4.36997116100528
56.14746832847595,4.885071754455566,-0.4437792897224426,4.33181511228315
56.19745874404907,4.858733654022217,-0.47994282841682434,4.29313986854266
56.247294664382935,4.8321428298950195,-0.5035646557807922,4.24494591156774
56.29764652252197,4.804575443267822,-0.526435136795044,4.20030496229265
56.35396409034729,4.76968240737915,-0.5537779927253723,4.13656977630591
56.397467613220215,4.743281364440918,-0.5907920598983765,4.08569190871076
56.447484254837036,4.708724498748779,-0.6362138390541077,4.03684283113923
56.497498512268066,4.671489715576172,-0.6841232180595398,3.98946275066499
56.54716444015503,4.63344669342041,-0.7190762758255005,3.94124713901145
56.59927439689636,4.594290733337402,-0.7497884035110474,3.89459208919826
56.6476993560791,4.554286003112793,-0.7747496366500854,3.84473887889322
56.697855710983276,4.514246940612793,-0.7899681329727173,3.79358375734666
56.74712872505188,4.4731950759887695,-0.8080816268920898,3.73948679271061
56.797722816467285,4.429744243621826,-0.8386435508728027,3.68359040044051
56.8470025062561,4.3845295906066895,-0.8705830574035645,3.6295053960637
56.89741492271423,4.338791847229004,-0.8937661051750183,3.57157601340329
56.94755005836487,4.291874885559082,-0.9179340600967407,3.5135636674945
56.99703574180603,4.243913650512695,-0.940485954284668,3.45910327505345
57.04737710952759,4.194390296936035,-0.9672369360923767,3.40350851952472
57.10272240638733,4.135275840759277,-0.9777683615684509,3.34762513986946
57.15304350852966,4.082500457763672,-1.007629632949829,3.2942425016491
57.19696927070618,4.038848400115967,-1.0380016565322876,3.23805946511859
57.24761605262756,3.9863452911376953,-1.0498602390289307,3.17453298398256
57.29704213142395,3.931903839111328,-1.0731139183044434,3.10810130086654
57.34782361984253,3.875859022140503,-1.099436640739441,3.05549490392449
57.39696907997131,3.8192765712738037,-1.1193629503250122,2.99040056962562
57.44737648963928,3.7627663612365723,-1.1307440996170044,2.92606898359901
57.49704337120056,3.7038962841033936,-1.1581363677978516,2.86627223057763
57.547239542007446,3.643794536590576,-1.1828974485397339,2.81161273396539
57.59730076789856,3.5828070640563965,-1.2057480812072754,2.77221042732006
57.6472110748291,3.522287607192993,-1.2146540880203247,2.70966057752974
57.696998834609985,3.4630606174468994,-1.210001826286316,2.64936785639733
57.74716281890869,3.4033091068267822,-1.2124367952346802,2.58849115295455
57.79725980758667,3.342482805252075,-1.2222025394439697,2.53044301959774
57.847349882125854,3.2811167240142822,-1.2322235107421875,2.513853409681
57.89725661277771,3.2195961475372314,-1.239422082901001,2.4577015130922
57.94786834716797,3.160799503326416,-1.2203500270843506,2.40302138934127
57.997629165649414,3.102346181869507,-1.2086037397384644,2.34585256882528
58.04801797866821,3.0423526763916016,-1.213469386100769,2.28980528292336
58.09766960144043,2.982713222503662,-1.2124812602996826,2.27204427526612
58.1482150554657,2.9227256774902344,-1.2157466411590576,2.21458094858999
58.197470903396606,2.8631420135498047,-1.213413119316101,2.15736330729867
58.249863147735596,2.7950990200042725,-1.1796385049819946,2.10611494898346
58.29771423339844,2.745120048522949,-1.2065678834915161,2.05544634039994
58.3478217124939,2.6870577335357666,-1.194989800453186,2.02472673655556
58.39785623550415,2.6285483837127686,-1.1938430070877075,1.96008275036192
58.44801378250122,2.569514036178589,-1.1960434913635254,1.90249698394582
58.49787759780884,2.5109167098999023,-1.1939870119094849,1.85321493841858
58.54772639274597,2.451246976852417,-1.2022089958190918,1.80511366419723
58.59795069694519,2.391580820083618,-1.2059400081634521,1.78252529341898
58.647828340530396,2.331425666809082,-1.2131222486495972,1.72857972122416
58.69772982597351,2.2743334770202637,-1.1902518272399902,1.6751715080966
58.74771809577942,2.2184972763061523,-1.1691796779632568,1.6275586280141
58.79770374298096,2.1615548133850098,-1.165101408958435,1.58728441828256
58.84796953201294,2.10373592376709,-1.1694308519363403,1.57633851969527
58.89791464805603,2.046729564666748,-1.1645787954330444,1.54273446835634
58.9482102394104,1.9922816753387451,-1.1407313346862793,1.50440830896089
58.997501850128174,1.9411979913711548,-1.0992785692214966,1.46369372988724
59.04716897010803,1.8909790515899658,-1.068926453590393,1.41686241358118
59.09934425354004,1.8399242162704468,-1.0571988821029663,1.40081851755521
59.147055864334106,1.788010597229004,-1.0568084716796875,1.36040488155612
59.197282552719116,1.7381495237350464,-1.0383778810501099,1.32070240459774
59.248512983322144,1.6895055770874023,-1.0190966129302979,1.27006619030275
59.30080604553223,1.6325584650039673,-0.9898006319999695,1.2164336573439
59.34748435020447,1.5897735357284546,-1.0196425914764404,1.18033914275877
59.39772129058838,1.538554072380066,-1.0277729034423828,1.13322517972631
59.44734716415405,1.4879482984542847,-1.0279031991958618,1.08875574749131
59.49747633934021,1.4364452362060547,-1.0360825061798096,1.04746886276767
59.54733180999756,1.3850688934326172,-1.0388363599777222,1.0111429554323
59.59755825996399,1.3346033096313477,-1.0334482192993164,0.993473233083994
59.64777493476868,1.2859954833984375,-1.0146961212158203,0.961673895870267
59.697715044021606,1.239036202430725,-0.9907212853431702,0.929405647667524
59.74764394760132,1.1940348148345947,-0.9600584506988525,0.906861304506324
59.79784274101257,1.1491470336914062,-0.9419755935668945,0.886107169501723
59.850138902664185,1.0990421772003174,-0.8940156698226929,0.875103591722118
59.89797806739807,1.0645928382873535,-0.8854606747627258,0.858254249989618
59.94753861427307,1.0254324674606323,-0.849515974521637,0.844358533349899
59.997962474823,0.9876917600631714,-0.8170071244239807,0.830515642410771
60.04792499542236,0.9502180218696594,-0.7954658269882202,0.820705774189472
60.097981214523315,0.9137786030769348,-0.773398220539093,0.807167404013619
60.147708892822266,0.8796636462211609,-0.7410451769828796,0.798395546221163
60.1978657245636,0.8472186923027039,-0.7087551951408386,0.78771839251257
60.247904539108276,0.816557765007019,-0.6744532585144043,0.779236503752393
60.30343532562256,0.7824515104293823,-0.627567708492279,0.769633133826906
60.353976249694824,0.7548929452896118,-0.5963253378868103,0.761970530384673
60.403483390808105,0.728236198425293,-0.5706366300582886,0.759353017354627
60.45283246040344,0.7033353447914124,-0.5409421920776367,0.759994516166525
60.50336146354675,0.6793713569641113,-0.5159100890159607,0.761692698928832
60.552045583724976,0.657202959060669,-0.4863016605377197,0.769442456276043
60.59764051437378,0.6407119631767273,-0.4626220762729645,0.777497016918055
60.64770555496216,0.6237577199935913,-0.4152165651321411,0.793780422344373
60.69736170768738,0.6086244583129883,-0.3727400600910187,0.814384044597118
60.74842143058777,0.5951507091522217,-0.3332971930503845,0.840855612352408
60.79831266403198,0.5840494632720947,-0.2901626229286194,0.866005405858613
60.849934101104736,0.5746476054191589,-0.22896450757980347,0.889057556429796
60.89832305908203,0.570402204990387,-0.1883365362882614,0.924226471434789
60.948200941085815,0.5680488348007202,-0.13220159709453583,0.965254640149118
60.99719309806824,0.5686284303665161,-0.07473351806402206,1.00501533007225
61.04746460914612,0.5720731019973755,-0.016991863027215004,1.04340953675929
61.096991539001465,0.5783284306526184,0.04049303010106087,1.06538201187639
61.14715838432312,0.5873616933822632,0.09757137298583984,1.09721173417144
61.1971652507782,0.5991590023040771,0.15429872274398804,1.13198216409489
61.24751830101013,0.6123834848403931,0.19931736588478088,1.16351283653826
61.29782223701477,0.62559574842453,0.22619713842868805,1.1898823857441
61.34761381149292,0.6408580541610718,0.2604806423187256,1.19652760028048
61.39721918106079,0.6569754481315613,0.28646257519721985,1.21067112420881
61.447696924209595,0.6723496317863464,0.29628700017929077,1.2179805558803
61.4971444606781,0.6869738101959229,0.2963780164718628,1.22808640595933
61.54679489135742,0.7010644674301147,0.29231008887290955,1.23671359654422
61.6040153503418,0.7187929749488831,0.2953074872493744,1.24200925463336
61.6534640789032,0.7337550520896912,0.2962320148944855,1.24826137606142
61.70339012145996,0.747965395450592,0.29097694158554077,1.25174277365394
61.753050804138184,0.7600616216659546,0.2707575559616089,1.25537131411483
61.80205750465393,0.7724526524543762,0.2616545557975769,1.25769489018107
61.847840785980225,0.7834625840187073,0.26707977056503296,1.25439596736624
61.8968403339386,0.7957578301429749,0.259712815284729,1.24126271942047
61.94842052459717,0.8082734942436218,0.25816988945007324,1.2207315589833
61.99814748764038,0.8190690279006958,0.24161703884601593,1.20555772781956
62.04787087440491,0.8261702656745911,0.2019829899072647,1.19146577497513
62.104360580444336,0.8330795764923096,0.16336950659751892,1.14141121199899
62.15360379219055,0.8364637494087219,0.12477323412895203,1.07338485889587
62.20280146598816,0.8363928198814392,0.07421314716339111,1.00103965691555
62.25375199317932,0.8295525908470154,-0.010592685081064701,0.931630237400793
62.29729223251343,0.8194054961204529,-0.09221458435058594,0.864721838469052
62.347835540771484,0.8035440444946289,-0.18366321921348572,0.810592933970609
62.39697742462158,0.7833442687988281,-0.2743176519870758,0.761504936120361
62.4471492767334,0.7606146931648254,-0.3481851816177368,0.726191402272273
62.49695587158203,0.7377719283103943,-0.3933194875717163,0.706440224596905
62.54709529876709,0.7158752083778381,-0.41305291652679443,0.686244503060001
62.59735059738159,0.6950973868370056,-0.41623035073280334,0.678004665562588
62.64781618118286,0.676519513130188,-0.39996591210365295,0.661957038670768
62.697460889816284,0.6598891615867615,-0.37517133355140686,0.651658125723997
62.74741053581238,0.6440749764442444,-0.35400792956352234,0.648174940699668
62.79730248451233,0.6283579468727112,-0.3405763506889343,0.645699707343544
62.84811997413635,0.6124044060707092,-0.33435600996017456,0.644520113761838
62.89784502983093,0.5974767804145813,-0.3215332329273224,0.637676374775604
62.94699764251709,0.5837429761886597,-0.3046247363090515,0.631438621346925
62.99838042259216,0.5718055367469788,-0.2794437110424042,0.626863625829962
63.04708647727966,0.5599920749664307,-0.2645663321018219,0.62700926997918
63.09900522232056,0.5485045313835144,-0.2519650161266327,0.632913870227298
63.14720344543457,0.5377199649810791,-0.23898236453533173,0.640502791318865
63.198951721191406,0.527138352394104,-0.22963541746139526,0.645734357490107
63.24865198135376,0.5178229212760925,-0.213082417845726,0.647606447075886
63.29791045188904,0.5111216306686401,-0.18179497122764587,0.650240194894081
63.35351204872131,0.5039691925048828,-0.1542978435754776,0.655094829320472
63.39805483818054,0.49932578206062317,-0.14184820652008057,0.659730958222359
63.447829484939575,0.4943541884422302,-0.12574678659439087,0.665238493040802
63.49744510650635,0.49083855748176575,-0.10367995500564575,0.673560485246154
63.547832012176514,0.4886113703250885,-0.08050165325403214,0.683416692155877
63.597339153289795,0.4867701232433319,-0.06363122910261154,0.699581817648863
63.647411823272705,0.48481881618499756,-0.054373517632484436,0.716473277116237
63.69709134101868,0.48391392827033997,-0.039572134613990784,0.735700514964216
63.7472882270813,0.4855073392391205,-0.010229663923382759,0.757035941557221
63.79778695106506,0.4889622926712036,0.02173691615462303,0.781581740530555
63.847315073013306,0.4943443834781647,0.05695074051618576,0.803858081937358
63.89729380607605,0.5023847818374634,0.09976009279489517,0.82802780334144
63.94792938232422,0.5120939016342163,0.1383056342601776,0.852491419381834
63.99947452545166,0.5221090316772461,0.1637662649154663,0.878371958887331
64.04737281799316,0.5330970883369446,0.1877080798149109,0.90442712400735
64.09882235527039,0.5449886322021484,0.2090352177619934,0.92246301902873
64.14781594276428,0.5583703517913818,0.23449763655662537,0.947441205163049
64.19736671447754,0.5729876160621643,0.2593013346195221,0.972257989553503
64.24762105941772,0.5879163146018982,0.27657023072242737,0.996503422504451
64.29751467704773,0.6040080189704895,0.29707247018814087,1.02264392791137
64.34776282310486,0.6212160587310791,0.31798380613327026,1.03870780313934
64.39780807495117,0.6387397646903992,0.33295246958732605,1.06037704411649
64.44768404960632,0.6574816703796387,0.35250312089920044,1.08589447211919
64.49791502952576,0.6760658025741577,0.3618301749229431,1.10963784557552
64.54765748977661,0.6949025392532349,0.37053900957107544,1.13002189082839
64.59756207466125,0.7144787311553955,0.3814714550971985,1.14218601162582
64.64743089675903,0.7356652617454529,0.4016335904598236,1.16220277247741
64.69741010665894,0.7569578886032104,0.4133664071559906,1.1804326323591
64.74991059303284,0.7773005962371826,0.4130554795265198,1.20019722487136
64.79775333404541,0.7969772219657898,0.4077223837375641,1.2202551423098
64.8507227897644,0.8211184740066528,0.4070797264575958,1.23499138491411
64.9002845287323,0.8415839672088623,0.4071996808052063,1.24957190776376
64.94987154006958,0.8581368923187256,0.4104372560977936,1.27414277702509
65.00063800811768,0.8823372721672058,0.40897050499916077,1.28467567428714
65.04772758483887,0.9008376598358154,0.42809855937957764,1.29188258645362
65.10076189041138,0.9254379868507385,0.41993239521980286,1.27771282655187
65.14770102500916,0.9420554637908936,0.4194453954696655,1.28218311991424
65.19959282875061,0.9586474299430847,0.3853786289691925,1.27960400054961
65.24977707862854,0.9734439253807068,0.35225948691368103,1.27553937788628
65.2974214553833,0.9884796142578125,0.3342636227607727,1.27920713958405
65.35462832450867,1.0049599409103394,0.3072817027568817,1.29060494791164
65.40390205383301,1.0182610750198364,0.29057204723358154,1.27138117211939
65.45406126976013,1.0314232110977173,0.2794855535030365,1.25346381463904
65.50023770332336,1.0430381298065186,0.2601519525051117,1.24639785412563
65.54778933525085,1.0506343841552734,0.23704247176647186,1.26651601815471
65.59756898880005,1.058178186416626,0.2038300335407257,1.31715277447473
65.64748692512512,1.0665042400360107,0.19114325940608978,1.37287640505551
65.69750428199768,1.079101324081421,0.21888194978237152,1.4239060461652
65.7471673488617,1.0982807874679565,0.2887033224105835,1.47583074438409
65.80087971687317,1.1279277801513672,0.3848017752170563,1.52764767821107
65.85103440284729,1.156204342842102,0.4556789994239807,1.5714821241856
65.89755296707153,1.1811755895614624,0.5131909847259521,1.6295822921354
65.94791030883789,1.211513638496399,0.5536126494407654,1.7025662035251
65.99763011932373,1.242691993713379,0.5854933261871338,1.77849360012921
66.05523252487183,1.2831158638000488,0.6288241147994995,1.8523268061809
66.10484790802002,1.3240779638290405,0.7043249607086182,1.89635169448805
66.1539659500122,1.3681203126907349,0.7733649611473083,1.95389740388473
66.20040893554688,1.4110745191574097,0.8055903315544128,2.01204711353318
66.24719262123108,1.4468719959259033,0.837560772895813,2.07063396302985
66.30448269844055,1.4981638193130493,0.8480305671691895,2.12249066940954
66.34990501403809,1.5373101234436035,0.8943364024162292,2.1629451648397
66.3976891040802,1.5841346979141235,0.9163950085639954,2.20834859536123
66.44767928123474,1.6313068866729736,0.933466374874115,2.2562908432105
66.49687433242798,1.67909574508667,0.9484606981277466,2.29906034979743
66.54735541343689,1.7269808053970337,0.9581875205039978,2.34051898017663
66.59719800949097,1.773377776145935,0.9513492584228516,2.37871909423834
66.64713978767395,1.8194522857666016,0.945928156375885,2.42677473774817
66.69721722602844,1.866180181503296,0.947728157043457,2.47194640011484
66.75314855575562,1.9210139513015747,0.9345587491989136,2.52182774129001
66.8036437034607,1.9700841903686523,0.9523720145225525,2.56459513406565
66.85360741615295,2.018737316131592,0.9590893983840942,2.59979507322292
66.9016010761261,2.0665745735168457,0.9568081498146057,2.64291867331562
66.94766187667847,2.106227159500122,0.9709253907203674,2.68856541470776
67.00269341468811,2.16094708442688,0.9461915493011475,2.73181649667584
67.05091428756714,2.2096505165100098,0.9565081596374512,2.77968614567781
67.09754037857056,2.2501320838928223,0.9774888753890991,2.8195354583789
67.14760637283325,2.2991769313812256,0.985710859298706,2.87119578864257
67.19765210151672,2.34919810295105,0.9981831312179565,2.91648093015744
67.25489330291748,2.407846689224243,0.9909931421279907,2.96591613218711
67.30469727516174,2.458308219909668,0.9969381093978882,3.0129625177363
67.3524706363678,2.5086350440979004,0.9994595050811768,3.05722658312458
67.39756059646606,2.5506656169891357,1.0193296670913696,3.11044805603189
67.44822883605957,2.600743055343628,1.0187604427337646,3.16079607298506
67.49951529502869,2.6520795822143555,1.029317021369934,3.21549559664897
67.54763174057007,2.704826593399048,1.0465426445007324,3.26217436035675
67.59778094291687,2.759516477584839,1.0730448961257935,3.30748879229352
67.65334057807922,2.823272943496704,1.0699927806854248,3.35313884585003
67.7033269405365,2.8752975463867188,1.0563509464263916,3.40697783632115
67.74897408485413,2.918677568435669,1.0688281059265137,3.45548586508547
67.79713249206543,2.970790386199951,1.0653153657913208,3.51222643966595
67.84700989723206,3.0232691764831543,1.0660383701324463,3.55611038718476
67.89703512191772,3.0773255825042725,1.0798317193984985,3.61097224232334
67.94733619689941,3.1316099166870117,1.0886894464492798,3.66154854254475
68.0032889842987,3.195434093475342,1.0803444385528564,3.7179380905923
68.0534725189209,3.2512569427490234,1.0933719873428345,3.77758938956097
68.1036729812622,3.305626392364502,1.0892150402069092,3.82283545933438
68.1534378528595,3.3620948791503906,1.104411244392395,3.88147777985752
68.20338463783264,3.417039155960083,1.1002686023712158,3.94009409456638
68.25205945968628,3.473663330078125,1.1122376918792725,4.0029065945367
68.29683923721313,3.521061897277832,1.1394331455230713,4.05544344361166
68.34734916687012,3.578531265258789,1.151350736618042,4.10349044486947
68.39680862426758,3.637036085128784,1.1664929389953613,4.15498805069725
68.44703006744385,3.6959304809570312,1.1785755157470703,4.21146285181639
68.49677443504333,3.754826068878174,1.185823917388916,4.26111569350214
68.54754090309143,3.8135576248168945,1.188900351524353,4.31494012798458
68.59692716598511,3.872103214263916,1.1893061399459839,4.35365371322442
68.64691424369812,3.9305076599121094,1.1884593963623047,4.40488232031088
68.70292115211487,3.996596574783325,1.150500774383545,4.46434562571886
68.7533130645752,4.0519280433654785,1.1316139698028564,4.52024371158109
68.80299115180969,4.108482360839844,1.1304773092269897,4.57439220652523
68.85281872749329,4.164595603942871,1.125654935836792,4.62566267990383
68.90326976776123,4.221838474273682,1.1322304010391235,4.67733045891639
68.94783353805542,4.270590305328369,1.1643832921981812,4.73406560941668
68.99753165245056,4.329251766204834,1.1755121946334839,4.7861111833343
69.04723954200745,4.388051986694336,1.1832526922225952,4.84103348855241
69.09749722480774,4.446774482727051,1.1872905492782593,4.88075851759268
69.14697551727295,4.506685256958008,1.200058102607727,4.93314252093105
69.19744920730591,4.5652360916137695,1.1948648691177368,4.9831847427799
69.24705147743225,4.6227593421936035,1.1849801540374756,5.03627313989011
69.29902696609497,4.679203033447266,1.169546365737915,5.08597519032774
69.34672856330872,4.735809326171875,1.1627216339111328,5.12540702014717
69.4032289981842,4.802866458892822,1.1451966762542725,5.17404689077756
69.45403027534485,4.857822895050049,1.1248033046722412,5.22737862662449
69.49660086631775,4.903392791748047,1.1328836679458618,5.27336410566872
69.54666996002197,4.958009243011475,1.1242111921310425,5.32218227504036
69.59701085090637,5.014350891113281,1.13351571559906,5.36515686094047
69.64706325531006,5.071127414703369,1.141282081604004,5.41308411554454
69.70273494720459,5.13465690612793,1.1049988269805908,5.45943448631484
69.75303053855896,5.189046859741211,1.0970726013183594,5.50737815603773
69.79667782783508,5.233738422393799,1.1066546440124512,5.55450179684426
69.84773850440979,5.287616729736328,1.1027904748916626,5.59398117060414
69.89680886268616,5.34125280380249,1.0974364280700684,5.63976415829282
69.94712400436401,5.395415306091309,1.0994648933410645,5.6809199377565
69.99684119224548,5.449328422546387,1.09758460521698,5.72605552993367
70.04698348045349,5.501014232635498,1.0780789852142334,5.77125268756465
70.09683513641357,5.5521416664123535,1.0632457733154297,5.80410117724498
70.14687085151672,5.603969573974609,1.0597678422927856,5.84891408127098
70.19673871994019,5.6550374031066895,1.0506455898284912,5.88754048152641
70.24720191955566,5.705016136169434,1.0367602109909058,5.92351068027795
70.29667401313782,5.754538059234619,1.0249152183532715,5.962991790997
70.3494062423706,5.804006576538086,1.0174001455307007,5.99938891294703
70.40364599227905,5.859967231750488,0.9802333116531372,6.03721974978154
70.44789624214172,5.899268627166748,0.9836605191230774,6.07351309206589
70.49714922904968,5.945791244506836,0.9687519669532776,6.10058075870488
70.54718971252441,5.9923176765441895,0.9598474502563477,6.12659564446048
70.59916543960571,6.03771448135376,0.9446139335632324,6.14948194296542
70.64721941947937,6.080563545227051,0.9146314859390259,6.1640856374411
70.69754266738892,6.121530532836914,0.8821234703063965,6.16939593555698
70.74784898757935,6.160568714141846,0.8465691804885864,6.16961762922714
70.7981345653534,6.196954727172852,0.8036054968833923,6.16628103013853
70.84970331192017,6.230344772338867,0.7535454630851746,6.16543182262451
70.8978385925293,6.26065731048584,0.6985987424850464,6.15319708090504
70.94723892211914,6.287944793701172,0.6411316990852356,6.13632355847471
70.99751710891724,6.312302112579346,0.5828872919082642,6.12689426536526
71.04777312278748,6.3338141441345215,0.5248317718505859,6.11860600087258
71.0968132019043,6.352536201477051,0.4673212468624115,6.12269633839065
71.14679265022278,6.368495941162109,0.4103463590145111,6.12046653647551
71.19666862487793,6.384369850158691,0.37671494483947754,6.11643867395362
71.24681353569031,6.40037202835083,0.35638248920440674,6.11640910032511
71.29881548881531,6.414833068847656,0.33112576603889465,6.12129973350372
71.34691095352173,6.428018093109131,0.3061322271823883,6.13388037876687
71.3969886302948,6.439532279968262,0.2770783305168152,6.13827875160777
71.44745063781738,6.451099872589111,0.2612486779689789,6.14900232169116
71.49691390991211,6.462488651275635,0.24921387434005737,6.16033876895721
71.5468533039093,6.474600791931152,0.24876011908054352,6.17045467367808
71.59736633300781,6.486659049987793,0.2469041645526886,6.18457423371676
71.64685893058777,6.499298095703125,0.2514486014842987,6.19919864933897
71.69684481620789,6.511668682098389,0.2509291172027588,6.21427771207042
71.74683737754822,6.523102283477783,0.24337893724441528,6.2300146138937
71.79682278633118,6.53404426574707,0.2350531816482544,6.24513158804966
71.84760642051697,6.544826507568359,0.2288314551115036,6.26336122468561
71.89750552177429,6.556972026824951,0.2368067055940628,6.28003004858252
71.94767832756042,6.569325923919678,0.2420276701450348,6.2959364851502
71.9974136352539,6.582285404205322,0.25100189447402954,6.3122975364996
72.04777264595032,6.594893455505371,0.2524948716163635,6.32884131778363
72.09957933425903,6.606459617614746,0.24534198641777039,6.34989358589145
72.14735984802246,6.618785858154297,0.2480933964252472,6.36451598290064
72.19713735580444,6.63101053237915,0.24779322743415833,6.38104191812117
72.2470953464508,6.643747806549072,0.2527381181716919,6.3997805891438
72.29942917823792,6.656158447265625,0.2520114481449127,6.41546604971885
72.34940886497498,6.668930530548096,0.2555394768714905,6.43335191335174
72.39717364311218,6.682637691497803,0.2648756802082062,6.44903252871521
72.44717240333557,6.695459842681885,0.2624642550945282,6.47116636694784
72.49730896949768,6.708286285400391,0.2622203826904297,6.48467256261026
72.5495879650116,6.721879959106445,0.2680010497570038,6.50319216120375
72.5997486114502,6.735885143280029,0.27464863657951355,6.51845529547309
72.64933252334595,6.7500319480896,0.27972179651260376,6.5358443211338
72.69937348365784,6.7628278732299805,0.27115684747695923,6.55186203935372
72.74926519393921,6.775437831878662,0.2657569944858551,6.57406465062612
72.79854774475098,6.788797855377197,0.2683142423629761,6.59598068064438
72.8486008644104,6.80263090133667,0.2735036611557007,6.62429010727147
72.89761304855347,6.816680908203125,0.2782915532588959,6.64877280691596
72.94945907592773,6.83211088180542,0.2929903566837311,6.67732996890302
72.99913239479065,6.84894323348999,0.31263241171836853,6.70819152939548
73.0471978187561,6.866322040557861,0.32862669229507446,6.73694523332636
73.09716963768005,6.885059356689453,0.3498777449131012,6.76022008035564
73.1472373008728,6.903700351715088,0.3606957793235779,6.79037917941286
73.19703817367554,6.922603130340576,0.3703698515892029,6.82557414825719
73.24731540679932,6.942230224609375,0.3817615509033203,6.86072399824446
73.29923224449158,6.963445663452148,0.40203309059143066,6.89574727329792
73.34725904464722,6.986084938049316,0.4251781404018402,6.92108991082537
73.39730453491211,7.009206295013428,0.4427751302719116,6.95352758852614
73.44724559783936,7.032269477844238,0.45286843180656433,6.99253770533191
73.49722623825073,7.055062294006348,0.45682480931282043,7.02672341107652
73.54724526405334,7.0789079666137695,0.4685000777244568,7.06205295108402
73.60336065292358,7.108148574829102,0.4784463346004486,7.09993622371178
73.64817309379578,7.129579067230225,0.49887529015541077,7.1329486028633
73.69718194007874,7.156541347503662,0.5189491510391235,7.1691908796232
73.74733853340149,7.184781074523926,0.5408463478088379,7.20730072597164
73.79806184768677,7.213428020477295,0.5571146011352539,7.24839147911984
73.8495090007782,7.241993427276611,0.5662335157394409,7.2766440376566
73.89717555046082,7.270294189453125,0.5696489810943604,7.31405994723341
73.94744801521301,7.29966402053833,0.5811286568641663,7.35303766797958
73.99939727783203,7.328954696655273,0.5862234234809875,7.38718924573485
74.0475492477417,7.358649253845215,0.593567967414856,7.42170268009112
74.09713315963745,7.390556812286377,0.6162360310554504,7.46068289293813
74.14744281768799,7.422940254211426,0.6323274970054626,7.4983574405922
74.19718146324158,7.454536437988281,0.6358882784843445,7.53295298160331
74.24725270271301,7.4868292808532715,0.6445711255073547,7.56894183890412
74.29786896705627,7.518841743469238,0.6464390754699707,7.60101492535832
74.34744119644165,7.551189422607422,0.6513170599937439,7.63219948898293
74.39736700057983,7.5844221115112305,0.6610791683197021,7.65951851286475
74.44889950752258,7.616724967956543,0.6585747599601746,7.68969158284878
74.49812316894531,7.649002552032471,0.6580478549003601,7.71817723275781
74.54821419715881,7.680697917938232,0.652062714099884,7.74419810904367
74.59821629524231,7.711358070373535,0.6404781341552734,7.76632828300088
74.64823865890503,7.74154806137085,0.6299037337303162,7.78198405401591
74.69855451583862,7.7716450691223145,0.6228523850440979,7.79769635273008
74.74760270118713,7.800502300262451,0.607875406742096,7.8063923146869
74.79752111434937,7.828063011169434,0.5888825058937073,7.81546319512055
74.84726810455322,7.855136871337891,0.5737389922142029,7.8359131636437
74.89737367630005,7.879539489746094,0.54169100522995,7.83331589022995
74.94720005989075,7.902596950531006,0.5132580995559692,7.82793835993516
74.99755120277405,7.924770355224609,0.4882258176803589,7.82141886997038
75.04749417304993,7.944793701171875,0.45544272661209106,7.80458158226934
75.10034394264221,7.964474678039551,0.3972303867340088,7.80732952547849
75.14711260795593,7.975947380065918,0.3611643314361572,7.79109227792323
75.19728803634644,7.988123893737793,0.316336989402771,7.77821193719973
75.2473509311676,7.998691558837891,0.2758776843547821,7.76120985581362
75.2993495464325,8.008280754089355,0.24407429993152618,7.75636480806583
75.34987473487854,8.015230178833008,0.2022789716720581,7.76197186439827
75.39775896072388,8.021076202392578,0.16988374292850494,7.76346205955194
75.447762966156,8.027636528015137,0.15598885715007782,7.76870544488469
75.49767065048218,8.033683776855469,0.14253190159797668,7.77174423161728
75.5479645729065,8.040249824523926,0.13964566588401794,7.77900327198205
75.59996771812439,8.047640800476074,0.13194164633750916,7.79371376363891
75.64795327186584,8.052326202392578,0.12729857861995697,7.80487841399643
75.697589635849,8.0589599609375,0.13104039430618286,7.81145741440257
75.74790120124817,8.066961288452148,0.14384937286376953,7.82298332893349
75.79797840118408,8.074304580688477,0.1452765017747879,7.82798517094663
75.84994149208069,8.083002090454102,0.1459653675556183,7.85641331907144
75.8973741531372,8.088568687438965,0.14382971823215485,7.86104013032361
75.94724678993225,8.095667839050293,0.14454355835914612,7.87288252546418
75.99720907211304,8.103692054748535,0.1521172970533371,7.88222945703063
76.0477044582367,8.112198829650879,0.16038809716701508,7.88934274887016
76.09764361381531,8.120861053466797,0.16653956472873688,7.90525638326139
76.14776086807251,8.128157615661621,0.15850503742694855,7.91742605818175
76.19797158241272,8.135245323181152,0.15324702858924866,7.92589700288478
76.2477400302887,8.143062591552734,0.15573960542678833,7.93568057820478
76.2977945804596,8.151341438293457,0.16079366207122803,7.94504671874938
76.34951305389404,8.158496856689453,0.15397612750530243,7.96374504916722
76.39728331565857,8.16558837890625,0.15056122839450836,7.97677754526068
76.4479022026062,8.173469543457031,0.1546219289302826,7.98587372957398
76.49736380577087,8.183154106140137,0.1721533238887787,7.99536590892157
76.5481219291687,8.193140029907227,0.18382495641708374,8.0063067159202
76.60004711151123,8.202057838439941,0.16683700680732727,8.02063714894623
76.64771342277527,8.208125114440918,0.16240781545639038,8.02761127486934
76.69768953323364,8.215774536132812,0.15992555022239685,8.03728636487691
76.74989128112793,8.225173950195312,0.15896132588386536,8.04752173346239
76.79769730567932,8.232157707214355,0.164641335606575,8.05763904210546
76.84961938858032,8.240588188171387,0.16730628907680511,8.06634980418884
76.89715814590454,8.249038696289062,0.16905023157596588,8.07316100018493
76.94750928878784,8.257463455200195,0.1698930710554123,8.08065164821747
76.99740767478943,8.265850067138672,0.17011073231697083,8.09020324541844
77.04741835594177,8.272870063781738,0.1585124284029007,8.09650934036944
77.09964275360107,8.279762268066406,0.1517392247915268,8.10209281040012
77.14752292633057,8.2874755859375,0.15402957797050476,8.10965467628564
77.19955945014954,8.294384956359863,0.14801721274852753,8.12002607856637
77.24747395515442,8.301436424255371,0.14668715000152588,8.12839197528258
77.29963850975037,8.308043479919434,0.14128145575523376,8.13274314886952
77.34748864173889,8.315033912658691,0.14217744767665863,8.15058663487569
77.39748525619507,8.321700096130371,0.13903987407684326,8.16149443722156
77.44748759269714,8.328783988952637,0.14155620336532593,8.168658830449
77.49749898910522,8.336865425109863,0.15076899528503418,8.18126465013929
77.54768466949463,8.344108581542969,0.14864537119865417,8.19117312483549
77.59757590293884,8.351383209228516,0.14878475666046143,8.20139913733633
77.64765048027039,8.359435081481934,0.15487578511238098,8.218671320088
77.69764184951782,8.366564750671387,0.15022554993629456,8.23267058445205
77.74756503105164,8.375057220458984,0.1603107899427414,8.24724076386289
77.79780316352844,8.384468078613281,0.17228509485721588,8.2636470750611
77.84787321090698,8.393500328063965,0.1765250563621521,8.27237631542864
77.89749884605408,8.403501510620117,0.18772585690021515,8.28726227660801
77.94820761680603,8.413357734680176,0.19215482473373413,8.30801421815422
77.9982237815857,8.422253608703613,0.18737944960594177,8.32273148180125
78.0485508441925,8.43191146850586,0.19157783687114716,8.33697530541465
78.10075330734253,8.444613456726074,0.20155689120292664,8.36058452549026
78.14824414253235,8.454217910766602,0.21498353779315948,8.37114242110496
78.19832992553711,8.465813636779785,0.22309020161628723,8.39469361753038
78.24849128723145,8.477331161499023,0.22734609246253967,8.40979114630876
78.29775953292847,8.490031242370605,0.24020300805568695,8.42568840826295
78.34978294372559,8.502700805664062,0.24650222063064575,8.43343878886327
78.39765548706055,8.514447212219238,0.24314269423484802,8.45627718174753
78.44749593734741,8.52695083618164,0.2481459230184555,8.47200264670859
78.50290703773499,8.54123306274414,0.24349574744701385,8.48462177178459
78.5477044582367,8.552103042602539,0.2538422644138336,8.49397492989524
78.59965801239014,8.56587028503418,0.2643219828605652,8.49629533640457
78.64774250984192,8.578746795654297,0.26255711913108826,8.49675971351521
78.69771122932434,8.590275764465332,0.25107789039611816,8.4913500046616
78.74722027778625,8.599774360656738,0.22734737396240234,8.47732130578562
78.8031096458435,8.608777046203613,0.19229449331760406,8.4640162487766
78.84949040412903,8.613563537597656,0.16832396388053894,8.45540922030663
78.9044394493103,8.617081642150879,0.11760839819908142,8.43360599388213
78.94865584373474,8.618301391601562,0.08888379484415054,8.41951898605241
78.99772930145264,8.618102073669434,0.05171449854969978,8.3994963198823
79.04770421981812,8.618120193481445,0.03229224309325218,8.38016115616543
79.09833192825317,8.616822242736816,0.008150083012878895,8.37523799910878
79.14752149581909,8.61362361907959,-0.02100200019776821,8.35667561526605
79.19777321815491,8.6097412109375,-0.043750084936618805,8.33879529716779
79.25283241271973,8.603561401367188,-0.07156513631343842,8.32345612064118
79.30304670333862,8.597155570983887,-0.09384823590517044,8.30682300775511
79.34836602210999,8.591700553894043,-0.1082034781575203,8.29727068912763
79.397620677948,8.585328102111816,-0.11641024798154831,8.28252844469878
79.44764733314514,8.5779390335083,-0.13036033511161804,8.26281290132021
79.49990391731262,8.569620132446289,-0.13373087346553802,8.24768438033854
79.54773020744324,8.561847686767578,-0.15486332774162292,8.23087982879214
79.59950065612793,8.552042007446289,-0.17206205427646637,8.21957545454144
79.64770913124084,8.54139232635498,-0.1900699883699417,8.20035512486324
79.69767808914185,8.529792785644531,-0.20818795263767242,8.1846974408882
79.74783992767334,8.517934799194336,-0.2210531234741211,8.16843100102008
79.79786562919617,8.50484848022461,-0.23940977454185486,8.14633285293585
79.8499813079834,8.489850997924805,-0.2440319061279297,8.13514941860015
79.89766597747803,8.478641510009766,-0.2569678723812103,8.11761247221316
79.94803762435913,8.464630126953125,-0.2680824100971222,8.10312636253048
79.99783873558044,8.45033073425293,-0.2769696116447449,8.09245058806465
80.05360245704651,8.433703422546387,-0.27756842970848083,8.08816552185716
80.10353827476501,8.419549942016602,-0.27935585379600525,8.09197394367595
80.1508514881134,8.40552806854248,-0.27940505743026733,8.09483042454858
80.19742393493652,8.395194053649902,-0.27279722690582275,8.10440456538527
80.24768018722534,8.385424613952637,-0.24245038628578186,8.12091582348218
80.29748106002808,8.376399993896484,-0.2196839600801468,8.13572735608304
80.34785985946655,8.369296073913574,-0.18885953724384308,8.15614601974657
80.39743876457214,8.363035202026367,-0.16504725813865662,8.1812633723503
80.44752359390259,8.35874080657959,-0.1332455426454544,8.20576199883017
80.49729323387146,8.356634140014648,-0.09728799015283585,8.23358644929549
80.54838132858276,8.35659408569336,-0.05859902501106262,8.26123376384552
80.5978319644928,8.359233856201172,-0.013548485934734344,8.29180099700692
80.64736747741699,8.363505363464355,0.026059364899992943,8.32614492800693
80.69717693328857,8.369367599487305,0.06325188279151917,8.36115305708855
80.74738073348999,8.377605438232422,0.10505688190460205,8.397599575757
80.79908061027527,8.387333869934082,0.1416298896074295,8.4348299794914
80.85151147842407,8.400629043579102,0.17904900014400482,8.46511225560944
80.89848160743713,8.412309646606445,0.21752621233463287,8.50415891223748
80.94849514961243,8.427529335021973,0.25379279255867004,8.54127490957021
80.99933505058289,8.444345474243164,0.2890227735042572,8.58349055334735
81.04779481887817,8.462249755859375,0.31853994727134705,8.6246563952692
81.09854745864868,8.481589317321777,0.348482608795166,8.65799911901988
81.14795708656311,8.503357887268066,0.3863661587238312,8.70059416260324
81.19826459884644,8.525410652160645,0.4100891947746277,8.74278182370397
81.24924755096436,8.54903507232666,0.4387928545475006,8.7808384658195
81.29903554916382,8.574639320373535,0.4712812006473541,8.81709643307887
81.34969234466553,8.600906372070312,0.49587735533714294,8.84711133687983
81.39777398109436,8.628419876098633,0.5214109420776367,8.88797546137634
81.44880509376526,8.655658721923828,0.5334212779998779,8.92782928046485
81.49753642082214,8.68300724029541,0.5426320433616638,8.96595577234029
81.54761695861816,8.71231746673584,0.5644724369049072,9.00433208584859
81.59912395477295,8.743278503417969,0.5903207659721375,9.03102868465603
81.64729714393616,8.774822235107422,0.61031174659729,9.07113334383544
81.69716620445251,8.806324005126953,0.6219685077667236,9.11580373196604
81.74747824668884,8.837532043457031,0.626677393913269,9.15232328564496
81.79697704315186,8.869758605957031,0.6385399103164673,9.18525701619791
81.85348081588745,8.908705711364746,0.6450948715209961,9.21074049247676
81.9036762714386,8.942660331726074,0.657720685005188,9.24225302541334
81.94734764099121,8.969736099243164,0.6655321717262268,9.27598860223346
82.00064134597778,9.007378578186035,0.6500601172447205,9.30714286126023
82.04766845703125,9.035050392150879,0.665890634059906,9.3345241946362
82.09782242774963,9.06839370727539,0.6706624627113342,9.34299468469656
82.14776015281677,9.10189151763916,0.6747198104858398,9.38748504596151
82.19742965698242,9.132737159729004,0.6543199419975281,9.41295067179126
82.24744319915771,9.164655685424805,0.6538916826248169,9.44795088742219
82.29732751846313,9.196949005126953,0.6541959643363953,9.48441777677893
82.34748768806458,9.22931957244873,0.656141459941864,9.50951744121517
82.39754271507263,9.262458801269531,0.6632463335990906,9.53937490299919
82.4532105922699,9.301451683044434,0.6586977243423462,9.56827349368678
82.49773859977722,9.329610824584961,0.6756196618080139,9.60024346657582
82.55312299728394,9.366951942443848,0.6518291234970093,9.6256410920148
82.59745192527771,9.39525318145752,0.6727924942970276,9.65171215383635
82.65356683731079,9.433343887329102,0.6557896137237549,9.67904152122589
82.70277738571167,9.465899467468262,0.6533151268959045,9.71462479239313
82.75310826301575,9.497237205505371,0.6416941285133362,9.74572127428314
82.80340909957886,9.52931022644043,0.6411406397819519,9.77631036385086
82.85442328453064,9.562284469604492,0.6477744579315186,9.81758489621058
82.90337753295898,9.595746040344238,0.6555153727531433,9.84787917339169
82.95354676246643,9.629377365112305,0.6614660024642944,9.87983405015591
83.0028703212738,9.662992477416992,0.6649120450019836,9.9005118968754
83.0536413192749,9.69651985168457,0.6662907600402832,9.92966981781656
83.09802722930908,9.724525451660156,0.6794255971908569,9.96931720933938
83.14789724349976,9.75790023803711,0.6790181994438171,9.98966710115341
83.19747495651245,9.791231155395508,0.6784365773200989,10.0164801633779
83.2483491897583,9.824543952941895,0.6779471635818481,10.0415257124153
83.29750633239746,9.857855796813965,0.677642285823822,10.0758055947653
83.35006833076477,9.894882202148438,0.650616466999054,10.1018364731153
83.39783263206482,9.92171859741211,0.6594412326812744,10.1309450903999
83.44830536842346,9.95310115814209,0.6504819989204407,10.158400663286
83.49738240242004,9.984910011291504,0.6495787501335144,10.1866427619096
83.54780554771423,10.017801284790039,0.6573959589004517,10.2131828887337
83.60098433494568,10.056756973266602,0.6552838683128357,10.2398256711835
83.65060114860535,10.088751792907715,0.6479525566101074,10.2688484585401
83.70286798477173,10.119447708129883,0.6335154175758362,10.2950724276585
83.7535994052887,10.149550437927246,0.6202843189239502,10.3190144659177
83.8028461933136,10.181234359741211,0.6253097057342529,10.3382735052917
83.85382747650146,10.212592124938965,0.6250635981559753,10.3603052389735
83.89757466316223,10.237051010131836,0.6218377947807312,10.3766545339282
83.9476203918457,10.266101837158203,0.6099302172660828,10.4056513869907
83.9976396560669,10.294510841369629,0.5966712832450867,10.4314111760227
84.04760813713074,10.323343276977539,0.5931677222251892,10.4494470076735
84.10544180870056,10.356552124023438,0.575876772403717,10.4790231413108
84.15316700935364,10.384297370910645,0.566795289516449,10.4918521136727
84.20312786102295,10.411757469177246,0.5591520071029663,10.5136128719484
84.25346302986145,10.439189910888672,0.5543597340583801,10.5325909053905
84.30325245857239,10.46671199798584,0.5521756410598755,10.5510650901546
84.34775137901306,10.488520622253418,0.5510738492012024,10.5699866674208
84.39708495140076,10.513450622558594,0.533355176448822,10.5827166502307
84.44735026359558,10.539165496826172,0.5299637317657471,10.5983269990135
84.49757671356201,10.564934730529785,0.5271939039230347,10.6044215024088
84.54867434501648,10.588714599609375,0.5089818239212036,10.6057927228067
84.60462474822998,10.614197731018066,0.47129616141319275,10.6023219705411
84.65462565422058,10.633787155151367,0.4389118254184723,10.6001479811205
84.69961309432983,10.647931098937988,0.41130971908569336,10.5831325255092
84.75337028503418,10.665693283081055,0.35949912667274475,10.5651310047858
84.80300617218018,10.679017066955566,0.32203832268714905,10.5492954384258
84.85448622703552,10.689780235290527,0.27906084060668945,10.5398632871709
84.90291428565979,10.69763469696045,0.2301112711429596,10.524872731199
84.94754242897034,10.70321273803711,0.20056164264678955,10.5171864005162
85.00359392166138,10.70898151397705,0.15282408893108368,10.5069521453167
85.04725074768066,10.712453842163086,0.13131237030029297,10.4989137854366
85.09790182113647,10.71657943725586,0.11289655417203903,10.5045747295491
85.14725518226624,10.71978759765625,0.09360405057668686,10.5006847018605
85.19727969169617,10.723361015319824,0.08603548258543015,10.4946347936027
85.24741649627686,10.726789474487305,0.07920907437801361,10.4878788755783
85.29782366752625,10.729510307312012,0.06965668499469757,10.4819519674568
85.34948825836182,10.731947898864746,0.06174328923225403,10.4798992495577
85.39800906181335,10.733030319213867,0.04535745456814766,10.4739787589589
85.44750833511353,10.732766151428223,0.025133656337857246,10.4715255626747
85.49752926826477,10.732007026672363,0.009195932187139988,10.4673575976496
85.54732584953308,10.731260299682617,-0.0002603114116936922,10.4600099523471
85.59980511665344,10.73073673248291,-0.004198851529508829,10.463607130073
85.64737558364868,10.729126930236816,-0.016127483919262886,10.4638211819791
85.69870591163635,10.727594375610352,-0.02150835655629635,10.4573184952406
85.75008177757263,10.726957321166992,-0.01620643213391304,10.4530565047888
85.79930830001831,10.725637435913086,-0.022162001579999924,10.452301294113
85.84737157821655,10.723084449768066,-0.03417497128248215,10.4460588936913
85.89806485176086,10.719958305358887,-0.04579741135239601,10.444636215974
85.94945454597473,10.716691970825195,-0.05385446548461914,10.4427335407281
85.99740052223206,10.713508605957031,-0.058037180453538895,10.4384277695494
86.05450510978699,10.70999526977539,-0.058304496109485626,10.4420390645381
86.0996835231781,10.70712661743164,-0.05783389136195183,10.4525414643129
86.15027070045471,10.704340934753418,-0.056914571672677994,10.4537921263621
86.20317816734314,10.701592445373535,-0.05607762187719345,10.4539780303636
86.25461053848267,10.698850631713867,-0.055521246045827866,10.4599564590053
86.30444860458374,10.697802543640137,-0.04136770963668823,10.4600378142149
86.35436248779297,10.696298599243164,-0.03713766857981682,10.4618284010681
86.4030191898346,10.694009780883789,-0.040675949305295944,10.4641098921363
86.4543445110321,10.692944526672363,-0.03260229155421257,10.46549442416
86.50483274459839,10.691229820251465,-0.03351738676428795,10.4726273159997
86.54949188232422,10.6904878616333,-0.028379959985613823,10.4757568938855
86.60005950927734,10.688727378845215,-0.029563263058662415,10.4765989075899
86.65448808670044,10.687840461730957,-0.024571167305111885,10.4780632203459
86.70042586326599,10.68606948852539,-0.029138902202248573,10.4822090376982
86.74987959861755,10.685110092163086,-0.02487690933048725,10.4859353035129
86.80038094520569,10.684995651245117,-0.015790926292538643,10.4898430533875
86.8499448299408,10.683571815490723,-0.02119358628988266,10.4839288923316
86.90075945854187,10.682677268981934,-0.019610879942774773,10.4875971939459
86.94750642776489,10.681153297424316,-0.026088997721672058,10.4935783059217
86.99737310409546,10.679830551147461,-0.02585773542523384,10.496745443946
87.05433011054993,10.679485321044922,-0.01641286350786686,10.4949029300931
87.09879803657532,10.678312301635742,-0.02110169641673565,10.4946589206135
87.15311670303345,10.677093505859375,-0.020244430750608444,10.4930501061212
87.20288014411926,10.676904678344727,-0.013583008199930191,10.4932861377839
87.25329971313477,10.675379753112793,-0.020660843700170517,10.4948772998235
87.30286288261414,10.672699928283691,-0.03382418677210808,10.4850274560784
87.3482186794281,10.671388626098633,-0.033224623650312424,10.4674468668389
87.3977165222168,10.669532775878906,-0.03541840612888336,10.4523018669816
87.45451283454895,10.66475772857666,-0.056819379329681396,10.4354933628334
87.50286912918091,10.658791542053223,-0.08162099123001099,10.4156234835978
87.54696488380432,10.653383255004883,-0.09967390447854996,10.3922672279403
87.60276222229004,10.644119262695312,-0.12559917569160461,10.3782348401851
87.652667760849,10.634984970092773,-0.14804084599018097,10.356068364298
87.69741749763489,10.627212524414062,-0.16380415856838226,10.3444811147834
87.7475974559784,10.616718292236328,-0.18391451239585876,10.32870925997
87.79758310317993,10.605090141296387,-0.20472556352615356,10.3160868245141
87.85070204734802,10.591163635253906,-0.21756991744041443,10.3083314509099
87.90348863601685,10.581060409545898,-0.21063350141048431,10.294343091671
87.95355939865112,10.570783615112305,-0.20855668187141418,10.2808003328107
88.00538992881775,10.559968948364258,-0.2114732414484024,10.2652939932382
88.05387496948242,10.54883861541748,-0.21565188467502594,10.2545475996539
88.10439968109131,10.535880088806152,-0.23302707076072693,10.2441975811418
88.15393328666687,10.52335262298584,-0.23936715722084045,10.2309354673686
88.19799375534058,10.51218032836914,-0.2535545527935028,10.2159777770092
88.2475380897522,10.499470710754395,-0.25481459498405457,10.19995716289
88.29767441749573,10.486549377441406,-0.25836896896362305,10.185487509341
88.34770011901855,10.472801208496094,-0.2668876647949219,10.1716608593876
88.39728665351868,10.458661079406738,-0.2750244438648224,10.1554891593233
88.4473614692688,10.444427490234375,-0.2806207835674286,10.1436308485151
88.50284361839294,10.426255226135254,-0.292268842458725,10.1298337184416
88.54773497581482,10.413414001464844,-0.3024119436740875,10.1119778043092
88.60339593887329,10.396524429321289,-0.29315388202667236,10.0941883034618
88.65393781661987,10.380919456481934,-0.30064451694488525,10.0799859687246
88.70322585105896,10.365985870361328,-0.299210786819458,10.0641402692456
88.75358486175537,10.350162506103516,-0.30595991015434265,10.04807112997
88.80312991142273,10.33519458770752,-0.3026566207408905,10.0389916060788
88.85360169410706,10.319425582885742,-0.3076041042804718,10.014259289119
88.90387845039368,10.302833557128906,-0.31692925095558167,9.99890492030801
88.95347571372986,10.285870552062988,-0.32538533210754395,9.98314626673657
89.00330638885498,10.26883602142334,-0.3310037851333618,9.96861425689604
89.05327105522156,10.250178337097168,-0.3476491868495941,9.95287078236994
89.1037905216217,10.232081413269043,-0.352550208568573,9.951325645958
89.15370678901672,10.214861869812012,-0.3487088084220886,9.93574569785313
89.19978761672974,10.19987678527832,-0.3284051716327667,9.91826901359269
89.2476453781128,10.18715763092041,-0.3260854482650757,9.90111972009745
89.29754710197449,10.171356201171875,-0.324495792388916,9.88389055475892
89.35714626312256,10.150580406188965,-0.3363156020641327,9.86752461363708
89.40533924102783,10.132575988769531,-0.3450499176979065,9.85007222059207
89.45321846008301,10.113550186157227,-0.35890886187553406,9.83314187721013
89.5031270980835,10.09544849395752,-0.3593381643295288,9.81941647828148
89.54749488830566,10.081107139587402,-0.3599163293838501,9.80161773066464
89.59758877754211,10.06318187713623,-0.36234644055366516,9.78718875393614
89.64753317832947,10.045400619506836,-0.36152487993240356,9.7723631944515
89.69700694084167,10.02712631225586,-0.36601394414901733,9.75534922309295
89.74755811691284,10.009180068969727,-0.36499375104904175,9.74055904249596
89.79738974571228,9.990867614746094,-0.36838385462760925,9.72142232192558
89.84779167175293,9.971613883972168,-0.37768855690956116,9.70530412585967
89.8973593711853,9.953239440917969,-0.3753019869327545,9.6847253676607
89.9473283290863,9.934857368469238,-0.3750985264778137,9.66519787181006
89.9972734451294,9.915706634521484,-0.38091352581977844,9.64568473247354
90.0478003025055,9.896143913269043,-0.38758280873298645,9.62902362209518
90.10004568099976,9.87322998046875,-0.3858371376991272,9.60933253427168
90.14771103858948,9.8567533493042,-0.39558470249176025,9.59268792223629
90.19750571250916,9.83714485168457,-0.3967338502407074,9.57480033272206
90.24696016311646,9.81761646270752,-0.39679473638534546,9.55888269375352
90.30292677879333,9.794989585876465,-0.3886885941028595,9.54605246438726
90.34768581390381,9.778711318969727,-0.39586952328681946,9.53240683472633
90.39757871627808,9.759285926818848,-0.3954820930957794,9.51449027157364
90.44741296768188,9.739859580993652,-0.39525675773620605,9.49586936135159
90.49732065200806,9.720428466796875,-0.39516618847846985,9.47515009451244
90.54751825332642,9.700989723205566,-0.3951593041419983,9.45894466131559
90.5999367237091,9.678390502929688,-0.3876174986362457,9.4494029091413
90.64772891998291,9.662102699279785,-0.3952275812625885,9.42505604680585
90.69737005233765,9.642657279968262,-0.3952571749687195,9.39578829319164
90.74759364128113,9.623210906982422,-0.39527469873428345,9.36706876165258
90.79767656326294,9.60243034362793,-0.4067666530609131,9.33418603763484
90.84731388092041,9.580206871032715,-0.4248025417327881,9.28957111112157
90.89748406410217,9.557372093200684,-0.440337210893631,9.2557518575298
90.94737148284912,9.53178596496582,-0.473233699798584,9.21539251334843
90.99772024154663,9.504817962646484,-0.5024659037590027,9.17401057086565
91.04781913757324,9.476957321166992,-0.5280405282974243,9.12978263626567
91.09754848480225,9.446952819824219,-0.5610985159873962,9.10200111615269
91.14786791801453,9.415422439575195,-0.5926979184150696,9.05473181267406
91.19958281517029,9.384864807128906,-0.6029505133628845,9.00990660114373
91.24739956855774,9.354652404785156,-0.6075921654701233,8.96178539684306
91.30301403999329,9.317331314086914,-0.6165779232978821,8.91890002870033
91.34762978553772,9.287809371948242,-0.6592710614204407,8.88128463694922
91.39842367172241,9.252199172973633,-0.6842168569564819,8.83214344698331
91.44961190223694,9.216068267822266,-0.7043591141700745,8.78140801133292
91.49763083457947,9.179266929626465,-0.7216025590896606,8.73030181460836
91.54762363433838,9.141048431396484,-0.7440561652183533,8.68172098316042
91.59967136383057,9.101577758789062,-0.7671879529953003,8.64525967414985
91.65347862243652,9.053545951843262,-0.7849452495574951,8.59282178193975
91.70336723327637,9.0126314163208,-0.7967706322669983,8.53904112437023
91.75384569168091,8.971091270446777,-0.8094156980514526,8.49215480566653
91.79742288589478,8.935894012451172,-0.8352163434028625,8.43855496272551
91.8474805355072,8.892389297485352,-0.8553161025047302,8.38957043646032
91.89750790596008,8.847515106201172,-0.877937912940979,8.33529272328091
91.94743704795837,8.802186965942383,-0.895011842250824,8.28023475317671
92.00356936454773,8.747870445251465,-0.902446985244751,8.22598745431507
92.04977464675903,8.707813262939453,-0.9380196928977966,8.16960152207
92.09692668914795,8.659700393676758,-0.9536904096603394,8.11573804372321
92.14692664146423,8.610370635986328,-0.9736547470092773,8.05246973388689
92.19694781303406,8.559873580932617,-0.9946384429931641,7.99605370904037
92.24686455726624,8.5076904296875,-1.0214035511016846,7.93979666661347
92.2970085144043,8.454163551330566,-1.0478241443634033,7.8812100565396
92.34692668914795,8.400285720825195,-1.0663727521896362,7.82842082989664
92.39713501930237,8.346580505371094,-1.0761514902114868,7.7666087722408
92.4469645023346,8.291885375976562,-1.090829610824585,7.69779995810159
92.49687266349792,8.236063003540039,-1.1083322763442993,7.63931463739746
92.5467894077301,8.179840087890625,-1.1219122409820557,7.57468124794933
92.59677696228027,8.122307777404785,-1.1413376331329346,7.50679033975348
92.64662790298462,8.063530921936035,-1.162596583366394,7.43576899364628
92.69669437408447,8.004354476928711,-1.1784157752990723,7.35242609808295
92.74676728248596,7.9439215660095215,-1.1987810134887695,7.27782668474903
92.7970540523529,7.880966663360596,-1.2316350936889648,7.20069558752842
92.84683132171631,7.814878463745117,-1.2767010927200317,7.13576386289834
92.89677047729492,7.7468366622924805,-1.3188027143478394,7.05492878198932
92.94676470756531,7.679702281951904,-1.3358452320098877,6.98172379970745
92.99674773216248,7.611687660217285,-1.3551995754241943,6.89815736331555
93.04681873321533,7.541971206665039,-1.3799418210983276,6.82393248898018
93.09842610359192,7.471612930297852,-1.3997323513031006,6.74864346330442
93.14694833755493,7.399913787841797,-1.423115849494934,6.67127614828819
93.19657278060913,7.327038288116455,-1.446218729019165,6.58821189545861
93.24675559997559,7.253854274749756,-1.4624449014663696,6.51479934623441
93.29701709747314,7.17948579788208,-1.4824880361557007,6.43891727813226
93.34689807891846,7.103975296020508,-1.503324031829834,6.3652651773741
93.39719557762146,7.0281291007995605,-1.5184009075164795,6.28942509034258
93.4470465183258,6.952387809753418,-1.5266238451004028,6.20937736476246
93.49714732170105,6.876908302307129,-1.529530644416809,6.13001345530887
93.54712843894958,6.800344944000244,-1.54081392288208,6.04739693195453
93.5975821018219,6.7225117683410645,-1.5573869943618774,5.95681921838615
93.64716148376465,6.642820835113525,-1.582840919494629,5.85925787681477
93.69664430618286,6.561634063720703,-1.6096528768539429,5.7647281408292
93.74678635597229,6.47866153717041,-1.640683650970459,5.66590180104814
93.79687738418579,6.393036365509033,-1.6809453964233398,5.56800334203595
93.84897780418396,6.305688381195068,-1.7183825969696045,5.46304835197182
93.90314173698425,6.203691482543945,-1.7135701179504395,5.35673620378685
93.95304322242737,6.112982749938965,-1.751911997795105,5.24901013592047
93.99917411804199,6.036780834197998,-1.8076329231262207,5.14096328467887
94.0470666885376,5.943660259246826,-1.8424034118652344,5.03233346567353
94.0986180305481,5.847056865692139,-1.8913171291351318,4.93409860324224
94.14732098579407,5.748339653015137,-1.936959981918335,4.82654459812928
94.19684267044067,5.649162292480469,-1.9678645133972168,4.73131194096089
94.24689102172852,5.550361156463623,-1.983473300933838,4.64134928228457
94.29689431190491,5.452181816101074,-1.9880224466323853,4.56059447538019
94.34694576263428,5.353211402893066,-1.99802827835083,4.47215302578002
94.39696216583252,5.254484176635742,-2.000974416732788,4.39091691945225
94.44705367088318,5.156755447387695,-1.9950284957885742,4.31136707073234
94.49730944633484,5.059598445892334,-1.9870446920394897,4.23050221091477
94.54754948616028,4.9639997482299805,-1.969049334526062,4.15021694055238
94.60300755500793,4.852963924407959,-1.9201099872589111,4.06251508312862
94.64715719223022,4.773461818695068,-1.9477827548980713,3.97607788675978
94.6975166797638,4.679216384887695,-1.9350703954696655,3.88187294241546
94.74743032455444,4.583922863006592,-1.9367197751998901,3.78612379908137
94.7976291179657,4.487165927886963,-1.9490180015563965,3.69089392534081
94.84955167770386,4.3883161544799805,-1.9737225770950317,3.58275825728892
94.89731979370117,4.289122581481934,-1.9900184869766235,3.48251338620231
94.94765257835388,4.189478874206543,-2.004427671432495,3.38794194880095
94.99757957458496,4.087750434875488,-2.030338764190674,3.29122383687178
95.04759740829468,3.985710382461548,-2.0471031665802,3.19238968566978
95.09885144233704,3.884589433670044,-2.050046920776367,3.08629725845163
95.14793419837952,3.7828516960144043,-2.0577454566955566,2.99182028810838
95.19705247879028,3.680093288421631,-2.070244550704956,2.89436486637822
95.24701118469238,3.5768959522247314,-2.0811264514923096,2.80124949800899
95.29802680015564,3.473634958267212,-2.0881383419036865,2.70692479110477
95.34945583343506,3.370488166809082,-2.0914559364318848,2.59116828793862
95.3979377746582,3.267498016357422,-2.0922343730926514,2.49738735886608
95.44757223129272,3.163301467895508,-2.1031911373138428,2.40119542125818
95.49796533584595,3.0577406883239746,-2.120298385620117,2.30635128959875
95.54868388175964,2.952937364578247,-2.1235289573669434,2.22009034175934
95.59840083122253,2.8481674194335938,-2.126372814178467,2.11484453194801
95.64801383018494,2.7440624237060547,-2.1217706203460693,2.02925516017598
95.69851636886597,2.6397476196289062,-2.1218032836914062,1.94553996946238
95.74774217605591,2.535861015319824,-2.1173441410064697,1.86815283042154
95.79772639274597,2.434270143508911,-2.095766067504883,1.79098297272583
95.85395073890686,2.3185107707977295,-2.024164915084839,1.696931767426
95.90374636650085,2.2195727825164795,-2.0038087368011475,1.62315173572333
95.95302367210388,2.1222524642944336,-1.978376030921936,1.55402879026549
95.99799299240112,2.0414576530456543,-1.9977340698242188,1.48919892687528
96.04754042625427,1.9452366828918457,-1.9814320802688599,1.42492514912619
96.10394835472107,1.834879755973816,-1.9203535318374634,1.33430484176258
96.15309810638428,1.7410619258880615,-1.9005733728408813,1.27536347561644
96.20294761657715,1.6491599082946777,-1.8731822967529297,1.21416283398468
96.24755597114563,1.5730341672897339,-1.8883835077285767,1.15449804358598
96.2970027923584,1.483789324760437,-1.8584997653961182,1.10057223158676
96.35250782966614,1.3816245794296265,-1.7915395498275757,1.00848544636511
96.40286540985107,1.2956085205078125,-1.7608996629714966,0.949674092909909
96.45263648033142,1.210564374923706,-1.735030174255371,0.890360080566399
96.50288224220276,1.1273218393325806,-1.7048745155334473,0.832707785964685
96.55252599716187,1.045037865638733,-1.679397702217102,0.775430833213587
96.60332226753235,0.9628539681434631,-1.6633590459823608,0.677298131982316
96.65281677246094,0.8820772171020508,-1.6421412229537964,0.626715569055516
96.70299863815308,0.8004820942878723,-1.6364861726760864,0.581464304326382
96.7530746459961,0.7195116281509399,-1.6275371313095093,0.551214022637006
96.79734802246094,0.6548342704772949,-1.6277985572814941,0.524012537046763
96.84674072265625,0.5802121162414551,-1.583525538444519,0.462844201203329
96.89694333076477,0.5094887018203735,-1.5245341062545776,0.43978007736863
96.94691967964172,0.4403686225414276,-1.4779661893844604,0.423808203120912
96.99670600891113,0.3732371926307678,-1.432360053062439,0.413047939542018
97.0473461151123,0.3093298375606537,-1.3789517879486084,0.413383808205991
97.1033821105957,0.24070416390895844,-1.272849202156067,0.385817522855189
97.15327715873718,0.18812833726406097,-1.1828925609588623,0.396464459119786
97.20203757286072,0.13846245408058167,-1.1065057516098022,0.403598072712339
97.24695348739624,0.09972264617681503,-1.0631917715072632,0.406711750481029
97.29700636863708,0.05662229284644127,-0.9887906908988953,0.405450017017693
97.34691071510315,0.01640460453927517,-0.9207671880722046,0.347193402767076
97.39792561531067,-0.017219003289937973,-0.8243807554244995,0.346776883770545
97.44699120521545,-0.02663920447230339,-0.5632429122924805,0.348938020220797
97.49694490432739,-0.022237902507185936,-0.3069770038127899,0.350141674411371
97.54704070091248,-0.009075929410755634,-0.07755294442176819,0.348766407446324
97.59754419326782,0.005047093611210585,0.062667615711689,0.309875065906526
97.64749646186829,0.016299119219183922,0.12683545053005219,0.308117006627581
97.69773244857788,0.026909835636615753,0.1614958792924881,0.308716306109517
97.74754095077515,0.027692273259162903,0.09813911467790604,0.310287400408855
97.79818511009216,0.02832125313580036,0.06833570450544357,0.311481348022903
97.85124468803406,0.023572048172354698,-0.0037802241276949644,0.295870735076026
97.89805674552917,0.023234641179442406,-0.003495011478662491,0.294794392221093
97.94776463508606,0.021734338253736496,-0.01602388545870781,0.294674186102142
97.99760508537292,0.02352338470518589,0.007727888412773609,0.292867800405493
98.04785680770874,0.024220900610089302,0.007684321142733097,0.292881960641171
98.1007308959961,0.024538438767194748,0.007899552583694458,0.277106430635177
98.14768576622009,0.022389108315110207,-0.013458576053380966,0.277328609725982
98.19765448570251,0.023787517100572586,0.006246310193091631,0.277580337409834
98.24852395057678,0.02290702424943447,-0.006565557327121496,0.276964769170627
98.29772663116455,0.022826844826340675,-0.002217397792264819,0.275089476265318
98.35002779960632,0.022855253890156746,-0.002434239722788334,0.259858845982531
98.39771628379822,0.023729246109724045,0.006101482547819614,0.259767875794325
98.44769310951233,0.02352905459702015,0.0009408309124410152,0.260168776636691
98.50011444091797,0.024175619706511497,0.0066799200139939785,0.25913229338956
98.54747986793518,0.023546630516648293,-0.0012744332198053598,0.257690376783537
98.59819197654724,0.02387172169983387,0.00291660544462502,0.2415646558269
98.6477267742157,0.023459315299987793,-0.0026073830667883158,0.239856925228382
98.69736766815186,0.025137726217508316,0.013743792660534382,0.238654586774099
98.7531168460846,0.02443986013531685,-0.000614174990914762,0.237741146005954
98.80373334884644,0.02620241791009903,0.014720252715051174,0.235180234777387
98.85402989387512,0.02445056661963463,-0.006185433827340603,0.224492230907065
98.9032187461853,0.024315079674124718,-0.004019137471914291,0.224246937885465
98.95357298851013,0.024678310379385948,0.0003986828087363392,0.223389696604106
98.99751543998718,0.024887291714549065,0.001970655517652631,0.221194385154431
99.04788303375244,0.025036517530679703,0.0023339211475104094,0.219997089831489
99.09765148162842,0.023754287511110306,-0.009678072296082973,0.209412449271318
99.15361142158508,0.022122710943222046,-0.017121512442827225,0.208023632746907
99.20416498184204,0.021613432094454765,-0.014194325543940067,0.206584799542532
99.25351667404175,0.021575288847088814,-0.008799714036285877,0.205497397511391
99.30370903015137,0.021748322993516922,-0.003935480024665594,0.202472275268866
99.354083776474,0.02196040190756321,-0.0007192178745754063,0.190474622425582
99.40353631973267,0.022127024829387665,0.0008566302130930126,0.187591486983823
99.45355200767517,0.02222561091184616,0.001275096321478486,0.18665328458594
99.50357818603516,0.023967359215021133,0.014957432635128498,0.184594349564105
99.55302786827087,0.02352840080857277,0.004836105275899172,0.18273644819918
99.60389852523804,0.026141339913010597,0.024557270109653473,0.171442348664016
99.65370488166809,0.023067500442266464,-0.011240999214351177,0.17037297786354
99.70363354682922,0.02514416165649891,0.011514139361679554,0.16779822544486
99.7539393901825,0.022354731336236,-0.016858400776982307,0.165407312256477
99.80379629135132,0.024760626256465912,0.010692456737160683,0.164670364457592
99.85111093521118,0.022223159670829773,-0.01540369912981987,0.149235058059541
99.89752316474915,0.024062609300017357,0.006523685995489359,0.147781356278381
99.94761371612549,0.024325694888830185,0.003605718957260251,0.146317693011672
99.99783086776733,0.025583019480109215,0.014212599955499172,0.145280863987352
100.04786014556885,0.0249978918582201,0.0016581853851675987,0.144193128537615
100.09991025924683,0.02614784426987171,0.012193613685667515,0.141723332097949
100.1476263999939,0.02484322153031826,-0.0037062468472868204,0.140400990184464
100.20390105247498,0.025925228372216225,0.008814575150609016,0.137720873742608
100.25376796722412,0.024174945428967476,-0.009711870923638344,0.135717618491092
100.30393171310425,0.025821629911661148,0.008373672142624855,0.133263473248246
100.35389542579651,0.02413196489214897,-0.009507632814347744,0.12655333740575
100.40437889099121,0.025816956534981728,0.008792067877948284,0.124679880411414
100.45372128486633,0.024144921451807022,-0.009120697155594826,0.122171065948756
100.5037887096405,0.025833608582615852,0.009052466601133347,0.118432222453988
100.55369400978088,0.02415827102959156,-0.008990186266601086,0.118163433339095
100.60408568382263,0.02584165148437023,0.009089658968150616,0.112689497472615
100.65437412261963,0.02416170947253704,-0.009003492072224617,0.111873077023478
100.7035903930664,0.025842128321528435,0.009058806113898754,0.109899797180512
100.75413060188293,0.022459903731942177,-0.022910412400960922,0.108520521359051
100.8038980960846,0.0245833620429039,0.004883686080574989,0.106042701179844
100.85425305366516,0.02197783626616001,-0.01941012591123581,0.0959115727947808
100.90348052978516,0.02457205019891262,0.010618754662573338,0.0934574808528667
100.95359706878662,0.023870578035712242,-0.0005261479527689517,0.0922895795591742
101.0035126209259,0.026051566004753113,0.01800641603767872,0.0910499066794405
101.05368494987488,0.024521484971046448,-0.002502698916941881,0.0901873208401423
101.10360145568848,0.026160292327404022,0.012632399797439575,0.0898939945075781
101.1541223526001,0.024368224665522575,-0.007747211493551731,0.0886366672418562
101.19727921485901,0.02682563103735447,0.016665637493133545,0.0859760458706607
101.24726438522339,0.026109270751476288,0.0009458298445679247,0.0843639615459417
101.2970838546753,0.027309520170092583,0.013345862738788128,0.082343604191184
101.35389852523804,0.02540106698870659,-0.011123312637209892,0.0832268377102238
101.39715623855591,0.02578948810696602,-0.0030561648309230804,0.0798798983519969
101.45368385314941,0.023932211101055145,-0.01811283454298973,0.0786284329817595
101.50373268127441,0.025470513850450516,0.0025024733040481806,0.0767772268768848
101.548269033432,0.024288838729262352,-0.009158429689705372,0.0755805790868127
101.59787058830261,0.025139251723885536,0.003420174354687333,0.0772212176014992
101.64774227142334,0.024511171504855156,-0.0051403348334133625,0.0755075674485377
101.69769549369812,0.025335896760225296,0.005629220977425575,0.0733131905514501
101.74767827987671,0.024639390408992767,-0.004345476161688566,0.0720733150428949
101.79763317108154,0.025397561490535736,0.005591183435171843,0.0695569633546058
101.8500247001648,0.02418409287929535,-0.008762204088270664,0.0708799824597487
101.89766216278076,0.02672368474304676,0.016660107299685478,0.0685871097910783
101.94751691818237,0.02608153223991394,0.00151595298666507,0.0675953003426156
101.99806928634644,0.027321400120854378,0.013993619941174984,0.0659617998586958
102.05375671386719,0.025426814332604408,-0.010673921555280685,0.0658798399265614
102.10327386856079,0.027828125283122063,0.014362655580043793,0.0626672358795779
102.15373754501343,0.025203967466950417,-0.013874486088752747,0.0617761606920262
102.2031524181366,0.027659127488732338,0.012861054390668869,0.0608426253699812
102.25340819358826,0.025107264518737793,-0.014215566217899323,0.0602774299281963
102.2989022731781,0.026917383074760437,0.007075783330947161,0.0594431359632618
102.3497748374939,0.025808140635490417,-0.007836214266717434,0.0570524985555178
102.39765310287476,0.026929670944809914,0.00747554050758481,0.0564202661095239
102.44763660430908,0.025825047865509987,-0.007560998201370239,0.0557945648844334
102.4978551864624,0.026943594217300415,0.007617380935698748,0.0554331999951069
102.54776668548584,0.025833630934357643,-0.007517271675169468,0.0556792454809067
102.5981457233429,0.026947399601340294,0.007606663275510073,0.0597438986568602
102.64735555648804,0.02583429589867592,-0.007547968998551369,0.0587069309339893
102.69758939743042,0.0256116334348917,-0.003907081205397844,0.0577191105457979
102.74741649627686,0.024389801546931267,-0.014118894934654236,0.0578887821454472
102.79774641990662,0.026332851499319077,0.01005938183516264,0.0577460758658143
102.84748697280884,0.02575157769024372,-0.0019686217419803143,0.0633752502027979
102.89762902259827,0.02577890083193779,0.0013677183305844665,0.0603595736022721
102.94772577285767,0.024614276364445686,-0.010516280308365822,0.059703077684704
102.99755907058716,0.025181051343679428,0.000414749956689775,0.058361751772297
103.04752326011658,0.024420324712991714,-0.007966150529682636,0.0575376405677086
103.0979905128479,0.025215307250618935,0.003706214250996709,0.0634091209569105
103.14787912368774,0.024541446939110756,-0.005322709213942289,0.0620947949527505
103.19791960716248,0.025337880477309227,0.005301324184983969,0.0601513010185909
103.2476019859314,0.024628782644867897,-0.0046392446383833885,0.0601513010185909
103.29749274253845,0.02538471110165119,0.00539783202111721,0.0601513010185909
103.34957766532898,0.024644717574119568,-0.00482016010209918,0.0601513010185909
103.39770698547363,0.025382868945598602,0.005152053665369749,0.0601513010185909
103.44791674613953,0.02463586814701557,-0.005021585617214441,0.0601513010185909
103.5035331249237,0.02584238164126873,0.009017473086714745,0.0601513010185909
103.54784035682678,0.024629168212413788,-0.0050760796293616295,0.0601513010185909
103.60360980033875,0.025839263573288918,0.009014368057250977,0.0601513010185909
103.65342593193054,0.024158505722880363,-0.00905491691082716,0.0601513010185909
103.69774031639099,0.025370048359036446,0.005037515424191952,0.0601513010185909
103.74996423721313,0.02415919117629528,-0.009040654636919498,0.0601513010185909
103.79756784439087,0.025370744988322258,0.005047093145549297,0.0601513010185909
103.84986710548401,0.024629022926092148,-0.005043673329055309,0.0601513010185909
103.89658713340759,0.02537102997303009,0.005047932732850313,0.0601513010185909
103.94661498069763,0.024629129096865654,-0.005044562742114067,0.0601513010185909
103.99796485900879,0.02537102811038494,0.005046569276601076,0.0601513010185909
104.04768657684326,0.024629082530736923,-0.005045728292316198,0.0601513010185909
104.10365009307861,0.025840364396572113,0.00903932936489582,0.0601513010185909
104.14773893356323,0.02462904341518879,-0.005046072416007519,0.0601513010185909
104.19771242141724,0.025370953604578972,0.005045753903687,0.0601513010185909
104.24868607521057,0.024629034101963043,-0.005046010948717594,0.0601513010185909
104.29852485656738,0.025370953604578972,0.005045854952186346,0.0601513010185909
104.35068035125732,0.024159647524356842,-0.009039446711540222,0.0601513010185909
104.39910006523132,0.02537095732986927,0.005045912228524685,0.0601513010185909
104.44871878623962,0.02462904155254364,-0.0050458949990570545,0.0601513010185909
104.49855542182922,0.02537095919251442,0.005045918747782707,0.0601513010185909
104.54890322685242,0.02462904155254364,-0.00504589919000864,0.0601513010185909
104.59974575042725,0.02537095919251442,0.00504591129720211,0.0601513010185909
104.64976739883423,0.02462904155254364,-0.00504590617492795,0.0601513010185909
104.69766616821289,0.02537095919251442,0.0050459071062505245,0.0601513010185909
104.75405406951904,0.02415965124964714,-0.009039437398314476,0.0601513010185909
104.80413889884949,0.024139463901519775,-0.004838206805288792,0.0601513010185909
104.85127186775208,0.022902129217982292,-0.013194511644542217,0.0601513010185909
104.90018343925476,0.025359299033880234,0.012549986131489277,0.0601513010185909
104.95122241973877,0.024148961529135704,-0.0033012612257152796,0.0601513010185909
104.99913120269775,0.025539590045809746,0.010331203229725361,0.0601513010185909
105.0487129688263,0.02485424093902111,-0.001441926578991115,0.0601513010185909
105.09975409507751,0.02421940118074417,-0.004601635038852692,0.0601513010185909
105.15032696723938,0.023000072687864304,-0.01283189281821251,0.0601513010185909
105.19990992546082,0.023697206750512123,-0.0015674788737669587,0.0601513010185909
105.24985790252686,0.022893773391842842,-0.007881777361035347,0.0601513010185909
105.30035996437073,0.023836715146899223,0.0032980339601635933,0.0601513010185909
105.34965229034424,0.02197851426899433,-0.014148327521979809,0.0601513010185909
105.39991235733032,0.022749843075871468,0.0009335371432825923,0.0601513010185909
105.45439648628235,0.021021870896220207,-0.014261629432439804,0.0601513010185909
105.5044538974762,0.022787801921367645,0.006569031625986099,0.0601513010185909
105.55285930633545,0.022924544289708138,0.004258680157363415,0.0601513010185909
105.6044659614563,0.024257641285657883,0.013587277382612228,0.0601513010185909
105.65298914909363,0.023560281842947006,0.0020183275919407606,0.0601513010185909
105.70455741882324,0.024353303015232086,0.008071460761129856,0.0601513010185909
105.75465393066406,0.023398669436573982,-0.0032747124787420034,0.0601513010185909
105.80304741859436,0.02412973716855049,0.0044212243519723415,0.0601513010185909
105.8530285358429,0.023214194923639297,-0.00515979016199708,0.0601513010185909
105.90302181243896,0.024015817791223526,0.003836939809843898,0.0601513010185909
105.94790863990784,0.022064173594117165,-0.014551755040884018,0.0601513010185909
105.99744319915771,0.022327648475766182,-0.00434697512537241,0.0601513010185909
106.04813814163208,0.02146027609705925,-0.011643395759165287,0.0601513010185909
106.09765553474426,0.0222632959485054,0.0015649903798475862,0.0601513010185909
106.14703226089478,0.022978713735938072,0.005298045463860035,0.0601513010185909
106.19706535339355,0.02394162304699421,0.011783435940742493,0.0601513010185909
106.24785137176514,0.023779556155204773,0.004639959428459406,0.0601513010185909
106.29781889915466,0.02413567714393139,0.006700171623378992,0.0601513010185909
106.34672951698303,0.02365923672914505,-0.0008351666037924588,0.0601513010185909
106.40301537513733,0.024132177233695984,0.00445700203999877,0.0601513010185909
106.44733142852783,0.02346285805106163,-0.003084181109443307,0.0601513010185909
106.49744534492493,0.02378757670521736,0.0018293621251359582,0.0601513010185909
106.54766941070557,0.02339962311089039,-0.003069863887503743,0.0601513010185909
106.60097360610962,0.024006882682442665,0.004237557761371136,0.0601513010185909
106.64757871627808,0.023407675325870514,-0.0026582975406199694,0.0601513010185909
106.69758749008179,0.023787138983607292,0.002507574623450637,0.0601513010185909
106.74750018119812,0.02342255413532257,-0.0024829027242958546,0.0601513010185909
106.79814577102661,0.02379712089896202,0.0025748226325958967,0.0601513010185909
106.85136151313782,0.02319292724132538,-0.004481166135519743,0.0601513010185909
106.89798736572266,0.023798523470759392,0.0025481553748250008,0.0601513010185909
106.94853162765503,0.02209210768342018,-0.01399567723274231,0.0601513010185909
106.99780511856079,0.02235409803688526,-0.004025266971439123,0.0601513010185909
107.04856085777283,0.021478356793522835,-0.011515289545059204,0.0601513010185909
107.09747052192688,0.022272536531090736,0.001573430374264717,0.0601513010185909
107.14781284332275,0.022981498390436172,0.005253212060779333,0.0601513010185909
107.19751358032227,0.023940851911902428,0.011729099787771702,0.0601513010185909
107.24784564971924,0.02377750165760517,0.004597481805831194,0.0601513010185909
107.29686641693115,0.024133678525686264,0.0066751535050570965,0.0601513010185909
107.35121703147888,0.023399505764245987,-0.0032275207340717316,0.0601513010185909
107.39682698249817,0.02391635626554489,0.0026591382920742035,0.0601513010185909
107.44682908058167,0.022127723321318626,-0.014564516954123974,0.0601513010185909
107.49878716468811,0.02234438993036747,-0.004716341383755207,0.0601513010185909
107.54741644859314,0.021452246233820915,-0.012056118808686733,0.0601513010185909
107.59713912010193,0.02224709838628769,0.001254582079127431,0.0601513010185909
107.6470079421997,0.021628884598612785,-0.006361673586070538,0.0601513010185909
107.69749474525452,0.022488366812467575,0.0051660118624567986,0.0601513010185909
107.75030136108398,0.02136879600584507,-0.008304632268846035,0.0601513010185909
107.79757618904114,0.022610235959291458,0.005781214684247971,0.0601513010185909
107.85328245162964,0.021411694586277008,-0.008551028557121754,0.0601513010185909
107.90454483032227,0.023087231442332268,0.009292175993323326,0.0601513010185909
107.953200340271,0.021397126838564873,-0.008960677310824394,0.0601513010185909
108.0003969669342,0.023069370537996292,0.009021294303238392,0.0601513010185909
108.04761815071106,0.021853353828191757,-0.005096415523439646,0.0601513010185909
108.09756755828857,0.022592030465602875,0.004990595392882824,0.0601513010185909
108.14750838279724,0.021849073469638824,-0.005087079480290413,0.0601513010185909
108.20106291770935,0.023060696199536324,0.009019614197313786,0.0601513010185909
108.24816107749939,0.021849939599633217,-0.005054607521742582,0.0601513010185909
108.30013298988342,0.023062031716108322,0.009040489792823792,0.0601513010185909
108.34812641143799,0.021851086989045143,-0.005042248405516148,0.0601513010185909
108.39773344993591,0.022593257948756218,0.0050500622019171715,0.0601513010185909
108.44760751724243,0.021851425990462303,-0.005042756907641888,0.0601513010185909
108.49777841567993,0.022593332454562187,0.005047709681093693,0.0601513010185909
108.54785633087158,0.021851366385817528,-0.005045204423367977,0.0601513010185909
108.5984239578247,0.022593233734369278,0.005045937839895487,0.0601513010185909
108.64851236343384,0.021851278841495514,-0.005046171136200428,0.0601513010185909
108.69845485687256,0.022593175992369652,0.005045595578849316,0.0601513010185909
108.74919605255127,0.021851252764463425,-0.005046147853136063,0.0601513010185909
108.7983250617981,0.022593170404434204,0.005045766942203045,0.0601513010185909
108.84762263298035,0.021851256489753723,-0.005045963916927576,0.0601513010185909
108.8984112739563,0.0225931778550148,0.005045902915298939,0.0601513010185909
108.9474470615387,0.02185126207768917,-0.005045888479799032,0.0601513010185909
108.9974434375763,0.0225931815803051,0.00504593038931489,0.0601513010185909
109.04745721817017,0.02185126394033432,-0.0050458889454603195,0.0601513010185909
109.09959769248962,0.0225931815803051,0.00504591828212142,0.0601513010185909
109.14748811721802,0.02185126394033432,-0.0050459024496376514,0.0601513010185909
109.19735383987427,0.0225931815803051,0.005045907571911812,0.0601513010185909
109.24712014198303,0.02185126394033432,-0.0050459085032343864,0.0601513010185909
109.29972434043884,0.0225931815803051,0.005045905243605375,0.0601513010185909
109.34750771522522,0.02185126394033432,-0.0050459085032343864,0.0601513010185909
109.39754319190979,0.0212582778185606,-0.006437637377530336,0.0601513010185909
109.44725561141968,0.020408030599355698,-0.011595677584409714,0.0601513010185909
109.49757671356201,0.02064565382897854,-0.003943589050322771,0.0601513010185909
109.54788088798523,0.020327236503362656,-0.005991557613015175,0.0601513010185909
109.60317730903625,0.021072767674922943,0.0036778394132852554,0.0601513010185909
109.65316081047058,0.02033570222556591,-0.004226017743349075,0.0601513010185909
109.70313215255737,0.02124255895614624,0.005209625232964754,0.0601513010185909
109.75309300422668,0.02043364755809307,-0.0038633993826806545,0.0601513010185909
109.79731583595276,0.02104651741683483,0.0030190066900104284,0.0601513010185909
109.847496509552,0.020672200247645378,-0.002251680940389633,0.0601513010185909
109.89717149734497,0.021034611389040947,0.002619447186589241,0.0601513010185909
109.94749021530151,0.020655402913689613,-0.0025288877077400684,0.0601513010185909
109.99722623825073,0.02102065086364746,0.002475269138813019,0.0601513010185909
110.04762721061707,0.020646730437874794,-0.002574415411800146,0.0601513010185909
110.09985709190369,0.021251432597637177,0.004485111217945814,0.0601513010185909
110.15313172340393,0.020411422476172447,-0.004537838511168957,0.0601513010185909
110.19749736785889,0.021017594262957573,0.002515110420063138,0.0601513010185909
110.24746465682983,0.020647259429097176,-0.0025228385347872972,0.0601513010185909
110.29691743850708,0.021018655970692635,0.0025264136493206024,0.0601513010185909
110.35438084602356,0.02041325904428959,-0.004515974782407284,0.0601513010185909
110.4028389453888,0.021253664046525955,0.004522376228123903,0.0601513010185909
110.44683194160461,0.020647995173931122,-0.002521301619708538,0.0601513010185909
110.49716758728027,0.02101890742778778,0.0025235882494598627,0.0601513010185909
110.54725980758667,0.02064790204167366,-0.002522936323657632,0.0601513010185909
110.59992623329163,0.021253516897559166,0.004519446287304163,0.0601513010185909
110.64739751815796,0.020647849887609482,-0.0025232438929378986,0.0601513010185909
110.69744038581848,0.021018801257014275,0.002522730967029929,0.0601513010185909
110.74692964553833,0.020647844299674034,-0.002523082308471203,0.0601513010185909
110.80336928367615,0.021253501996397972,0.004519679117947817,0.0601513010185909
110.85394167900085,0.02041315659880638,-0.004519715439528227,0.0601513010185909
110.9036157131195,0.02125350758433342,0.004519738256931305,0.0601513010185909
110.95277833938599,0.02041316032409668,-0.004519697278738022,0.0601513010185909
111.00348210334778,0.02125350944697857,0.004519734065979719,0.0601513010185909
111.0529944896698,0.02041316032409668,-0.004519709851592779,0.0601513010185909
111.1035475730896,0.02125350944697857,0.004519721493124962,0.0601513010185909
111.15370297431946,0.02041315846145153,-0.004519718233495951,0.0601513010185909
111.20299243927002,0.02125350944697857,0.004519716836512089,0.0601513010185909
111.25224828720093,0.02041315846145153,-0.0045197200961411,0.0601513010185909
111.30282354354858,0.02125350944697857,0.004519717302173376,0.0601513010185909
111.35341048240662,0.02041315846145153,-0.004519719164818525,0.0601513010185909
111.40316438674927,0.02125350944697857,0.004519718233495951,0.0601513010185909
111.45311570167542,0.02041315846145153,-0.004519718233495951,0.0601513010185909
111.49806308746338,0.02101881429553032,0.002522953785955906,0.0601513010185909
111.54740858078003,0.02064785361289978,-0.0025229535531252623,0.0601513010185909
111.59732413291931,0.02101881429553032,0.002522953785955906,0.0601513010185909
111.64769172668457,0.02064785361289978,-0.0025229535531252623,0.0601513010185909
111.69744038581848,0.02101881429553032,0.0025229535531252623,0.0601513010185909
111.74761319160461,0.02064785361289978,-0.0025229535531252623,0.0601513010185909
111.79746007919312,0.02101881429553032,0.0025229535531252623,0.0601513010185909
111.84745407104492,0.02064785361289978,-0.0025229535531252623,0.0601513010185909
111.89758348464966,0.02101881429553032,0.0025229535531252623,0.0601513010185909
111.94803071022034,0.02064785361289978,-0.0025229535531252623,0.0601513010185909
111.99784135818481,0.02101881429553032,0.0025229535531252623,0.0601513010185909
112.04798913002014,0.02064785361289978,-0.0025229535531252623,0.0601513010185909
112.0975832939148,0.02101881429553032,0.0025229535531252623,0.0601513010185909
112.14762234687805,0.02064785361289978,-0.0025229535531252623,0.0601513010185909
112.19742035865784,0.02101881429553032,0.0025229535531252623,0.0601513010185909
112.2539610862732,0.02041315846145153,-0.004519718233495951,0.0601513010185909
112.29710960388184,0.02101881429553032,0.0025229535531252623,0.0601513010185909
112.34795904159546,0.02064785361289978,-0.0025229535531252623,0.0601513010185909
112.3972692489624,0.02101881429553032,0.0025229535531252623,0.0601513010185909
112.44731068611145,0.02064785361289978,-0.0025229535531252623,0.0601513010185909
112.49776291847229,0.02101881429553032,0.0025229535531252623,0.0601513010185909
112.54745697975159,0.02064785361289978,-0.0025229535531252623,0.0601513010185909
112.59754157066345,0.02101881429553032,0.0025229535531252623,0.0601513010185909
112.65336084365845,0.02041315846145153,-0.004519718233495951,0.0601513010185909
112.70312833786011,0.02125350944697857,0.004519718233495951,0.0601513010185909
112.7533655166626,0.02041315846145153,-0.004519718233495951,0.0601513010185909
112.80321168899536,0.02125350944697857,0.004519718233495951,0.0601513010185909
112.8538887500763,0.02041315846145153,-0.004519718233495951,0.0601513010185909
112.90311026573181,0.02125350944697857,0.004519718233495951,0.0601513010185909
112.94795203208923,0.02064785361289978,-0.0025229535531252623,0.0601513010185909
112.99748134613037,0.02101881429553032,0.0025229535531252623,0.0601513010185909
113.04770708084106,0.02064785361289978,-0.0025229535531252623,0.0601513010185909
113.09955048561096,0.02101881429553032,0.0025229535531252623,0.0601513010185909
113.14738488197327,0.02064785361289978,-0.0025229535531252623,0.0601513010185909
113.2032585144043,0.02125350944697857,0.004519718233495951,0.0601513010185909
113.25366020202637,0.02041315846145153,-0.004519718233495951,0.0601513010185909
113.30293703079224,0.02125350944697857,0.004519718233495951,0.0601513010185909
113.35357332229614,0.02041315846145153,-0.004519718233495951,0.0601513010185909
113.4005560874939,0.02125350944697857,0.004519718233495951,0.0601513010185909
113.44846296310425,0.02064785361289978,-0.0025229535531252623,0.0601513010185909
113.49788999557495,0.01968391053378582,-0.00896058976650238,0.0601513010185909
113.54863286018372,0.019204620271921158,-0.009072722867131233,0.0601513010185909
113.59841012954712,0.01907128468155861,-0.00646654237061739,0.0601513010185909
113.6488606929779,0.019123828038573265,-0.0034686040598899126,0.0601513010185909
113.698410987854,0.019239915534853935,-0.0011812460143119097,0.0601513010185909
113.75328350067139,0.01936698891222477,0.00029370057745836675,0.0601513010185909
113.80336046218872,0.01943349465727806,0.0006899069994688034,0.0601513010185909
113.84977722167969,0.01946493424475193,0.0006563187926076353,0.0601513010185909
113.89788246154785,0.01947215013206005,0.0004960531368851662,0.0601513010185909
113.9477686882019,0.019468791782855988,0.0002712725836317986,0.0601513010185909
113.99801802635193,0.019460244104266167,9.649348794482648e-05,0.0601513010185909
114.04828882217407,0.019451994448900223,-5.934107321081683e-06,0.0601513010185909
114.0995147228241,0.01944628357887268,-4.7684370656497777e-05,0.0601513010185909
114.14815783500671,0.019443321973085403,-5.1461829571053386e-05,0.0601513010185909
114.19814896583557,0.019442392513155937,-3.801289130933583e-05,0.0601513010185909
114.24818897247314,0.019442599266767502,-2.1184258002904244e-05,0.0601513010185909
114.2980968952179,0.019443226978182793,-7.843169441912323e-06,0.0601513010185909
114.3482985496521,0.019443849101662636,1.1497719043518373e-07,0.0601513010185909
114.3985550403595,0.019444288685917854,3.46000570061733e-06,0.0601513010185909
114.44851517677307,0.01944451965391636,3.868091880576685e-06,0.0601513010185909
114.49856185913086,0.019444596022367477,2.909922613980598e-06,0.0601513010185909
114.54854607582092,0.019444584846496582,1.6519709333806532e-06,0.0601513010185909
114.5990343093872,0.01944453828036785,6.346987788674596e-07,0.0601513010185909
114.65339970588684,0.019444484263658524,-6.075936198612908e-08,0.0601513010185909
114.6982729434967,0.019444458186626434,-2.5003561177072697e-07,0.0601513010185909
114.74847602844238,0.019444439560174942,-2.9033935788902454e-07,0.0601513010185909
114.79847455024719,0.019444433972239494,-2.2252568498970504e-07,0.0601513010185909
114.84828162193298,0.019444433972239494,-1.2864599341355643e-07,0.0601513010185909
114.89754962921143,0.019444437697529793,-5.115986567716391e-08,0.0601513010185909
114.9477756023407,0.01944444142282009,-3.298503026272215e-09,0.0601513010185909
114.99764895439148,0.01944444328546524,1.7986025113714277e-08,0.0601513010185909
115.04761815071106,0.01944444514811039,2.1761504598316606e-08,0.0601513010185909
115.10400390625,0.01944444514811039,1.5632378946861536e-08,0.0601513010185909
115.14812660217285,0.01944444514811039,1.0004959527520896e-08,0.0601513010185909
115.19758033752441,0.01944444514811039,4.10909617443167e-09,0.0601513010185909
115.24742698669434,0.01944444514811039,4.0406872292564344e-10,0.0601513010185909
115.29741311073303,0.01944444514811039,-1.2871046450868562e-09,0.0601513010185909
115.34867405891418,0.01944444514811039,-1.6286179072011464e-09,0.0601513010185909
115.39754986763,0.01944444514811039,-1.2972349860973509e-09,0.0601513010185909
115.44752287864685,0.01944444514811039,-7.771017163094029e-10,0.0601513010185909
115.4974467754364,0.01944444514811039,-3.2897362611805647e-10,0.0601513010185909
115.54757571220398,0.01944444514811039,-4.249386259536081e-11,0.0601513010185909
115.59739899635315,0.01944444514811039,9.156170960311627e-11,0.0601513010185909
115.64749431610107,0.01944444514811039,1.2169354413060773e-10,0.0601513010185909
115.69748139381409,0.01944444514811039,9.889057628331699e-11,0.0601513010185909
115.74859762191772,0.01944444514811039,6.028383348066768e-11,0.0601513010185909
115.79763698577881,0.01944444514811039,2.6260098262564924e-11,0.0601513010185909
115.84792017936707,0.01944444514811039,4.13410972122108e-12,0.0601513010185909
115.89765524864197,0.01944444514811039,-6.468769964129706e-12,0.0601513010185909
115.9532151222229,0.01944444514811039,-8.991876687680644e-12,0.0601513010185909
115.99750113487244,0.01944444514811039,-7.530517875942166e-12,0.0601513010185909
116.04725337028503,0.01944444514811039,-4.670749897961457e-12,0.0601513010185909
116.09732556343079,0.01944444514811039,-2.090397299703284e-12,0.0601513010185909
116.14720129966736,0.01944444514811039,-3.8343633823600953e-13,0.0601513010185909
116.19730734825134,0.01944444514811039,4.5341508325691393e-13,0.0601513010185909
116.25296592712402,0.01944444514811039,6.732253643448871e-13,0.0601513010185909
116.30301260948181,0.01944444514811039,5.339895192690847e-13,0.0601513010185909
116.35328030586243,0.01944444514811039,3.187103359003629e-13,0.0601513010185909
116.40339636802673,0.01944444514811039,1.34108002480815e-13,0.0601513010185909
116.44766616821289,0.01944444514811039,3.4507119384130647e-14,0.0601513010185909
116.4975163936615,0.01944444514811039,-3.1433189384699745e-14,0.0601513010185909
116.54741930961609,0.01944444514811039,-5.022371407648052e-14,0.0601513010185909
116.59783387184143,0.01944444514811039,-4.3472170307978786e-14,0.0601513010185909
116.64695000648499,0.01944444514811039,-2.788741459980315e-14,0.0601513010185909
116.69758820533752,0.01944444514811039,-1.3107570584480754e-14,0.0601513010185909
116.74730443954468,0.01944444514811039,-2.9837243786801082e-15,0.0601513010185909
116.79767537117004,0.01944444514811039,2.2273849431542203e-15,0.0601513010185909
116.84992027282715,0.01944444514811039,3.8441472227646045e-15,0.0601513010185909
116.89771270751953,0.01944444514811039,3.3931191190106347e-15,0.0601513010185909
116.9472348690033,0.01944444514811039,2.248201624865942e-15,0.0601513010185909
116.99773025512695,0.01944444514811039,1.1310397063368782e-15,0.0601513010185909
117.04799056053162,0.01944444514811039,3.5388358909926865e-16,0.0601513010185909
117.0976779460907,0.01944444514811039,-5.551115123125783e-17,0.0601513010185909
117.14728498458862,0.01944444514811039,-1.942890293094024e-16,0.0601513010185909
117.19769740104675,0.01944444514811039,-1.5265566588595902e-16,0.0601513010185909
117.24775886535645,0.01944444514811039,-4.85722573273506e-17,0.0601513010185909
117.29750752449036,0.01944444514811039,5.551115123125783e-17,0.0601513010185909
117.34845852851868,0.01944444514811039,1.5959455978986625e-16,0.0601513010185909
117.40338110923767,0.01944444514811039,2.220446049250313e-16,0.0601513010185909
117.45304679870605,0.01944444514811039,1.8735013540549517e-16,0.0601513010185909
117.49775791168213,0.01944444514811039,1.6653345369377348e-16,0.0601513010185909
117.54806780815125,0.01944444514811039,1.6653345369377348e-16,0.0601513010185909
117.59807133674622,0.01944444514811039,1.6653345369377348e-16,0.0601513010185909
117.64816951751709,0.01944444514811039,1.6653345369377348e-16,0.0601513010185909
117.69752383232117,0.01944444514811039,1.6653345369377348e-16,0.0601513010185909
117.74762296676636,0.01944444514811039,1.6653345369377348e-16,0.0601513010185909
117.7975447177887,0.01944444514811039,1.6653345369377348e-16,0.0601513010185909
117.84751176834106,0.01944444514811039,1.6653345369377348e-16,0.0601513010185909
117.89783263206482,0.01944444514811039,1.6653345369377348e-16,0.0601513010185909
117.9475429058075,0.01944444514811039,1.6653345369377348e-16,0.0601513010185909
118.0035400390625,0.01944444514811039,1.6653345369377348e-16,0.0601513010185909
118.05249977111816,0.01944444514811039,1.6653345369377348e-16,0.0601513010185909
118.10320162773132,0.01944444514811039,1.6653345369377348e-16,0.0601513010185909
118.15321803092957,0.017743559554219246,-0.013877642340958118,0.0601513010185909
118.19858694076538,0.018001211807131767,-0.006549769546836615,0.0601513010185909
118.24770069122314,0.01749691739678383,-0.008989496156573296,0.0601513010185909
118.29711866378784,0.017920417711138725,-0.0009456505067646503,0.0601513010185909
118.34786128997803,0.017665546387434006,-0.003704199567437172,0.0601513010185909
118.39759492874146,0.018145617097616196,0.002658330136910081,0.0601513010185909
118.45357275009155,0.01762443222105503,-0.0038298112340271473,0.0601513010185909
118.50361108779907,0.01849621906876564,0.005176037084311247,0.0601513010185909
118.54782009124756,0.01789778098464012,-0.002026900416240096,0.0601513010185909
118.59897136688232,0.018265381455421448,0.0027942261658608913,0.0601513010185909
118.6532576084137,0.017649395391345024,-0.004449439235031605,0.0601513010185909
118.69866180419922,0.018248584121465683,0.002517019398510456,0.0601513010185909
118.74855375289917,0.01787191443145275,-0.0025706379674375057,0.0601513010185909
118.79899334907532,0.018239911645650864,0.0024714916944503784,0.0601513010185909
118.8513126373291,0.017633305862545967,-0.004554325249046087,0.0601513010185909
118.90361166000366,0.018473993986845016,0.004501597955822945,0.0601513010185909
118.95342683792114,0.017634296789765358,-0.0045255389995872974,0.0601513010185909
119.00370216369629,0.018475240096449852,0.004520822316408157,0.0601513010185909
119.05331325531006,0.0176352858543396,-0.004515997599810362,0.0601513010185909
119.10347390174866,0.018475832417607307,0.004523461684584618,0.0601513010185909
119.15375709533691,0.017635535448789597,-0.004517060238867998,0.0601513010185909
119.2033679485321,0.018475864082574844,0.004521138034760952,0.0601513010185909
119.25378060340881,0.017635464668273926,-0.004519239533692598,0.0601513010185909
119.30346488952637,0.018475770950317383,0.004519657697528601,0.0601513010185909
119.35345721244812,0.017635390162467957,-0.004519990179687738,0.0601513010185909
119.40367698669434,0.018475724384188652,0.004519436042755842,0.0601513010185909
119.45322680473328,0.017635369673371315,-0.0045199221931397915,0.0601513010185909
119.49764251708984,0.018241025507450104,0.0025228250306099653,0.0601513010185909
119.54740405082703,0.017870070412755013,-0.002523004775866866,0.0601513010185909
119.59805989265442,0.0182410329580307,0.002522950293496251,0.0601513010185909
119.6472692489624,0.01787007600069046,-0.002522935625165701,0.0601513010185909
119.69764852523804,0.018241036683321,0.0025229754392057657,0.0601513010185909
119.74760270118713,0.01787007786333561,-0.0025229365564882755,0.0601513010185909
119.79852414131165,0.018241036683321,0.0025229635648429394,0.0601513010185909
119.85096001625061,0.01763538271188736,-0.0045197149738669395,0.0601513010185909
119.8977530002594,0.018241036683321,0.0025229540187865496,0.0601513010185909
119.95310568809509,0.01763538084924221,-0.004519719630479813,0.0601513010185909
120.00296831130981,0.01847573183476925,0.004519716836512089,0.0601513010185909
120.047527551651,0.01787007600069046,-0.002522954950109124,0.0601513010185909
120.09847521781921,0.01824103482067585,0.0025229528546333313,0.0601513010185909
120.14765954017639,0.01787007600069046,-0.0025229540187865496,0.0601513010185909
120.1975371837616,0.01824103482067585,0.0025229535531252623,0.0601513010185909
120.24711537361145,0.01787007600069046,-0.0025229535531252623,0.0601513010185909
120.29746675491333,0.018241036683321,0.002522953785955906,0.0601513010185909
120.34752440452576,0.01787007600069046,-0.0025229535531252623,0.0601513010185909
120.39771747589111,0.018241036683321,0.0025229535531252623,0.0601513010185909
120.44763541221619,0.01787007600069046,-0.0025229535531252623,0.0601513010185909
120.49765229225159,0.018241036683321,0.0025229535531252623,0.0601513010185909
120.54767966270447,0.01787007600069046,-0.0025229535531252623,0.0601513010185909
120.59999537467957,0.01847573183476925,0.004519718233495951,0.0601513010185909
120.64746189117432,0.01787007600069046,-0.0025229535531252623,0.0601513010185909
120.6973226070404,0.018241036683321,0.0025229535531252623,0.0601513010185909
120.74806308746338,0.01787007600069046,-0.0025229535531252623,0.0601513010185909
120.79756927490234,0.018241036683321,0.0025229535531252623,0.0601513010185909
120.84764528274536,0.01787007600069046,-0.0025229535531252623,0.0601513010185909
120.8975567817688,0.018241036683321,0.0025229535531252623,0.0601513010185909
120.94766521453857,0.01787007600069046,-0.0025229535531252623,0.0601513010185909
120.9972276687622,0.018241036683321,0.0025229535531252623,0.0601513010185909
121.04764175415039,0.01787007600069046,-0.0025229535531252623,0.0601513010185909
121.09759712219238,0.0169061329215765,-0.00896058976650238,0.0601513010185909
121.14770460128784,0.016426842659711838,-0.009072722867131233,0.0601513010185909
121.19744491577148,0.01629350706934929,-0.00646654237061739,0.0601513010185909
121.24765944480896,0.016346050426363945,-0.0034686040598899126,0.0601513010185909
121.29858922958374,0.016462137922644615,-0.0011812460143119097,0.0601513010185909
121.3478672504425,0.016571247950196266,0.00013537646736949682,0.0601513010185909
121.39779281616211,0.016645481809973717,0.0006547553930431604,0.0601513010185909
121.44792580604553,0.016683194786310196,0.0006837424589321017,0.0601513010185909
121.49771690368652,0.01669437251985073,0.0004960531368851662,0.0601513010185909
121.547926902771,0.016691014170646667,0.0002712725836317986,0.0601513010185909
121.59777021408081,0.016682466492056847,9.649348794482648e-05,0.0601513010185909
121.64787006378174,0.016674216836690903,-5.934107321081683e-06,0.0601513010185909
121.6978509426117,0.01666850596666336,-4.7684370656497777e-05,0.0601513010185909
121.74782705307007,0.016665544360876083,-5.1461829571053386e-05,0.0601513010185909
121.79749941825867,0.016664614900946617,-3.801289130933583e-05,0.0601513010185909
121.84796047210693,0.016664821654558182,-2.1184258002904244e-05,0.0601513010185909
121.89760971069336,0.016665449365973473,-7.843169441912323e-06,0.0601513010185909
121.94767737388611,0.016666071489453316,1.1497719043518373e-07,0.0601513010185909
121.99787402153015,0.016666511073708534,3.46000570061733e-06,0.0601513010185909
122.04761385917664,0.01666674204170704,3.868091880576685e-06,0.0601513010185909
122.09731984138489,0.016666818410158157,2.909922613980598e-06,0.0601513010185909
122.14728665351868,0.016666807234287262,1.6519709333806532e-06,0.0601513010185909
122.19722008705139,0.01666676066815853,6.346987788674596e-07,0.0601513010185909
122.24760413169861,0.0166667141020298,1.716176534216629e-08,0.0601513010185909
122.29773950576782,0.016666680574417114,-2.5003561177072697e-07,0.0601513010185909
122.3478479385376,0.016666661947965622,-2.9033935788902454e-07,0.0601513010185909
122.39776968955994,0.016666656360030174,-2.2252568498970504e-07,0.0601513010185909
122.44773721694946,0.016666656360030174,-1.2864599341355643e-07,0.0601513010185909
122.49764895439148,0.016666660085320473,-5.115986567716391e-08,0.0601513010185909
122.5469708442688,0.01666666381061077,-3.2985032483168197e-09,0.0601513010185909
122.60335612297058,0.01666666753590107,1.9828222619366898e-08,0.0601513010185909
122.64747667312622,0.01666666753590107,2.1761504598316606e-08,0.0601513010185909
122.69760251045227,0.01666666753590107,1.6999118557237125e-08,0.0601513010185909
122.74762320518494,0.01666666753590107,1.0004959527520896e-08,0.0601513010185909
122.7976016998291,0.01666666753590107,4.10909617443167e-09,0.0601513010185909
122.84818601608276,0.01666666753590107,4.04068611903341e-10,0.0601513010185909
122.8976366519928,0.01666666753590107,-1.2871047561091586e-09,0.0601513010185909
122.94833421707153,0.01666666753590107,-1.6286180182234489e-09,0.0601513010185909
122.9981324672699,0.01666666753590107,-1.2972350971196533e-09,0.0601513010185909
123.04716110229492,0.01666666753590107,-7.771017718205542e-10,0.0601513010185909
123.09780550003052,0.01666666753590107,-3.289737093847833e-10,0.0601513010185909
123.1484682559967,0.01666666753590107,-4.2493977087110224e-11,0.0601513010185909
123.20088529586792,0.01666666753590107,1.0415033419031161e-10,0.0601513010185909
123.24856781959534,0.01666666753590107,1.2169340535272966e-10,0.0601513010185909
123.3001217842102,0.01666666753590107,9.155190494603005e-11,0.0601513010185909
123.34748649597168,0.01666666753590107,6.028370858057741e-11,0.0601513010185909
123.39738869667053,0.01666666753590107,2.6259990709709413e-11,0.0601513010185909
123.44767689704895,0.01666666753590107,4.133995229471665e-12,0.0601513010185909
123.49828219413757,0.01666666753590107,-6.468912211454736e-12,0.0601513010185909
123.55330300331116,0.01666666753590107,-8.992043221134338e-12,0.0601513010185909
123.59965014457703,0.01666666753590107,-7.53068440939586e-12,0.0601513010185909
123.64777398109436,0.01666666753590107,-4.670919900862103e-12,0.0601513010185909
123.7040376663208,0.01666666753590107,-1.6733107954802762e-12,0.0601513010185909
123.75460433959961,0.01666666753590107,-1.529644466646829e-13,0.0601513010185909
123.80438685417175,0.01666666753590107,5.372230438283054e-13,0.0601513010185909
123.85399413108826,0.01666666753590107,6.730796475729051e-13,0.0601513010185909
123.90472769737244,0.01666666753590107,5.338438024971026e-13,0.0601513010185909
123.94999814033508,0.01666666753590107,3.6136371672768064e-13,0.0601513010185909
123.99959135055542,0.01666666753590107,1.6591589213632574e-13,0.0601513010185909
124.05033040046692,0.01666666753590107,1.6417422976644502e-14,0.0601513010185909
124.10005331039429,0.01666666753590107,-3.1499108876786863e-14,0.0601513010185909
124.1499195098877,0.01666666753590107,-5.0286164121615684e-14,0.0601513010185909
124.19980335235596,0.01666666753590107,-4.3558906481777626e-14,0.0601513010185909
124.24985146522522,0.01666666753590107,-2.7988028561409806e-14,0.0601513010185909
124.2995958328247,0.01666666753590107,-1.3222062333895224e-14,0.0601513010185909
124.35411071777344,0.01666666753590107,-1.7243151351209463e-15,0.0601513010185909
124.39794206619263,0.01666666753590107,2.0539125955565396e-15,0.0601513010185909
124.44734287261963,0.01666666753590107,3.639449852599341e-15,0.0601513010185909
124.49743390083313,0.01666666753590107,3.2335245592207684e-15,0.0601513010185909
124.54824042320251,0.01666666753590107,2.085137618124122e-15,0.0601513010185909
124.59756016731262,0.01666666753590107,9.749145934989656e-16,0.0601513010185909
124.64762353897095,0.01666666753590107,1.942890293094024e-16,0.0601513010185909
124.69743657112122,0.01666666753590107,-1.8735013540549517e-16,0.0601513010185909
124.74777030944824,0.01666666753590107,-3.0531133177191805e-16,0.0601513010185909
124.7976586818695,0.01666666753590107,-2.5673907444456745e-16,0.0601513010185909
124.84764504432678,0.01666666753590107,-1.700029006457271e-16,0.0601513010185909
124.89762139320374,0.01666666753590107,-8.326672684688674e-17,0.0601513010185909
124.94765257835388,0.01666666753590107,-2.42861286636753e-17,0.0601513010185909
124.99745559692383,0.01666666753590107,2.7755575615628914e-17,0.0601513010185909
125.04758358001709,0.01666666753590107,7.979727989493313e-17,0.0601513010185909
125.10007238388062,0.01666666753590107,9.020562075079397e-17,0.0601513010185909
125.14774107933044,0.01666666753590107,6.245004513516506e-17,0.0601513010185909
125.19759583473206,0.01666666753590107,2.7755575615628914e-17,0.0601513010185909
125.24690985679626,0.01666666753590107,-6.938893903907228e-18,0.0601513010185909
125.30381059646606,0.01666666753590107,-4.85722573273506e-17,0.0601513010185909
125.35432004928589,0.01666666753590107,-8.326672684688674e-17,0.0601513010185909
125.4034993648529,0.01666666753590107,-9.71445146547012e-17,0.0601513010185909
125.45358157157898,0.01666666753590107,-9.71445146547012e-17,0.0601513010185909
125.49729704856873,0.01666666753590107,-9.71445146547012e-17,0.0601513010185909
125.54756760597229,0.01666666753590107,-9.71445146547012e-17,0.0601513010185909
125.59888029098511,0.01666666753590107,-9.71445146547012e-17,0.0601513010185909
125.64684796333313,0.01666666753590107,-9.71445146547012e-17,0.0601513010185909
125.69670939445496,0.01666666753590107,-9.71445146547012e-17,0.0601513010185909
125.74667811393738,0.01666666753590107,-9.71445146547012e-17,0.0601513010185909
125.79662251472473,0.01666666753590107,-9.71445146547012e-17,0.0601513010185909
125.84655165672302,0.01666666753590107,-9.71445146547012e-17,0.0601513010185909
125.89760518074036,0.01666666753590107,-9.71445146547012e-17,0.0601513010185909
125.94686436653137,0.01666666753590107,-9.71445146547012e-17,0.0601513010185909
125.99680972099304,0.01666666753590107,-9.71445146547012e-17,0.0601513010185909
126.04672431945801,0.01666666753590107,-9.71445146547012e-17,0.0601513010185909
126.09742903709412,0.01666666753590107,-9.71445146547012e-17,0.0601513010185909
126.14681482315063,0.01666666753590107,-9.71445146547012e-17,0.0601513010185909
126.19700050354004,0.01666666753590107,-9.71445146547012e-17,0.0601513010185909
126.24762678146362,0.01666666753590107,-9.71445146547012e-17,0.0601513010185909
126.297856092453,0.01666666753590107,-9.71445146547012e-17,0.0601513010185909
126.34829592704773,0.01666666753590107,-9.71445146547012e-17,0.0601513010185909
126.3976891040802,0.01666666753590107,-9.71445146547012e-17,0.0601513010185909
126.44768452644348,0.01666666753590107,-9.71445146547012e-17,0.0601513010185909
126.49762916564941,0.01666666753590107,-9.71445146547012e-17,0.0601513010185909
126.54705548286438,0.01666666753590107,-9.71445146547012e-17,0.0601513010185909
126.59903860092163,0.01666666753590107,-9.71445146547012e-17,0.0601513010185909
126.64770889282227,0.01666666753590107,-9.71445146547012e-17,0.0601513010185909
126.69709944725037,0.01666666753590107,-9.71445146547012e-17,0.0601513010185909
126.74694776535034,0.01666666753590107,-9.71445146547012e-17,0.0601513010185909
126.7970712184906,0.01666666753590107,-9.71445146547012e-17,0.0601513010185909
126.85343837738037,0.01666666753590107,-9.71445146547012e-17,0.0601513010185909
126.90314292907715,0.01666666753590107,-9.71445146547012e-17,0.0601513010185909
126.95314621925354,0.01666666753590107,-9.71445146547012e-17,0.0601513010185909
127.003098487854,0.01666666753590107,-9.71445146547012e-17,0.0601513010185909
127.0535831451416,0.01666666753590107,-9.71445146547012e-17,0.0601513010185909
127.10326647758484,0.01666666753590107,-9.71445146547012e-17,0.0601513010185909
127.14793252944946,0.01666666753590107,-9.71445146547012e-17,0.0601513010185909
127.19845390319824,0.01666666753590107,-9.71445146547012e-17,0.0601513010185909
127.25333666801453,0.01666666753590107,-9.71445146547012e-17,0.0601513010185909
127.30302119255066,0.01666666753590107,-9.71445146547012e-17,0.0601513010185909
127.35299372673035,0.01666666753590107,-9.71445146547012e-17,0.0601513010185909
127.39748215675354,0.01666666753590107,-9.71445146547012e-17,0.0601513010185909
127.44664239883423,0.01666666753590107,-9.71445146547012e-17,0.0601513010185909
127.49674439430237,0.01666666753590107,-9.71445146547012e-17,0.0601513010185909
127.5468339920044,0.01533176377415657,-0.011483547277748585,0.0601513010185909
127.59698557853699,0.015223433263599873,-0.006549771875143051,0.0601513010185909
127.64919185638428,0.014719138853251934,-0.00898949895054102,0.0601513010185909
127.69696092605591,0.015142640098929405,-0.0009456508560106158,0.0601513010185909
127.7465431690216,0.014887768775224686,-0.003704200964421034,0.0601513010185909
127.79719352722168,0.015367838554084301,0.0026583310682326555,0.0601513010185909
127.84855771064758,0.015071113593876362,-0.0018681988585740328,0.0601513010185909
127.89784574508667,0.01547978539019823,0.0032066970597952604,0.0601513010185909
127.9477744102478,0.015120003372430801,-0.002026901114732027,0.0601513010185909
128.0044093132019,0.015720773488283157,0.004750596359372139,0.0601513010185909
128.05409860610962,0.01487161684781313,-0.004449440632015467,0.0601513010185909
128.10380220413208,0.01570412889122963,0.004501259885728359,0.0601513010185909
128.15437173843384,0.01485864445567131,-0.004570454359054565,0.0601513010185909
128.19903826713562,0.015462134033441544,0.002471492625772953,0.0601513010185909
128.24955034255981,0.015090245753526688,-0.0025609673466533422,0.0601513010185909
128.29691624641418,0.015461411327123642,0.002501770155504346,0.0601513010185909
128.3543574810028,0.014856518246233463,-0.004525540396571159,0.0601513010185909
128.39733481407166,0.01546266209334135,0.002523069502785802,0.0601513010185909
128.44848132133484,0.015092141926288605,-0.0025194943882524967,0.0601513010185909
128.50114345550537,0.015698054805397987,0.0045234630815684795,0.0601513010185909
128.54855394363403,0.015092450194060802,-0.002520044567063451,0.0601513010185909
128.60069274902344,0.015698084607720375,0.004521139431744814,0.0601513010185909
128.64837169647217,0.015092392452061176,-0.0025223197881132364,0.0601513010185909
128.69844603538513,0.015463304705917835,0.0025229717139154673,0.0601513010185909
128.7510187625885,0.014857611618936062,-0.004519992042332888,0.0601513010185909
128.7987196445465,0.014128349721431732,-0.008960883133113384,0.0601513010185909
128.84974765777588,0.013649052940309048,-0.009072949178516865,0.0601513010185909
128.8973171710968,0.013515718281269073,-0.006466673221439123,0.0601513010185909
128.94741368293762,0.013568263500928879,-0.0034686564467847347,0.0601513010185909
128.99996328353882,0.013708144426345825,-0.0008418764336965978,0.0601513010185909
129.04763197898865,0.013793469406664371,0.00013539449719246477,0.0601513010185909
129.0993893146515,0.013867704197764397,0.0006547773373313248,0.0601513010185909
129.14953994750977,0.013905417174100876,0.0006837596883997321,0.0601513010185909
129.19767260551453,0.013916593976318836,0.000496063323225826,0.0601513010185909
129.247487783432,0.013913235627114773,0.0002712767745833844,0.0601513010185909
129.3000946044922,0.013902903534471989,7.027907122392207e-05,0.0601513010185909
129.3473560810089,0.013896438293159008,-5.935396075074095e-06,0.0601513010185909
129.39766025543213,0.013890727423131466,-4.768601502291858e-05,0.0601513010185909
129.45399928092957,0.013887446373701096,-4.959834404871799e-05,0.0601513010185909
129.50405168533325,0.013886813074350357,-3.4607615816639736e-05,0.0601513010185909
129.54758143424988,0.013887042179703712,-2.11845945159439e-05,0.0601513010185909
129.5977327823639,0.013887669891119003,-7.843214916647412e-06,0.0601513010185909
129.65422439575195,0.013888398185372353,1.1039825267289416e-06,0.0601513010185909
129.70381093025208,0.013888793997466564,3.7208853882475523e-06,0.0601513010185909
129.75475430488586,0.013888989575207233,3.74353521692683e-06,0.0601513010185909
129.800475358963,0.013889043591916561,2.6581606107356492e-06,0.0601513010185909
129.84867000579834,0.013889028690755367,1.6519977634743555e-06,0.0601513010185909
129.8979024887085,0.013888983055949211,6.34703098967293e-07,0.0601513010185909
129.94833707809448,0.013888935558497906,1.7155301179627713e-08,0.0601513010185909
129.99823212623596,0.01388890203088522,-2.5004476356116356e-07,0.0601513010185909
130.04819631576538,0.013888884335756302,-2.903469749071519e-07,0.0601513010185909
130.1011679172516,0.01388887781649828,-2.0395509636728093e-07,0.0601513010185909
130.14824271202087,0.013888878747820854,-1.286481250417637e-07,0.0601513010185909
130.19838738441467,0.013888881541788578,-5.116026713380961e-08,0.0601513010185909
130.24846363067627,0.013888885267078876,-3.2980509434565874e-09,0.0601513010185909
130.29858589172363,0.0138888880610466,1.7986707234740607e-08,0.0601513010185909
130.34857845306396,0.013888888992369175,2.176208369064625e-08,0.0601513010185909
130.39894270896912,0.01388888992369175,1.699948626310288e-08,0.0601513010185909
130.4484851360321,0.01388888992369175,1.0005129169599059e-08,0.0601513010185909
130.4978392124176,0.01388888992369175,4.109132145657668e-09,0.0601513010185909
130.54697012901306,0.013888888992369175,4.0403733136962217e-10,0.0601513010185909
130.59801840782166,0.013888888992369175,-1.2871553822790816e-09,0.0601513010185909
130.6471152305603,0.013888888992369175,-1.6286620940775265e-09,0.0601513010185909
130.69716620445251,0.013888888992369175,-1.2972634078067813e-09,0.0601513010185909
130.74766302108765,0.013888888992369175,-7.771151500080009e-10,0.0601513010185909
130.7980694770813,0.013888888992369175,-3.2897679025367665e-10,0.0601513010185909
130.8475317955017,0.013888888992369175,-4.249178786608354e-11,0.0601513010185909
130.90312933921814,0.013888888992369175,1.0415416445974657e-10,0.0601513010185909
130.95308113098145,0.013888888992369175,1.1993522841535764e-10,0.0601513010185909
131.00314354896545,0.013888888992369175,9.155386171411095e-11,0.0601513010185909
131.05269837379456,0.013888888992369175,5.2724796750780456e-11,0.0601513010185909
131.1037950515747,0.013888888992369175,2.0817691320784704e-11,0.0601513010185909
131.14734506607056,0.013888888992369175,4.1339015544039626e-12,0.0601513010185909
131.20325088500977,0.013888888992369175,-7.499920823272888e-12,0.0601513010185909
131.25351881980896,0.013888888992369175,-8.992209754588032e-12,0.0601513010185909
131.30343174934387,0.013888888992369175,-6.9955118087161594e-12,0.0601513010185909
131.35293245315552,0.013888888992369175,-4.101604472728226e-12,0.0601513010185909
131.40342354774475,0.013888888992369175,-1.6732656926699008e-12,0.0601513010185909
131.45329523086548,0.013888888992369175,-1.5287771049088406e-13,0.0601513010185909
131.50363969802856,0.013888888992369175,5.373132494490562e-13,0.0601513010185909
131.55275201797485,0.013888888992369175,6.731629142997519e-13,0.0601513010185909
131.6020953655243,0.013888888992369175,5.339374775648054e-13,0.0601513010185909
131.64742302894592,0.013888888992369175,3.6146780013623925e-13,0.0601513010185909
131.69735598564148,0.013888888992369175,1.6599568941622067e-13,0.0601513010185909
131.74748539924622,0.013888888992369175,3.445160823289939e-14,0.0601513010185909
131.79757285118103,0.013888888992369175,-3.1481761642027095e-14,0.0601513010185909
131.84752559661865,0.013888888992369175,-5.0275755780759823e-14,0.0601513010185909
131.8976399898529,0.013888888992369175,-4.3538089800065904e-14,0.0601513010185909
131.94762706756592,0.013888888992369175,-2.79359868571305e-14,0.0601513010185909
131.997807264328,0.013888888992369175,-1.3149203947904198e-14,0.0601513010185909
132.0494782924652,0.013888888992369175,-3.0322966360074588e-15,0.0601513010185909
132.10388731956482,0.013888888992369175,2.6957602816679582e-15,0.0601513010185909
132.15400338172913,0.013888888992369175,3.7539416020138106e-15,0.0601513010185909
132.20337772369385,0.013888888992369175,3.1086244689504383e-15,0.0601513010185909
132.24790811538696,0.013888888992369175,2.1649348980190553e-15,0.0601513010185909
132.29755449295044,0.013888888992369175,1.061650767297806e-15,0.0601513010185909
132.35445284843445,0.013888888992369175,1.8388068845354155e-16,0.0601513010185909
132.404061794281,0.013888888992369175,-1.6306400674181987e-16,0.0601513010185909
132.45403337478638,0.013888888992369175,-2.706168622523819e-16,0.0601513010185909
132.5040249824524,0.013888888992369175,-2.220446049250313e-16,0.0601513010185909
132.5476930141449,0.013888888992369175,-1.6653345369377348e-16,0.0601513010185909
132.59802412986755,0.013888888992369175,-9.71445146547012e-17,0.0601513010185909
132.64755773544312,0.013888888992369175,-3.8163916471489756e-17,0.0601513010185909
132.69782733917236,0.013888888992369175,-3.469446951953614e-18,0.0601513010185909
132.74759149551392,0.013888888992369175,3.122502256758253e-17,0.0601513010185909
132.8038957118988,0.013888888992369175,7.28583859910259e-17,0.0601513010185909
132.85381984710693,0.013888888992369175,1.0408340855860843e-16,0.0601513010185909
132.9036102294922,0.013888888992369175,8.326672684688674e-17,0.0601513010185909
132.9530348777771,0.013888888992369175,6.245004513516506e-17,0.0601513010185909
133.0033347606659,0.013888888992369175,4.5102810375396984e-17,0.0601513010185909
133.05303835868835,0.013888888992369175,2.7755575615628914e-17,0.0601513010185909
133.10319066047668,0.013888888992369175,1.0408340855860843e-17,0.0601513010185909
133.15319323539734,0.013888888992369175,-6.938893903907228e-18,0.0601513010185909
133.20332670211792,0.013888888992369175,-2.42861286636753e-17,0.0601513010185909
133.25345730781555,0.013888888992369175,-4.163336342344337e-17,0.0601513010185909
133.30266952514648,0.013888888992369175,-5.898059818321144e-17,0.0601513010185909
133.34702229499817,0.013888888992369175,-7.28583859910259e-17,0.0601513010185909
133.39671659469604,0.013888888992369175,-9.020562075079397e-17,0.0601513010185909
133.44684600830078,0.013888888992369175,-8.673617379884035e-17,0.0601513010185909
133.49665904045105,0.013888888992369175,-4.85722573273506e-17,0.0601513010185909
133.54689931869507,0.013888888992369175,-1.3877787807814457e-17,0.0601513010185909
133.5968554019928,0.013888888992369175,2.0816681711721685e-17,0.0601513010185909
133.6469225883484,0.013888888992369175,5.551115123125783e-17,0.0601513010185909
133.69718480110168,0.013888888992369175,9.020562075079397e-17,0.0601513010185909
133.74731397628784,0.013888888992369175,9.367506770274758e-17,0.0601513010185909
133.7972981929779,0.013888888992369175,6.938893903907228e-17,0.0601513010185909
133.8490080833435,0.013888888992369175,5.204170427930421e-17,0.0601513010185909
133.89743900299072,0.013888888992369175,3.469446951953614e-17,0.0601513010185909
133.94704365730286,0.013888888992369175,1.734723475976807e-17,0.0601513010185909
134.00286960601807,0.013888888992369175,-3.469446951953614e-18,0.0601513010185909
134.0531210899353,0.013888888992369175,-2.0816681711721685e-17,0.0601513010185909
134.09717535972595,0.013888888992369175,-3.469446951953614e-17,0.0601513010185909
134.14740371704102,0.013888888992369175,-5.204170427930421e-17,0.0601513010185909
134.19751000404358,0.013888888992369175,-6.938893903907228e-17,0.0601513010185909
134.24743747711182,0.013888888992369175,-8.673617379884035e-17,0.0601513010185909
134.30352902412415,0.013888888992369175,-8.673617379884035e-17,0.0601513010185909
134.3541076183319,0.013888888992369175,-4.85722573273506e-17,0.0601513010185909
134.4035768508911,0.013888888992369175,-1.3877787807814457e-17,0.0601513010185909
134.44757628440857,0.013888888992369175,1.3877787807814457e-17,0.0601513010185909
134.49741101264954,0.013888888992369175,4.85722573273506e-17,0.0601513010185909
134.54768562316895,0.013888888992369175,8.326672684688674e-17,0.0601513010185909
134.60389733314514,0.013888888992369175,9.367506770274758e-17,0.0601513010185909
134.65385055541992,0.013888888992369175,6.938893903907228e-17,0.0601513010185909
134.69763731956482,0.013888888992369175,5.551115123125783e-17,0.0601513010185909
134.74729418754578,0.013888888992369175,3.8163916471489756e-17,0.0601513010185909
134.79716086387634,0.013888888992369175,2.0816681711721685e-17,0.0601513010185909
134.84852576255798,0.013888888992369175,3.469446951953614e-18,0.0601513010185909
134.8970923423767,0.013888888992369175,-1.3877787807814457e-17,0.0601513010185909
134.94717001914978,0.013888888992369175,-3.122502256758253e-17,0.0601513010185909
134.99786400794983,0.013888888992369175,-4.85722573273506e-17,0.0601513010185909
135.0476894378662,0.013888888992369175,-6.591949208711867e-17,0.0601513010185909
135.0984981060028,0.013888888992369175,-8.326672684688674e-17,0.0601513010185909
135.14734435081482,0.013888888992369175,-9.71445146547012e-17,0.0601513010185909
135.19744896888733,0.013888888992369175,-6.245004513516506e-17,0.0601513010185909
135.24730563163757,0.013888888992369175,-2.7755575615628914e-17,0.0601513010185909
135.2998447418213,0.013888888992369175,6.938893903907228e-18,0.0601513010185909
135.34860825538635,0.01255398616194725,-0.011483543552458286,0.0601513010185909
135.39885187149048,0.012445654720067978,-0.006549769546836615,0.0601513010185909
135.44813108444214,0.011941361241042614,-0.008989496156573296,0.0601513010185909
135.49877834320068,0.01236486155539751,-0.0009456505067646503,0.0601513010185909
135.54815816879272,0.012109991163015366,-0.003704199567437172,0.0601513010185909
135.600768327713,0.01284271851181984,0.004813418723642826,0.0601513010185909
135.6484773159027,0.012293335981667042,-0.0018681982764974236,0.0601513010185909
135.69784498214722,0.012702006846666336,0.003206696128472686,0.0601513010185909
135.74847674369812,0.012342224828898907,-0.002026900416240096,0.0601513010185909
135.79744338989258,0.012709825299680233,0.0027942261658608913,0.0601513010185909
135.84940314292908,0.012330319732427597,-0.002426460152491927,0.0601513010185909
135.89707970619202,0.012693028897047043,0.002517019398510456,0.0601513010185909
135.9477002620697,0.012316359207034111,-0.0025706379674375057,0.0601513010185909
136.00714921951294,0.01291873212903738,0.004470121115446091,0.0601513010185909
136.0533754825592,0.012077749706804752,-0.004554325249046087,0.0601513010185909
136.10277605056763,0.012918437831103802,0.004501597955822945,0.0601513010185909
136.15297985076904,0.012078739702701569,-0.0045255389995872974,0.0601513010185909
136.19849801063538,0.012684883549809456,0.0025230685714632273,0.0601513010185909
136.24834561347961,0.01231436338275671,-0.0025194936897605658,0.0601513010185909
136.29773879051208,0.011350652202963829,-0.008956721983850002,0.0601513010185909
136.34806275367737,0.010871438309550285,-0.009069813415408134,0.0601513010185909
136.39876580238342,0.010738091543316841,-0.006464890204370022,0.0601513010185909
136.44813179969788,0.010790587402880192,-0.003467969363555312,0.0601513010185909
136.49813270568848,0.010906628333032131,-0.0011812289012596011,0.0601513010185909
136.55328702926636,0.011033663526177406,0.0002934285148512572,0.0601513010185909
136.60356760025024,0.011100154370069504,0.0006896248087286949,0.0601513010185909
136.64747142791748,0.011127627454698086,0.0006835199310444295,0.0601513010185909
136.69734072685242,0.01113880518823862,0.0004959244979545474,0.0601513010185909
136.74749636650085,0.011135449633002281,0.0002712214190978557,0.0601513010185909
136.79760098457336,0.011126906611025333,9.649019193602726e-05,0.0601513010185909
136.84735798835754,0.011118658818304539,-5.916121153859422e-06,0.0601513010185909
136.89745330810547,0.011112949810922146,-4.7662608267273754e-05,0.0601513010185909
136.94767022132874,0.011109988205134869,-5.144483293406665e-05,0.0601513010185909
136.99717235565186,0.011109059676527977,-3.800288322963752e-05,0.0601513010185909
137.05341172218323,0.011109374463558197,-1.811701076803729e-05,0.0601513010185909
137.10345888137817,0.011110026389360428,-5.820584192406386e-06,0.0601513010185909
137.15360355377197,0.011110620573163033,1.1024380910384934e-06,0.0601513010185909
137.19988703727722,0.011111016385257244,3.719166670634877e-06,0.0601513010185909
137.24742341041565,0.011111186817288399,3.866794486384606e-06,0.0601513010185909
137.29950761795044,0.011111263185739517,2.909145450757933e-06,0.0601513010185909
137.35321521759033,0.01111124362796545,1.4195651374393492e-06,0.0601513010185909
137.3981261253357,0.011111205443739891,6.346562599901517e-07,0.0601513010185909
137.4492220878601,0.011111157946288586,1.7253325879096337e-08,0.0601513010185909
137.49777507781982,0.0111111244186759,-2.49913910010946e-07,0.0601513010185909
137.54780316352844,0.011111106723546982,-2.9024045034020673e-07,0.0601513010185909
137.59764337539673,0.01111110020428896,-2.2246540254400315e-07,0.0601513010185909
137.64750409126282,0.011111101135611534,-1.2861973175404273e-07,0.0601513010185909
137.69749808311462,0.011111103929579258,-5.1155730318441783e-08,0.0601513010185909
137.7475209236145,0.011111107654869556,-3.3049720737921007e-09,0.0601513010185909
137.79755473136902,0.01111111044883728,1.797694793026494e-08,0.0601513010185909
137.84729290008545,0.011111111380159855,2.175397284531755e-08,0.0601513010185909
137.89729356765747,0.01111111231148243,1.6994448515106342e-08,0.0601513010185909
137.9472849369049,0.01111111231148243,1.0002868755520922e-08,0.0601513010185909
137.9973864555359,0.01111111231148243,4.10871248135436e-09,0.0601513010185909
138.04733109474182,0.011111111380159855,4.045220269865979e-10,0.0601513010185909
138.09742760658264,0.011111111380159855,-1.286428630287162e-09,0.0601513010185909
138.14709782600403,0.011111111380159855,-1.6280451431427423e-09,0.0601513010185909
138.20000958442688,0.011111111380159855,-1.1966208024460911e-09,0.0601513010185909
138.2485740184784,0.011111111380159855,-7.769357934783727e-10,0.0601513010185909
138.29733657836914,0.011111111380159855,-3.289392647154443e-10,0.0601513010185909
138.3474884033203,0.011111111380159855,-4.252545190985835e-11,0.0601513010185909
138.39744067192078,0.011111111380159855,9.151131241669219e-11,0.0601513010185909
138.4472405910492,0.011111111380159855,1.2164988461016435e-10,0.0601513010185909
138.49710059165955,0.011111111380159855,9.886251539636959e-11,0.0601513010185909
138.54734897613525,0.011111111380159855,6.027060794888683e-11,0.0601513010185909
138.59968972206116,0.011111111380159855,2.6257013924224637e-11,0.0601513010185909
138.64746022224426,0.011111111380159855,4.136215675520916e-12,0.0601513010185909
138.69740080833435,0.011111111380159855,-6.465085411466731e-12,0.0601513010185909
138.74744129180908,0.011111111380159855,-9.074858919877471e-12,0.0601513010185909
138.79757595062256,0.011111111380159855,-7.528443146664898e-12,0.0601513010185909
138.8475592136383,0.011111111380159855,-4.669847841753949e-12,0.0601513010185909
138.89742851257324,0.011111111380159855,-2.0902689301660615e-12,0.0601513010185909
138.94810461997986,0.011111111380159855,-3.8370348565130996e-13,0.0601513010185909
138.99852013587952,0.011111111380159855,4.530646691147666e-13,0.0601513010185909
139.0485303401947,0.011111111380159855,6.757927550893328e-13,0.0601513010185909
139.10071730613708,0.011111111380159855,5.338021691336792e-13,0.0601513010185909
139.14885807037354,0.011111111380159855,3.614053500911041e-13,0.0601513010185909
139.19780492782593,0.011111111380159855,1.6600262831012458e-13,0.0601513010185909
139.24714851379395,0.011111111380159855,3.448283325546697e-14,0.0601513010185909
139.29681777954102,0.011111111380159855,-3.144012827860365e-14,0.0601513010185909
139.34862995147705,0.011111111380159855,-5.0237591864288333e-14,0.0601513010185909
139.3977072238922,0.011111111380159855,-4.3520742565306136e-14,0.0601513010185909
139.44856667518616,0.011111111380159855,-2.7949864644938316e-14,0.0601513010185909
139.49720931053162,0.011111111380159855,-1.3187367864375688e-14,0.0601513010185909
139.54731488227844,0.011111111380159855,-3.0878077872387166e-15,0.0601513010185909
139.5973563194275,0.011111111380159855,2.0990154059319366e-15,0.0601513010185909
139.65301752090454,0.011111111380159855,3.750472155061857e-15,0.0601513010185909
139.69764637947083,0.011111111380159855,3.309852392163748e-15,0.0601513010185909
139.74675917625427,0.011111111380159855,2.1718737919229625e-15,0.0601513010185909
139.79669189453125,0.011111111380159855,1.0512424264419451e-15,0.0601513010185909
139.84745907783508,0.011111111380159855,3.0531133177191805e-16,0.0601513010185909
139.89699721336365,0.011111111380159855,-6.938893903907228e-17,0.0601513010185909
139.9469530582428,0.011111111380159855,-2.0122792321330962e-16,0.0601513010185909
139.99692344665527,0.011111111380159855,-1.97758476261356e-16,0.0601513010185909
140.0473449230194,0.011111111380159855,-1.8041124150158794e-16,0.0601513010185909
140.09713172912598,0.011111111380159855,-1.6306400674181987e-16,0.0601513010185909
140.14750289916992,0.011111111380159855,-1.457167719820518e-16,0.0601513010185909
140.1968433856964,0.011111111380159855,-1.2836953722228372e-16,0.0601513010185909
140.24682307243347,0.011111111380159855,-1.1102230246251565e-16,0.0601513010185909
140.2969217300415,0.011111111380159855,-9.367506770274758e-17,0.0601513010185909
140.34681820869446,0.011111111380159855,-7.632783294297951e-17,0.0601513010185909
140.39706206321716,0.011111111380159855,-5.898059818321144e-17,0.0601513010185909
140.4467372894287,0.011111111380159855,-4.163336342344337e-17,0.0601513010185909
140.49782133102417,0.011111111380159855,-2.42861286636753e-17,0.0601513010185909
140.54678297042847,0.011111111380159855,-6.938893903907228e-18,0.0601513010185909
140.59902572631836,0.011111111380159855,1.0408340855860843e-17,0.0601513010185909
140.64706301689148,0.011111111380159855,2.7755575615628914e-17,0.0601513010185909
140.6971399784088,0.011111111380159855,4.5102810375396984e-17,0.0601513010185909
140.74749183654785,0.011111111380159855,6.245004513516506e-17,0.0601513010185909
140.79808473587036,0.011111111380159855,7.979727989493313e-17,0.0601513010185909
140.8480145931244,0.011111111380159855,9.020562075079397e-17,0.0601513010185909
140.89752769470215,0.011111111380159855,9.020562075079397e-17,0.0601513010185909
140.94738221168518,0.011111111380159855,9.020562075079397e-17,0.0601513010185909
140.99766039848328,0.011111111380159855,9.020562075079397e-17,0.0601513010185909
141.04772758483887,0.011111111380159855,9.020562075079397e-17,0.0601513010185909
141.09768962860107,0.011111111380159855,9.020562075079397e-17,0.0601513010185909
141.14779019355774,0.011111111380159855,9.020562075079397e-17,0.0601513010185909
141.19786882400513,0.011111111380159855,9.020562075079397e-17,0.0601513010185909
141.24765419960022,0.011111111380159855,9.020562075079397e-17,0.0601513010185909
141.29975414276123,0.011111111380159855,9.020562075079397e-17,0.0601513010185909
141.34938097000122,0.011111111380159855,9.020562075079397e-17,0.0601513010185909
141.39753818511963,0.011111111380159855,9.020562075079397e-17,0.0601513010185909
141.4475166797638,0.011111111380159855,9.020562075079397e-17,0.0601513010185909
141.4973087310791,0.011111111380159855,9.020562075079397e-17,0.0601513010185909
141.54788994789124,0.011111111380159855,9.020562075079397e-17,0.0601513010185909
141.59986782073975,0.011111111380159855,9.020562075079397e-17,0.0601513010185909
141.64719605445862,0.011111111380159855,9.020562075079397e-17,0.0601513010185909
141.6975336074829,0.011111111380159855,9.020562075079397e-17,0.0601513010185909
141.747492313385,0.011111111380159855,9.020562075079397e-17,0.0601513010185909
141.7979896068573,0.011111111380159855,9.020562075079397e-17,0.0601513010185909
141.84749913215637,0.011111111380159855,9.020562075079397e-17,0.0601513010185909
141.89766550064087,0.011111111380159855,9.020562075079397e-17,0.0601513010185909
141.94938731193542,0.011111111380159855,9.020562075079397e-17,0.0601513010185909
142.0038299560547,0.011111111380159855,9.020562075079397e-17,0.0601513010185909
142.05326986312866,0.011111111380159855,9.020562075079397e-17,0.0601513010185909
142.09800457954407,0.011111111380159855,9.020562075079397e-17,0.0601513010185909
142.14766025543213,0.011111111380159855,9.020562075079397e-17,0.0601513010185909
142.20365834236145,0.011111111380159855,9.020562075079397e-17,0.0601513010185909
142.25420331954956,0.011111111380159855,9.020562075079397e-17,0.0601513010185909
142.30317902565002,0.011111111380159855,9.020562075079397e-17,0.0601513010185909
142.3542947769165,0.011111111380159855,9.020562075079397e-17,0.0601513010185909
142.39745020866394,0.011111111380159855,9.020562075079397e-17,0.0601513010185909
142.45344877243042,0.011111111380159855,9.020562075079397e-17,0.0601513010185909
142.49956512451172,0.011111111380159855,9.020562075079397e-17,0.0601513010185909
142.54760909080505,0.011111111380159855,9.020562075079397e-17,0.0601513010185909
142.5999481678009,0.011111111380159855,9.020562075079397e-17,0.0601513010185909
142.6497552394867,0.00977620854973793,-0.011483543552458286,0.0601513010185909
142.70009565353394,0.009853589348495007,-0.004155074246227741,0.0601513010185909
142.7496726512909,0.009163583628833294,-0.008989496156573296,0.0601513010185909
142.79760146141052,0.00958708394318819,-0.0009456505067646503,0.0601513010185909
142.8495352268219,0.009332213550806046,-0.003704199567437172,0.0601513010185909
142.9000747203827,0.01006494089961052,0.004813418723642826,0.0601513010185909
142.94965171813965,0.009515558369457722,-0.0018681982764974236,0.0601513010185909
142.9972813129425,0.009924229234457016,0.003206696128472686,0.0601513010185909
143.04722547531128,0.009564447216689587,-0.002026900416240096,0.0601513010185909
143.10078024864197,0.010165218263864517,0.004750594962388277,0.0601513010185909
143.1485412120819,0.009552542120218277,-0.002426460152491927,0.0601513010185909
143.19986605644226,0.010148572735488415,0.004501258488744497,0.0601513010185909
143.24750304222107,0.009538581594824791,-0.0025706379674375057,0.0601513010185909
143.2974956035614,0.009906577877700329,0.0024714916944503784,0.0601513010185909
143.3513355255127,0.009299972094595432,-0.004554325249046087,0.0601513010185909
143.397705078125,0.008570952340960503,-0.008981774561107159,0.0601513010185909
143.4483025074005,0.008092289790511131,-0.009080566465854645,0.0601513010185909
143.50074887275696,0.007959970273077488,-0.005846270825713873,0.0601513010185909
143.54786252975464,0.0080125592648983,-0.003465144196525216,0.0601513010185909
143.60237646102905,0.008152692578732967,-0.0008381355437450111,0.0601513010185909
143.65278315544128,0.008256032131612301,0.00029635868850164115,0.0601513010185909
143.69819808006287,0.008312288671731949,0.0006564073264598846,0.0601513010185909
143.7482032775879,0.008349955081939697,0.0006843771552667022,0.0601513010185909
143.79719710350037,0.008361085318028927,0.0004960703081451356,0.0601513010185909
143.8509237766266,0.008356163278222084,0.000230604360694997,0.0601513010185909
143.89759492874146,0.008349128067493439,9.620314813219011e-05,0.0601513010185909
143.94762706756592,0.008340871892869473,-6.1566329350171145e-06,0.0601513010185909
143.99812936782837,0.008335161954164505,-4.7813016863074154e-05,0.0601513010185909
144.047504901886,0.008332203142344952,-5.1512990467017516e-05,0.0601513010185909
144.10025262832642,0.008331255055963993,-3.460409789113328e-05,0.0601513010185909
144.14732336997986,0.008331486023962498,-2.1166271835681982e-05,0.0601513010185909
144.197580575943,0.008332114666700363,-7.821407962183002e-06,0.0601513010185909
144.25439953804016,0.008332843892276287,1.1195104434591485e-06,0.0601513010185909
144.29748272895813,0.008333177305758,3.4700105970841832e-06,0.0601513010185909
144.3502767086029,0.008333435282111168,3.7466284084075596e-06,0.0601513010185909
144.3971130847931,0.008333485573530197,2.9103266570018604e-06,0.0601513010185909
144.45322179794312,0.00833346601575613,1.4183832490743953e-06,0.0601513010185909
144.4970200061798,0.008333427831530571,6.330701580736786e-07,0.0601513010185909
144.55329275131226,0.008333372883498669,-6.19562996462264e-08,0.0601513010185909
144.60322833061218,0.008333342149853706,-2.727377648170659e-07,0.0601513010185909
144.64759588241577,0.008333329111337662,-2.9066833917568147e-07,0.0601513010185909
144.70275497436523,0.00833332259207964,-2.0395570743403368e-07,0.0601513010185909
144.75294756889343,0.008333323523402214,-1.1097347396571422e-07,0.0601513010185909
144.80274486541748,0.008333327248692513,-3.9037605148450893e-08,0.0601513010185909
144.85347938537598,0.008333330973982811,2.9215923014191958e-09,0.0601513010185909
144.8968951702118,0.00833333283662796,1.8046309335773003e-08,0.0601513010185909
144.94847297668457,0.008333333767950535,2.178776448147346e-08,0.0601513010185909
144.99842715263367,0.00833333469927311,1.700325213960241e-08,0.0601513010185909
145.04874968528748,0.00833333469927311,9.99849092409022e-09,0.0601513010185909
145.09979367256165,0.00833333469927311,3.1770310826573223e-09,0.0601513010185909
145.148912191391,0.008333333767950535,3.9653802463845977e-10,0.0601513010185909
145.19749927520752,0.008333333767950535,-1.2917755753960591e-09,0.0601513010185909
145.24753737449646,0.008333333767950535,-1.6307084571565156e-09,0.0601513010185909
145.29942679405212,0.008333333767950535,-1.2976185681523589e-09,0.0601513010185909
145.35432171821594,0.008333333767950535,-6.763065663051293e-10,0.0601513010185909
145.39731740951538,0.008333333767950535,-3.2829766682951345e-10,0.0601513010185909
145.44748830795288,0.008333333767950535,-4.192113670087316e-11,0.0601513010185909
145.50316381454468,0.008333333767950535,1.0446900289284855e-10,0.0601513010185909
145.55296182632446,0.008333333767950535,1.2006610983217314e-10,0.0601513010185909
145.5981833934784,0.008333333767950535,9.892490993035352e-11,0.0601513010185909
145.64720177650452,0.008333333767950535,6.025227539119271e-11,0.0601513010185909
145.69727063179016,0.008333333767950535,2.620977219980336e-11,0.0601513010185909
145.74770402908325,0.008333333767950535,4.090505711928927e-12,0.0601513010185909
145.79816436767578,0.008333333767950535,-6.496784013543255e-12,0.0601513010185909
145.84922790527344,0.008333333767950535,-9.091340527622727e-12,0.0601513010185909
145.89753913879395,0.008333333767950535,-7.533638643475449e-12,0.0601513010185909
145.9474868774414,0.008333333767950535,-4.668723740941516e-12,0.0601513010185909
145.99753785133362,0.008333333767950535,-2.0868116262784397e-12,0.0601513010185909
146.0469787120819,0.008333333767950535,-3.8026526372192393e-13,0.0601513010185909
146.09953999519348,0.008333333767950535,4.554637916820425e-13,0.0601513010185909
146.14725136756897,0.008333333767950535,6.770521643328919e-13,0.0601513010185909
146.19749402999878,0.008333333767950535,5.730884516941259e-13,0.0601513010185909
146.2501425743103,0.008333333767950535,3.1845186210244236e-13,0.0601513010185909
146.29990816116333,0.008333333767950535,1.337558536151917e-13,0.0601513010185909
146.3510901927948,0.008333333767950535,1.6209256159527285e-14,0.0601513010185909
146.39930772781372,0.008333333767950535,-3.164829509572087e-14,0.0601513010185909
146.44762587547302,0.008333333767950535,-5.034340999632292e-14,0.0601513010185909
146.49752807617188,0.008333333767950535,-4.3565845375681533e-14,0.0601513010185909
146.5476953983307,0.008333333767950535,-2.7956803538842223e-14,0.0601513010185909
146.599862575531,0.008333333767950535,-1.3164816459187989e-14,0.0601513010185909
146.64749932289124,0.008333333767950535,-3.0444397003392965e-15,0.0601513010185909
146.69720005989075,0.008333333767950535,2.1354445989274495e-15,0.0601513010185909
146.74733662605286,0.008333333767950535,3.688022109926692e-15,0.0601513010185909
146.79857635498047,0.008333333767950535,3.2664843052643278e-15,0.0601513010185909
146.84957194328308,0.008333333767950535,2.123301534595612e-15,0.0601513010185909
146.8972430229187,0.008333333767950535,1.0113437864944785e-15,0.0601513010185909
146.94763112068176,0.008333333767950535,2.3245294578089215e-16,0.0601513010185909
146.9976761341095,0.008333333767950535,-1.7520707107365752e-16,0.0601513010185909
147.04749011993408,0.008333333767950535,-3.0878077872387166e-16,0.0601513010185909
147.09736466407776,0.008333333767950535,-2.8622937353617317e-16,0.0601513010185909
147.14716696739197,0.008333333767950535,-1.9949319973733282e-16,0.0601513010185909
147.1971914768219,0.008333333767950535,-1.1275702593849246e-16,0.0601513010185909
147.24735307693481,0.008333333767950535,-3.9898639947466563e-17,0.0601513010185909
147.2996735572815,0.008333333767950535,3.469446951953614e-18,0.0601513010185909
147.34958863258362,0.008333333767950535,2.949029909160572e-17,0.0601513010185909
147.3994700908661,0.008333333767950535,5.204170427930421e-17,0.0601513010185909
147.4486038684845,0.008333333767950535,3.8163916471489756e-17,0.0601513010185909
147.49850130081177,0.008333333767950535,2.0816681711721685e-17,0.0601513010185909
147.54880356788635,0.008333333767950535,3.469446951953614e-18,0.0601513010185909
147.59834098815918,0.008333333767950535,-1.3877787807814457e-17,0.0601513010185909
147.6483199596405,0.008333333767950535,-3.122502256758253e-17,0.0601513010185909
147.69769835472107,0.008333333767950535,-4.85722573273506e-17,0.0601513010185909
147.74775052070618,0.008333333767950535,-4.85722573273506e-17,0.0601513010185909
147.79765605926514,0.008333333767950535,-4.85722573273506e-17,0.0601513010185909
147.84768867492676,0.008333333767950535,-4.85722573273506e-17,0.0601513010185909
147.8976445198059,0.008333333767950535,-4.85722573273506e-17,0.0601513010185909
147.94699883460999,0.008333333767950535,-4.85722573273506e-17,0.0601513010185909
147.9975345134735,0.008333333767950535,-4.85722573273506e-17,0.0601513010185909
148.0475811958313,0.008333333767950535,-4.85722573273506e-17,0.0601513010185909
148.09757828712463,0.008333333767950535,-4.85722573273506e-17,0.0601513010185909
148.14694094657898,0.008333333767950535,-4.85722573273506e-17,0.0601513010185909
148.1977665424347,0.008333333767950535,-4.85722573273506e-17,0.0601513010185909
148.24817657470703,0.008333333767950535,-4.85722573273506e-17,0.0601513010185909
148.29683685302734,0.008333333767950535,-4.85722573273506e-17,0.0601513010185909
148.34833765029907,0.008333333767950535,-4.85722573273506e-17,0.0601513010185909
148.39966940879822,0.008333333767950535,-4.85722573273506e-17,0.0601513010185909
148.44856023788452,0.008333333767950535,-4.85722573273506e-17,0.0601513010185909
148.4972927570343,0.008333333767950535,-4.85722573273506e-17,0.0601513010185909
148.54746532440186,0.008333333767950535,-4.85722573273506e-17,0.0601513010185909
148.59871077537537,0.008333333767950535,-4.85722573273506e-17,0.0601513010185909
148.64793848991394,0.008333333767950535,-4.85722573273506e-17,0.0601513010185909
148.69884586334229,0.008333333767950535,-4.85722573273506e-17,0.0601513010185909
148.74976325035095,0.008333333767950535,-4.85722573273506e-17,0.0601513010185909
148.7998435497284,0.008333333767950535,-4.85722573273506e-17,0.0601513010185909
148.8513162136078,0.008333333767950535,-4.85722573273506e-17,0.0601513010185909
148.89886045455933,0.008333333767950535,-4.85722573273506e-17,0.0601513010185909
148.95092272758484,0.008333333767950535,-4.85722573273506e-17,0.0601513010185909
148.99901914596558,0.008333333767950535,-4.85722573273506e-17,0.0601513010185909
149.04901432991028,0.008333333767950535,-4.85722573273506e-17,0.0601513010185909
149.0992612838745,0.008333333767950535,-4.85722573273506e-17,0.0601513010185909
149.14905214309692,0.008333333767950535,-4.85722573273506e-17,0.0601513010185909
149.19829678535461,0.008333333767950535,-4.85722573273506e-17,0.0601513010185909
149.24837374687195,0.008333333767950535,-4.85722573273506e-17,0.0601513010185909
149.3003876209259,0.008333333767950535,-4.85722573273506e-17,0.0601513010185909
149.34892797470093,0.008333333767950535,-4.85722573273506e-17,0.0601513010185909
149.39723324775696,0.008333333767950535,-4.85722573273506e-17,0.0601513010185909
149.44713234901428,0.008333333767950535,-4.85722573273506e-17,0.0601513010185909
149.49692845344543,0.008333333767950535,-4.85722573273506e-17,0.0601513010185909
149.55257296562195,0.006632447708398104,-0.013877645134925842,0.0601513010185909
149.60258269309998,0.0070758117362856865,-0.004155075177550316,0.0601513010185909
149.64781069755554,0.0063858055509626865,-0.00898949708789587,0.0601513010185909
149.69699001312256,0.00680930633097887,-0.0009456506813876331,0.0601513010185909
149.7528314590454,0.006343528162688017,-0.005361597985029221,0.0601513010185909
149.79748058319092,0.0070345052517950535,0.0026583306025713682,0.0601513010185909
149.847416639328,0.006737780291587114,-0.0018681985093280673,0.0601513010185909
149.89752054214478,0.007146451622247696,0.003206696594133973,0.0601513010185909
149.9475507736206,0.006786669604480267,-0.0020269008819013834,0.0601513010185909
149.99757027626038,0.007154270075261593,0.0027942266315221786,0.0601513010185909
150.04759120941162,0.00677476404234767,-0.0024264606181532145,0.0601513010185909
150.1035258769989,0.007370795123279095,0.004501259420067072,0.0601513010185909
150.1530168056488,0.006525311153382063,-0.004570453893393278,0.0601513010185909
150.19969177246094,0.005793896969407797,-0.009012053720653057,0.0601513010185909
150.24734449386597,0.005313678178936243,-0.009110737591981888,0.0601513010185909
150.29691123962402,0.005180549342185259,-0.006487727630883455,0.0601513010185909
150.3496322631836,0.005233719013631344,-0.003476447891443968,0.0601513010185909
150.4031960964203,0.005374323111027479,-0.0008407752029597759,0.0601513010185909
150.45317697525024,0.005478003993630409,0.00029742138576693833,0.0601513010185909
150.49957919120789,0.005534445866942406,0.0006586235831491649,0.0601513010185909
150.54748558998108,0.005572235211730003,0.0006866524927318096,0.0601513010185909
150.59782099723816,0.005583399906754494,0.0004977051867172122,0.0601513010185909
150.6474277973175,0.005579995457082987,0.00027190733817406,0.0601513010185909
150.69936347007751,0.0055714016780257225,9.651066648075357e-05,0.0601513010185909
150.7531759738922,0.005561739671975374,-1.873186010925565e-05,0.0601513010185909
150.79737520217896,0.005557388998568058,-4.7974717745091766e-05,0.0601513010185909
150.84920406341553,0.0055544208735227585,-5.1684364734683186e-05,0.0601513010185909
150.89822602272034,0.005553492344915867,-3.814154115389101e-05,0.0601513010185909
150.95298409461975,0.005553812254220247,-1.8159356841351837e-05,0.0601513010185909
151.00320482254028,0.005554467439651489,-5.817678356834222e-06,0.0601513010185909
151.05305123329163,0.0055550639517605305,1.123706397265778e-06,0.0601513010185909
151.10309720039368,0.005555461160838604,3.7420097669382812e-06,0.0601513010185909
151.1485252380371,0.005555631592869759,3.885091700794874e-06,0.0601513010185909
151.2033989429474,0.005555710755288601,2.66678443949786e-06,0.0601513010185909
151.25338459014893,0.00555568840354681,1.423009507561801e-06,0.0601513010185909
151.3030400276184,0.00555563997477293,4.787275997841789e-07,0.0601513010185909
151.3478605747223,0.0055556027218699455,1.5874663361614694e-08,0.0601513010185909
151.3977677822113,0.005555568728595972,-2.516642609862174e-07,0.0601513010185909
151.44779133796692,0.005555550567805767,-2.916366383942659e-07,0.0601513010185909
151.4991364479065,0.005555544514209032,-2.2330281979066058e-07,0.0601513010185909
151.54823207855225,0.005555544979870319,-1.2897498891106807e-07,0.0601513010185909
151.60045409202576,0.005555549170821905,-3.9162319609431506e-08,0.0601513010185909
151.64722967147827,0.005555551964789629,-3.2069420452529585e-09,0.0601513010185909
151.7029812335968,0.005555554758757353,1.9948158680449524e-08,0.0601513010185909
151.7531418800354,0.005555556155741215,2.1336628464041496e-08,0.0601513010185909
151.79756879806519,0.005555556621402502,1.705940633200953e-08,0.0601513010185909
151.8465383052826,0.005555556621402502,1.0031221187034589e-08,0.0601513010185909
151.89970588684082,0.005555556155741215,3.187206054633407e-09,0.0601513010185909
151.94943404197693,0.005555556155741215,3.975998974503625e-10,0.0601513010185909
151.998539686203,0.0055555556900799274,-1.2961830497815185e-09,0.0601513010185909
152.04869842529297,0.0055555556900799274,-1.6361488830440862e-09,0.0601513010185909
152.1007297039032,0.0055555556900799274,-1.2010411554186362e-09,0.0601513010185909
152.14834237098694,0.0055555556900799274,-7.791923772870746e-10,0.0601513010185909
152.19816946983337,0.0055555556900799274,-3.293572636842157e-10,0.0601513010185909
152.24873113632202,0.0055555556900799274,-4.204060016776978e-11,0.0601513010185909
152.29840230941772,0.0055555556900799274,9.22376688916593e-11,0.0601513010185909
152.35070729255676,0.0055555556900799274,1.2046605379900654e-10,0.0601513010185909
152.39806699752808,0.0055555556900799274,9.925196081672638e-11,0.0601513010185909
152.44746923446655,0.0055555556900799274,6.044977018948572e-11,0.0601513010185909
152.4976830482483,0.0055555556900799274,2.6294504767987448e-11,0.0601513010185909
152.54829478263855,0.0055555556900799274,4.102584591492153e-12,0.0601513010185909
152.60093450546265,0.0055555556900799274,-7.549934635808775e-12,0.0601513010185909
152.64828991889954,0.0055555556900799274,-9.121696453728845e-12,0.0601513010185909
152.69823050498962,0.0055555556900799274,-7.558549272590476e-12,0.0601513010185909
152.74803948402405,0.0055555556900799274,-4.6840222672761556e-12,0.0601513010185909
152.7974591255188,0.0055555556900799274,-2.0935458228121817e-12,0.0601513010185909
152.84811735153198,0.0055555556900799274,-3.813876298108809e-13,0.0601513010185909
152.89740324020386,0.0055555556900799274,4.570666761738451e-13,0.0601513010185909
152.94748950004578,0.0055555556900799274,6.793315909803255e-13,0.0601513010185909
152.99964809417725,0.0055555556900799274,5.749827697298926e-13,0.0601513010185909
153.04771637916565,0.0055555556900799274,3.6249822588096947e-13,0.0601513010185909
153.0995478630066,0.0055555556900799274,1.6625242849066524e-13,0.0601513010185909
153.14953923225403,0.0055555556900799274,3.430415673744136e-14,0.0601513010185909
153.19797587394714,0.0055555556900799274,-3.175237850427948e-14,0.0601513010185909
153.24947214126587,0.0055555556900799274,-5.049606566220888e-14,0.0601513010185909
153.29891705513,0.0055555556900799274,-4.368554129552393e-14,0.0601513010185909
153.3482632637024,0.0055555556900799274,-2.8005375796169574e-14,0.0601513010185909
153.39819240570068,0.0055555556900799274,-1.3154408118332128e-14,0.0601513010185909
153.44762253761292,0.0055555556900799274,-3.0010716134398763e-15,0.0601513010185909
153.49738883972168,0.0055555556900799274,2.192690473634684e-15,0.0601513010185909
153.5482087135315,0.0055555556900799274,3.757411048965764e-15,0.0601513010185909
153.5986042022705,0.0055555556900799274,3.3219954564955856e-15,0.0601513010185909
153.64789533615112,0.0055555556900799274,2.168404344971009e-15,0.0601513010185909
153.6980495452881,0.0055555556900799274,1.0443035325380379e-15,0.0601513010185909
153.74724650382996,0.0055555556900799274,2.6020852139652106e-16,0.0601513010185909
153.79777121543884,0.0055555556900799274,-1.3877787807814457e-16,0.0601513010185909
153.85063767433167,0.0055555556900799274,-2.654126918244515e-16,0.0601513010185909
153.89863061904907,0.0055555556900799274,-2.393918396847994e-16,0.0601513010185909
153.9476773738861,0.0055555556900799274,-1.5612511283791264e-16,0.0601513010185909
153.99668097496033,0.0055555556900799274,-7.632783294297951e-17,0.0601513010185909
154.04766964912415,0.0055555556900799274,-1.0408340855860843e-17,0.0601513010185909
154.09800505638123,0.0055555556900799274,3.2959746043559335e-17,0.0601513010185909
154.1477780342102,0.0055555556900799274,6.591949208711867e-17,0.0601513010185909
154.19775247573853,0.0055555556900799274,6.591949208711867e-17,0.0601513010185909
154.24681663513184,0.0055555556900799274,6.591949208711867e-17,0.0601513010185909
154.29784440994263,0.0055555556900799274,6.591949208711867e-17,0.0601513010185909
154.3483431339264,0.0055555556900799274,6.591949208711867e-17,0.0601513010185909
154.3972384929657,0.0055555556900799274,6.591949208711867e-17,0.0601513010185909
154.44723677635193,0.0055555556900799274,6.591949208711867e-17,0.0601513010185909
154.49733543395996,0.0055555556900799274,6.591949208711867e-17,0.0601513010185909
154.5477545261383,0.0055555556900799274,6.591949208711867e-17,0.0601513010185909
154.59809970855713,0.0055555556900799274,6.591949208711867e-17,0.0601513010185909
154.64797258377075,0.0055555556900799274,6.591949208711867e-17,0.0601513010185909
154.69779992103577,0.0055555556900799274,6.591949208711867e-17,0.0601513010185909
154.74771094322205,0.0055555556900799274,6.591949208711867e-17,0.0601513010185909
154.79776310920715,0.0055555556900799274,6.591949208711867e-17,0.0601513010185909
154.8494894504547,0.0055555556900799274,6.591949208711867e-17,0.0601513010185909
154.8972373008728,0.0055555556900799274,6.591949208711867e-17,0.0601513010185909
154.94712948799133,0.0055555556900799274,6.591949208711867e-17,0.0601513010185909
154.9968707561493,0.0055555556900799274,6.591949208711867e-17,0.0601513010185909
155.04753065109253,0.0055555556900799274,6.591949208711867e-17,0.0601513010185909
155.09951066970825,0.0055555556900799274,6.591949208711867e-17,0.0601513010185909
155.14783835411072,0.0055555556900799274,6.591949208711867e-17,0.0601513010185909
155.19738578796387,0.0055555556900799274,6.591949208711867e-17,0.0601513010185909
155.24727487564087,0.0055555556900799274,6.591949208711867e-17,0.0601513010185909
155.29706692695618,0.0055555556900799274,6.591949208711867e-17,0.0601513010185909
155.34855341911316,0.0055555556900799274,6.591949208711867e-17,0.0601513010185909
155.3989155292511,0.0055555556900799274,6.591949208711867e-17,0.0601513010185909
155.45322847366333,0.0055555556900799274,6.591949208711867e-17,0.0601513010185909
155.5036017894745,0.0055555556900799274,6.591949208711867e-17,0.0601513010185909
155.5533163547516,0.0055555556900799274,6.591949208711867e-17,0.0601513010185909
155.603839635849,0.0055555556900799274,6.591949208711867e-17,0.0601513010185909
155.65376329421997,0.0055555556900799274,6.591949208711867e-17,0.0601513010185909
155.70322966575623,0.0055555556900799274,6.591949208711867e-17,0.0601513010185909
155.7539098262787,0.0055555556900799274,6.591949208711867e-17,0.0601513010185909
155.80319142341614,0.0055555556900799274,6.591949208711867e-17,0.0601513010185909
155.85403418540955,0.0055555556900799274,6.591949208711867e-17,0.0601513010185909
155.90333914756775,0.0055555556900799274,6.591949208711867e-17,0.0601513010185909
155.94938921928406,0.0055555556900799274,6.591949208711867e-17,0.0601513010185909
155.9978687763214,0.0055555556900799274,6.591949208711867e-17,0.0601513010185909
156.04740929603577,0.0055555556900799274,6.591949208711867e-17,0.0601513010185909
156.09761309623718,0.0055555556900799274,6.591949208711867e-17,0.0601513010185909
156.1478226184845,0.0055555556900799274,6.591949208711867e-17,0.0601513010185909
156.19785046577454,0.0055555556900799274,6.591949208711867e-17,0.0601513010185909
156.2478003501892,0.0042206523939967155,-0.011483544483780861,0.0601513010185909
156.29813241958618,0.00411232141777873,-0.006549770012497902,0.0601513010185909
156.3474521636963,0.003608027473092079,-0.00898949708789587,0.0601513010185909
156.39769387245178,0.004031528253108263,-0.0009456506231799722,0.0601513010185909
156.4536190032959,0.003565750317648053,-0.005361597519367933,0.0601513010185909
156.50411367416382,0.0028084993828088045,-0.009064224548637867,0.0601513010185909
156.5536708831787,0.0024780198000371456,-0.007984885945916176,0.0601513010185909
156.60378646850586,0.002425393322482705,-0.005191056523472071,0.0601513010185909
156.65360832214355,0.002506123622879386,-0.002486532786861062,0.0601513010185909
156.70350790023804,0.0026198572013527155,-0.0006110026151873171,0.0601513010185909
156.7536656856537,0.0027143354527652264,0.0003639797505456954,0.0601513010185909
156.80397081375122,0.0027730034198611975,0.00067144725471735,0.0601513010185909
156.85018301010132,0.002799307694658637,0.0006055841804482043,0.0601513010185909
156.90362524986267,0.002804177813231945,0.00040048733353614807,0.0601513010185909
156.95366787910461,0.002798523288220167,0.0001962695096153766,0.0601513010185909
157.00351524353027,0.002790054539218545,5.2158931794110686e-05,0.0601513010185909
157.0535707473755,0.0027828682214021683,-2.428030529699754e-05,0.0601513010185909
157.1038854122162,0.0027783282566815615,-4.96308202855289e-05,0.0601513010185909
157.15369629859924,0.0027762397658079863,-4.5876371586928144e-05,0.0601513010185909
157.1973261833191,0.0027758001815527678,-3.414479942875914e-05,0.0601513010185909
157.25313758850098,0.0027761952951550484,-1.5462090232176706e-05,0.0601513010185909
157.29933190345764,0.002776698675006628,-6.191199190652696e-06,0.0601513010185909
157.34776377677917,0.002777275862172246,7.496760190406349e-07,0.0601513010185909
157.39720344543457,0.0027776677161455154,3.4771678656397853e-06,0.0601513010185909
157.44686031341553,0.002777866320684552,3.618056325649377e-06,0.0601513010185909
157.49780321121216,0.0027779247611761093,2.6195834834652487e-06,0.0601513010185909
157.5468873977661,0.0027779066003859043,1.4294454331320594e-06,0.0601513010185909
157.5996036529541,0.002777861198410392,5.060527996647579e-07,0.0601513010185909
157.6478796005249,0.0027778176590800285,-3.3998102111354456e-08,0.0601513010185909
157.7035882472992,0.0027777832001447678,-2.692309237772861e-07,0.0601513010185909
157.7541949748993,0.002777770161628723,-2.6236327244077984e-07,0.0601513010185909
157.8037028312683,0.002777766901999712,-1.8270587531787896e-07,0.0601513010185909
157.84799718856812,0.0027777680661529303,-1.1164689084353085e-07,0.0601513010185909
157.90312361717224,0.0027777720242738724,-3.0480546087119365e-08,0.0601513010185909
157.94808912277222,0.0027777748182415962,8.105929816260016e-10,0.0601513010185909
157.99807500839233,0.002777776913717389,1.839009655668633e-08,0.0601513010185909
158.04785680770874,0.002777778310701251,2.047440084140817e-08,0.0601513010185909
158.09994387626648,0.0027777787763625383,1.4035047790628141e-08,0.0601513010185909
158.1539168357849,0.0027777785435318947,7.480053909603157e-09,0.0601513010185909
158.2035460472107,0.002777778310701251,2.5091795308185283e-09,0.0601513010185909
158.2542164325714,0.0027777780778706074,-3.3516225905749764e-10,0.0601513010185909
158.30360007286072,0.0027777778450399637,-1.4447021357000267e-09,0.0601513010185909
158.3537266254425,0.0027777778450399637,-1.493183354739358e-09,0.0601513010185909
158.397292137146,0.0027777778450399637,-1.175541664011348e-09,0.0601513010185909
158.4483082294464,0.0027777778450399637,-6.782113204373275e-10,0.0601513010185909
158.4972813129425,0.0027777778450399637,-2.686899591708425e-10,0.0601513010185909
158.54780101776123,0.0027777778450399637,-1.623391351901482e-11,0.0601513010185909
158.5985426902771,0.0027777778450399637,9.569563891309585e-11,0.0601513010185909
158.64790654182434,0.0027777778450399637,1.1522458681634262e-10,0.0601513010185909
158.6978154182434,0.0027777778450399637,8.981227567206318e-11,0.0601513010185909
158.747896194458,0.0027777778450399637,5.275314213237792e-11,0.0601513010185909
158.80332612991333,0.0027777778450399637,1.6715972356307063e-11,0.0601513010185909
158.8475329875946,0.0027777778450399637,2.0435242040206525e-12,0.0601513010185909
158.89809322357178,0.0027777778450399637,-6.852383244160265e-12,0.0601513010185909
158.94776153564453,0.0027777778450399637,-8.624836955739568e-12,0.0601513010185909
158.99804544448853,0.0027777778450399637,-6.85455858739914e-12,0.0601513010185909
159.0476839542389,0.0027777778450399637,-4.098011860409478e-12,0.0601513010185909
159.09767246246338,0.0027777778450399637,-1.7290344503373412e-12,0.0601513010185909
159.14772868156433,0.0027777778450399637,-2.1753866069618155e-13,0.0601513010185909
159.19725155830383,0.0027777778450399637,4.877990372742502e-13,0.0601513010185909
159.2473669052124,0.0027777778450399637,6.445677325217503e-13,0.0601513010185909
159.29737544059753,0.0027777778450399637,5.225863144997511e-13,0.0601513010185909
159.34958148002625,0.0027777778450399637,3.179401186770292e-13,0.0601513010185909
159.39771509170532,0.0027777778450399637,1.3805970255909017e-13,0.0601513010185909
159.4474971294403,0.0027777778450399637,2.1304139008471168e-14,0.0601513010185909
159.50305795669556,0.0027777778450399637,-3.9902976756156505e-14,0.0601513010185909
159.55307054519653,0.0027777778450399637,-4.7612955245135424e-14,0.0601513010185909
159.5976984500885,0.0027777778450399637,-3.980236279454985e-14,0.0601513010185909
159.6475694179535,0.0027777778450399637,-2.4629603911918707e-14,0.0601513010185909
159.69759678840637,0.0027777778450399637,-1.0984269049885143e-14,0.0601513010185909
159.74768781661987,0.0027777778450399637,-1.9810542095655137e-15,0.0601513010185909
159.7975800037384,0.0027777778450399637,2.4164698020356923e-15,0.0601513010185909
159.84752702713013,0.0027777778450399637,3.58046925441613e-15,0.0601513010185909
159.89777135849,0.0027777778450399637,3.0270924655795284e-15,0.0601513010185909
159.9473729133606,0.0027777778450399637,1.902124291408569e-15,0.0601513010185909
159.99753785133362,0.0027777778450399637,8.656270145124267e-16,0.0601513010185909
160.04704546928406,0.0027777778450399637,1.726049858596923e-16,0.0601513010185909
160.09787130355835,0.0027777778450399637,-1.708702623837155e-16,0.0601513010185909
160.14753413200378,0.0027777778450399637,-2.636779683484747e-16,0.0601513010185909
160.19742441177368,0.0027777778450399637,-2.237793284010081e-16,0.0601513010185909
160.2531943321228,0.0027777778450399637,-1.214306433183765e-16,0.0601513010185909
160.30724930763245,0.0027777778450399637,-5.204170427930421e-17,0.0601513010185909
160.35319185256958,0.0027777778450399637,-1.3010426069826053e-17,0.0601513010185909
160.4034779071808,0.0027777778450399637,9.540979117872439e-18,0.0601513010185909
160.45376205444336,0.0027777778450399637,2.949029909160572e-17,0.0601513010185909
160.50379180908203,0.0027777778450399637,3.0357660829594124e-17,0.0601513010185909
160.55354642868042,0.0027777778450399637,3.0357660829594124e-17,0.0601513010185909
160.60353565216064,0.0027777778450399637,3.0357660829594124e-17,0.0601513010185909
160.65372824668884,0.0027777778450399637,3.0357660829594124e-17,0.0601513010185909
160.70290637016296,0.0027777778450399637,3.0357660829594124e-17,0.0601513010185909
160.7534441947937,0.0027777778450399637,3.0357660829594124e-17,0.0601513010185909
160.8040087223053,0.0027777778450399637,3.0357660829594124e-17,0.0601513010185909
160.85401153564453,0.0027777778450399637,3.0357660829594124e-17,0.0601513010185909
160.90406250953674,0.0027777778450399637,3.0357660829594124e-17,0.0601513010185909
160.95398831367493,0.0027777778450399637,3.0357660829594124e-17,0.0601513010185909
161.00411462783813,0.0027777778450399637,3.0357660829594124e-17,0.0601513010185909
161.0542390346527,0.0027777778450399637,3.0357660829594124e-17,0.0601513010185909
161.09809637069702,0.0027777778450399637,3.0357660829594124e-17,0.0601513010185909
161.14931416511536,0.0027777778450399637,3.0357660829594124e-17,0.0601513010185909
161.19956517219543,0.0027777778450399637,3.0357660829594124e-17,0.0601513010185909
161.24951791763306,0.0027777778450399637,3.0357660829594124e-17,0.0601513010185909
161.3015434741974,0.0027777778450399637,3.0357660829594124e-17,0.0601513010185909
161.3491714000702,0.0027777778450399637,3.0357660829594124e-17,0.0601513010185909
161.39897418022156,0.0027777778450399637,3.0357660829594124e-17,0.0601513010185909
161.44914150238037,0.0027777778450399637,3.0357660829594124e-17,0.0601513010185909
161.49923753738403,0.0027777778450399637,3.0357660829594124e-17,0.0601513010185909
161.55028748512268,0.0027777778450399637,3.0357660829594124e-17,0.0601513010185909
161.59961199760437,0.0027777778450399637,3.0357660829594124e-17,0.0601513010185909
161.64947128295898,0.0027777778450399637,3.0357660829594124e-17,0.0601513010185909
161.70408296585083,0.0027777778450399637,3.0357660829594124e-17,0.0601513010185909
161.75419878959656,0.0027777778450399637,3.0357660829594124e-17,0.0601513010185909
161.80429339408875,0.0027777778450399637,3.0357660829594124e-17,0.0601513010185909
161.85410404205322,0.0027777778450399637,3.0357660829594124e-17,0.0601513010185909
161.90410804748535,0.0027777778450399637,3.0357660829594124e-17,0.0601513010185909
161.95434308052063,0.0027777778450399637,3.0357660829594124e-17,0.0601513010185909
162.00052618980408,0.0027777778450399637,3.0357660829594124e-17,0.0601513010185909
162.05343770980835,0.0027777778450399637,3.0357660829594124e-17,0.0601513010185909
162.1031265258789,0.0027777778450399637,3.0357660829594124e-17,0.0601513010185909
162.14728260040283,0.0027777778450399637,3.0357660829594124e-17,0.0601513010185909
162.19760870933533,0.0027777778450399637,3.0357660829594124e-17,0.0601513010185909
162.24747014045715,0.0027777778450399637,3.0357660829594124e-17,0.0601513010185909
162.29782032966614,0.0027777778450399637,3.0357660829594124e-17,0.0601513010185909
162.34719729423523,0.0014428747817873955,-0.011483544483780861,0.0601513010185909
162.39768862724304,0.0013345436891540885,-0.006549770012497902,0.0601513010185909
162.447368144989,0.0008302496862597764,-0.00898949708789587,0.0601513010185909
162.49758744239807,0.0012537505244836211,-0.0009456506231799722,0.0601513010185909
162.54775547981262,0.0009988798992708325,-0.0037042000330984592,0.0601513010185909
162.59853672981262,0.0014789496781304479,0.0026583303697407246,0.0601513010185909
162.64773297309875,0.0011822243686765432,-0.0018681983929127455,0.0601513010185909
162.69762420654297,0.0002559929562266916,-0.008276848122477531,0.0601513010185909
162.747642993927,-0.00021212025603745133,-0.008576670661568642,0.0601513010185909
162.7976429462433,-0.00034881383180618286,-0.0061952704563736916,0.0601513010185909
162.847758769989,-0.00030481891008093953,-0.003372110892087221,0.0601513010185909
162.89754796028137,-0.00019698066171258688,-0.0011871802853420377,0.0601513010185909
162.94719076156616,-9.358035458717495e-05,8.769210398895666e-05,0.0601513010185909
162.9973063468933,-2.230897189292591e-05,0.0006032935925759375,0.0601513010185909
163.053466796875,1.8412738427286968e-05,0.0006217119516804814,0.0601513010185909
163.10346961021423,2.6105635697604157e-05,0.00043196429032832384,0.0601513010185909
163.15348982810974,2.1735737391281873e-05,0.00022505593369714916,0.0601513010185909
163.20331740379333,1.3522741028282326e-05,7.138300861697644e-05,0.0601513010185909
163.2534692287445,6.080459115764825e-06,-1.473903284932021e-05,0.0601513010185909
163.30343675613403,1.1422667967053712e-06,-4.699125565821305e-05,0.0601513010185909
163.35347247123718,-1.2883753015557886e-06,-4.693902883445844e-05,0.0601513010185909
163.40356850624084,-1.943461029441096e-06,-3.3187108783749864e-05,0.0601513010185909
163.45330333709717,-1.6531141682207817e-06,-1.7641394151723944e-05,0.0601513010185909
163.504563331604,-1.0463077160238754e-06,-5.8812670431507286e-06,0.0601513010185909
163.55281567573547,-4.826389954359911e-07,8.318171467180946e-07,0.0601513010185909
163.60343956947327,-1.0215869394869515e-07,3.4385730032227e-06,0.0601513010185909
163.64791750907898,6.392900075979924e-08,3.6455662666412536e-06,0.0601513010185909
163.69743967056274,1.4117593138962548e-07,2.7812768621515715e-06,0.0601513010185909
163.74707221984863,1.3267718657061778e-07,1.6008112879717373e-06,0.0601513010185909
163.79823088645935,9.026069847095641e-08,6.314003258012235e-07,0.0601513010185909
163.84754347801208,4.585122326261626e-08,3.514779223223741e-08,0.0601513010185909
163.89946866035461,1.3585457203646456e-08,-2.2827413204140612e-07,0.0601513010185909
163.94746470451355,-4.0868575190700085e-09,-2.733402482135716e-07,0.0601513010185909
164.0031909942627,-1.0710262010604765e-08,-1.9527395522800362e-07,0.0601513010185909
164.0531506538391,-9.531015976449453e-09,-1.0789160853619251e-07,0.0601513010185909
164.10323905944824,-6.242524275279493e-09,-3.923464575450453e-08,0.0601513010185909
164.1498818397522,-3.601447362555632e-09,-4.585608337492886e-09,0.0601513010185909
164.19761967658997,-1.129109472586265e-09,1.6357409649003785e-08,0.0601513010185909
164.24715113639832,2.507969387721687e-10,2.046427027835307e-08,0.0601513010185909
164.29761576652527,7.632825482772887e-10,1.6222019283418376e-08,0.0601513010185909
164.34980082511902,7.575986504804177e-10,9.675986234469747e-09,0.0601513010185909
164.397714138031,5.335866193334482e-10,4.066602610208747e-09,0.0601513010185909
164.44772291183472,2.8240648708433014e-10,4.956303145675633e-10,0.0601513010185909
164.4973554611206,9.316268589909527e-11,-1.1654113230008534e-09,0.0601513010185909
164.54812717437744,-1.4431690217864279e-11,-1.5297276778625246e-09,0.0601513010185909
164.59763431549072,-5.5889969735600786e-11,-1.2369514301724394e-09,0.0601513010185909
164.65003275871277,-5.4705344421090984e-11,-6.560263443589065e-10,0.0601513010185909
164.69756746292114,-4.096090827632182e-11,-3.248396829302891e-10,0.0601513010185909
164.75045084953308,-1.875071625745406e-11,-1.227751494220497e-11,0.0601513010185909
164.79791116714478,-7.638969318213285e-12,8.248340899186246e-11,0.0601513010185909
164.84759902954102,7.389457427030288e-13,1.1416282502674235e-10,0.0601513010185909
164.8977828025818,4.0796762669492725e-12,9.421960434075061e-11,0.0601513010185909
164.95305514335632,4.1373406436950866e-12,5.105067063526647e-11,0.0601513010185909
164.9976348876953,3.141083096749875e-12,2.5876497125598696e-11,0.0601513010185909
165.04770827293396,1.7283003370463512e-12,4.5873877613233915e-12,0.0601513010185909
165.10432147979736,4.56605564989887e-13,-6.8264608375778746e-12,0.0601513010185909
165.15429592132568,-1.0861292740844616e-13,-8.458009466416616e-12,0.0601513010185909
165.20283699035645,-3.168089705504751e-13,-6.676706930386356e-12,0.0601513010185909
165.253244638443,-3.1253217245078013e-13,-3.967499939694363e-12,0.0601513010185909
165.3026659488678,-2.1930023172845453e-13,-1.6567960111485425e-12,0.0601513010185909
165.35328912734985,-1.155725770076929e-13,-1.9116270523998613e-13,0.0601513010185909
165.40323424339294,-3.772945633218408e-14,4.869925534882469e-13,0.0601513010185909
165.45323824882507,6.35504933995789e-15,6.324595794998666e-13,0.0601513010185909
165.5032937526703,2.321241953534038e-14,5.092226011520207e-13,0.0601513010185909
165.5473334789276,2.4331497442396134e-14,3.483256163974019e-13,0.0601513010185909
165.6031355857849,1.683841698615473e-14,1.3242694701237623e-13,0.0601513010185909
165.64704656600952,1.0515255895562122e-14,3.6618955480752224e-14,0.0601513010185909
165.69804406166077,4.086206369200308e-15,-2.7739190610297226e-14,0.0601513010185909
165.7492048740387,0.0013349030632525682,0.011483544483780861,0.0601513010185909
165.79792666435242,0.0027781373355537653,0.018033314496278763,0.0601513010185909
165.84789323806763,0.0033907622564584017,0.015539267100393772,0.0601513010185909
165.89683508872986,0.003471555421128869,0.009935147128999233,0.0601513010185909
165.94729256629944,0.003302925266325474,0.00464985053986311,0.0601513010185909
165.99751996994019,0.003077726112678647,0.0010458696633577347,0.0601513010185909
166.0481903553009,0.002894381759688258,-0.0007901319186203182,0.0601513010185909
166.10416460037231,0.0027682397048920393,-0.0013462258502840996,0.0601513010185909
166.14744472503662,0.004068448673933744,0.010303748771548271,0.0601513010185909
166.19744205474854,0.005503864958882332,0.017265988513827324,0.0601513010185909
166.24714827537537,0.006128395441919565,0.015171500854194164,0.0601513010185909
166.29691982269287,0.00622598547488451,0.009844588115811348,0.0601513010185909
166.34900164604187,0.006071315612643957,0.004703469108790159,0.0601513010185909
166.39778447151184,0.005854789633303881,0.0011450158199295402,0.0601513010185909
166.4471263885498,0.00701023917645216,0.010782888159155846,0.0601513010185909
166.50330209732056,0.008508238010108471,0.016739221289753914,0.0601513010185909
166.54754996299744,0.00890515185892582,0.014388499781489372,0.0601513010185909
166.59971070289612,0.008976875804364681,0.009175550192594528,0.0601513010185909
166.64808678627014,0.008819089271128178,0.0042785098776221275,0.0601513010185909
166.7032434940338,0.010272222571074963,0.01436653733253479,0.0601513010185909
166.7534785270691,0.011372675187885761,0.017111903056502342,0.0601513010185909
166.80285120010376,0.011763368733227253,0.013272195123136044,0.0601513010185909
166.85320854187012,0.01173845212906599,0.007759893778711557,0.0601513010185909
166.90284633636475,0.013245261274278164,0.017027486115694046,0.0601513010185909
166.94838571548462,0.014152057468891144,0.01874067634344101,0.0601513010185909
166.9975950717926,0.014596936292946339,0.014666843228042126,0.0601513010185909
167.05433869361877,0.014545108191668987,0.0075026219710707664,0.0601513010185909
167.10324358940125,0.014321213588118553,0.002765275537967682,0.0601513010185909
167.1535041332245,0.015800589695572853,0.013822817243635654,0.0601513010185909
167.19768023490906,0.01674710400402546,0.01693011075258255,0.0601513010185909
167.24761724472046,0.01726379804313183,0.01413693930953741,0.0601513010185909
167.2976360321045,0.01730850152671337,0.008816009387373924,0.0601513010185909
167.34747862815857,0.017139742150902748,0.003978291526436806,0.0601513010185909
167.39767050743103,0.01826462335884571,0.012244307436048985,0.0601513010185909
167.4473798274994,0.019541747868061066,0.01720554009079933,0.0601513010185909
167.49741172790527,0.02005549520254135,0.01427919790148735,0.0601513010185909
167.54798913002014,0.020094875246286392,0.008860118687152863,0.0601513010185909
167.59769487380981,0.01992134191095829,0.003967829514294863,0.0601513010185909
167.6474027633667,0.0210430771112442,0.012213736772537231,0.0601513010185909
167.69738602638245,0.02231866866350174,0.017175374552607536,0.0601513010185909
167.74742150306702,0.02283201552927494,0.014258028008043766,0.0601513010185909
167.79798555374146,0.0228715930134058,0.00884895958006382,0.0601513010185909
167.84809017181396,0.022698454558849335,0.003964184783399105,0.0601513010185909
167.89731073379517,0.023820551112294197,0.012214348651468754,0.0601513010185909
167.94718837738037,0.025096386671066284,0.017177613452076912,0.0601513010185909
167.99745154380798,0.025609852746129036,0.014260303229093552,0.0601513010185909
168.04672050476074,0.02564946375787258,0.008850585669279099,0.0601513010185909
168.0975513458252,0.02547631226480007,0.003965058829635382,0.0601513010185909
168.1478841304779,0.026598380878567696,0.01221464853733778,0.0601513010185909
168.19711303710938,0.027874186635017395,0.017177581787109375,0.0601513010185909
168.24770498275757,0.028387635946273804,0.014260140247642994,0.0601513010185909
168.30323386192322,0.028402697294950485,0.007772793993353844,0.0601513010185909
168.35336089134216,0.028210826218128204,0.003174622543156147,0.0601513010185909
168.3979730606079,0.02804124914109707,0.0007310361252166331,0.0601513010185909
168.44807624816895,0.029208727180957794,0.010627787560224533,0.0601513010185909
168.49733066558838,0.030552785843610764,0.016754189506173134,0.0601513010185909
168.54854154586792,0.03112422116100788,0.014454545453190804,0.0601513010185909
168.597669839859,0.03120049089193344,0.009250243194401264,0.0601513010185909
168.64769458770752,0.03104422613978386,0.004335026256740093,0.0601513010185909
168.69750380516052,0.030834946781396866,0.0009802506538107991,0.0601513010185909
168.74747276306152,0.03199927881360054,0.01075279526412487,0.0601513010185909
168.79759621620178,0.0333382673561573,0.01678990200161934,0.0601513010185909
168.8468496799469,0.03390529751777649,0.014441901817917824,0.0601513010185909
168.89764833450317,0.03397873044013977,0.009220768697559834,0.0601513010185909
168.94732069969177,0.03382112830877304,0.0043070269748568535,0.0601513010185909
168.997576713562,0.03361153602600098,0.000961067620664835,0.0601513010185909
169.0535969734192,0.035115890204906464,0.012958114966750145,0.0601513010185909
169.09764885902405,0.03611544519662857,0.016786906868219376,0.0601513010185909
169.1532702445984,0.036727726459503174,0.013494094833731651,0.0601513010185909
169.20290684700012,0.03673636168241501,0.008152126334607601,0.0601513010185909
169.25299167633057,0.036557141691446304,0.003499663434922695,0.0601513010185909
169.3028643131256,0.036350589245557785,0.000500786118209362,0.0601513010185909
169.35303139686584,0.03619284927845001,-0.0009188787080347538,0.0601513010185909
169.39734625816345,0.03745003789663315,0.01023738645017147,0.0601513010185909
169.44762134552002,0.03884798288345337,0.016936689615249634,0.0601513010185909
169.49748706817627,0.039453454315662384,0.014826890081167221,0.0601513010185909
169.54731798171997,0.03954537212848663,0.009594276547431946,0.0601513010185909
169.59772491455078,0.0393923744559288,0.004566409159451723,0.0601513010185909
169.64735794067383,0.039180148392915726,0.0010961276711896062,0.0601513010185909
169.69728207588196,0.0390048548579216,-0.0006978119490668178,0.0601513010185909
169.74724745750427,0.03889651224017143,-0.0012553241103887558,0.0601513010185909
169.79761838912964,0.04018319025635719,0.010358709841966629,0.0601513010185909
169.85132098197937,0.04179925471544266,0.017373938113451004,0.0601513010185909
169.89820528030396,0.04224119335412979,0.015178626403212547,0.0601513010185909
169.9472143650055,0.04233779385685921,0.009841231629252434,0.0601513010185909
169.99735498428345,0.042182501405477524,0.00469664391130209,0.0601513010185909
170.04699301719666,0.04196568951010704,0.0011387146078050137,0.0601513010185909
170.0975832939148,0.04178617522120476,-0.000704892969224602,0.0601513010185909
170.14738655090332,0.041675008833408356,-0.0012814207002520561,0.0601513010185909
170.19758367538452,0.04162536934018135,-0.0011513697681948543,0.0601513010185909
170.2476828098297,0.041616376489400864,-0.0007593785412609577,0.0601513010185909
170.2975995540619,0.042962171137332916,0.011112705804407597,0.0601513010185909
170.3496835231781,0.04442155361175537,0.017935901880264282,0.0601513010185909
170.39757657051086,0.045047834515571594,0.015586432069540024,0.0601513010185909
170.44753456115723,0.04513723403215408,0.010029897093772888,0.0601513010185909
170.49768948554993,0.04497254639863968,0.004737088456749916,0.0601513010185909
170.5472822189331,0.044748157262802124,0.001104400958865881,0.0601513010185909
170.59955835342407,0.044564057141542435,-0.0007609085878357291,0.0601513010185909
170.6478340625763,0.04445090889930725,-0.0013302653096616268,0.0601513010185909
170.6973752975464,0.044400982558727264,-0.0011828828137367964,0.0601513010185909
170.74734044075012,0.04439249634742737,-0.0007743157329969108,0.0601513010185909
170.7973096370697,0.04440408945083618,-0.0003743684501387179,0.0601513010185909
170.84768176078796,0.045755717903375626,0.011388477869331837,0.0601513010185909
170.8982527256012,0.04721296578645706,0.018084632232785225,0.0601513010185909
170.94726634025574,0.047834351658821106,0.015637723729014397,0.0601513010185909
170.99749302864075,0.04791911691427231,0.010024817660450935,0.0601513010185909
171.04750204086304,0.04775125905871391,0.004709561821073294,0.0601513010185909
171.09748339653015,0.047525253146886826,0.0010753960814327002,0.0601513010185909
171.1471095085144,0.04734066128730774,-0.0007820570608600974,0.0601513010185909
171.19737219810486,0.0472276508808136,-0.001341892289929092,0.0601513010185909
171.24739789962769,0.047178082168102264,-0.0011870665475726128,0.0601513010185909
171.2977921962738,0.04716994985938072,-0.0007741156732663512,0.0601513010185909
171.3496015071869,0.047181788831949234,-0.0003723657282534987,0.0601513010185909
171.39735674858093,0.047198642045259476,-9.288373257732019e-05,0.0601513010185909
171.45333337783813,0.048915766179561615,0.013946395367383957,0.0601513010185909
171.50359725952148,0.050180982798337936,0.018133370205760002,0.0601513010185909
171.55298352241516,0.050665196031332016,0.014606921933591366,0.0601513010185909
171.6038727760315,0.05067620053887367,0.008837206289172173,0.0601513010185909
171.65315508842468,0.05048308148980141,0.003802754683420062,0.0601513010185909
171.70321249961853,0.0502597913146019,0.0005530479829758406,0.0601513010185909
171.7533197402954,0.05008900165557861,-0.000988394021987915,0.0601513010185909
171.803457736969,0.0499904602766037,-0.001353711704723537,0.0601513010185909
171.8532247543335,0.04995141550898552,-0.001112845609895885,0.0601513010185909
171.89776968955994,0.04994765669107437,-0.0007719264249317348,0.0601513010185909
171.94713139533997,0.04995961859822273,-0.00037007994251325727,0.0601513010185909
171.99786853790283,0.04997650906443596,-9.122557094087824e-05,0.0601513010185909
172.04721069335938,0.04999055340886116,5.384668111219071e-05,0.0601513010185909
172.09943771362305,0.04999927803874016,9.96873714029789e-05,0.0601513010185909
172.14808130264282,0.05000319331884384,8.999046985991299e-05,0.0601513010185909
172.19788098335266,0.05000392347574234,5.955124652246013e-05,0.0601513010185909
172.24716472625732,0.050003085285425186,2.9209322747192346e-05,0.0601513010185909
172.29749274253845,0.051336728036403656,0.011491327546536922,0.0601513010185909
172.35030150413513,0.05295899882912636,0.01802786998450756,0.0601513010185909
172.39763045310974,0.05339084565639496,0.01553189754486084,0.0601513010185909
172.44759845733643,0.05347132682800293,0.009928329847753048,0.0601513010185909
172.49748945236206,0.05330263078212738,0.0046452609822154045,0.0601513010185909
172.54762625694275,0.053077492862939835,0.0010435685981065035,0.0601513010185909
172.59782552719116,0.052894242107868195,-0.0007907883264124393,0.0601513010185909
172.6476080417633,0.05278237536549568,-0.0013382640900090337,0.0601513010185909
172.6976020336151,0.052733536809682846,-0.0011792522855103016,0.0601513010185909
172.7476089000702,0.052725743502378464,-0.0007668099133297801,0.0601513010185909
172.79745531082153,0.052737656980752945,-0.0003674128092825413,0.0601513010185909
172.85446190834045,0.05275760591030121,-5.166814662516117e-05,0.0601513010185909
172.9037687778473,0.052770569920539856,6.923108594492078e-05,0.0601513010185909
172.9537398815155,0.05277818441390991,0.00010030907287728041,0.0601513010185909
173.0042712688446,0.052781298756599426,8.416276250500232e-05,0.0601513010185909
173.05387091636658,0.052781589329242706,5.269003304420039e-05,0.0601513010185909
173.10343670845032,0.052780598402023315,2.3916249119793065e-05,0.0601513010185909
173.1535108089447,0.05277935415506363,4.704691946244566e-06,0.0601513010185909
173.1978099346161,0.05277853086590767,-3.5795269468508195e-06,0.0601513010185909
173.24818086624146,0.052777860313653946,-7.327212188101839e-06,0.0601513010185909
173.29757452011108,0.052777551114559174,-6.775082965759793e-06,0.0601513010185909
173.34749817848206,0.0527774877846241,-4.558950877253665e-06,0.0601513010185909
173.3977119922638,0.054112449288368225,0.011481259018182755,0.0601513010185909
173.44751644134521,0.05555577576160431,0.018032662570476532,0.0601513010185909
173.49763369560242,0.05616848170757294,0.015539498999714851,0.0601513010185909
173.55308771133423,0.056227922439575195,0.008784545585513115,0.0601513010185909
173.60297203063965,0.05603581294417381,0.003778981976211071,0.0601513010185909
173.65295147895813,0.05581377446651459,0.0005484931753017008,0.0601513010185909
173.7030746936798,0.05564397946000099,-0.0009834574302658439,0.0601513010185909
173.75315594673157,0.055546026676893234,-0.0013461895287036896,0.0601513010185909
173.80324864387512,0.05550722777843475,-0.0011064258869737387,0.0601513010185909
173.85398244857788,0.05550489202141762,-0.0006810019258409739,0.0601513010185909
173.8978567123413,0.055515408515930176,-0.000367804808774963,0.0601513010185909
173.94776701927185,0.05553220584988594,-9.058637078851461e-05,0.0601513010185909
173.9978358745575,0.055546168237924576,5.360437717172317e-05,0.0601513010185909
174.04767537117004,0.055554840713739395,9.914169640978798e-05,0.0601513010185909
174.09950828552246,0.05555873364210129,8.947560854721814e-05,0.0601513010185909
174.1469328403473,0.05555945634841919,5.920006151427515e-05,0.0601513010185909
174.19774055480957,0.055558621883392334,2.903035237977747e-05,0.0601513010185909
174.24733805656433,0.05555737018585205,7.730265679128934e-06,0.0601513010185909
174.29750180244446,0.05555630847811699,-3.5738778478844324e-06,0.0601513010185909
174.34736323356628,0.055555637925863266,-7.327726507355692e-06,0.0601513010185909
174.39888167381287,0.055555328726768494,-6.778063379897503e-06,0.0601513010185909
174.44768834114075,0.05555526539683342,-4.562106823868817e-06,0.0601513010185909
174.4975824356079,0.0555553212761879,-2.2868903215567116e-06,0.0601513010185909
174.54751348495483,0.05555541440844536,-6.520196507153742e-07,0.0601513010185909
174.597571849823,0.055555496364831924,2.3278737160126184e-07,0.0601513010185909
174.6475486755371,0.0555555485188961,5.403446152740798e-07,0.0601513010185909
174.69746136665344,0.055555570870637894,5.128673592480482e-07,0.0601513010185909
174.74730038642883,0.05555557832121849,3.511872250783199e-07,0.0601513010185909
174.79758048057556,0.05555557459592819,1.7982246447445505e-07,0.0601513010185909
174.84739542007446,0.055555567145347595,5.447056139473716e-08,0.0601513010185909
174.89880752563477,0.055555559694767,-1.4680766824426428e-08,0.0601513010185909
174.9473786354065,0.0555555559694767,-3.9745060576024116e-08,0.0601513010185909
174.99762988090515,0.0555555559694767,-3.8760695986184146e-08,0.0601513010185909
175.0475368499756,0.0555555559694767,-2.70052087358863e-08,0.0601513010185909
175.09786891937256,0.0555555559694767,-1.4115304480810664e-08,0.0601513010185909
175.14757466316223,0.0555555559694767,-4.5140984283875696e-09,0.0601513010185909
175.2034707069397,0.0555555559694767,1.5165766420466298e-09,0.0601513010185909
175.24806213378906,0.05689045786857605,0.01148354634642601,0.0601513010185909
175.3034782409668,0.05851396545767784,0.018032720312476158,0.0601513010185909
175.34808778762817,0.05894631892442703,0.015539268031716347,0.0601513010185909
175.39766359329224,0.059027113020420074,0.009935148060321808,0.0601513010185909
175.4477982521057,0.05752357840538025,-0.006833693012595177,0.0601513010185909
175.49765753746033,0.05585514381527901,-0.01698744297027588,0.0601513010185909
175.55267095565796,0.056683167815208435,-0.00162813242059201,0.0601513010185909
175.60337924957275,0.057832054793834686,0.007902499288320541,0.0601513010185909
175.6536602973938,0.05846644565463066,0.009637268260121346,0.0601513010185909
175.7033257484436,0.05869683995842934,0.007554852403700352,0.0601513010185909
175.75357270240784,0.05868833139538765,0.0044609480537474155,0.0601513010185909
175.80344009399414,0.058580879122018814,0.001842584810219705,0.0601513010185909
175.8477909564972,0.05848478153347969,0.00044328224612399936,0.0601513010185909
175.90333461761475,0.058374859392642975,-0.000564933056011796,0.0601513010185909
175.95343780517578,0.058325354009866714,-0.0007210436160676181,0.0601513010185909
176.00318479537964,0.05830667167901993,-0.0005764144007116556,0.0601513010185909
176.04822278022766,0.05830564349889755,-0.0003923571202903986,0.0601513010185909
176.0985517501831,0.058312516659498215,-0.00018197738972958177,0.0601513010185909
176.1474094390869,0.058321524411439896,-3.943122646887787e-05,0.0601513010185909
176.19756817817688,0.05832879990339279,3.262095560785383e-05,0.0601513010185909
176.24695587158203,0.05833321809768677,5.366927871364169e-05,0.0601513010185909
176.2977249622345,0.05833512544631958,4.6907061914680526e-05,0.0601513010185909
176.3474724292755,0.05833541229367256,3.0315741241793148e-05,0.0601513010185909
176.39763975143433,0.05833492428064346,1.440442974853795e-05,0.0601513010185909
176.4536497592926,0.05833412706851959,1.9097276435786625e-06,0.0601513010185909
176.4978210926056,0.05833369866013527,-2.225828893642756e-06,0.0601513010185909
176.54775285720825,0.05833335593342781,-3.97847952626762e-06,0.0601513010185909
176.5976550579071,0.058333203196525574,-3.5588611808634596e-06,0.0601513010185909
176.6476013660431,0.058333177119493484,-2.3397376480716048e-06,0.0601513010185909
176.70356726646423,0.058333221822977066,-9.35970149384957e-07,0.0601513010185909
176.747740983963,0.05833326280117035,-2.9467872764143976e-07,0.0601513010185909
176.79770755767822,0.05833330377936363,1.4945574378089077e-07,0.0601513010185909
176.84988641738892,0.05833332985639572,2.9429853043438925e-07,0.0601513010185909
176.89726614952087,0.05833334103226662,2.6970923272529035e-07,0.0601513010185909
176.94775247573853,0.058333344757556915,1.8037933102732495e-07,0.0601513010185909
176.99712538719177,0.05833334103226662,8.969273324055393e-08,0.0601513010185909
177.04679441452026,0.05833333730697632,2.4956136712717125e-08,0.0601513010185909
177.09721493721008,0.05833333730697632,-9.827727964761834e-09,0.0601513010185909
177.14833664894104,0.05833333358168602,-2.1720714116213458e-08,0.0601513010185909
177.1971845626831,0.05833333358168602,-2.0416576873572012e-08,0.0601513010185909
177.24677062034607,0.05833333358168602,-1.389101633719747e-08,0.0601513010185909
177.29743456840515,0.05833333358168602,-7.057419537659371e-09,0.0601513010185909
177.34849190711975,0.05833333358168602,-2.091884443444769e-09,0.0601513010185909
177.3983657360077,0.05833333358168602,6.281308806421748e-10,0.0601513010185909
177.44694089889526,0.05833333358168602,1.5991936663795059e-09,0.0601513010185909
177.49845814704895,0.05833333358168602,1.5436949496461239e-09,0.0601513010185909
177.54853701591492,0.05833333358168602,1.0685993201420274e-09,0.0601513010185909
177.59783387184143,0.05833333358168602,5.543286385467638e-10,0.0601513010185909
177.64696335792542,0.05833333358168602,1.7385123896040966e-10,0.0601513010185909
177.6966872215271,0.05833333358168602,-3.8533537471963086e-11,0.0601513010185909
177.74760150909424,0.05833333358168602,-1.1743100936101314e-10,0.0601513010185909
177.797132730484,0.05833333358168602,-1.1657837195588883e-10,0.0601513010185909
177.8490011692047,0.05833333358168602,-8.211697988258493e-11,0.0601513010185909
177.89845156669617,0.05833333358168602,-4.346692450418743e-11,0.0601513010185909
177.94776463508606,0.05833333358168602,-1.4343734533461827e-11,0.0601513010185909
177.99766731262207,0.05833333358168602,2.216254957332353e-12,0.0601513010185909
178.05302667617798,0.05833333358168602,9.00556018645915e-12,0.0601513010185909
178.1034915447235,0.05833333358168602,8.418335473159289e-12,0.0601513010185909
178.14816784858704,0.05833333358168602,6.303846333821639e-12,0.0601513010185909
178.19673895835876,0.05833333358168602,3.4030694928688376e-12,0.0601513010185909
178.24674558639526,0.05833333358168602,1.1761008833488518e-12,0.0601513010185909
178.29719877243042,0.05833333358168602,-1.1345091532888318e-13,0.0601513010185909
178.34726452827454,0.05833333358168602,-6.277894870621026e-13,0.0601513010185909
178.39827728271484,0.05833333358168602,-6.624839565816387e-13,0.0601513010185909
178.4470179080963,0.05833333358168602,-4.833078381949463e-13,0.0601513010185909
178.49762105941772,0.05833333358168602,-2.6587065882210936e-13,0.0601513010185909
178.54707193374634,0.05833333358168602,-9.572898029830412e-14,0.0601513010185909
178.5978615283966,0.05833333358168602,4.524158825347513e-15,0.0601513010185909
178.64706087112427,0.05833333358168602,4.578282197797989e-14,0.0601513010185909
178.69800662994385,0.05833333358168602,4.9960036108132044e-14,0.0601513010185909
178.74694418907166,0.05833333358168602,3.7039815659056785e-14,0.0601513010185909
178.8036117553711,0.05833333358168602,1.7763568394002505e-14,0.0601513010185909
178.85322332382202,0.05833333358168602,5.745404152435185e-15,0.0601513010185909
178.9035267829895,0.05833333358168602,-9.853229343548264e-16,0.0601513010185909
178.9529047012329,0.05833333358168602,-3.594347042223944e-15,0.0601513010185909
178.99823665618896,0.05833333358168602,-3.747002708109903e-15,0.0601513010185909
179.04766631126404,0.05833333358168602,-2.8171909249863347e-15,0.0601513010185909
179.09765577316284,0.05833333358168602,-1.6375789613221059e-15,0.0601513010185909
179.1476924419403,0.05833333358168602,-6.38378239159465e-16,0.0601513010185909
179.19744491577148,0.05833333358168602,4.163336342344337e-17,0.0601513010185909
179.24819040298462,0.05833333358168602,4.163336342344337e-16,0.0601513010185909
179.29757237434387,0.05833333358168602,4.996003610813204e-16,0.0601513010185909
179.34953713417053,0.05966823548078537,0.011483543552458286,0.0601513010185909
179.39764046669006,0.06111146882176399,0.018033312633633614,0.0601513010185909
179.44752049446106,0.06172409653663635,0.015539265237748623,0.0601513010185909
179.4976167678833,0.060469985008239746,-0.001548397121950984,0.0601513010185909
179.5492012500763,0.05885812267661095,-0.013383463025093079,0.0601513010185909
179.59887218475342,0.058020297437906265,-0.014493395574390888,0.0601513010185909
179.64733028411865,0.05775615945458412,-0.010725278407335281,0.0601513010185909
179.69873428344727,0.05914774537086487,0.005495195742696524,0.0601513010185909
179.74945497512817,0.060767289251089096,0.01580764725804329,0.0601513010185909
179.79791593551636,0.061555441468954086,0.015562071464955807,0.0601513010185909
179.8495433330536,0.06042518466711044,-0.0005776653997600079,0.0601513010185909
179.8980107307434,0.058879006654024124,-0.012294227257370949,0.0601513010185909
179.95077681541443,0.05797329545021057,-0.013223833404481411,0.0601513010185909
180.00036215782166,0.059487491846084595,0.004511530511081219,0.0601513010185909
180.05096864700317,0.06082567200064659,0.013044018298387527,0.0601513010185909
180.09956169128418,0.06139320135116577,0.01331917941570282,0.0601513010185909
180.14900016784668,0.06030511111021042,-0.001595709822140634,0.0601513010185909
180.1967077255249,0.05881195887923241,-0.012494477443397045,0.0601513010185909
180.2468180656433,0.05803803727030754,-0.013466931879520416,0.0601513010185909
180.3007423877716,0.0594908744096756,0.004828793928027153,0.0601513010185909
180.35004901885986,0.06083736941218376,0.013298364356160164,0.0601513010185909
180.39958119392395,0.06140539422631264,0.013492647558450699,0.0601513010185909
180.44970035552979,0.05995434522628784,-0.004801906179636717,0.0601513010185909
180.49951195716858,0.05881718546152115,-0.01247672364115715,0.0601513010185909
180.55021262168884,0.05795628949999809,-0.01299448125064373,0.0601513010185909
180.60027194023132,0.059490691870450974,0.004805099684745073,0.0601513010185909
180.64999055862427,0.060836512595415115,0.013278981670737267,0.0601513010185909
180.69666385650635,0.061404481530189514,0.013479246757924557,0.0601513010185909
180.74695682525635,0.06031360104680061,-0.001521359896287322,0.0601513010185909
180.7978117465973,0.058816779404878616,-0.012478266842663288,0.0601513010185909
180.84758353233337,0.058039888739585876,-0.013480146415531635,0.0601513010185909
180.89725351333618,0.059130795300006866,0.0015210126293823123,0.0601513010185909
180.94805002212524,0.060627639293670654,0.012478255666792393,0.0601513010185909
180.99738264083862,0.061404548585414886,0.01348028052598238,0.0601513010185909
181.0480501651764,0.06164855509996414,0.009962688200175762,0.0601513010185909
181.1010274887085,0.05986539646983147,-0.009125271812081337,0.0601513010185909
181.14716482162476,0.05865252763032913,-0.01597425900399685,0.0601513010185909
181.1974709033966,0.05787668377161026,-0.015566779300570488,0.0601513010185909
181.2495276927948,0.059015773236751556,0.0006430710200220346,0.0601513010185909
181.296954870224,0.06056671962141991,0.012370267882943153,0.0601513010185909
181.34995341300964,0.06147415190935135,0.013277285732328892,0.0601513010185909
181.39719653129578,0.06165162846446037,0.010292096994817257,0.0601513010185909
181.44739484786987,0.06027207151055336,-0.005661801900714636,0.0601513010185909
181.49953842163086,0.05866483598947525,-0.0158123467117548,0.0601513010185909
181.54696941375732,0.05788551643490791,-0.015496657229959965,0.0601513010185909
181.5999104976654,0.05939096584916115,0.004122503567487001,0.0601513010185909
181.64701914787292,0.060568369925022125,0.01235254481434822,0.0601513010185909
181.69729113578796,0.061384256929159164,0.01370618399232626,0.0601513010185909
181.75315594673157,0.06165953725576401,0.009376393631100655,0.0601513010185909
181.80310153961182,0.05987710505723953,-0.008889671415090561,0.0601513010185909
181.84687852859497,0.05866415798664093,-0.015817930921912193,0.0601513010185909
181.89649152755737,0.05788514390587807,-0.015497652813792229,0.0601513010185909
181.94765090942383,0.05902040749788284,0.0006549570825882256,0.0601513010185909
181.99741101264954,0.060568373650312424,0.012354375794529915,0.0601513010185909
182.04674673080444,0.06138432025909424,0.013707729056477547,0.0601513010185909
182.0983214378357,0.06165082007646561,0.010272765532135963,0.0601513010185909
182.1482217311859,0.06160609796643257,0.005809637252241373,0.0601513010185909
182.19718527793884,0.06010742112994194,-0.009268072433769703,0.0601513010185909
182.2477457523346,0.058497779071331024,-0.01799178682267666,0.0601513010185909
182.29763507843018,0.05776629596948624,-0.01643284223973751,0.0601513010185909
182.34779334068298,0.058956507593393326,0.000519192370120436,0.0601513010185909
182.40124106407166,0.06077074632048607,0.013534567318856716,0.0601513010185909
182.4481885433197,0.061386678367853165,0.014040847308933735,0.0601513010185909
182.49791717529297,0.06166277825832367,0.01054655946791172,0.0601513010185909
182.5534245967865,0.05988918989896774,-0.008741592988371849,0.0601513010185909
182.60361552238464,0.058456696569919586,-0.0163074042648077,0.0601513010185909
182.65343403816223,0.057812441140413284,-0.014749551191926003,0.0601513010185909
182.7033703327179,0.05939216911792755,0.004103752318769693,0.0601513010185909
182.74759674072266,0.060568273067474365,0.012329431250691414,0.0601513010185909
182.79750037193298,0.0613834448158741,0.013686816208064556,0.0601513010185909
182.8497030735016,0.0616498738527298,0.01025968138128519,0.0601513010185909
182.90258765220642,0.06157739832997322,0.004983557853847742,0.0601513010185909
182.94933032989502,0.0601070299744606,-0.009269233793020248,0.0601513010185909
182.99744272232056,0.058497633785009384,-0.017990583553910255,0.0601513010185909
183.04837942123413,0.057766299694776535,-0.016430985182523727,0.0601513010185909
183.09817671775818,0.0589565709233284,0.0005207823123782873,0.0601513010185909
183.146648645401,0.06054656580090523,0.012598732486367226,0.0601513010185909
183.19674944877625,0.06138673424720764,0.01404131855815649,0.0601513010185909
183.2470669746399,0.06166280806064606,0.010546662844717503,0.0601513010185909
183.30342555046082,0.06159008666872978,0.005135946907103062,0.0601513010185909
183.35380911827087,0.059714216738939285,-0.012152467854321003,0.0601513010185909
183.4035120010376,0.05829348787665367,-0.01826021447777748,0.0601513010185909
183.4494595527649,0.0577680766582489,-0.01645003817975521,0.0601513010185909
183.49727582931519,0.05895640328526497,0.000494328502099961,0.0601513010185909
183.54736638069153,0.06054561957716942,0.012576874345541,0.0601513010185909
183.59751057624817,0.061385735869407654,0.014027804136276245,0.0601513010185909
183.64738082885742,0.06166208162903786,0.010540644638240337,0.0601513010185909
183.69769072532654,0.061618246138095856,0.005977001506835222,0.0601513010185909
183.74776363372803,0.060116395354270935,-0.009192336350679398,0.0601513010185909
183.80593180656433,0.05829351022839546,-0.01825825311243534,0.0601513010185909
183.8535439968109,0.05770203843712807,-0.015510586090385914,0.0601513010185909
183.9030566215515,0.05933646857738495,0.004070462193340063,0.0601513010185909
183.95326781272888,0.06076987087726593,0.013515555299818516,0.0601513010185909
184.00299787521362,0.06147823855280876,0.013572179712355137,0.0601513010185909
184.05399680137634,0.06167159229516983,0.009626333601772785,0.0601513010185909
184.10388779640198,0.05988885462284088,-0.008742251433432102,0.0601513010185909
184.1540069580078,0.058456581085920334,-0.016306081786751747,0.0601513010185909
184.20278215408325,0.05951334163546562,-0.0008701332262717187,0.0601513010185909
184.25400185585022,0.06064975634217262,0.008260276168584824,0.0601513010185909
184.30281281471252,0.061267171055078506,0.00972047820687294,0.0601513010185909
184.35408115386963,0.06148364767432213,0.007497155573219061,0.0601513010185909
184.4029185771942,0.05976570025086403,-0.009517338126897812,0.0601513010185909
184.45316767692566,0.05839695781469345,-0.016279570758342743,0.0601513010185909
184.5027792453766,0.05779724568128586,-0.01438869722187519,0.0601513010185909
184.55435347557068,0.05940032750368118,0.004500441253185272,0.0601513010185909
184.60274839401245,0.06080174073576927,0.013526012189686298,0.0601513010185909
184.6513967514038,0.06148720532655716,0.013401467353105545,0.0601513010185909
184.6966450214386,0.06166042760014534,0.010340098291635513,0.0601513010185909
184.74933385849,0.060276079922914505,-0.0056700618006289005,0.0601513010185909
184.79694938659668,0.05866564065217972,-0.015842076390981674,0.0601513010185909
184.84698057174683,0.05788472294807434,-0.015526806004345417,0.0601513010185909
184.8994390964508,0.0590193010866642,0.0006322046974673867,0.0601513010185909
184.9474217891693,0.060567304491996765,0.012340995483100414,0.0601513010185909
185.000248670578,0.06147317588329315,0.01325014978647232,0.0601513010185909
185.04761743545532,0.06165043264627457,0.010272233746945858,0.0601513010185909
185.09771299362183,0.06160597503185272,0.005811365786939859,0.0601513010185909
185.14710569381714,0.06010744720697403,-0.009265890344977379,0.0601513010185909
185.19745206832886,0.05849785730242729,-0.017990050837397575,0.0601513010185909
185.25424194335938,0.0577007457613945,-0.015491078607738018,0.0601513010185909
185.3030240535736,0.05933678150177002,0.004094577860087156,0.0601513010185909
185.3532612323761,0.06077077239751816,0.013534572906792164,0.0601513010185909
185.40423250198364,0.061479128897190094,0.0135834701359272,0.0601513010185909
185.45338344573975,0.06167221814393997,0.009631041437387466,0.0601513010185909
185.5031304359436,0.06159007176756859,0.0051359268836677074,0.0601513010185909
185.55283308029175,0.05971421301364899,-0.012152399867773056,0.0601513010185909
185.60309720039368,0.05829348787665367,-0.018260128796100616,0.0601513010185909
185.65306878089905,0.057701971381902695,-0.015512066893279552,0.0601513010185909
185.70347213745117,0.05933639779686928,0.004069581162184477,0.0601513010185909
185.7537522315979,0.06076981872320175,0.013515186496078968,0.0601513010185909
185.8031620979309,0.06147821247577667,0.01357213594019413,0.0601513010185909
185.85357189178467,0.06167158484458923,0.009626440703868866,0.0601513010185909
185.90371108055115,0.061589743942022324,0.005135531071573496,0.0601513010185909
185.94751262664795,0.06011639162898064,-0.009192341938614845,0.0601513010185909
185.9976077079773,0.05850277468562126,-0.01797710917890072,0.0601513010185909
186.04730534553528,0.05776814743876457,-0.016448376700282097,0.0601513010185909
186.0994930267334,0.05895647779107094,0.0004953741445206106,0.0601513010185909
186.14756989479065,0.060545675456523895,0.012577353045344353,0.0601513010185909
186.197523355484,0.06138576567173004,0.01402790192514658,0.0601513010185909
186.24781775474548,0.06166209280490875,0.01054055243730545,0.0601513010185909
186.30366277694702,0.061589740216732025,0.0051353913731873035,0.0601513010185909
186.34767413139343,0.06011638790369034,-0.00919246207922697,0.0601513010185909
186.39754009246826,0.05850277096033096,-0.017977185547351837,0.0601513010185909
186.44871139526367,0.057768143713474274,-0.01644841395318508,0.0601513010185909
186.49816417694092,0.05895647779107094,0.0004953659372404218,0.0601513010185909
186.54775428771973,0.060545675456523895,0.0125773586332798,0.0601513010185909
186.59958410263062,0.06138576567173004,0.0140279121696949,0.0601513010185909
186.64752650260925,0.06166209280490875,0.010540561750531197,0.0601513010185909
186.69756317138672,0.061618246138095856,0.005976861342787743,0.0601513010185909
186.74821400642395,0.06011638790369034,-0.009192459285259247,0.0601513010185909
186.7975676059723,0.05850277096033096,-0.017977185547351837,0.0601513010185909
186.84744095802307,0.057768143713474274,-0.01644841395318508,0.0601513010185909
186.8975100517273,0.05895647779107094,0.0004953651805408299,0.0601513010185909
186.94757747650146,0.060545675456523895,0.0125773586332798,0.0601513010185909
186.99749040603638,0.06138576567173004,0.0140279121696949,0.0601513010185909
187.0474512577057,0.06166209280490875,0.010540560819208622,0.0601513010185909
187.09976530075073,0.061589740216732025,0.005135396495461464,0.0601513010185909
187.15274047851562,0.05971410498023033,-0.012151005677878857,0.0601513010185909
187.19750022888184,0.05850277096033096,-0.017977185547351837,0.0601513010185909
187.2474262714386,0.059103045612573624,-0.004964869935065508,0.0601513010185909
187.2974772453308,0.06039971113204956,0.007045134902000427,0.0601513010185909
187.34807181358337,0.06115829944610596,0.010083310306072235,0.0601513010185909
187.39752101898193,0.061466559767723083,0.008423793129622936,0.0601513010185909
187.4472939968109,0.06015855818986893,-0.006228278856724501,0.0601513010185909
187.50327682495117,0.05840929225087166,-0.016127638518810272,0.0601513010185909
187.55328178405762,0.05780573934316635,-0.014327315613627434,0.0601513010185909
187.6032280921936,0.059404708445072174,0.00450542476028204,0.0601513010185909
187.65321707725525,0.060803093016147614,0.013505593873560429,0.0601513010185909
187.70318269729614,0.061486877501010895,0.013376237824559212,0.0601513010185909
187.75365567207336,0.061667270958423615,0.009408745914697647,0.0601513010185909
187.80304503440857,0.06158117577433586,0.004972259048372507,0.0601513010185909
187.8534598350525,0.05970624461770058,-0.012243304401636124,0.0601513010185909
187.90356397628784,0.058288246393203735,-0.018293552100658417,0.0601513010185909
187.95354390144348,0.059400301426649094,-0.001633667154237628,0.0601513010185909
188.00355195999146,0.06059325858950615,0.008239703252911568,0.0601513010185909
188.0531566143036,0.0612512044608593,0.010021349415183067,0.0601513010185909
188.09747886657715,0.061467159539461136,0.008437269367277622,0.0601513010185909
188.1470537185669,0.06015918031334877,-0.006220059469342232,0.0601513010185909
188.20356702804565,0.05840969830751419,-0.016124796122312546,0.0601513010185909
188.253564119339,0.057805947959423065,-0.014327151700854301,0.0601513010185909
188.3032350540161,0.05940476804971695,0.004504404496401548,0.0601513010185909
188.3485836982727,0.06058521941304207,0.01263178139925003,0.0601513010185909
188.39912819862366,0.061398301273584366,0.013851807452738285,0.0601513010185909
188.4488651752472,0.061659496277570724,0.010318096727132797,0.0601513010185909
188.49763536453247,0.06160998344421387,0.0057997857220470905,0.0601513010185909
188.55317735671997,0.05970622971653938,-0.01224332582205534,0.0601513010185909
188.60391211509705,0.05828824266791344,-0.018293479457497597,0.0601513010185909
188.65319561958313,0.05940030515193939,-0.0016335754189640284,0.0601513010185909
188.70313811302185,0.06059326231479645,0.008239775896072388,0.0601513010185909
188.75313091278076,0.0612512081861496,0.010021393187344074,0.0601513010185909
188.80354380607605,0.061489563435316086,0.007846510037779808,0.0601513010185909
188.85344886779785,0.059779174625873566,-0.009249604307115078,0.0601513010185909
188.90363025665283,0.05840969830751419,-0.016124801710247993,0.0601513010185909
188.95310306549072,0.057805947959423065,-0.014327158220112324,0.0601513010185909
189.00315308570862,0.05940476804971695,0.004504398908466101,0.0601513010185909
189.05354380607605,0.06080307438969612,0.01350436545908451,0.0601513010185909
189.10353064537048,0.06148683279752731,0.013375282287597656,0.0601513010185909
189.15391325950623,0.061667222529649734,0.009408186189830303,0.0601513010185909
189.19876885414124,0.06160998344421387,0.0057997857220470905,0.0601513010185909
189.24756407737732,0.060108136385679245,-0.009298469871282578,0.0601513010185909
189.29757285118103,0.05849693715572357,-0.018022015690803528,0.0601513010185909
189.3477280139923,0.05776504427194595,-0.01645415835082531,0.0601513010185909
189.39757084846497,0.058955442160367966,0.0005078958347439766,0.0601513010185909
189.44843983650208,0.060545820742845535,0.012593982741236687,0.0601513010185909
189.49774074554443,0.06138636916875839,0.014041411690413952,0.0601513010185909
189.55319118499756,0.061672188341617584,0.009633533656597137,0.0601513010185909
189.60401678085327,0.06159014627337456,0.005138232838362455,0.0601513010185909
189.65342354774475,0.05971430987119675,-0.012150848284363747,0.0601513010185909
189.7030849456787,0.05829356610774994,-0.018259350210428238,0.0601513010185909
189.75344109535217,0.05940290167927742,-0.0016342027811333537,0.0601513010185909
189.7984278202057,0.06039966642856598,0.007044106721878052,0.0601513010185909
189.8472182750702,0.061158254742622375,0.010082673281431198,0.0601513010185909
189.8993537425995,0.0614665262401104,0.008423508144915104,0.0601513010185909
189.9472324848175,0.06149344518780708,0.005255212541669607,0.0601513010185909
189.9986605644226,0.06005813553929329,-0.00911060068756342,0.0601513010185909
190.04866862297058,0.058489810675382614,-0.017578138038516045,0.0601513010185909
190.09778690338135,0.05777820199728012,-0.016031425446271896,0.0601513010185909
190.14778757095337,0.058973368257284164,0.0007980007794685662,0.0601513010185909
190.19737029075623,0.060560524463653564,0.012742923572659492,0.0601513010185909
190.2474241256714,0.06139540672302246,0.014086855575442314,0.0601513010185909
190.2974648475647,0.06166670098900795,0.010536996647715569,0.0601513010185909
190.34748792648315,0.06161936745047569,0.005947801750153303,0.0601513010185909
190.39746022224426,0.06011570617556572,-0.00922384299337864,0.0601513010185909
190.447340965271,0.05850151926279068,-0.018000375479459763,0.0601513010185909
190.49745655059814,0.05776701495051384,-0.016461342573165894,0.0601513010185909
190.5475206375122,0.058955732733011246,0.0004905746318399906,0.0601513010185909
190.5996651649475,0.060545310378074646,0.012577423825860023,0.0601513010185909
190.64751386642456,0.06138566881418228,0.01403002068400383,0.0601513010185909
190.69740462303162,0.061662137508392334,0.010542919859290123,0.0601513010185909
190.7476749420166,0.06161833927035332,0.00597863644361496,0.0601513010185909
190.79755187034607,0.0601164735853672,-0.009191451594233513,0.0601513010185909
190.8476710319519,0.05850282683968544,-0.017976798117160797,0.0601513010185909
190.89747524261475,0.05776816979050636,-0.016448402777314186,0.0601513010185909
190.94753503799438,0.058956485241651535,0.0004952129092998803,0.0601513010185909
190.99756145477295,0.0605456717312336,0.012577181681990623,0.0601513010185909
191.04745316505432,0.061385758221149445,0.014027776196599007,0.0601513010185909
191.09746599197388,0.061662085354328156,0.010540482588112354,0.0601513010185909
191.1474266052246,0.06161823868751526,0.005976830143481493,0.0601513010185909
191.19741034507751,0.06011638790369034,-0.00919246207922697,0.0601513010185909
191.24946117401123,0.05850277096033096,-0.017977174371480942,0.0601513010185909
191.30007648468018,0.05940292030572891,-0.0016329616773873568,0.0601513010185909
191.34854173660278,0.06039971113204956,0.007045145146548748,0.0601513010185909
191.39765214920044,0.06115829944610596,0.010083316825330257,0.0601513010185909
191.44745707511902,0.061466559767723083,0.00842379592359066,0.0601513010185909
191.49675846099854,0.061493463814258575,0.005255265161395073,0.0601513010185909
191.5476734638214,0.060058142989873886,-0.009110664017498493,0.0601513010185909
191.59820342063904,0.058489810675382614,-0.017578231170773506,0.0601513010185909
191.64757442474365,0.05777819827198982,-0.016031503677368164,0.0601513010185909
191.69774174690247,0.058973364531993866,0.0007979510119184852,0.0601513010185909
191.7476909160614,0.060560520738363266,0.012742901220917702,0.0601513010185909
191.79804277420044,0.06139540299773216,0.014086850918829441,0.0601513010185909
191.84993958473206,0.06167536601424217,0.009615136310458183,0.0601513010185909
191.89782047271729,0.06161936745047569,0.005947808735072613,0.0601513010185909
191.9477391242981,0.06011570617556572,-0.009223837405443192,0.0601513010185909
191.99843502044678,0.05850151926279068,-0.018000371754169464,0.0601513010185909
192.04762721061707,0.05776701495051384,-0.016461340710520744,0.0601513010185909
192.09755563735962,0.058955732733011246,0.0004905750975012779,0.0601513010185909
192.1476514339447,0.060545310378074646,0.012577423825860023,0.0601513010185909
192.19737672805786,0.06138566881418228,0.014030019752681255,0.0601513010185909
192.24731135368347,0.061662137508392334,0.010542919859290123,0.0601513010185909
192.29736351966858,0.06161833927035332,0.00597863644361496,0.0601513010185909
192.34773063659668,0.0601164735853672,-0.009191451594233513,0.0601513010185909
192.3968436717987,0.05850282683968544,-0.017976798117160797,0.0601513010185909
192.44695162773132,0.05910307541489601,-0.0049648592248559,0.0601513010185909
192.49713683128357,0.06039971858263016,0.007044982630759478,0.0601513010185909
192.547678232193,0.06115829572081566,0.010083133354783058,0.0601513010185909
192.60177421569824,0.06148891896009445,0.007833889685571194,0.0601513010185909
192.64833688735962,0.06149345636367798,0.005255186464637518,0.0601513010185909
192.69881439208984,0.06005813926458359,-0.009110693819820881,0.0601513010185909
192.74759769439697,0.058489806950092316,-0.017578233033418655,0.0601513010185909
192.7991862297058,0.05777819827198982,-0.01603149250149727,0.0601513010185909
192.84868621826172,0.058973364531993866,0.0007979647489264607,0.0601513010185909
192.89704203605652,0.060560524463653564,0.012742911465466022,0.0601513010185909
192.94742035865784,0.06139540299773216,0.014086857438087463,0.0601513010185909
192.997309923172,0.06166670098900795,0.010537004098296165,0.0601513010185909
193.04780888557434,0.06161937117576599,0.005947808735072613,0.0601513010185909
193.0973415374756,0.06011570617556572,-0.009223838336765766,0.0601513010185909
193.14768719673157,0.05850151926279068,-0.018000373616814613,0.0601513010185909
193.19766569137573,0.05776701495051384,-0.016461340710520744,0.0601513010185909
193.24793457984924,0.058955732733011246,0.0004905745736323297,0.0601513010185909
193.29905581474304,0.060545310378074646,0.012577423825860023,0.0601513010185909
193.3469841480255,0.06138566881418228,0.014030019752681255,0.0601513010185909
193.39792394638062,0.061662137508392334,0.010542919859290123,0.0601513010185909
193.44837951660156,0.06161833927035332,0.00597863644361496,0.0601513010185909
193.49835658073425,0.0601164735853672,-0.009191451594233513,0.0601513010185909
193.54859471321106,0.05850282683968544,-0.017976798117160797,0.0601513010185909
193.60065150260925,0.05770206078886986,-0.01551065407693386,0.0601513010185909
193.648446559906,0.058956485241651535,0.0004952129092998803,0.0601513010185909
193.69821119308472,0.0605456717312336,0.012577181681990623,0.0601513010185909
193.74832320213318,0.061385758221149445,0.014027776196599007,0.0601513010185909
193.79896330833435,0.061662085354328156,0.010540482588112354,0.0601513010185909
193.85052824020386,0.06158973649144173,0.005135372746735811,0.0601513010185909
193.89861845970154,0.06145128980278969,0.002291081938892603,0.0601513010185909
193.9537799358368,0.05955102667212486,-0.014103238470852375,0.0601513010185909
194.00355887413025,0.05818308889865875,-0.019021153450012207,0.0601513010185909
194.05357694625854,0.059347156435251236,-0.0016677089734002948,0.0601513010185909
194.10362935066223,0.06057773903012276,0.008510071784257889,0.0601513010185909
194.15328121185303,0.06125619634985924,0.010341874323785305,0.0601513010185909
194.1977677345276,0.06147874891757965,0.00870455987751484,0.0601513010185909
194.24776244163513,0.06017139554023743,-0.006055049132555723,0.0601513010185909
194.29762196540833,0.0586242638528347,-0.015583528205752373,0.0601513010185909
194.34750819206238,0.05788232758641243,-0.015070668421685696,0.0601513010185909
194.39812970161438,0.059034157544374466,0.0010388083755970001,0.0601513010185909
194.45359873771667,0.06080276519060135,0.01348036341369152,0.0601513010185909
194.50340628623962,0.061485931277275085,0.01335634384304285,0.0601513010185909
194.55357003211975,0.0616663359105587,0.009396937675774097,0.0601513010185909
194.60420727729797,0.06158052384853363,0.004967337008565664,0.0601513010185909
194.65340447425842,0.05970590189099312,-0.012243863195180893,0.0601513010185909
194.70334148406982,0.05828813463449478,-0.01829209364950657,0.0601513010185909
194.75359869003296,0.059400323778390884,-0.001631780294701457,0.0601513010185909
194.80324172973633,0.06059332564473152,0.008241220377385616,0.0601513010185909
194.85341453552246,0.06125127524137497,0.010022266767919064,0.0601513010185909
194.90343570709229,0.06148960813879967,0.007846885360777378,0.0601513010185909
194.95303320884705,0.0614800862967968,0.004628092050552368,0.0601513010185909
194.99772024154663,0.0600586012005806,-0.009107163175940514,0.0601513010185909
195.0478777885437,0.058490052819252014,-0.017577804625034332,0.0601513010185909
195.09804725646973,0.05777828022837639,-0.01603250578045845,0.0601513010185909
195.1478419303894,0.05897334963083267,0.0007966349949128926,0.0601513010185909
195.1976833343506,0.060560472309589386,0.012741836719214916,0.0601513010185909
195.24796509742737,0.06139535456895828,0.014086204580962658,0.0601513010185909
195.30091547966003,0.061675332486629486,0.009614915587008,0.0601513010185909
195.3496482372284,0.0616193488240242,0.005947766359895468,0.0601513010185909
195.3976435661316,0.06011569872498512,-0.00922376662492752,0.0601513010185909
195.44738626480103,0.05850151926279068,-0.018000273033976555,0.0601513010185909
195.4975860118866,0.05776701867580414,-0.016461258754134178,0.0601513010185909
195.55334901809692,0.05933580920100212,0.00406694458797574,0.0601513010185909
195.60328936576843,0.06076957285404205,0.013516249135136604,0.0601513010185909
195.65293741226196,0.061478182673454285,0.013574458658695221,0.0601513010185909
195.69771766662598,0.061662137508392334,0.010542914271354675,0.0601513010185909
195.7534580230713,0.061589837074279785,0.0051370104774832726,0.0601513010185909
195.80307459831238,0.0597141869366169,-0.012150145135819912,0.0601513010185909
195.8538475036621,0.05829355865716934,-0.01825803518295288,0.0601513010185909
195.90306186676025,0.059402946382761,-0.0016330127837136388,0.0601513010185909
195.94741797447205,0.06039971858263016,0.00704498216509819,0.0601513010185909
195.99757194519043,0.06115829572081566,0.010083134286105633,0.0601513010185909
196.04781079292297,0.06146655231714249,0.008423658087849617,0.0601513010185909
196.09751081466675,0.06015855446457863,-0.006228357087820768,0.0601513010185909
196.14757919311523,0.058614905923604965,-0.015660462900996208,0.0601513010185909
196.19745635986328,0.057877182960510254,-0.01508418470621109,0.0601513010185909
196.2475118637085,0.05903230980038643,0.0010561703238636255,0.0601513010185909
196.29725813865662,0.060585226863622665,0.01263303030282259,0.0601513010185909
196.34697008132935,0.06139834597706795,0.013852844014763832,0.0601513010185909
196.39759945869446,0.061659540981054306,0.010318739339709282,0.0601513010185909
196.44724559783936,0.06161001697182655,0.005800073500722647,0.0601513010185909
196.4972791671753,0.060108158737421036,-0.009298417717218399,0.0601513010185909
196.54747533798218,0.05849694460630417,-0.0180220790207386,0.0601513010185909
196.59964871406555,0.05776504427194595,-0.01645425148308277,0.0601513010185909
196.64753818511963,0.05895543843507767,0.000507816846948117,0.0601513010185909
196.69764375686646,0.06054581701755524,0.012593932449817657,0.0601513010185909
196.74758982658386,0.06138636916875839,0.014041388407349586,0.0601513010185909
196.7977991104126,0.061662714928388596,0.010548780672252178,0.0601513010185909
196.84792637825012,0.06161869317293167,0.005980444606393576,0.0601513010185909
196.89755034446716,0.06145153567194939,0.002291650976985693,0.0601513010185909
196.94764280319214,0.05994608998298645,-0.011428294703364372,0.0601513010185909
196.99752378463745,0.05838076025247574,-0.018943697214126587,0.0601513010185909
197.04772329330444,0.05770232155919075,-0.01659332402050495,0.0601513010185909
197.10025000572205,0.05932017043232918,0.004354433156549931,0.0601513010185909
197.14772152900696,0.060547906905412674,0.012917693704366684,0.0601513010185909
197.19995379447937,0.06149109825491905,0.013832710683345795,0.0601513010185909
197.2534692287445,0.06168392300605774,0.009778346866369247,0.0601513010185909
197.29809761047363,0.061627600342035294,0.006053858902305365,0.0601513010185909
197.3532657623291,0.05971848964691162,-0.01214594952762127,0.0601513010185909
197.40315461158752,0.058294862508773804,-0.01827869936823845,0.0601513010185909
197.4531900882721,0.059402596205472946,-0.001658186549320817,0.0601513010185909
197.5033438205719,0.06059304252266884,0.008205640129745007,0.0601513010185909
197.552983045578,0.0612499862909317,0.00999319925904274,0.0601513010185909
197.60343527793884,0.06148827448487282,0.007829084992408752,0.0601513010185909
197.64722537994385,0.06015815585851669,-0.006229509599506855,0.0601513010185909
197.69770574569702,0.05861475691199303,-0.015659227967262268,0.0601513010185909
197.74735689163208,0.05787718668580055,-0.015082296915352345,0.0601513010185909
197.8032796382904,0.059404775500297546,0.004506941884756088,0.0601513010185909
197.8531584739685,0.060803163796663284,0.01350651029497385,0.0601513010185909
197.90345191955566,0.06148692965507507,0.013376631774008274,0.0601513010185909
197.9530634880066,0.061667297035455704,0.009408802725374699,0.0601513010185909
198.00306963920593,0.06158118695020676,0.004972155671566725,0.0601513010185909
198.0531611442566,0.05970624461770058,-0.01224344503134489,0.0601513010185909
198.10335540771484,0.05828824266791344,-0.01829366758465767,0.0601513010185909
198.1535816192627,0.05769941210746765,-0.01551138050854206,0.0601513010185909
198.2030246257782,0.05933573096990585,0.0040845973417162895,0.0601513010185909
198.248455286026,0.06054581701755524,0.012593923136591911,0.0601513010185909
198.29772067070007,0.061386365443468094,0.014041393995285034,0.0601513010185909
198.35398721694946,0.061672188341617584,0.009633542038500309,0.0601513010185909
198.40319180488586,0.06159014627337456,0.005138246808201075,0.0601513010185909
198.45292353630066,0.05971430987119675,-0.012150835245847702,0.0601513010185909
198.50360321998596,0.05829356983304024,-0.01825934275984764,0.0601513010185909
198.54819107055664,0.05910303816199303,-0.004966105334460735,0.0601513010185909
198.59772443771362,0.06039966642856598,0.007044108118861914,0.0601513010185909
198.64823126792908,0.061158254742622375,0.010082673281431198,0.0601513010185909
198.6999592781067,0.06148889660835266,0.007833785377442837,0.0601513010185909
198.74948406219482,0.061493441462516785,0.0052552116103470325,0.0601513010185909
198.79815196990967,0.06005813553929329,-0.009110601618885994,0.0601513010185909
198.8473391532898,0.058489810675382614,-0.017578138038516045,0.0601513010185909
198.89959979057312,0.05777820199728012,-0.016031425446271896,0.0601513010185909
198.94686675071716,0.058973368257284164,0.0007980008376762271,0.0601513010185909
198.99953937530518,0.060560524463653564,0.012742923572659492,0.0601513010185909
199.04771780967712,0.06139540672302246,0.014086855575442314,0.0601513010185909
199.1005756855011,0.06167536601424217,0.00961513165384531,0.0601513010185909
199.14698266983032,0.06161936745047569,0.005947801750153303,0.0601513010185909
199.20034837722778,0.059713225811719894,-0.012181255035102367,0.0601513010185909
199.25000047683716,0.058292239904403687,-0.018279438838362694,0.0601513010185909
199.29974389076233,0.057700976729393005,-0.01552167721092701,0.0601513010185909
199.34955286979675,0.058955732733011246,0.0004905746318399906,0.0601513010185909
199.39965915679932,0.060545310378074646,0.012577423825860023,0.0601513010185909
199.44970536231995,0.061478178948163986,0.013574457727372646,0.0601513010185909
199.49708223342896,0.061662137508392334,0.010542919859290123,0.0601513010185909
199.54832792282104,0.06161833927035332,0.00597863644361496,0.0601513010185909
199.60002303123474,0.0597141869366169,-0.01215013861656189,0.0601513010185909
199.6475121974945,0.05850282683968544,-0.017976798117160797,0.0601513010185909
199.7003607749939,0.059402946382761,-0.0016330113867297769,0.0601513010185909
199.749694108963,0.060593992471694946,0.008225365541875362,0.0601513010185909
199.79764652252197,0.06115829572081566,0.010083133354783058,0.0601513010185909
199.84730648994446,0.06146655231714249,0.008423657156527042,0.0601513010185909
199.8974690437317,0.06015855446457863,-0.006228357553482056,0.0601513010185909
199.94731664657593,0.058614905923604965,-0.015660462900996208,0.0601513010185909
199.9975299835205,0.057877182960510254,-0.01508418470621109,0.0601513010185909
200.04759645462036,0.05903230980038643,0.0010561703238636255,0.0601513010185909
200.0982735157013,0.060585226863622665,0.01263303030282259,0.0601513010185909
200.147043466568,0.06139834597706795,0.013852844014763832,0.0601513010185909
200.19724488258362,0.061659540981054306,0.010318739339709282,0.0601513010185909
200.2521755695343,0.06158117949962616,0.004972260911017656,0.0601513010185909
200.2981243133545,0.060108158737421036,-0.009298417717218399,0.0601513010185909
200.34973764419556,0.058288246393203735,-0.018293552100658417,0.0601513010185909
200.39915776252747,0.0590999461710453,-0.004970707464963198,0.0601513010185909
200.45082569122314,0.06059325858950615,0.008239702321588993,0.0601513010185909
200.49894499778748,0.0611584447324276,0.010099885053932667,0.0601513010185909
200.54766845703125,0.061467159539461136,0.008437269367277622,0.0601513010185909
200.59936714172363,0.06149408221244812,0.0052634840831160545,0.0601513010185909
200.64745616912842,0.0600585900247097,-0.009107079356908798,0.0601513010185909
200.69728803634644,0.058490052819252014,-0.01757766306400299,0.0601513010185909
200.74730038642883,0.05777828395366669,-0.0160323828458786,0.0601513010185909
200.79970407485962,0.05897335708141327,0.0007967151468619704,0.0601513010185909
200.84969568252563,0.060783740133047104,0.013655516318976879,0.0601513010185909
200.89751362800598,0.06139535829424858,0.014086213894188404,0.0601513010185909
200.95291352272034,0.061675332486629486,0.009614908136427402,0.0601513010185909
201.00306224822998,0.06159036234021187,0.005104457028210163,0.0601513010185909
201.05341124534607,0.059713222086429596,-0.012181175872683525,0.0601513010185909
201.10334157943726,0.058292243629693985,-0.018279343843460083,0.0601513010185909
201.14748096466064,0.05910192430019379,-0.00497771892696619,0.0601513010185909
201.1975781917572,0.06039896979928017,0.007040394004434347,0.0601513010185909
201.24807977676392,0.061157938092947006,0.010083398781716824,0.0601513010185909
201.30323791503906,0.06148887053132057,0.00783628411591053,0.0601513010185909
201.35421180725098,0.06147952377796173,0.004623123910278082,0.0601513010185909
201.40317821502686,0.05966690927743912,-0.011970949359238148,0.0601513010185909
201.453298330307,0.0582868717610836,-0.017837004736065865,0.0601513010185909
201.50352811813354,0.057714562863111496,-0.015110104344785213,0.0601513010185909
201.55299544334412,0.05935346335172653,0.004344985354691744,0.0601513010185909
201.60315561294556,0.06078379228711128,0.01365630328655243,0.0601513010185909
201.6530773639679,0.06148678436875343,0.013614963740110397,0.0601513010185909
201.70322036743164,0.061675358563661575,0.00961501244455576,0.0601513010185909
201.75327801704407,0.061590373516082764,0.00510441092774272,0.0601513010185909
201.80310773849487,0.059713222086429596,-0.012181272730231285,0.0601513010185909
201.85426545143127,0.058292239904403687,-0.018279433250427246,0.0601513010185909
201.9034447669983,0.05940186232328415,-0.0016440211329609156,0.0601513010185909
