timestep,speed,acceleration,target_speed,RMS_Speed
6.035034418106079,0.004517353139817715,0.003718263003975153,0.0131982407216182,0.008680887581800485
6.0844645500183105,0.0037004745099693537,-0.0048185596242547035,0.0157331874915606,0.01049152016881282
6.1343302726745605,0.0028633633628487587,-0.009355967864394188,0.0168133725264534,0.011757929899573673
6.184111595153809,0.0007820451864972711,-0.02242334745824337,0.00880753345793064,0.010944807085608913
6.235734939575195,0.001150138326920569,-0.009857144206762314,0.00874786746696092,0.010362245863230602
6.282172203063965,0.0003020272124558687,-0.013194023631513119,0.00948458953008622,0.01017513429368677
6.331406354904175,0.0013340889709070325,0.0008037046063691378,0.0107671560487209,0.010072472400854996
6.382503986358643,0.0024149480741471052,0.008833911269903183,0.0117937822381297,0.009988402225439928
6.43411660194397,0.0029799588955938816,0.009659229777753353,0.00838274844294859,0.009587813833950258
6.4830121994018555,0.004861583933234215,0.02106192335486412,0.00782090441691219,0.009143812906854055
6.531550645828247,0.004382948391139507,0.008187191560864449,0.00857176001659916,0.008809288938331432
6.5810651779174805,0.00348981493152678,-0.001996096223592758,0.0104416042798922,0.008669710984865358
6.634907007217407,0.004603245761245489,0.008142057806253433,0.0111749405418236,0.008526672337761975
6.681392669677734,0.005574921146035194,0.012387188151478767,0.00656070390495635,0.008220729906201433
6.731385707855225,0.005981784779578447,0.010566199198365211,0.00690933610305375,0.007945589779358464
6.7813193798065186,0.006029847543686628,0.006702459882944822,0.00766460720356269,0.007704131980929306
6.834014654159546,0.00591152161359787,0.003101614536717534,0.00857940900571936,0.007502062525851236
6.881886720657349,0.005757165141403675,0.0006656352779828012,0.00781845171156287,0.007306864803938383
6.930623292922974,0.005632661748677492,-0.0005632679094560444,0.0081552126196985,0.007135486490372541
6.981467008590698,0.005557249300181866,-0.0009202462388202548,0.00823268638701591,0.006980494771995388
7.031527042388916,0.005524737760424614,-0.0008026290452107787,0.00600801826995944,0.006813081623185667
7.080754041671753,0.007220834959298372,0.013359720818698406,0.0070188507028557,0.006656577413382693
7.130777359008789,0.006785852834582329,0.003909517545253038,0.00717052975232941,0.006510755246576348
7.180720329284668,0.006020903587341309,-0.003568647662177682,0.00720515709154557,0.006378253861171283
7.2307679653167725,0.005560026504099369,-0.005699693690985441,0.00449462868441712,0.006253018497126958
7.281306982040405,0.0070639378391206264,0.008940378203988075,0.00416730747993797,0.006157848261718335
7.331064701080322,0.006593255326151848,0.0009856588440015912,0.00489749677133567,0.006051544255468913
7.382074356079102,0.005869484506547451,-0.005002359393984079,0.00604709510180211,0.0059425932836383285
7.431342601776123,0.005470380187034607,-0.0060813953168690205,0.00570743451364968,0.00583940187338118
7.481414318084717,0.007026738952845335,0.009116959758102894,0.00418119487494008,0.0057647114239017
7.532154560089111,0.008290089666843414,0.015225255861878395,0.0041548497628093,0.005719398634894427
7.581099510192871,0.007138213142752647,-0.0005125041934661567,0.00699489239919393,0.0056293807494844994
7.631171226501465,0.005965837277472019,-0.009366624988615513,0.00658198817115354,0.005544468512521007
7.68060040473938,0.005348093342036009,-0.010385919362306595,0.00523420448377312,0.0054623586171531156
7.7313432693481445,0.006847396958619356,0.006096880417317152,0.00349327017917123,0.005413529250138728
7.780736207962036,0.008138982579112053,0.013633870519697666,0.00445789538027574,0.005372954044562249
7.831330060958862,0.0070432922802865505,-0.0010318498825654387,0.00835623435458272,0.005304242776101847
7.881324768066406,0.005922534968703985,-0.009278922341763973,0.0122527123589819,0.005333769844416959
7.931328535079956,0.007040257565677166,0.0038114995695650578,0.00377996890252823,0.0052907643546212515
7.981341600418091,0.009814315475523472,0.02445436455309391,0.00361196130779149,0.005315459782584862
8.031062364578247,0.008190006949007511,0.0006326402071863413,0.00658600173666555,0.005256209662661973
8.081349611282349,0.006288995500653982,-0.014311019331216812,0.0113515677028198,0.0052516822203630435
8.134560108184814,0.00526738166809082,-0.016469404101371765,0.0171472307498355,0.005497351988847918
8.183952569961548,0.008319715037941933,0.015186862088739872,0.00485812664384974,0.005459521262831466
8.23362135887146,0.012573792599141598,0.04270711541175842,0.00580688544298469,0.00549195658093551
8.28391408920288,0.011583184823393822,0.016466252505779266,0.00526106729060897,0.005511333360741033
8.331298828125,0.008070321753621101,-0.018013466149568558,0.00876473381497735,0.00545332769209996
8.383580684661865,0.005622937344014645,-0.029705489054322243,0.0111203071829139,0.0054542488641589094
8.433501958847046,0.006265068426728249,-0.012102826498448849,0.00614408062997409,0.005398334040657478
8.480944395065308,0.009063956327736378,0.015110693871974945,0.00684625659404623,0.005353273208832803
8.530499935150146,0.00937055703252554,0.010689250193536282,0.00708783714319937,0.005310159542142719
8.580684661865234,0.008976924233138561,0.00336297950707376,0.00702959127761625,0.00526578144203239
8.63128662109375,0.008621553890407085,-0.0007310920627787709,0.00702097325179561,0.005220499283094426
8.681293725967407,0.00838637538254261,-0.002255399012938142,0.00954025158760152,0.0051743185395481655
8.733758449554443,0.008271015249192715,-0.0022428405936807394,0.00828457021531505,0.005127063824925967
8.783720254898071,0.00824026670306921,-0.001581474207341671,0.00856562629195672,0.005081266274670173
8.83430027961731,0.008254434913396835,-0.0008381048101000488,0.00897814445943474,0.00503740866433529
8.884460926055908,0.008283527567982674,-0.00027735752519220114,0.00892469686067123,0.004994503535782147
8.932347774505615,0.008310447447001934,4.183725832263008e-05,0.00781138987819343,0.00495242255640735
8.98342776298523,0.008328570984303951,0.00016511506692040712,0.00754525348312804,0.004912020032130662
9.032739639282227,0.008337657898664474,0.0001691566576482728,0.00843846580925158,0.004871608294702744
9.084000825881958,0.008340251632034779,0.00012139391037635505,0.00949165029943414,0.004834373443889986
9.134565591812134,0.010040214285254478,0.013943251222372055,0.0102845308643935,0.004795950705162791
9.183698654174805,0.011295591481029987,0.018055450171232224,0.0104015166624371,0.004759647093767472
9.233461380004883,0.011774605140089989,0.014520049095153809,0.0110117543157297,0.004723840241292626
9.283867835998535,0.011783898808062077,0.008771941997110844,0.0121128337832862,0.004688091827462456
9.333673238754272,0.011591053567826748,0.0037657544016838074,0.0146315658155086,0.004667778153401333
9.384424448013306,0.011368796229362488,0.0005388699355535209,0.0158607447236353,0.00466524043397652
9.43496298789978,0.011199062690138817,-0.000988735700957477,0.0117746252541906,0.004631829258211056
9.485007286071777,0.012802161276340485,0.012529563158750534,0.0129448932772482,0.004598657396539407
9.534230709075928,0.012320159003138542,0.0030487501062452793,0.0149632960590141,0.00457691953581243
9.580268859863281,0.011541462503373623,-0.0041906340047717094,0.0166542165746558,0.004584790552046663
9.630563497543335,0.012785871513187885,0.007839269936084747,0.0185049683070643,0.004602218025976593
9.679994344711304,0.013857236132025719,0.012976114638149738,0.0150483583008421,0.004573112898944707
9.730501174926758,0.014321346767246723,0.011361444368958473,0.015547996549684,0.004544730908190045
9.78079867362976,0.014391891658306122,0.007352687884122133,0.0161540210132321,0.004519254897472235
9.83066725730896,0.014274712651968002,0.003500082064419985,0.0179175794788685,0.004508965103814883
9.88073468208313,0.014112109318375587,0.0008406645501963794,0.0204236680295369,0.004536610022964176
9.93492865562439,0.01567867025732994,0.01334335096180439,0.0193811314841001,0.004527011753893832
9.983011960983276,0.01685316115617752,0.017070963978767395,0.0223188518716849,0.004539943244646793
10.034865856170654,0.017297247424721718,0.013660249300301075,0.0252456222596504,0.004597454254883759
10.084891557693481,0.019002225250005722,0.02209421433508396,0.0265441527848973,0.004644619371402768
10.132284879684448,0.0200758408755064,0.021534793078899384,0.0322420770188025,0.0048058215306644725
10.183207750320435,0.02034696377813816,0.014998325146734715,0.0320731143786802,0.004945493398790367
10.233459949493408,0.021898968145251274,0.021713851019740105,0.0360077422441539,0.005148982221533871
10.283328533172607,0.02457372657954693,0.034413762390613556,0.0384396646728864,0.00533285751994447
10.332802057266235,0.027755288407206535,0.0459396168589592,0.0430213938025148,0.005548987415292093
10.380960702896118,0.029333021491765976,0.03971804678440094,0.0459858480295257,0.005795919771552272
10.432346820831299,0.031248828396201134,0.03933670371770859,0.0454923648499107,0.005957748894833283
10.484544277191162,0.03378070518374443,0.043868906795978546,0.047108609009646,0.006088849297370876
10.534682989120483,0.034945178776979446,0.03528384491801262,0.0503491251063825,0.006266910556902427
10.585415124893188,0.034968093037605286,0.02131844125688076,0.0506657270918694,0.006444044264456408
10.63619089126587,0.03620053827762604,0.023031340911984444,0.0536821579142121,0.006660727479309475
10.684403896331787,0.038618918508291245,0.033222001045942307,0.044312792493025,0.006651181483943736
10.733075380325317,0.04164591431617737,0.044031135737895966,0.047724751362774,0.006645413521076844
10.784016132354736,0.04145663231611252,0.024185873568058014,0.0473425210886988,0.006637949740667134
10.83400845527649,0.0404047928750515,0.0063635800033807755,0.0489053078999019,0.006659809387547747
10.88118052482605,0.039514824748039246,-0.003064296208322048,0.0481075108900642,0.006682356589501459
10.93105936050415,0.04065478593111038,0.0077070202678442,0.0407377354895149,0.006648526882006914
10.980624198913574,0.041655149310827255,0.01234821043908596,0.0427173829893498,0.00661605350701147
11.032280445098877,0.04208322614431381,0.010706771165132523,0.0423369204665735,0.006583267690206819
11.080427885055542,0.04214312508702278,0.006878143176436424,0.0438032055000047,0.006552979137310403
11.130643367767334,0.04202919080853462,0.003240816527977586,0.048308945662917,0.006550381260364414
11.180521726608276,0.041874781250953674,0.0007486321846954525,0.0372666757848669,0.006534454972246014
11.230611324310303,0.04344923794269562,0.013349233195185661,0.0365840932458646,0.0065376832923603
11.280961275100708,0.0429283045232296,0.003239052603021264,0.0383619446616921,0.00652187063660289
11.334477424621582,0.040416814386844635,-0.018200837075710297,0.0376368669391669,0.006496883902585834
11.383938789367676,0.04038410261273384,-0.010424306616187096,0.0382015219538011,0.006470145259837102
11.433531522750854,0.04096578061580658,-0.001751118223182857,0.0306213458731691,0.006516167286806173
11.48058009147644,0.041417744010686874,0.002443319885060191,0.0321291008215849,0.006546662180937931
11.530977725982666,0.039981551468372345,-0.010368234477937222,0.0346784613826264,0.00653651503196395
11.580832958221436,0.038831792771816254,-0.015097205527126789,0.034660673913653,0.006519193794119456
11.633743524551392,0.0383603610098362,-0.012688947841525078,0.0362340395614994,0.0064933653465138255
11.683604955673218,0.04001569375395775,0.0059226686134934425,0.0301189148503154,0.006530935091158313
11.733750820159912,0.0414217971265316,0.014414411969482899,0.0316282419388223,0.006566296437451358
11.783540964126587,0.04038950055837631,-7.427152013406157e-05,0.0328368891070301,0.0065754313899066864
11.833439111709595,0.03929189220070839,-0.008526275865733624,0.0342917247502394,0.006563569644717501
11.883484363555908,0.03870802000164986,-0.009620653465390205,0.0363204767053479,0.006539393405546365
11.93338418006897,0.03851304203271866,-0.00727121764793992,0.030908886430507,0.006549062274076449
11.983712434768677,0.038540199398994446,-0.004146912135183811,0.0317131256527602,0.006551427783083214
12.032677412033081,0.038653720170259476,-0.001607498386874795,0.034371065307757,0.0065359058205492725
12.083662271499634,0.038770705461502075,-5.9185116697335616e-05,0.0363547275192837,0.0065127383388143235
12.13372802734375,0.038854941725730896,0.000615468539763242,0.0384042774869587,0.006486337047403131
12.183642625808716,0.03890063241124153,0.0007218695245683193,0.0324506816039149,0.006486044426426808
12.233890771865845,0.03891659900546074,0.0005558943375945091,0.033713624139914,0.006476788533122082
12.283759832382202,0.03891526907682419,0.000322828913340345,0.0352770504892088,0.006459172969898799
12.333853483200073,0.038906991481781006,0.00012945214984938502,0.0381503742656271,0.0064340432034991945
12.384147644042969,0.03889818117022514,9.488376235822216e-06,0.0384145230406595,0.006409003519303586
12.433698177337646,0.03889172524213791,-4.421803532750346e-05,0.0340224980367671,0.006398492503970668
12.484301328659058,0.038888152688741684,-5.4085430747363716e-05,0.0347246330390046,0.00638428720892662
12.531227588653564,0.03888685256242752,-4.245458694640547e-05,0.0342938348152406,0.006372520816310264
12.580726146697998,0.0388868972659111,-2.5098628611885943e-05,0.0357385447685187,0.006354248129867552
12.632975816726685,0.038887497037649155,-1.0388702321506571e-05,0.0373762570971144,0.006331671074498353
12.683226585388184,0.03888816013932228,-1.104837906495959e-06,0.0336900759890154,0.0063239640600841794
12.73297119140625,0.038888655602931976,3.1598267469234997e-06,0.0353671739860664,0.006307783965411953
12.783416032791138,0.03888893499970436,4.0461504795530345e-06,0.0374819665889139,0.006285708734982359
12.830678701400757,0.03888903930783272,3.238936187699437e-06,0.0413538457647673,0.006266265570736517
12.880757570266724,0.03888903930783272,1.948836143128574e-06,0.0445665602889319,0.006262198403337657
12.93048882484436,0.04058988392353058,0.01387847401201725,0.0378556517259449,0.0062439402600688145
12.980849981307983,0.04354824125766754,0.03191047161817551,0.0390791268809587,0.006233055195215235
13.031591415405273,0.0435858890414238,0.018677016720175743,0.0414581862069678,0.006213497038834146
13.080867767333984,0.04111919924616814,-0.00860450230538845,0.0441250904726899,0.006196716128714376
13.130569458007812,0.04090006276965141,-0.006115000694990158,0.0471042224230481,0.006196768212378576
13.181739091873169,0.04125167056918144,-0.0009469187934882939,0.0392427283151915,0.006177483045935457
13.230704069137573,0.043223220854997635,0.015401827171444893,0.039262131085634,0.0061649269195472945
13.282864332199097,0.042936988174915314,0.006282547488808632,0.0400054338133865,0.006148566477243269
13.332851648330688,0.0422234833240509,-0.0017492376500740647,0.0410192281277301,0.00612842224840052
13.38276481628418,0.04175769165158272,-0.004647505469620228,0.0427630888714324,0.006108242124491579
13.43278193473816,0.04153331369161606,-0.004518571775406599,0.0393200850935644,0.006090409676898523
13.482333660125732,0.04317794740200043,0.01073550060391426,0.0403923762864931,0.006074333884619759
13.53276014328003,0.042766161262989044,0.002516381908208132,0.0432329563835717,0.006054305959841143
13.58271312713623,0.04204931855201721,-0.004031626507639885,0.0439131825989462,0.006036251073909725
13.632762670516968,0.04333394020795822,0.008245293982326984,0.0462086626068222,0.006020979518283147
13.683189630508423,0.04442456737160683,0.013368247076869011,0.0400570603863953,0.006011709814847825
13.731757879257202,0.04489341378211975,0.011632979847490788,0.0416835359082728,0.005997829806579459
13.781274795532227,0.043260253965854645,-0.006384043488651514,0.0416833711769652,0.005979907988303206
13.831273317337036,0.04358123615384102,-0.0006107548833824694,0.0431327907933073,0.005960940716176862
13.880817890167236,0.044190414249897,0.004341468680649996,0.0441903452131734,0.005942047037221562
13.931009292602539,0.04452334716916084,0.005174065474420786,0.0410452041731009,0.005929750867911738
13.982320547103882,0.04464161396026611,0.004014124628156424,0.0409732967003471,0.005918300993023632
14.030456304550171,0.04463415592908859,0.0023475289344787598,0.039197241625456,0.00591543191861612
14.083081007003784,0.04457549750804901,0.0009533134871162474,0.0388756985823059,0.00591412496683584
14.131797790527344,0.042811375111341476,-0.013795093633234501,0.0418107874519475,0.00589647642711332
14.183048248291016,0.04150716960430145,-0.018343999981880188,0.0545481563582353,0.005966022758578251
14.2315514087677,0.042701005935668945,-0.0010319598950445652,0.0705331246120491,0.006330277867030361
14.281077146530151,0.047339994460344315,0.036697570234537125,0.0866217551251085,0.007009032756475361
14.331089735031128,0.05563103035092354,0.08825961500406265,0.104786868982173,0.007956205780961791
14.38267993927002,0.06570534408092499,0.1329348385334015,0.122475797401403,0.009061360441278622
14.4309983253479,0.07432662695646286,0.14774100482463837,0.135964421972107,0.010203086981021701
14.480985403060913,0.08291476219892502,0.1570904403924942,0.15312802286489,0.011510431652251112
14.530964136123657,0.09163470566272736,0.16371101140975952,0.170458239943255,0.012963388801419642
14.581279277801514,0.10029752552509308,0.16723647713661194,0.184183535615609,0.014421664602695507
14.631462574005127,0.11054060608148575,0.18229436874389648,0.196675131692638,0.01580086977324156
14.680885791778564,0.12192890048027039,0.20016641914844513,0.201663473513159,0.016875146171179526
14.7315092086792,0.1320214420557022,0.20012801885604858,0.213566318057318,0.01792040241035553
14.781842470169067,0.13912799954414368,0.17629674077033997,0.22552737071766,0.019019203107599175
14.831676006317139,0.14599363505840302,0.1608898788690567,0.237458240972467,0.020173018482390313
14.880764961242676,0.15340672433376312,0.15588875114917755,0.2495439810737,0.02136791692930185
14.931111335754395,0.16302227973937988,0.17064587771892548,0.256937745223898,0.022434604681427675
14.980645418167114,0.17423076927661896,0.1917974352836609,0.269953612194337,0.02348233601705129
15.030722856521606,0.18438617885112762,0.1955992430448532,0.282916016312324,0.024535885066719595
15.080302238464355,0.19504199922084808,0.20247827470302582,0.297285852412017,0.025615237701167814
15.133830785751343,0.20626387000083923,0.21097414195537567,0.311248395265893,0.026697997693879937
15.180913209915161,0.21769365668296814,0.21767137944698334,0.314032769504386,0.02755631866080971
15.230765104293823,0.2291184961795807,0.22164605557918549,0.328327087274461,0.028433219342595923
15.280832052230835,0.23874859511852264,0.20942465960979462,0.343165619187619,0.029372083512918885
15.330646514892578,0.24871788918972015,0.20545703172683716,0.357161649790638,0.03034787935686371
15.384011030197144,0.2593856155872345,0.2084766924381256,0.37150759413715,0.03135225187938123
15.43394660949707,0.27218037843704224,0.22745704650878906,0.378639407024863,0.03221379473601589
15.484295845031738,0.2847177982330322,0.2361067235469818,0.394465955384214,0.033100751937132286
15.534464597702026,0.2965083122253418,0.2355179488658905,0.410845393201885,0.0340348086414678
15.583923101425171,0.3077830374240875,0.2311791628599167,0.428413472582722,0.0350446164988198
15.634249925613403,0.320491760969162,0.24039508402347565,0.444446144889135,0.0360745282978045
15.683919429779053,0.3360758423805237,0.2688702344894409,0.451089954137609,0.03691680275257895
15.730103254318237,0.3517168164253235,0.28563758730888367,0.466172243829125,0.037723216547462364
15.779972553253174,0.3632473051548004,0.26245230436325073,0.479992717580931,0.03853983489993955
15.829955101013184,0.37335753440856934,0.2383192479610443,0.492731660913279,0.03937150154663483
15.880974531173706,0.38507887721061707,0.23704296350479126,0.505971059780219,0.04020073377462797
15.930007219314575,0.3983386158943176,0.2481662631034851,0.5126531531672,0.04091021021354544
15.980203628540039,0.41243550181388855,0.2613004148006439,0.526428320554408,0.04159626049105784
16.029914379119873,0.4251261055469513,0.2575688362121582,0.541445711938952,0.042296044308835955
16.080249309539795,0.43823814392089844,0.2593235373497009,0.557314444742262,0.04301503269445852
16.132233142852783,0.4519767165184021,0.2652166783809662,0.573261871339323,0.04374519156666253
16.181527853012085,0.4660252630710602,0.27114295959472656,0.587726382238573,0.044461949186974326
16.230162143707275,0.48185959458351135,0.2892276346683502,0.604161353648955,0.04516842006413814
16.28395915031433,0.4972150921821594,0.29562926292419434,0.620586991141095,0.045871220673205
16.332822799682617,0.5117179155349731,0.2928757965564728,0.636064229740757,0.04656929781985116
16.38512945175171,0.5256791114807129,0.28704091906547546,0.652772414609556,0.0472856247509909
16.43401551246643,0.5410901308059692,0.2954820394515991,0.665905146333851,0.04795593532545324
16.484233856201172,0.5560034513473511,0.29596003890037537,0.683878471564063,0.0486486094833673
16.534569263458252,0.5701854228973389,0.2905949056148529,0.700908469953664,0.0493604993950411
16.580657482147217,0.5856720805168152,0.2981959283351898,0.717826734035214,0.05007342158600637
16.631937503814697,0.6022781729698181,0.3114009499549866,0.733858922358949,0.0507627813673469
16.683106422424316,0.6193772554397583,0.32312268018722534,0.745546258334148,0.05137318982231128
16.732606410980225,0.6365591883659363,0.3307863473892212,0.760747587630859,0.05194865756356243
16.782455682754517,0.6519246697425842,0.3206077218055725,0.775116546971299,0.05250171022285992
16.833080291748047,0.6658666729927063,0.30350881814956665,0.789160785700748,0.053045073726138835
16.88309097290039,0.6791887283325195,0.28847306966781616,0.802252645845284,0.05357558985227933
16.932366371154785,0.6941143274307251,0.2925892770290375,0.816598624088392,0.054090122556297554
16.986629724502563,0.7104504108428955,0.30595481395721436,0.830653919560183,0.05457214744737446
17.03847098350525,0.7257810831069946,0.3054601550102234,0.844941578899355,0.055035384121820796
17.08806324005127,0.7417436838150024,0.3107808530330658,0.85944351656837,0.055476588493373453
17.138603448867798,0.7567000389099121,0.30545908212661743,0.872376687471493,0.05589146281801389
17.18100619316101,0.7723973989486694,0.30873072147369385,0.879918670732696,0.0562274012635974
17.231070041656494,0.7872124314308167,0.30313870310783386,0.891509767343611,0.05653154716197978
17.28094983100891,0.7994606494903564,0.27921926975250244,0.904199734191633,0.056834990016615634
17.33107280731201,0.811767041683197,0.2660703659057617,0.916357736021575,0.05713297148325089
17.381012201309204,0.8264822363853455,0.2775402069091797,0.927515142061739,0.05739886979120923
17.43089485168457,0.8413105010986328,0.28455206751823425,0.926081059523003,0.0575467057445666
17.48080849647522,0.8556915521621704,0.28529778122901917,0.937977168727035,0.05767723791942866
17.534260034561157,0.8663370013237,0.25540971755981445,0.949600355162838,0.057812409508186065
17.58350682258606,0.8759802579879761,0.2304907739162445,0.961533185094523,0.05796047841403877
17.633720874786377,0.8875486850738525,0.231170654296875,0.974510991426311,0.058115882465617344
17.680338382720947,0.9008335471153259,0.2448422610759735,0.953178592329919,0.058092440478571955
17.73025608062744,0.9167247414588928,0.2739081382751465,0.965119327522508,0.058054605252746506
17.780137538909912,0.922263503074646,0.20618703961372375,0.977918958236769,0.05804464856523605
17.830362558364868,0.9279360175132751,0.17031367123126984,0.992990971513443,0.05807600565658224
17.87983274459839,0.9362399578094482,0.18415850400924683,1.00874966090447,0.05814414765197124
17.930432081222534,0.9513936042785645,0.21692845225334167,1.0234486071434,0.058209278225887146
17.980546951293945,0.9679545164108276,0.2623581886291504,1.0361853535597,0.058254611557274835
18.030409574508667,0.9827348589897156,0.2743510603904724,1.04909710791584,0.05829058315326826
18.08072805404663,0.995245099067688,0.2639949917793274,1.06099472142924,0.05832336847794325
18.13093400001526,1.0080833435058594,0.2610578238964081,1.06857345191172,0.058332450024477255
18.18148899078369,1.0198874473571777,0.25057369470596313,1.07748564402409,0.05832945965196485
18.231430768966675,1.0308295488357544,0.23763003945350647,1.08299793127373,0.058305635628092836
18.281490802764893,1.0414551496505737,0.2274283468723297,1.08807482105248,0.05826287653939526
18.33115553855896,1.0503873825073242,0.20749692618846893,1.09480523837493,0.05821346277956199
18.38067865371704,1.0599061250686646,0.20081999897956848,1.10279440422396,0.05815977696839732
18.43058180809021,1.0686590671539307,0.19016802310943604,1.11802214411578,0.05812711138131948
18.48053789138794,1.0784447193145752,0.19249944388866425,1.12007821513227,0.05807046947564815
18.530544996261597,1.090977668762207,0.21586084365844727,1.12153986465301,0.057986772227632544
18.580549478530884,1.101892352104187,0.2158847153186798,1.12211944451882,0.05788563023721328
18.630609273910522,1.1092231273651123,0.18747076392173767,1.12625542716616,0.057781041606905614
18.68065619468689,1.114292860031128,0.15297263860702515,1.13743428421332,0.05768546481435557
18.730650901794434,1.1202454566955566,0.13985952734947205,1.13774917018994,0.057582678635416114
18.780666828155518,1.1291906833648682,0.15586139261722565,1.13602808124195,0.05747169120094854
18.830492973327637,1.136858582496643,0.15411043167114258,1.13125328511967,0.05736083526293979
18.88053822517395,1.1429253816604614,0.14068950712680817,1.12773986958864,0.05725736854671857
18.930572748184204,1.146462082862854,0.11236249655485153,1.13252792427961,0.05715328485046118
18.980459213256836,1.148482322692871,0.08367029577493668,1.13183151271016,0.05705261483575931
19.030500888824463,1.1517810821533203,0.07709281891584396,1.13115894433329,0.05695751915901445
19.082569122314453,1.1565032005310059,0.08415117114782333,1.1308007955589,0.056870889992759785
19.132808923721313,1.1620733737945557,0.09493359923362732,1.13146526558396,0.05679403673153653
19.182617902755737,1.166298508644104,0.09026587009429932,1.1212503727094,0.05675413149172732
19.232508897781372,1.1693087816238403,0.07808101922273636,1.12054524725439,0.05672609405245104
19.282511949539185,1.1683335304260254,0.03851426765322685,1.118753130511,0.05670091692991356
19.332587003707886,1.1680998802185059,0.022005368024110794,1.11704403659086,0.05668082323828319
19.382795572280884,1.1695027351379395,0.024760114029049873,1.11420576714368,0.05667572240459661
19.43268847465515,1.1703016757965088,0.021009812131524086,1.07221804048629,0.05688549943016798
19.482994556427002,1.172091007232666,0.027150031179189682,1.06617351362384,0.05714477286196354
19.53026247024536,1.1629042625427246,-0.059127792716026306,1.06036439355091,0.05737833888067196
19.580271005630493,1.1538310050964355,-0.10627522319555283,1.05372447934735,0.05759351439502638
19.63028597831726,1.147749662399292,-0.11140651255846024,1.04670134393996,0.05781232334895506
19.680208921432495,1.1456055641174316,-0.08332095295190811,1.05240640482592,0.057980753000072154
19.730037450790405,1.1442798376083374,-0.06090284138917923,1.04615750899553,0.05817691970436301
19.78017234802246,1.1443572044372559,-0.03589340299367905,1.04032276161749,0.058408094272360545
19.830050945281982,1.1435272693634033,-0.02865450270473957,1.03530587642452,0.058664049391571105
19.88033962249756,1.1415218114852905,-0.03340007737278938,1.03145608820587,0.058929351826269016
19.930211782455444,1.1370905637741089,-0.05572284385561943,1.04958416425619,0.059056476669305656
19.980440855026245,1.1327811479568481,-0.06742382794618607,1.05425109770699,0.059137436281980385
20.03358793258667,1.1342943906784058,-0.027237413451075554,1.06147823305417,0.05919171988155168
20.083619117736816,1.1384223699569702,0.016313668340444565,1.06831538314341,0.05923398026880185
20.133816242218018,1.1413443088531494,0.032354194670915604,1.07444469797811,0.059262812988835054
20.18355083465576,1.1443800926208496,0.04357842728495598,1.08929358949038,0.059248624123060194
20.233622312545776,1.1459081172943115,0.03791948780417442,1.09550347192233,0.059219901676395785
20.28364586830139,1.1495305299758911,0.05218051001429558,1.10321671587602,0.059179679122754444
20.333649158477783,1.1533474922180176,0.061494991183280945,1.11262886526796,0.05912536291723937
20.38402533531189,1.1567226648330688,0.06366246193647385,1.12628576292462,0.05904986875529696
20.433586359024048,1.1614364385604858,0.0760388895869255,1.15150648581614,0.058950511764146514
20.483806133270264,1.1671850681304932,0.09145187586545944,1.1669362318148,0.05884878699380192
20.534018993377686,1.1767183542251587,0.13140137493610382,1.18103020219472,0.0587481289873614
20.583898782730103,1.187059998512268,0.16084988415241241,1.19774483458405,0.05865077980191796
20.633946895599365,1.196936845779419,0.17490388453006744,1.21656857509124,0.05856183932716985
20.684616565704346,1.2061649560928345,0.1783112734556198,1.24613193899389,0.058508608708954586
20.733970165252686,1.2165567874908447,0.19007976353168488,1.26253852486486,0.058470678276129937
20.784064292907715,1.2312753200531006,0.23203329741954803,1.27847440309502,0.05843625881095099
20.834050178527832,1.2454395294189453,0.25142040848731995,1.29522848941053,0.058409291334238944
20.884073734283447,1.2580347061157227,0.250911146402359,1.31394680101898,0.058401090038334574
20.93394637107849,1.2695294618606567,0.24210315942764282,1.29406094276967,0.058320605485085726
20.98397183418274,1.2804449796676636,0.23234876990318298,1.31269149927272,0.058253081527835524
21.03426742553711,1.2826672792434692,0.15565791726112366,1.33374182435608,0.058230697724584064
21.084014654159546,1.2871387004852295,0.13075600564479828,1.35721511019076,0.058273895550722654
21.134048223495483,1.2990108728408813,0.1744931936264038,1.3808657699588,0.05836739190877502
21.183995246887207,1.3175692558288574,0.25310105085372925,1.36501483650284,0.058334817171571074
21.233795166015625,1.337744951248169,0.31196513772010803,1.39070193917716,0.058317995267902385
21.28478717803955,1.347155213356018,0.25964078307151794,1.41893859623523,0.058367059397174945
21.3349552154541,1.3547234535217285,0.2169916182756424,1.44796508219046,0.058514408978977944
21.384181261062622,1.3685303926467896,0.24184800684452057,1.47984326181844,0.058762645080117915
21.433872938156128,1.388996958732605,0.30893832445144653,1.48543022124567,0.058923413042573314
21.484055042266846,1.41302490234375,0.37665820121765137,1.51945830847369,0.05913806614152479
21.5298855304718,1.4295321702957153,0.35544872283935547,1.55575796654824,0.05947517843732021
21.57996940612793,1.4461572170257568,0.3465859293937683,1.59522260316475,0.05997648603725807
21.63005828857422,1.4679402112960815,0.38260242342948914,1.63319132331759,0.06060471991462401
21.679943323135376,1.4949958324432373,0.4456605315208435,1.70117013104694,0.06161663842759748
21.73010230064392,1.524721622467041,0.5040771961212158,1.73762634713207,0.06267740543640699
21.779794454574585,1.555356502532959,0.594007134437561,1.77612349349626,0.06379858702590213
21.834011554718018,1.5966390371322632,0.6353221535682678,1.81084098622831,0.06482406527885899
21.88420271873474,1.6275572776794434,0.6269343495368958,1.84802919886279,0.06589233667378343
21.93372941017151,1.6541978120803833,0.5881175994873047,1.90908469630892,0.0673190069447582
21.984021186828613,1.6800228357315063,0.5592914819717407,1.94520356358315,0.06882905800915837
22.029983043670654,1.7164984941482544,0.6287268400192261,1.98451898481452,0.07033111575856134
22.080068111419678,1.7543457746505737,0.677994430065155,2.02538811612145,0.07182794069456765
22.1305091381073,1.7905734777450562,0.6949983239173889,2.06852249958323,0.07336526256156176
22.180500984191895,1.8252668380737305,0.6933307647705078,2.15979721404,0.07557282723194894
22.230323314666748,1.860611915588379,0.698101818561554,2.20799592115737,0.07787803808626918
22.27956795692444,1.9001307487487793,0.7992848753929138,2.25754931221328,0.08023870435885315
22.330402612686157,1.9588751792907715,0.8819147944450378,2.30684830113645,0.08239449167127612
22.379854679107666,1.99965238571167,0.9296221137046814,2.36020717045579,0.08464334142288892
22.43046808242798,2.0492169857025146,0.8805291056632996,2.50621235625144,0.08819016496722171
22.480504035949707,2.0924127101898193,0.8738688826560974,2.56459866830629,0.09181270112237444
22.534319639205933,2.1604318618774414,1.071244716644287,2.62390243995044,0.09514758397290875
22.583680629730225,2.2310268878936768,1.2028063535690308,2.68077456119208,0.0981582926057275
22.633744716644287,2.290341377258301,1.1915305852890015,2.74032831144005,0.1010652715702232
22.683679342269897,2.3404483795166016,1.1136218309402466,2.88321742770556,0.10519333805293854
22.733880519866943,2.387503147125244,1.0440891981124878,2.94300672338107,0.10933322253282951
22.783645629882812,2.4615583419799805,1.2228150367736816,3.00016580814801,0.11305557843149658
22.833686590194702,2.5378572940826416,1.3391697406768799,3.05896270540219,0.11640199825153014
22.88377571105957,2.6039516925811768,1.3278298377990723,3.12430052655945,0.11962613358077949
22.933698654174805,2.660269021987915,1.2447482347488403,3.23572095886447,0.12347075337179597
22.983811616897583,2.7145814895629883,1.1809430122375488,3.29995603968324,0.12731073029008133
23.034369468688965,2.786668539047241,1.2874058485031128,3.36495076460723,0.1309242783143392
23.083621978759766,2.8624026775360107,1.3749752044677734,3.42969745832278,0.1342834698788462
23.13371515274048,2.9331212043762207,1.3872183561325073,3.49280506686251,0.1374508364013847
23.182299613952637,2.9975709915161133,1.3453786373138428,3.57490128154335,0.14073640921614786
23.23140525817871,3.0598630905151367,1.304370403289795,3.63737189380601,0.14393067880838226
23.280980825424194,3.1270294189453125,1.3196659088134766,3.69595167203382,0.14694093062672184
23.33091640472412,3.196704387664795,1.3474812507629395,3.75414138374293,0.14974947800931193
23.38120698928833,3.2637548446655273,1.3423988819122314,3.81190638585557,0.15239385368483443
23.431942224502563,3.3283252716064453,1.320190191268921,3.87612725687552,0.15497480677135772
23.481795072555542,3.391643524169922,1.2972074747085571,3.9307266796453,0.15741310722899388
23.531388759613037,3.4562981128692627,1.2944955825805664,3.98902720477645,0.15973991057746084
23.58086395263672,3.520627737045288,1.2896274328231812,4.04251649573291,0.1619201049517407
23.631561756134033,3.5861713886260986,1.2968242168426514,4.10051734297974,0.16399172694870245
23.68177819252014,3.6493773460388184,1.2816040515899658,4.15721480139771,0.16596940888107864
23.73143172264099,3.712238073348999,1.270552396774292,4.2126128973251,0.16784973144363455
23.781728267669678,3.777174472808838,1.2807024717330933,4.26537698975511,0.16959921096610847
23.83317232131958,3.8403167724609375,1.2714515924453735,4.31825790718319,0.17124010865981695
23.883947134017944,3.9016623497009277,1.2520259618759155,4.36958804788674,0.17277983429333313
23.930933952331543,3.9638774394989014,1.2478394508361816,4.41917958787395,0.17420434255045378
23.98128390312195,4.025470733642578,1.2397931814193726,4.46781600476407,0.17551746710130697
24.0316903591156,4.084738254547119,1.216261386871338,4.51685292288375,0.17674355289090612
24.083436965942383,4.142524242401123,1.1907159090042114,4.56687259881818,0.17790285283491836
24.133500337600708,4.199841499328613,1.1717875003814697,4.61697850396851,0.1790016324746842
24.183411359786987,4.258957386016846,1.1750816106796265,4.66596430791745,0.1800240351936672
24.23344111442566,4.317940711975098,1.1752926111221313,4.71618311282368,0.18098169734065517
24.28379774093628,4.3764567375183105,1.1718106269836426,4.76347221845057,0.18186291431215523
24.333425760269165,4.434720993041992,1.1677768230438232,4.81453606142546,0.18269394353455112
24.383870363235474,4.49119758605957,1.1508139371871948,4.85528282098979,0.18343006989127994
24.433343410491943,4.548126697540283,1.1448783874511719,4.89476953408143,0.18406805162391982
24.483649253845215,4.602477073669434,1.1199274063110352,4.94902995957214,0.18469994276832616
24.533421754837036,4.654831886291504,1.0895564556121826,4.99512889488803,0.18529504069764927
24.58312678337097,4.709864616394043,1.093523621559143,5.04118787649689,0.18584146494409778
24.629873752593994,4.765739917755127,1.1016747951507568,5.08559628985966,0.18632965923892691
24.682684659957886,4.821659088134766,1.1068978309631348,5.13779690938603,0.1867970520387454
24.732680320739746,4.875789642333984,1.0954712629318237,5.19351246374707,0.18726794811345218
24.78260564804077,4.930245399475098,1.091872215270996,5.24250078773109,0.18771076858709926
24.832309246063232,4.985381603240967,1.0949738025665283,5.2813816687476,0.1880804974170441
24.882611513137817,5.040928840637207,1.1000111103057861,5.33083875439817,0.18842250221480122
24.932250499725342,5.093252182006836,1.0766429901123047,5.37507820820363,0.18872978254019787
24.98239302635193,5.146487236022949,1.0711591243743896,5.41786677449122,0.18899472029520828
25.030319213867188,5.1978278160095215,1.0517635345458984,5.46260132590037,0.1892333382017338
25.082416772842407,5.249231815338135,1.0413668155670166,5.50742918878057,0.1894466489500409
25.13321018218994,5.299583911895752,1.0262750387191772,5.55228839990532,0.18963928991647136
25.182584285736084,5.350866794586182,1.025160551071167,5.59180271311749,0.1897908813839008
25.232771635055542,5.4015021324157715,1.0187523365020752,5.6341404437871,0.18991469573773484
25.283556699752808,5.451455593109131,1.0096462965011597,5.67719085528874,0.1900162196280955
25.332422733306885,5.4994330406188965,0.9881837368011475,5.72240811526261,0.1901087481557489
25.382572650909424,5.547830581665039,0.9793053865432739,5.76355692329899,0.1901792083160803
25.432419776916504,5.597095966339111,0.9806909561157227,5.79746586895511,0.19020610545493585
25.482492208480835,5.646944522857666,0.9860267639160156,5.84016685907673,0.19021390054136117
25.53407645225525,5.69368314743042,0.9637253284454346,5.88344641166573,0.1902127493805782
25.583860158920288,5.73969030380249,0.9454455971717834,5.92527124652843,0.190201077050832
25.634225130081177,5.78596305847168,0.9365447759628296,5.96099468705089,0.19016401356605425
25.68462634086609,5.834327220916748,0.9481040239334106,5.99836351069538,0.1901022451462204
25.734183073043823,5.880876064300537,0.9395372271537781,6.0362354366052,0.1900223091283689
25.784090757369995,5.92559814453125,0.9202869534492493,6.07583048976183,0.18993232815549274
25.833763122558594,5.969463348388672,0.9021293520927429,6.11487445074286,0.1898333018099572
25.884316205978394,6.013134002685547,0.889748752117157,6.15317375767089,0.1897245694452794
25.933634042739868,6.056948661804199,0.8834425210952759,6.18415199606988,0.18959364780704913
25.98410964012146,6.101008892059326,0.8815597891807556,6.22193030867312,0.18945300705729415
26.033896684646606,6.141883373260498,0.8543501496315002,6.26025425315025,0.18930894420279748
26.08382296562195,6.183785915374756,0.8474549055099487,6.29415369250726,0.18915345230537967
26.13433837890625,6.227309226989746,0.8558481335639954,6.32676336169428,0.18898357215596048
26.1840877532959,6.268388271331787,0.8405218720436096,6.35721392862671,0.18880126401709676
26.232512712478638,6.309048652648926,0.828839898109436,6.38991543830025,0.18861084126297686
26.280314207077026,6.346644878387451,0.7966912388801575,6.41465574735834,0.18840865541207127
26.331730127334595,6.383765697479248,0.7744888067245483,6.43440584541272,0.1881937937265816
26.382617950439453,6.421422004699707,0.7653257250785828,6.4367183298223,0.18796454807854696
26.431156158447266,6.454563617706299,0.7227440476417542,6.44216617049282,0.18773562278220238
26.481112241744995,6.480968952178955,0.6437085270881653,6.43247506379513,0.18752183130356778
26.531030654907227,6.503663063049316,0.5676698088645935,6.41896090138386,0.18734015872693036
26.580596208572388,6.520352363586426,0.47351008653640747,6.39758191585388,0.1872103996348876
26.63144588470459,6.533825397491455,0.3922335207462311,6.37342322208714,0.18715012654923252
26.682538509368896,6.5434651374816895,0.312444806098938,6.37594089618028,0.18710520127613417
26.731794595718384,6.548064708709717,0.22422301769256592,6.35165902843354,0.187128167648472
26.780193567276,6.558867931365967,0.22297079861164093,6.32498408884548,0.18725455967601173
26.831236124038696,6.56743049621582,0.20123304426670074,6.30044629803198,0.18748631880877392
26.88236403465271,6.569657802581787,0.13778825104236603,6.27295465900348,0.1878234033090177
26.93142008781433,6.568103790283203,0.07054924219846725,6.26641063224223,0.18817721582484276
26.97992491722107,6.563697814941406,0.0074902684427797794,6.24420637105275,0.18859848527083264
27.03164005279541,6.56343936920166,0.003960758447647095,6.21731174974895,0.18912818838037562
27.08265995979309,6.563901901245117,0.005948839243501425,6.19365808405214,0.18976181156768462
27.13417410850525,6.56069278717041,-0.022702816873788834,6.16886470815737,0.19049243941817304
27.182922840118408,6.553096771240234,-0.07450373470783234,6.16479881837002,0.1911998644874855
27.232422828674316,6.543201923370361,-0.12330561876296997,6.14094634477109,0.19196900570204278
27.282063961029053,6.537890911102295,-0.1149253323674202,6.11439119162177,0.19283828973740047
27.33273148536682,6.531637668609619,-0.11938388645648956,6.08191079700787,0.19383802848959447
27.383101224899292,6.522014141082764,-0.14883552491664886,6.04790847568018,0.19496300027757332
27.432225704193115,6.50690221786499,-0.21035940945148468,6.02477631189363,0.19612189956910253
27.480499505996704,6.48686408996582,-0.2860275208950043,5.98218008438507,0.1973998181412977
27.52936029434204,6.471116542816162,-0.32196974754333496,5.9348953752245,0.19885524511398497
27.58012342453003,6.45163631439209,-0.35162490606307983,5.88776195962007,0.20046914510149233
27.631954669952393,6.422677993774414,-0.41503292322158813,5.83576884335808,0.2022142194451646
27.67993426322937,6.39825439453125,-0.4816497564315796,5.81160763587921,0.2039346834859525
27.731109380722046,6.3627142906188965,-0.5329889059066772,5.7589426056601,0.20574686139326906
27.78392267227173,6.335904121398926,-0.5324030518531799,5.70495271729595,0.20772037069801405
27.833267211914062,6.307359218597412,-0.5476602911949158,5.64779883373979,0.20986777982585042
27.884721994400024,6.2734270095825195,-0.5999021530151367,5.59378473436514,0.2121285556807038
27.93056583404541,6.234428405761719,-0.6710888147354126,5.55244764493,0.21437226965848138
27.98021101951599,6.194791316986084,-0.7179424166679382,5.50541399086041,0.21663591381063477
28.030787229537964,6.157835483551025,-0.7245592474937439,5.43952198772524,0.21907694785754006
28.080300092697144,6.121597766876221,-0.7237118482589722,5.37964013785012,0.22165649420300315
28.130261182785034,6.078677654266357,-0.7777770161628723,5.31580433044451,0.22435331463967176
28.180262565612793,6.03078031539917,-0.848633885383606,5.26733648753137,0.2270104871927339
28.230835676193237,5.9809675216674805,-0.9058919548988342,5.19328458713259,0.22980907767321773
28.281985759735107,5.9345011711120605,-0.9128725528717041,5.11420174893808,0.23281435454647942
28.331573009490967,5.884496688842773,-0.947331964969635,5.03886209838308,0.2359682960501972
28.387510538101196,5.827895164489746,-1.0204240083694458,4.95742543797662,0.2392657152993244
28.430079698562622,5.7775702476501465,-1.102745532989502,4.90592049298298,0.2425133535355794
28.480180025100708,5.704493999481201,-1.1583956480026245,4.82368012224027,0.2457765351293277
28.53108501434326,5.644043922424316,-1.1758981943130493,4.73194959351972,0.2492323621022528
28.58362102508545,5.584869861602783,-1.1772578954696655,4.6398782725259,0.2528933128676971
28.634013175964355,5.5194597244262695,-1.22919762134552,4.53402124172034,0.2568219829967509
28.680317640304565,5.447639465332031,-1.3105876445770264,4.44121345597879,0.26085109273935964
28.7322256565094,5.367656707763672,-1.4246290922164917,4.30871693504596,0.2652513146908199
28.78090500831604,5.286782264709473,-1.498389720916748,4.16818483598311,0.27008879502625566
28.83086347579956,5.197482109069824,-1.6120938062667847,4.03048659403063,0.2752605569486755
28.882198095321655,5.097487926483154,-1.7650643587112427,3.89175006566809,0.2806727367611981
28.9304461479187,4.99229097366333,-1.8969290256500244,3.79975164658469,0.2858389816335414
28.98032307624817,4.884703636169434,-1.9951415061950684,3.68196350396669,0.29098290953843264
29.030722618103027,4.789194583892822,-1.9555162191390991,3.57371929866824,0.2961285441006863
29.080293893814087,4.697113990783691,-1.9082175493240356,3.49151211757339,0.30107865507273407
29.13071632385254,4.603215217590332,-1.8946609497070312,3.41155330950165,0.30580982961562997
29.180508136749268,4.512454509735107,-1.8600870370864868,3.3703321572401,0.31004741813692804
29.23116707801819,4.424234867095947,-1.8197336196899414,3.31529408073387,0.3139542873395568
29.28121042251587,4.347103595733643,-1.7054649591445923,3.26021314120209,0.3176331555485409
29.33115029335022,4.274036407470703,-1.6070599555969238,3.22634546066005,0.32097542429210224
29.3815016746521,4.1991753578186035,-1.5626976490020752,3.17543858254593,0.32410566008834707
29.43074607849121,4.126768589019775,-1.5149434804916382,3.13578631707645,0.3269777024312829
29.48162603378296,4.054419040679932,-1.4866262674331665,3.09104141594614,0.3296386107476578
29.53133988380432,3.984499454498291,-1.4494105577468872,3.06035791536991,0.3320303493830899
29.581241846084595,3.9144904613494873,-1.4285378456115723,3.02968537547177,0.33416946141652976
29.63084125518799,3.8486783504486084,-1.3813971281051636,3.00327771859334,0.3360716294887365
29.681347370147705,3.785871982574463,-1.3299263715744019,2.96763629431005,0.3378140449548219
29.730501651763916,3.727426767349243,-1.2639158964157104,2.93297656992529,0.33942130022597666
29.78140091896057,3.667904853820801,-1.2341523170471191,2.89877666914449,0.34089229555347134
29.830390453338623,3.6079084873199463,-1.2192496061325073,2.85677304242831,0.34226707995630173
29.882291793823242,3.547605037689209,-1.212693691253662,2.80982284482565,0.3435701198658995
29.92991304397583,3.4869351387023926,-1.2115992307662964,2.76039666628518,0.344812987903833
29.983628511428833,3.4242794513702393,-1.2270201444625854,2.70318181831091,0.3460225311209808
30.034571886062622,3.361900568008423,-1.2333879470825195,2.64053228806102,0.3472240266607468
30.08354616165161,3.2968287467956543,-1.2594815492630005,2.57917393541765,0.3484005087998639
30.13368058204651,3.229706287384033,-1.2909624576568604,2.5162544338517,0.34955037180062
30.18351697921753,3.16184663772583,-1.3155221939086914,2.4681676441139,0.35060976664485927
30.23361611366272,3.094022750854492,-1.3299610614776611,2.40687910182336,0.3516351649970594
30.283524990081787,3.029954433441162,-1.3081228733062744,2.35116679943633,0.3526200812436604
30.333547353744507,2.967085361480713,-1.2865047454833984,2.26602367769962,0.35368745535527485
30.383671522140503,2.9042067527770996,-1.2736248970031738,2.12851019122802,0.35506545397644607
30.433233976364136,2.832524299621582,-1.337611198425293,2.04423373802224,0.3564890215456137
30.481703519821167,2.740612030029297,-1.5381481647491455,1.97163666987648,0.35781538307381716
30.53353714942932,2.64788818359375,-1.6594382524490356,1.94157790047215,0.35886923542636384
30.58370852470398,2.5650248527526855,-1.6537153720855713,1.91771481957877,0.3596901619290919
30.633708000183105,2.5037283897399902,-1.4777536392211914,1.9142388532012,0.3603046606601763
30.684295654296875,2.456655979156494,-1.262405276298523,1.91401200697244,0.36076686929848917
30.734843254089355,2.41816782951355,-1.0655707120895386,1.94026279080869,0.3610418253110158
30.783753633499146,2.3820228576660156,-0.9295244216918945,1.9747926373071,0.3611408900584308
30.834895610809326,2.3512485027313232,-0.8035695552825928,1.99766770223738,0.36112583751442784
30.88491916656494,2.326289176940918,-0.6816965937614441,1.99380890377249,0.3610705934513186
30.934740781784058,2.303415060043335,-0.5925586819648743,1.98786027735105,0.36098511841162584
30.984137058258057,2.273188352584839,-0.5989025831222534,1.97369978298906,0.36087258417599866
31.034828662872314,2.236424684524536,-0.6532182097434998,1.94828111959054,0.36074202115394943
31.084640502929688,2.197965145111084,-0.6981351375579834,1.91883888647887,0.36059780264626096
31.13504433631897,2.157991886138916,-0.7374776601791382,1.9040202197014,0.3604171175145902
31.183461666107178,2.119173765182495,-0.7513914704322815,1.89345885423899,0.36019972969035324
31.234662532806396,2.0852599143981934,-0.7203628420829773,1.8961776835054,0.35994127712922863
31.28348183631897,2.054851531982422,-0.6746835708618164,1.8946896783175,0.3596559124299547
31.33370876312256,2.0309908390045166,-0.5945131182670593,1.89625505225942,0.35935087120189774
31.383984088897705,2.0110504627227783,-0.5161818861961365,1.900622219755,0.3590304366444837
31.43364429473877,1.9921071529388428,-0.4615423381328583,1.89168991921697,0.35870519626687863
31.485761404037476,1.974328875541687,-0.41906648874282837,1.88928920100682,0.35837313619651084
31.535349369049072,1.9533765316009521,-0.4196123778820038,1.88737124182745,0.3580342124689535
31.58092188835144,1.9328535795211792,-0.4151524305343628,1.8887963695574,0.35768969824253133
31.631305932998657,1.913269281387329,-0.4052272140979767,1.88395898380193,0.35734324594216366
31.68053388595581,1.8958252668380737,-0.38200709223747253,1.86133506682132,0.3569987079525287
31.730584621429443,1.8797376155853271,-0.35761258006095886,1.85861032575558,0.35665315392931524
31.780436277389526,1.858953833580017,-0.38148730993270874,1.79506799675579,0.3563184915450109
31.830032348632812,1.8393845558166504,-0.38420602679252625,1.76179987620996,0.35599007595331383
31.88020896911621,1.8082339763641357,-0.48120155930519104,1.74832687601377,0.3556560304952284
31.930171251296997,1.773242473602295,-0.5667979717254639,1.73691265304009,0.35531680804234445
31.980462551116943,1.7470834255218506,-0.5461620688438416,1.72059563450295,0.35497689331420895
32.03032159805298,1.7285529375076294,-0.47484850883483887,1.70986117822087,0.35463700635793804
32.08015847206116,1.7121052742004395,-0.41675668954849243,1.71430091428936,0.35429716592901805
32.13228511810303,1.697145938873291,-0.3697148859500885,1.73615232929914,0.3539623971085121
32.17982339859009,1.6861897706985474,-0.3386211097240448,1.79087751770901,0.3536540567025373
32.22978854179382,1.6780353784561157,-0.2682439982891083,1.85964155012666,0.35340597272124646
32.280027627944946,1.6840404272079468,-0.09446562826633453,1.95641308229157,0.353269552562026
32.32992386817932,1.7060835361480713,0.11960914731025696,2.00773052515739,0.35317874238320146
32.38033580780029,1.742336630821228,0.36062103509902954,2.00479936492245,0.35302896527980854
32.43004059791565,1.774444818496704,0.4685976505279541,1.93516997132963,0.35276435299927694
32.48020577430725,1.7819452285766602,0.3357982635498047,1.9461410340426,0.35250355975639963
32.530017137527466,1.75434148311615,-0.022381028160452843,1.99812797279707,0.35233034934581303
32.58026099205017,1.7284406423568726,-0.21429379284381866,2.04713890845597,0.3522701432819105
32.63017988204956,1.731601357460022,-0.09663575887680054,2.09098536606654,0.35228362462855184
32.68027639389038,1.7618279457092285,0.1852169781923294,2.08051732278535,0.35222370857659824
32.73054265975952,1.7991244792938232,0.40579351782798767,2.10935834689795,0.3521498934366226
32.78048396110535,1.8162343502044678,0.37389224767684937,2.13848450336688,0.3520964744553023
32.83041715621948,1.8225233554840088,0.2740944027900696,2.18118082399861,0.3521088059397413
32.88068985939026,1.8299880027770996,0.22558529675006866,2.22119756906833,0.35218551092844025
32.930293798446655,1.8489965200424194,0.28939560055732727,2.26185677173306,0.3523077555419554
32.98042321205139,1.8748723268508911,0.3799615204334259,2.30502861497695,0.35246781090147195
33.033364057540894,1.9048879146575928,0.4669512212276459,2.35182076848145,0.35266576612711636
33.079766511917114,1.9296696186065674,0.518561840057373,2.40084010135533,0.3529210520033232
33.13009309768677,1.9592621326446533,0.5510686039924622,2.4512341223256,0.353227445671549
33.18019890785217,1.996802568435669,0.5878080129623413,2.48520344704158,0.35352334670543006
33.230127573013306,2.033116579055786,0.642362117767334,2.53132030108519,0.35384299263950325
33.28018879890442,2.064332962036133,0.6327219605445862,2.58528114716546,0.35422111217733504
33.330071210861206,2.0940868854522705,0.6171131134033203,2.6323359538704,0.354644683130245
33.38086271286011,2.128998041152954,0.6498143672943115,2.68494322130593,0.3551159589820786
33.43077039718628,2.1679234504699707,0.7004283666610718,2.71723375556279,0.35556611394453
33.48036813735962,2.2102432250976562,0.7577203512191772,2.76588664489848,0.3560319344989112
33.530378580093384,2.247230052947998,0.7479007244110107,2.8146284621571,0.35652906063974565
33.58018612861633,2.284292459487915,0.7448042631149292,2.86390566859354,0.3570592411611474
33.63028144836426,2.3242835998535156,0.7663132548332214,2.9200218376259,0.35763464082926866
33.680333375930786,2.3662283420562744,0.794298529624939,2.9631608698237,0.358210632801066
33.730289936065674,2.412323236465454,0.8446042537689209,3.02099161335303,0.358819154985211
33.78029417991638,2.4575486183166504,0.8665601015090942,3.07601531281971,0.3594545459940452
33.83081340789795,2.5043249130249023,0.8931694030761719,3.13266778586748,0.36011723614543645
33.88106441497803,2.55233097076416,0.9186151027679443,3.18647614175738,0.3607945337535705
33.93085741996765,2.6023306846618652,0.9500015377998352,3.23316096963869,0.3614577694775952
33.9808554649353,2.6516966819763184,0.9631754159927368,3.28411619539326,0.36212237825530824
34.03101468086243,2.6999456882476807,0.9624402523040771,3.33578381445428,0.36279405812183807
34.08106470108032,2.7474205493927,0.9560146927833557,3.39321725143048,0.3634933534804242
34.13079380989075,2.7961933612823486,0.9629306197166443,3.44423830523393,0.3641959224718879
34.18056106567383,2.8477976322174072,0.9896882176399231,3.48187144170338,0.3648511325072671
34.230512380599976,2.8994669914245605,1.0054888725280762,3.5339200992949,0.36550401985872544
34.28081154823303,2.9470531940460205,0.9819367527961731,3.58099619716627,0.36615188118099184
34.33353590965271,2.9966490268707275,0.9855546355247498,3.62814792197114,0.36678888320728015
34.384074687957764,3.0469889640808105,0.9927391409873962,3.6773013260173,0.36741895671595687
34.433435916900635,3.097325086593628,0.9970149993896484,3.69446993433669,0.3679485277424421
34.483803510665894,3.1492621898651123,1.0126821994781494,3.74126137553905,0.36846091650538715
34.53357410430908,3.1921398639678955,0.947659432888031,3.79028405601631,0.3689881588898251
34.58345055580139,3.234673261642456,0.9089738726615906,3.8428841974882,0.36954153651110627
34.633888959884644,3.282715320587158,0.9298310279846191,3.89571712901549,0.3701059539335433
34.683666944503784,3.336622953414917,0.9883894324302673,3.92302230887708,0.37059255974360616
34.73359775543213,3.393723487854004,1.0481481552124023,3.97357894894305,0.37105895366446295
34.78459453582764,3.443222999572754,1.0215489864349365,4.01980304641479,0.3715142954895691
34.83363389968872,3.4912052154541016,0.9960863590240479,4.06582888736215,0.3719622576735947
34.88369107246399,3.539794445037842,0.9855214953422546,4.10099585800507,0.3723727192963636
34.933619022369385,3.5890541076660156,0.9843718409538269,4.12272656537473,0.3727114851243468
34.98382830619812,3.6371140480041504,0.9736778736114502,4.16444560832213,0.3730332295142212
35.03492093086243,3.6790964603424072,0.9181050062179565,4.20641172206143,0.37335355088969935
35.08373713493347,3.7220354080200195,0.8943998217582703,4.24938996922232,0.37367259362345373
35.133763790130615,3.767294406890869,0.8981245160102844,4.29155026830661,0.3739827983618602
35.18374586105347,3.8158135414123535,0.9262827038764954,4.33993708060453,0.37429136766292115
35.23382210731506,3.866370439529419,0.958900511264801,4.38601917170226,0.37458797216836187
35.28018236160278,3.9176294803619385,0.9838720560073853,4.43577803460003,0.37487978739125466
35.33001971244812,3.9671175479888916,0.984414279460907,4.48041954882781,0.3751590326514637
35.37985372543335,4.018372535705566,0.9998593330383301,4.52465109820455,0.3754209020056654
35.43054986000061,4.067861557006836,0.9940031170845032,4.5636968119559,0.37565805206020414
35.480722188949585,4.117198467254639,0.9900502562522888,4.59572799710946,0.3758562316754949
35.53032994270325,4.163483142852783,0.9626287817955017,4.63498680379313,0.3760386198237257
35.58182239532471,4.207492828369141,0.928617000579834,4.67616038695106,0.37621431780032866
35.63176870346069,4.252364635467529,0.9156343936920166,4.70964469583578,0.3763657201628996
35.681583642959595,4.298510551452637,0.9177023768424988,4.75010527076307,0.37650499992556413
35.73142075538635,4.34381103515625,0.9116742610931396,4.79025086702231,0.3766334316998478
35.7813503742218,4.389983177185059,0.9155303835868835,4.82167282581258,0.37673254663073646
35.832746505737305,4.435351848602295,0.9108967185020447,4.85507407372713,0.3768086570264775
35.881574392318726,4.479888439178467,0.9016932845115662,4.88279876027047,0.376853814353471
35.931861877441406,4.52234411239624,0.8793631196022034,4.92818544690678,0.37690406538926885
35.98176336288452,4.561764240264893,0.8417922258377075,4.95115598008984,0.3769252223733329
36.032488107681274,4.6046223640441895,0.8480526804924011,4.97873286711187,0.3769205564380728
36.082305669784546,4.645775318145752,0.8364214897155762,4.99988593382924,0.37688381087447154
36.13299012184143,4.68488073348999,0.8136306405067444,5.01931389283885,0.37681737066058624
36.17966413497925,4.715579509735107,0.8001335859298706,5.05575903440886,0.37675965646874215
36.22982835769653,4.750784873962402,0.7666558623313904,5.06433463416777,0.3766639295039514
36.27997446060181,4.796215057373047,0.7671030163764954,5.06640756149065,0.3765130357313649
36.3305287361145,4.831595420837402,0.7411090731620789,5.05766540523422,0.3763146525966783
36.38268041610718,4.855767726898193,0.6359888911247253,5.04605662523469,0.3760842429609137
36.43390202522278,4.872917175292969,0.518733024597168,5.04931139205167,0.3758433198697027
36.48394298553467,4.8860554695129395,0.41674351692199707,5.03258812330798,0.3755819883486011
36.5339093208313,4.90340518951416,0.3903793692588806,5.00642984438337,0.37529765679874716
36.58395743370056,4.9203386306762695,0.3691669702529907,4.98945819871998,0.3750013243485321
36.633811950683594,4.9312543869018555,0.3077487051486969,4.9663026398007,0.3746979996713588
36.68085265159607,4.938198089599609,0.2402564287185669,4.974134455485,0.37439555559763327
36.73120403289795,4.940459728240967,0.16217096149921417,4.95007759344979,0.37409124616842576
36.78118562698364,4.950649738311768,0.1810501664876938,4.93525303251833,0.3737879921213987
36.83142042160034,4.959730625152588,0.18012113869190216,4.90991148083551,0.3734903468677542
36.88279938697815,4.96450662612915,0.14556506276130676,4.89289163570763,0.37319916660362135
36.93161940574646,4.964949131011963,0.09063885360956192,4.89012497433643,0.37290971883322505
36.98158240318298,4.963201522827148,0.04080772027373314,4.87639825069798,0.372625171343897
37.031535387039185,4.964437961578369,0.03547106310725212,4.85885556648308,0.37234913619748794
37.08006262779236,4.966943740844727,0.04135173186659813,4.84371047010936,0.3720825104683789
37.13031077384949,4.966446399688721,0.020198635756969452,4.82779982905288,0.3718252629672235
37.180073738098145,4.963565349578857,-0.010891479440033436,4.8319654636028,0.3715645560272431
37.2299382686615,4.95970344543457,-0.037104494869709015,4.81817488158328,0.37131034389021056
37.27993893623352,4.95914363861084,-0.025825897231698036,4.80418804234054,0.3710653396380778
37.33016085624695,4.9597015380859375,-0.011161068454384804,4.77765978037983,0.3708405849082875
37.38024401664734,4.956949234008789,-0.02942609041929245,4.75193955758001,0.3706355072961126
37.430190563201904,4.948128700256348,-0.08872739225625992,4.75071938943218,0.3704244053651964
37.48408842086792,4.933919906616211,-0.16663114726543427,4.71149485081041,0.3702363679197566
37.533785581588745,4.9258012771606445,-0.16257844865322113,4.68184827835175,0.37007032994961203
37.58369445800781,4.91524076461792,-0.18269133567810059,4.64336001407409,0.3699355531674637
37.63390398025513,4.899867057800293,-0.2326698750257492,4.6108191618445,0.36982172131343327
37.68020439147949,4.880150318145752,-0.29691052436828613,4.57851322558807,0.36972407597209445
37.73015999794006,4.86014986038208,-0.33686181902885437,4.53434621308055,0.3696590124188249
37.7800350189209,4.8395233154296875,-0.36636945605278015,4.494965078188,0.3696208837663487
37.833860874176025,4.817055702209473,-0.39901113510131836,4.4507582596431,0.3696156898525225
37.88025188446045,4.791956901550293,-0.4396369755268097,4.41210196069953,0.3696319607750178
37.933428049087524,4.763848781585693,-0.4879688024520874,4.36997116100528,0.36967114624943304
37.9834086894989,4.736040115356445,-0.5138807892799377,4.33181511228315,0.36972765562373927
38.03351020812988,4.707699298858643,-0.5342493057250977,4.29313986854266,0.3698018289016045
38.083245277404785,4.6790771484375,-0.5486288666725159,4.24494591156774,0.36991072979081324
38.133782386779785,4.650582313537598,-0.5562621355056763,4.20030496229265,0.37004926812131983
38.18410396575928,4.618949890136719,-0.5865521430969238,4.13656977630591,0.370250114582815
38.23345112800598,4.585046291351318,-0.6222459673881531,4.08569190871076,0.3704850993288839
38.282530307769775,4.545243740081787,-0.6914258003234863,4.03684283113923,0.37073824179055787
38.330345153808594,4.503430366516113,-0.747677743434906,3.98946275066499,0.3710022848205328
38.380605697631836,4.461839199066162,-0.7796650528907776,3.94124713901145,0.3712795691747356
38.43044376373291,4.4228339195251465,-0.7781152725219727,3.89459208919826,0.3715724289692684
38.48036789894104,4.3842926025390625,-0.7743368744850159,3.84473887889322,0.37188914318301747
38.53030872344971,4.345625877380371,-0.7730401754379272,3.79358375734666,0.3722327454632187
38.580371618270874,4.303439140319824,-0.8009321093559265,3.73948679271061,0.37260233572660006
38.6311981678009,4.258656978607178,-0.837702751159668,3.68359040044051,0.3729964177397763
38.68037676811218,4.212871551513672,-0.8674850463867188,3.6295053960637,0.3734085660830435
38.730366706848145,4.165351867675781,-0.8994700312614441,3.57157601340329,0.37384402550286094
38.7805073261261,4.11696195602417,-0.9253552556037903,3.5135636674945,0.3743011115128941
38.830787658691406,4.068544387817383,-0.9410789608955383,3.45910327505345,0.3747711341265926
38.8824257850647,4.018764019012451,-0.961768388748169,3.40350851952472,0.37525356186163583
38.93035650253296,3.9681200981140137,-0.9808346033096313,3.34762513986946,0.37574698303671134
38.98016905784607,3.915597438812256,-1.0075135231018066,3.2942425016491,0.37624041523090485
39.03227496147156,3.863682746887207,-1.0180655717849731,3.23805946511859,0.376742397907199
39.080307483673096,3.8128066062927246,-1.0163631439208984,3.17453298398256,0.3772742091853741
39.132400035858154,3.7609267234802246,-1.02383291721344,3.10810130086654,0.3778411721812813
39.181020975112915,3.7047359943389893,-1.0630885362625122,3.05549490392449,0.378396294479183
39.23115801811218,3.6456475257873535,-1.109002709388733,2.99040056962562,0.37896448212199
39.280933141708374,3.588951587677002,-1.1165584325790405,2.92606898359901,0.379550025365764
39.33126664161682,3.531456232070923,-1.1287293434143066,2.86627223057763,0.38013894217704286
39.38144588470459,3.472935676574707,-1.1439447402954102,2.81161273396539,0.3807151194979841
39.43093228340149,3.414034843444824,-1.156001091003418,2.77221042732006,0.3812388978712934
39.480703353881836,3.3551383018493652,-1.1631906032562256,2.70966057752974,0.38176959049699327
39.533517837524414,3.30151104927063,-1.1245776414871216,2.64936785639733,0.382314826254448
39.583311557769775,3.2467405796051025,-1.1124794483184814,2.58849115295455,0.3828732162338523
39.633360147476196,3.188080310821533,-1.1360222101211548,2.53044301959774,0.38342757648124476
39.68338227272034,3.126831293106079,-1.1701316833496094,2.513853409681,0.3838698493910486
39.733442306518555,3.064523696899414,-1.1987510919570923,2.4577015130922,0.38429583214893925
39.78324913978577,3.0140228271484375,-1.1195238828659058,2.40302138934127,0.38472986991635494
39.830562114715576,2.9641571044921875,-1.0708154439926147,2.34585256882528,0.3851793530245775
39.88396143913269,2.9100935459136963,-1.0748016834259033,2.28980528292336,0.38563168736003484
39.934117794036865,2.8510777950286865,-1.1161941289901733,2.27204427526612,0.3859877810259292
39.9835250377655,2.78912615776062,-1.1636813879013062,2.21458094858999,0.38633264632494846
40.03391981124878,2.7380800247192383,-1.102723479270935,2.15736330729867,0.3866897301182907
40.08344602584839,2.687446117401123,-1.066685676574707,2.10611494898346,0.3870467912418608
40.13366961479187,2.6310436725616455,-1.0911359786987305,2.05544634039994,0.3873899435289234
40.18336820602417,2.5720748901367188,-1.1248830556869507,2.02472673655556,0.3876719791584819
40.23352599143982,2.5141236782073975,-1.1365059614181519,1.96008275036192,0.38796685600816916
40.28352761268616,2.4626283645629883,-1.09138023853302,1.90249698394582,0.3882733886552343
40.33351421356201,2.407280683517456,-1.0977824926376343,1.85321493841858,0.38856612974412896
40.38484454154968,2.3475093841552734,-1.1358011960983276,1.80511366419723,0.38883388548075215
40.43354153633118,2.288870096206665,-1.1483653783798218,1.78252529341898,0.3890301605008966
40.483991861343384,2.233755111694336,-1.1279257535934448,1.72857972122416,0.38922356583165907
40.5338408946991,2.186142921447754,-1.0554983615875244,1.6751715080966,0.3894272592903562
40.58350872993469,2.136500358581543,-1.0307271480560303,1.6275586280141,0.3896264191309499
40.63389277458191,2.081683874130249,-1.056601881980896,1.58728441828256,0.38979789670205495
40.68046736717224,2.0251224040985107,-1.0848537683486938,1.57633851969527,0.3898893110570671
40.73013114929199,1.9700357913970947,-1.0896522998809814,1.54273446835634,0.3899457198622015
40.77992582321167,1.9266762733459473,-0.9975014328956604,1.50440830896089,0.3899940815546116
40.83056402206421,1.8866355419158936,-0.9188424348831177,1.46369372988724,0.39004334599847856
40.88342022895813,1.842652678489685,-0.9036418795585632,1.41686241358118,0.3900969024879062
40.93349289894104,1.793094515800476,-0.9383524656295776,1.40081851755521,0.390100028629904
40.983394145965576,1.7400070428848267,-0.9864221215248108,1.36040488155612,0.3900852331853436
41.03381896018982,1.6940163373947144,-0.9567143321037292,1.32070240459774,0.3900618219717506
41.083478689193726,1.6508162021636963,-0.918818473815918,1.27006619030275,0.39004871539640934
41.13382148742676,1.6062949895858765,-0.9070538878440857,1.2164336573439,0.3900484489124718
41.1838173866272,1.5568008422851562,-0.939902126789093,1.18033914275877,0.39002948522359876
41.233906507492065,1.5037940740585327,-0.986727774143219,1.13322517972631,0.3900025692649896
41.28389501571655,1.454465627670288,-0.9841580390930176,1.08875574749131,0.3899692305722401
41.33395338058472,1.4053868055343628,-0.9821571707725525,1.04746886276767,0.38992575693011067
41.383769035339355,1.3574047088623047,-0.9717497229576111,1.0111429554323,0.3898675333043562
41.431254863739014,1.3103307485580444,-0.9584953188896179,0.993473233083994,0.3897741881814117
41.480268716812134,1.2653000354766846,-0.9340315461158752,0.961673895870267,0.38966624674171363
41.53098773956299,1.2266311645507812,-0.8680089712142944,0.929405647667524,0.38955163657013053
41.58146786689758,1.1886709928512573,-0.8244417905807495,0.906861304506324,0.3894212181826851
41.63363337516785,1.1477857828140259,-0.8216743469238281,0.886107169501723,0.3892714126834763
41.6809720993042,1.1077990531921387,-0.8116055727005005,0.875103591722118,0.38909618232284704
41.73126220703125,1.0706565380096436,-0.7828593254089355,0.858254249989618,0.38890512235392377
41.78105187416077,1.0369445085525513,-0.7383914589881897,0.844358533349899,0.38870008473654616
41.8311243057251,1.005020260810852,-0.6979332566261292,0.830515642410771,0.3884835967913803
41.88154315948486,0.975143551826477,-0.6571342945098877,0.820705774189472,0.3882557525396446
41.93101215362549,0.9461580514907837,-0.625801682472229,0.807167404013619,0.3880202855468389
41.98133373260498,0.9187926054000854,-0.5937752723693848,0.798395546221163,0.38777669323349573
42.03068518638611,0.8905137777328491,-0.5823771357536316,0.78771839251257,0.38752659402832307
42.08063268661499,0.8643626570701599,-0.5576382279396057,0.779236503752393,0.3872710892094867
42.13030672073364,0.8398923873901367,-0.5298263430595398,0.769633133826906,0.38701199523725527
42.1805202960968,0.8159807324409485,-0.508844792842865,0.761970530384673,0.38674983842313787
42.23013973236084,0.791987955570221,-0.4969005286693573,0.759353017354627,0.3864849228515842
42.28118443489075,0.769366979598999,-0.4784089922904968,0.759994516166525,0.38621881358309473
42.33094120025635,0.7510672211647034,-0.4324687123298645,0.761692698928832,0.38595329831968583
42.38092827796936,0.735520601272583,-0.38366755843162537,0.769442456276043,0.3856901784998047
42.430728912353516,0.720815122127533,-0.347926527261734,0.777497016918055,0.385431271243168
42.4812707901001,0.7092949748039246,-0.30042892694473267,0.793780422344373,0.3851798794657725
42.53163242340088,0.6996876001358032,-0.2571883797645569,0.814384044597118,0.3849397045229519
42.58111000061035,0.6921533346176147,-0.21452535688877106,0.840855612352408,0.38471594004097714
42.63165545463562,0.6888876557350159,-0.15450862050056458,0.866005405858613,0.38450908125891137
42.680936098098755,0.6897187232971191,-0.08615674078464508,0.889057556429796,0.38431750288177896
42.73111653327942,0.6922662854194641,-0.03193671628832817,0.924226471434789,0.3841512664533526
42.780181884765625,0.6964983940124512,0.014301665127277374,0.965254640149118,0.3840180051707512
42.830129861831665,0.7029415369033813,0.059826917946338654,1.00501533007225,0.38391866895426024
42.880802154541016,0.7153868675231934,0.13568861782550812,1.04340953675929,0.38384843630095855
42.930708169937134,0.7314639091491699,0.20920760929584503,1.06538201187639,0.38378526072547436
42.980122089385986,0.7484428286552429,0.2602275609970093,1.09721173417144,0.38374009736707093
43.03024411201477,0.7614989280700684,0.25901666283607483,1.13198216409489,0.3837225154898859
43.080825328826904,0.7744691967964172,0.25909551978111267,1.16351283653826,0.3837297364712325
43.13074350357056,0.7898133993148804,0.2782214283943176,1.1898823857441,0.383752194916841
43.18082904815674,0.8084735870361328,0.3160397708415985,1.19652760028048,0.38375800929453213
43.23067879676819,0.8272904753684998,0.33917686343193054,1.21067112420881,0.3837575030191385
43.2807834148407,0.8402219414710999,0.3053578734397888,1.2179805558803,0.38374952438208954
43.33081865310669,0.8503493666648865,0.2641601264476776,1.22808640595933,0.3837415385103988
43.38138198852539,0.8597944974899292,0.23420290648937225,1.23671359654422,0.3837324985746669
43.43086886405945,0.8711381554603577,0.2316579967737198,1.24200925463336,0.3837156145391806
43.48088788986206,0.8825517892837524,0.22994014620780945,1.24826137606142,0.38369216907985965
43.531548738479614,0.8936862945556641,0.22675365209579468,1.25174277365394,0.3836591726022949
43.581082344055176,0.9046953916549683,0.22387544810771942,1.25537131411483,0.38361719495731544
43.631112575531006,0.9139803051948547,0.20809271931648254,1.25769489018107,0.38356695615601183
43.68088889122009,0.9237352609634399,0.20300261676311493,1.25439596736624,0.3835016223279054
43.73098421096802,0.9326059818267822,0.19238586723804474,1.24126271942047,0.383412153014965
43.78122687339783,0.9390228390693665,0.16632816195487976,1.2207315589833,0.3832954493149435
43.83060884475708,0.9422246217727661,0.12513653934001923,1.20555772781956,0.38316175404882885
43.881000995635986,0.940315306186676,0.05949079990386963,1.19146577497513,0.3830175709002015
43.93117928504944,0.9372420310974121,0.011897014454007149,1.14141121199899,0.38283690622196476
43.981598138809204,0.9347939491271973,-0.011788993142545223,1.07338485889587,0.3826179847022165
44.03087615966797,0.924822986125946,-0.08778492361307144,1.00103965691555,0.38237649207324215
44.08230948448181,0.9026064872741699,-0.23088322579860687,0.931630237400793,0.38212695298117283
44.13389015197754,0.8700935244560242,-0.3976592421531677,0.864721838469052,0.38187650954774416
44.18341946601868,0.8350417613983154,-0.5164723992347717,0.810592933970609,0.38162753360287865
44.23442268371582,0.801260232925415,-0.5778473615646362,0.761504936120361,0.3813807308541548
44.28334355354309,0.773175835609436,-0.569129228591919,0.726191402272273,0.3811354872155485
44.331053256988525,0.7479648590087891,-0.5424352884292603,0.706440224596905,0.3808898987132944
44.380866289138794,0.7255159020423889,-0.5043630003929138,0.686244503060001,0.38064448055505423
44.430612564086914,0.7079281210899353,-0.44251811504364014,0.678004665562588,0.380398437368764
44.48088812828064,0.6931144595146179,-0.38402512669563293,0.661957038670768,0.38015300337576163
44.53074550628662,0.6789365410804749,-0.34406450390815735,0.651658125723997,0.379907661170157
44.580371141433716,0.6643005013465881,-0.3236607313156128,0.648174940699668,0.37966197084689257
44.63191366195679,0.6488760709762573,-0.31752777099609375,0.645699707343544,0.37941633161842264
44.68125057220459,0.6344544291496277,-0.3053698241710663,0.644520113761838,0.3791713240265363
44.73030233383179,0.6225356459617615,-0.27800989151000977,0.637676374775604,0.3789270087102627
44.7806453704834,0.6121361255645752,-0.2498764842748642,0.631438621346925,0.3786834099574893
44.830294370651245,0.6004725694656372,-0.2435213327407837,0.626863625829962,0.37844083279344487
44.88180756568909,0.5891019701957703,-0.23671577870845795,0.62700926997918,0.37819998252004383
44.93094730377197,0.5781520009040833,-0.22938740253448486,0.632913870227298,0.37796225011312895
44.979928731918335,0.5673335194587708,-0.2239803671836853,0.640502791318865,0.3777289746021032
45.03416419029236,0.5598870515823364,-0.1932155042886734,0.645734357490107,0.377499571864691
45.08377528190613,0.5565669536590576,-0.14216086268424988,0.647606447075886,0.3772721734010282
45.134077310562134,0.5553777813911438,-0.0951034426689148,0.650240194894081,0.37704642278635014
45.18369102478027,0.5512268543243408,-0.09126255661249161,0.655094829320472,0.3768241422873441
45.234015703201294,0.5458551645278931,-0.09766031056642532,0.659730958222359,0.37660598294731357
45.284156799316406,0.5418328046798706,-0.0903332456946373,0.665238493040802,0.3763920744944783
45.32971143722534,0.5393771529197693,-0.08079881221055984,0.673560485246154,0.37618327714380567
45.379778146743774,0.5369669795036316,-0.0682058036327362,0.683416692155877,0.3759807036954152
45.430025577545166,0.5360658764839172,-0.0432344488799572,0.699581817648863,0.37578745581927947
45.47995924949646,0.5366566181182861,-0.02134048193693161,0.716473277116237,0.37560402873962
45.52997088432312,0.5409621000289917,0.02195216715335846,0.735700514964216,0.3754303865008084
45.58040189743042,0.5476512312889099,0.0663115531206131,0.757035941557221,0.3752670602374932
45.62981915473938,0.5537558794021606,0.09516242891550064,0.781581740530555,0.3751176274372747
45.67993092536926,0.5638493895530701,0.1292344480752945,0.803858081937358,0.37497808342816114
45.73236799240112,0.5750739574432373,0.1671086698770523,0.82802780334144,0.37484954585330577
45.784016132354736,0.5875029563903809,0.19910944998264313,0.852491419381834,0.3747317358657891
45.833765745162964,0.6000577807426453,0.21925610303878784,0.878371958887331,0.3746263087931867
45.88097929954529,0.6139446496963501,0.24235489964485168,0.90442712400735,0.37453269537849304
45.92970323562622,0.6261813640594482,0.2642332911491394,0.92246301902873,0.3744449797836205
45.98379445075989,0.6450967788696289,0.2888924479484558,0.947441205163049,0.37436352222363745
46.03433060646057,0.6609164476394653,0.29901552200317383,0.972257989553503,0.3742914587540295
46.08346438407898,0.6756711602210999,0.2968515157699585,0.996503422504451,0.3742295565418613
46.133986949920654,0.6931222677230835,0.31785935163497925,1.02264392791137,0.37417720250821035
46.18358373641968,0.7110411524772644,0.3333272337913513,1.03870780313934,0.3741229449664266
46.23357844352722,0.7302727699279785,0.3534740209579468,1.06037704411649,0.3740714767184356
46.2807936668396,0.7486435770988464,0.35815897583961487,1.08589447211919,0.3740280394309183
46.331109285354614,0.7659299373626709,0.35258668661117554,1.10963784557552,0.3739919891200855
46.381168842315674,0.7842755913734436,0.3581673502922058,1.13002189082839,0.3739583501519262
46.42972755432129,0.8017603754997253,0.38597166538238525,1.14218601162582,0.3739187568560849
46.48051166534424,0.8263607025146484,0.3972954750061035,1.16220277247741,0.373874139397957
46.52991819381714,0.8450214862823486,0.38665708899497986,1.1804326323591,0.3738291496163996
46.58076548576355,0.8618654608726501,0.36624351143836975,1.20019722487136,0.37378750685652734
46.63221096992493,0.8795871734619141,0.361528605222702,1.2202551423098,0.3737485721652585
46.68182420730591,0.8984057903289795,0.3671800196170807,1.23499138491411,0.37370518468051916
46.73086166381836,0.9195740818977356,0.38945719599723816,1.24957190776376,0.37365468872585794
46.78168058395386,0.9388668537139893,0.386844277381897,1.27414277702509,0.37361006867400387
46.83006286621094,0.9561543464660645,0.3697831928730011,1.28467567428714,0.3735582070609575
46.88169765472412,0.9758107662200928,0.3793337643146515,1.29188258645362,0.37349333207044694
46.93022894859314,0.9959632754325867,0.38815608620643616,1.27771282655187,0.3733950579112968
46.98093891143799,1.0124971866607666,0.36401137709617615,1.28218311991424,0.3732861314040255
47.03351902961731,1.0211775302886963,0.2866543233394623,1.27960400054961,0.37316773433740413
47.081592321395874,1.0283502340316772,0.2301209270954132,1.27553937788628,0.37304032343407245
47.131022453308105,1.0364757776260376,0.20360946655273438,1.27920713958405,0.37290962075856693
47.180765867233276,1.0458788871765137,0.19759798049926758,1.29060494791164,0.3727807723831861
47.23064994812012,1.0563241243362427,0.20204870402812958,1.27138117211939,0.37263000585582334
47.28073215484619,1.0708084106445312,0.2373945116996765,1.25346381463904,0.37245860071797143
47.33283281326294,1.0778812170028687,0.19689741730690002,1.24639785412563,0.37227946799845535
47.382773876190186,1.0784162282943726,0.12211138755083084,1.26651601815471,0.37211201534685534
47.432324171066284,1.077720046043396,0.06852075457572937,1.31715277447473,0.3719804777470744
47.48264241218567,1.0862420797348022,0.11131453514099121,1.37287640505551,0.3718894360491763
47.53272843360901,1.1123673915863037,0.27738967537879944,1.4239060461652,0.3718226985648148
47.58236527442932,1.1510980129241943,0.4750399589538574,1.47583074438409,0.37176968026302115
47.63256764411926,1.191232681274414,0.6028499603271484,1.52764767821107,0.37172925357844977
47.68231654167175,1.2253189086914062,0.6312237977981567,1.5714821241856,0.371699651831934
47.73251533508301,1.2571405172348022,0.6321927905082703,1.6295822921354,0.37170054148825576
47.7825071811676,1.2863702774047852,0.6120108366012573,1.7025662035251,0.3717569470204228
47.832308769226074,1.3189572095870972,0.6280621290206909,1.77849360012921,0.3718741838600722
47.88236427307129,1.3614649772644043,0.7172800898551941,1.8523268061809,0.3720388535272156
47.9305374622345,1.4138470888137817,0.8485100269317627,1.89635169448805,0.3721900331734235
47.980735540390015,1.4692771434783936,0.9499590992927551,1.95389740388473,0.3723440626667237
48.03074336051941,1.5156880617141724,0.9373794794082642,2.01204711353318,0.3725160414408626
48.08080077171326,1.5575567483901978,0.8962107300758362,2.07063396302985,0.37271442102863184
48.130943298339844,1.5995798110961914,0.8734689950942993,2.12249066940954,0.37292842781361285
48.18038368225098,1.6442978382110596,0.8814029693603516,2.1629451648397,0.37313475481913405
48.23079800605774,1.6928138732910156,0.9162393808364868,2.20834859536123,0.37333537795224714
48.280911922454834,1.7384940385818481,0.9129972457885742,2.2562908432105,0.3735391178271987
48.33079147338867,1.7828360795974731,0.9014473557472229,2.29906034979743,0.37373969764561005
48.38072633743286,1.8268603086471558,0.8920712471008301,2.34051898017663,0.37393553087846043
48.43085074424744,1.8725733757019043,0.9002384543418884,2.37871909423834,0.37411873991585787
48.48088622093201,1.9179644584655762,0.9019094109535217,2.42677473774817,0.3743056786222636
48.53082323074341,1.9610207080841064,0.8841339349746704,2.47194640011484,0.37449546937922923
48.580565214157104,2.0058605670928955,0.8887337446212769,2.52182774129001,0.3746928273688369
48.630844593048096,2.0525951385498047,0.9061331152915955,2.56459513406565,0.3748832425888716
48.68023896217346,2.101977825164795,0.9377545118331909,2.59979507322292,0.3750507586054089
48.73061466217041,2.1511850357055664,0.9546104669570923,2.64291867331562,0.37520842559866846
48.781068325042725,2.1961145401000977,0.9301881194114685,2.68856541470776,0.3753667566672151
48.830360412597656,2.2395339012145996,0.9046182036399841,2.73181649667584,0.3755243942578475
48.88082957267761,2.2845332622528076,0.9022397398948669,2.77968614567781,0.375685994852757
48.93043565750122,2.3327746391296387,0.9266031384468079,2.8195354583789,0.37583438806280134
48.983490228652954,2.3814268112182617,0.9436394572257996,2.87119578864257,0.375986920231835
49.03302979469299,2.429614305496216,0.9502583742141724,2.91648093015744,0.37613466018120273
49.08330678939819,2.4790232181549072,0.9643961191177368,2.96591613218711,0.37628203900311286
49.130733251571655,2.5276432037353516,0.9660365581512451,3.0129625177363,0.37642666408848807
49.181010723114014,2.5769996643066406,0.97344571352005,3.05722658312458,0.3765633427445694
49.23063921928406,2.627077579498291,0.9834591746330261,3.11044805603189,0.37670430403529487
49.280397176742554,2.6757380962371826,0.9777714610099792,3.16079607298506,0.37684739103410303
49.33034420013428,2.7248566150665283,0.9786368012428284,3.21549559664897,0.37699842380964005
49.381139278411865,2.77634859085083,0.9982326030731201,3.26217436035675,0.3771418698220611
49.43091917037964,2.8294451236724854,1.0223703384399414,3.30748879229352,0.3772734919649602
49.48130202293396,2.8814284801483154,1.0274978876113892,3.35313884585003,0.3773956058967912
49.53341245651245,2.932138681411743,1.0207324028015137,3.40697783632115,0.37752190337641184
49.583348751068115,2.982100486755371,1.0108964443206787,3.45548586508547,0.3776457760549809
49.63458275794983,3.033456802368164,1.0165117979049683,3.51222643966595,0.37777709692303796
49.68325209617615,3.086041212081909,1.029367208480835,3.55611038718476,0.3778955745620511
49.73340630531311,3.140904664993286,1.055413842201233,3.61097224232334,0.37801374211810757
49.7833731174469,3.193756580352783,1.054009199142456,3.66154854254475,0.3781283815596704
49.83334016799927,3.246180534362793,1.050593614578247,3.7179380905923,0.3782483409059233
49.8837354183197,3.2987465858459473,1.0496457815170288,3.77758938956097,0.37837812606655347
49.93361210823059,3.353135824203491,1.0639008283615112,3.82283545933438,0.37849453788126336
49.98381423950195,3.4105615615844727,1.096640944480896,3.88147777985752,0.37861236675803095
50.034260272979736,3.4646596908569336,1.0883415937423706,3.94009409456638,0.37873629894024374
50.0836546421051,3.520587682723999,1.0997121334075928,4.0029065945367,0.3788697757529925
50.13371467590332,3.5769567489624023,1.1091974973678589,4.05544344361166,0.3789974022156773
50.18355989456177,3.63645601272583,1.1405400037765503,4.10349044486947,0.3791085420948867
50.233688831329346,3.6947951316833496,1.148884654045105,4.15498805069725,0.3792099472998333
50.28370118141174,3.749685525894165,1.1265019178390503,4.21146285181639,0.3793132698983647
50.33923625946045,3.8039743900299072,1.1091761589050293,4.26111569350214,0.37941000217128956
50.3837456703186,3.8585989475250244,1.101387619972229,4.31494012798458,0.3795054075911189
50.4335618019104,3.913638114929199,1.0999263525009155,4.35365371322442,0.3795788922769068
50.483776569366455,3.970705509185791,1.1154565811157227,4.40488232031088,0.37964464450352087
50.53362798690796,4.0241217613220215,1.0943470001220703,4.46434562571886,0.3797180520855552
50.58371686935425,4.077729225158691,1.0846433639526367,4.52024371158109,0.3797942652454042
50.633729696273804,4.134129524230957,1.1011443138122559,4.57439220652523,0.3798673624827466
50.68406319618225,4.192501068115234,1.1262668371200562,4.62566267990383,0.3799311521612304
50.730637073516846,4.251698970794678,1.1477011442184448,4.67733045891639,0.37998528114053554
50.78054642677307,4.309293270111084,1.14742112159729,4.73406560941668,0.3800382087903073
50.83247756958008,4.365390300750732,1.1356836557388306,4.7861111833343,0.3800859874944078
50.88237118721008,4.420693397521973,1.1225131750106812,4.84103348855241,0.38013318469439056
50.93280291557312,4.477433681488037,1.1264653205871582,4.88075851759268,0.3801597678631951
50.98264741897583,4.5337700843811035,1.1249771118164062,4.93314252093105,0.38018165407486837
51.03211283683777,4.587785243988037,1.1054129600524902,4.9831847427799,0.3801988816682595
51.08232069015503,4.641933441162109,1.0954512357711792,5.03627313989011,0.3802148500560411
51.13243293762207,4.696770191192627,1.0948046445846558,5.08597519032774,0.3802249234937491
51.18233132362366,4.752109527587891,1.0982999801635742,5.12540702014717,0.380217330138643
51.23335027694702,4.807724952697754,1.1025310754776,5.17404689077756,0.38020225637893995
51.28279638290405,4.8617401123046875,1.0919626951217651,5.22737862662449,0.38018648915555914
51.33341932296753,4.914493083953857,1.0758780241012573,5.27336410566872,0.3801636462059698
51.384279012680054,4.968418121337891,1.0760324001312256,5.32218227504036,0.38013558033531814
51.432557344436646,5.0218377113342285,1.0714818239212036,5.36515686094047,0.38009703758866403
51.482704401016235,5.074634075164795,1.063942313194275,5.41308411554454,0.38005377646813165
51.53224229812622,5.127160549163818,1.0573391914367676,5.45943448631484,0.3800046224317425
51.58151698112488,5.179646015167236,1.0530650615692139,5.50737815603773,0.37995124450968487
51.63197660446167,5.232199668884277,1.051029920578003,5.55450179684426,0.37989288774611263
51.680086851119995,5.284847736358643,1.050540566444397,5.59398117060414,0.37982267385119095
51.73204588890076,5.337573528289795,1.0508506298065186,5.63976415829282,0.3797464930658728
51.78157901763916,5.388647079467773,1.0375328063964844,5.6809199377565,0.37966198697038545
51.83259725570679,5.4384846687316895,1.0199999809265137,5.72605552993367,0.3795737299554438
51.880470275878906,5.487844944000244,1.0058079957962036,5.77125268756465,0.3794822330500523
51.930267095565796,5.537189960479736,0.9971859455108643,5.80410117724498,0.37937789414181383
51.98027443885803,5.586719512939453,0.9934482574462891,5.84891408127098,0.37927017736514035
52.03047704696655,5.634764671325684,0.979000449180603,5.88754048152641,0.3791557191204116
52.080239057540894,5.681717872619629,0.961909294128418,5.92351068027795,0.37903370321523444
52.13003754615784,5.7282867431640625,0.9486975073814392,5.962991790997,0.3789070841417744
52.180158853530884,5.77488374710083,0.9409951567649841,5.99938891294703,0.37877400548920404
52.23026776313782,5.821674823760986,0.9378844499588013,6.03721974978154,0.3786355390290878
52.28042387962341,5.866973876953125,0.9237563610076904,6.07351309206589,0.3784918984314295
52.33047366142273,5.911169528961182,0.9067609906196594,6.10058075870488,0.3783388450634136
52.381600856781006,5.9549689292907715,0.8935170769691467,6.12659564446048,0.37817691201129155
52.43027639389038,5.995387077331543,0.8579860329627991,6.14948194296542,0.37800712780820234
52.48021936416626,6.033481597900391,0.8187411427497864,6.1640856374411,0.37782811631277935
52.53039836883545,6.069121360778809,0.7755221128463745,6.16939593555698,0.37763944648261616
52.58054280281067,6.101935386657715,0.727056086063385,6.16961762922714,0.3774433069577277
52.63072323799133,6.13178014755249,0.6743370890617371,6.16628103013853,0.3772426696593321
52.68328857421875,6.155249118804932,0.5912802219390869,6.16543182262451,0.37704081275598955
52.733391523361206,6.174985408782959,0.5126681923866272,6.15319708090504,0.3768398063873827
52.783342123031616,6.193864345550537,0.45893698930740356,6.13632355847471,0.37664314517150294
52.83331799507141,6.211655616760254,0.4176088571548462,6.12689426536526,0.3764522920700221
52.883336544036865,6.224146366119385,0.34968042373657227,6.11860600087258,0.37626735138616085
52.93337893486023,6.23502254486084,0.2972371280193329,6.12269633839065,0.37608480717334525
52.98336410522461,6.246315002441406,0.26903021335601807,6.12046653647551,0.3759071203041185
53.03342080116272,6.260244369506836,0.2732425034046173,6.11643867395362,0.37573657506891023
53.0832998752594,6.2763142585754395,0.2923067808151245,6.11640910032511,0.37557322507909086
53.13328313827515,6.290066242218018,0.28434646129608154,6.12129973350372,0.37541426419089713
53.18396544456482,6.299919128417969,0.2487175017595291,6.13388037876687,0.37525428391079485
53.23331069946289,6.3091535568237305,0.22331953048706055,6.13827875160777,0.3750968724925376
53.283546686172485,6.322296142578125,0.2397724986076355,6.14900232169116,0.37494090160897775
53.3333420753479,6.336868762969971,0.2599469721317291,6.16033876895721,0.3747867902643824
53.381158113479614,6.349926948547363,0.25959858298301697,6.17045467367808,0.37463441551295174
53.43010330200195,6.363253116607666,0.262195348739624,6.18457423371676,0.3744819002985652
53.48008131980896,6.375377178192139,0.2537290155887604,6.19919864933897,0.3743283967025984
53.52997303009033,6.386058807373047,0.2591187655925751,6.21427771207042,0.3741730031296012
53.58025074005127,6.401799201965332,0.26149535179138184,6.2300146138937,0.374017873340562
53.63090443611145,6.415850639343262,0.2689368724822998,6.24513158804966,0.3738624927941781
53.68053650856018,6.430036544799805,0.27443450689315796,6.26336122468561,0.3737054601680109
53.730446100234985,6.444192886352539,0.2774968147277832,6.28003004858252,0.3735475255654646
53.780311584472656,6.458257675170898,0.2786290645599365,6.2959364851502,0.37338901257061613
53.83089351654053,6.473933696746826,0.29248735308647156,6.3122975364996,0.3732304530811981
53.88057613372803,6.489102363586426,0.2961406707763672,6.32884131778363,0.3730715381822345
53.930471897125244,6.501760482788086,0.2781938314437866,6.34989358589145,0.37290922403578547
53.980239152908325,6.514380931854248,0.2678803503513336,6.36451598290064,0.37274633355239983
54.03037929534912,6.530978202819824,0.29390236735343933,6.38104191812117,0.3725837409439266
54.08022403717041,6.547135829925537,0.3046286702156067,6.3997805891438,0.37242034472685237
54.130491495132446,6.562002182006836,0.30107858777046204,6.41546604971885,0.37225688060120593
54.18373942375183,6.576035022735596,0.29250818490982056,6.43335191335174,0.37209213067112384
54.233673334121704,6.5896711349487305,0.28431129455566406,6.44903252871521,0.37192684247976554
54.283634662628174,6.60491418838501,0.292546808719635,6.47116636694784,0.3717591907847516
54.33356308937073,6.61977481842041,0.29379552602767944,6.48467256261026,0.3715923171239436
54.38452100753784,6.635669708251953,0.3032694458961487,6.50319216120375,0.37142473681068533
54.43420743942261,6.650749206542969,0.3019079864025116,6.51845529547309,0.37125735939391846
54.4839551448822,6.666614055633545,0.3078984320163727,6.5358443211338,0.37108969487559706
54.533671617507935,6.681567192077637,0.30370602011680603,6.55186203935372,0.37092191518983575
54.583670139312744,6.695600986480713,0.29409241676330566,6.57406465062612,0.3707515574991135
54.63375496864319,6.710903167724609,0.2988654673099518,6.59598068064438,0.37057930328031435
54.68359732627869,6.727363586425781,0.3106750249862671,6.62429010727147,0.37040374306433993
54.73293900489807,6.744375705718994,0.3220156133174896,6.64877280691596,0.37022640410008184
54.78259468078613,6.764923095703125,0.3575976490974426,6.67732996890302,0.37004731239847954
54.83244442939758,6.786201000213623,0.38383010029792786,6.70819152939548,0.3698663048848961
54.88372755050659,6.807032585144043,0.3960973918437958,6.73694523332636,0.3696839566681685
54.93335819244385,6.828969478607178,0.4127241373062134,6.76022008035564,0.3695016345045473
54.98008990287781,6.847944259643555,0.4344678521156311,6.79037917941286,0.3693176430298509
55.03103303909302,6.8728742599487305,0.42576614022254944,6.82557414825719,0.36913244893521513
55.080297231674194,6.894394397735596,0.42728009819984436,6.86072399824446,0.3689460163134906
55.131112813949585,6.918179035186768,0.4464198648929596,6.89574727329792,0.3687589993444624
55.18029522895813,6.945202350616455,0.4836476743221283,6.92108991082537,0.36857237573177526
55.23008131980896,6.9723405838012695,0.5061097145080566,6.95352758852614,0.3683857233394366
55.28065514564514,6.996980667114258,0.49953097105026245,6.99253770533191,0.36819889496076585
55.329999923706055,7.021333694458008,0.49410343170166016,7.02672341107652,0.3680123634159877
55.38036489486694,7.049376010894775,0.5208282470703125,7.06205295108402,0.3678262962971165
55.43028783798218,7.078460216522217,0.5441567897796631,7.09993622371178,0.36764092481819816
55.48393416404724,7.107383728027344,0.5568954348564148,7.1329486028633,0.3674560989629141
55.53389883041382,7.137604713439941,0.5752883553504944,7.1691908796232,0.3672720261262221
55.58401370048523,7.166994571685791,0.5791498422622681,7.20730072597164,0.36708909314883026
55.634037733078,7.197039604187012,0.587264895439148,7.24839147911984,0.36690782709078645
55.68395519256592,7.227733135223389,0.597136378288269,7.2766440376566,0.36672650073295077
55.7338445186615,7.26036262512207,0.6187431812286377,7.31405994723341,0.3665461227248502
55.78391194343567,7.292539119720459,0.6274579763412476,7.35303766797958,0.36636708260350154
55.83389854431152,7.32382869720459,0.6258255839347839,7.38718924573485,0.36618879984106073
55.88386631011963,7.356227874755859,0.634156346321106,7.42170268009112,0.3660111606320188
55.93388032913208,7.3878912925720215,0.6327263116836548,7.46068289293813,0.3658351751270333
55.98386359214783,7.418697834014893,0.6252483129501343,7.4983574405922,0.36566088885439607
56.033759355545044,7.452468395233154,0.6451431512832642,7.53295298160331,0.36548704850350905
56.083755016326904,7.486922264099121,0.6616080403327942,7.56894183890412,0.36531381338867575
56.13073515892029,7.5211181640625,0.6694784164428711,7.60101492535832,0.36514037250712633
56.18259286880493,7.554952144622803,0.6713978052139282,7.63219948898293,0.36496662683994807
56.23057508468628,7.586784839630127,0.6563526391983032,7.65951851286475,0.3647922211696003
56.28067588806152,7.6171746253967285,0.636183500289917,7.68969158284878,0.36461803614795524
56.33051085472107,7.646999835968018,0.6197360754013062,7.71817723275781,0.3644438518235529
56.38376212120056,7.678499698638916,0.6235582828521729,7.74419810904367,0.36426890885358626
56.43400597572327,7.709766864776611,0.6233140826225281,7.76632828300088,0.36409270845748304
56.47992658615112,7.740506172180176,0.619092583656311,7.78198405401591,0.3639147602699445
56.53116154670715,7.7692670822143555,0.6005383133888245,7.79769635273008,0.36373583703370205
56.58051514625549,7.793278217315674,0.5512477159500122,7.8063923146869,0.3635563149541076
56.63039469718933,7.816009521484375,0.5125594735145569,7.81546319512055,0.363376825684332
56.68166446685791,7.837380409240723,0.47813260555267334,7.8359131636437,0.3631976045144815
56.73171019554138,7.858202934265137,0.4532644748687744,7.83331589022995,0.3630194858168476
56.781813859939575,7.8809027671813965,0.4536055326461792,7.82793835993516,0.36284459526415136
56.83185791969299,7.898488998413086,0.411360502243042,7.82141886997038,0.3626742138211633
56.881765842437744,7.9119415283203125,0.3541020154953003,7.80458158226934,0.36251165617750347
56.93376851081848,7.9203643798828125,0.2794620394706726,7.80732952547849,0.3623510385398955
56.98400640487671,7.926185131072998,0.21462994813919067,7.79109227792323,0.36219807228377027
57.03296089172363,7.935037612915039,0.20068098604679108,7.77821193719973,0.36205392254541785
57.08180475234985,7.941988945007324,0.17542751133441925,7.76120985581362,0.3619209293598031
57.1347382068634,7.945362567901611,0.1319172978401184,7.75636480806583,0.36179225305653984
57.18437695503235,7.946822643280029,0.09105822443962097,7.76197186439827,0.36166168930705384
57.23374915122986,7.949556350708008,0.07715465873479843,7.76346205955194,0.3615319556876646
57.28341102600098,7.957278728485107,0.10884037613868713,7.76870544488469,0.36140368095175324
57.33018398284912,7.966850280761719,0.14137910306453705,7.77174423161728,0.361278988333837
57.38061451911926,7.974923133850098,0.1485629677772522,7.77900327198205,0.3611549239445627
57.4307382106781,7.981403350830078,0.14055871963500977,7.79371376363891,0.36102680889318706
57.48063588142395,7.988637447357178,0.14232417941093445,7.80487841399643,0.3608969334453806
57.53357982635498,7.998434543609619,0.16392236948013306,7.81145741440257,0.3607688671081862
57.580430030822754,8.008223533630371,0.17606444656848907,7.82298332893349,0.3606401350694852
57.63035869598389,8.01566219329834,0.16444529592990875,7.82798517094663,0.36051282650674876
57.68352675437927,8.023032188415527,0.15768958628177643,7.85641331907144,0.3603757084191152
57.733524560928345,8.030876159667969,0.15729665756225586,7.86104013032361,0.36024025482314936
57.783860206604004,8.04416561126709,0.2013522833585739,7.87288252546418,0.36010567348169226
57.83041572570801,8.054614067077637,0.2028532326221466,7.88222945703063,0.3599718085850955
57.88044810295105,8.063243865966797,0.1904333084821701,7.88934274887016,0.3598388549429483
57.9304461479187,8.071234703063965,0.17805802822113037,7.90525638326139,0.3597025056582366
57.98060345649719,8.077354431152344,0.15544246137142181,7.91742605818175,0.35956373067257935
58.030726194381714,8.085695266723633,0.1605297327041626,7.92589700288478,0.3594251132883729
58.08091473579407,8.096230506896973,0.18053579330444336,7.93568057820478,0.3592870302315811
58.130675077438354,8.106165885925293,0.18714486062526703,7.94504671874938,0.3591494034261407
58.18307423591614,8.115156173706055,0.1838102638721466,7.96374504916722,0.35900794016660365
58.232290744781494,8.123554229736328,0.1772342026233673,7.97677754526068,0.3588648495404432
58.28231859207153,8.133381843566895,0.1850757598876953,7.98587372957398,0.358722262423595
58.33082866668701,8.144412994384766,0.19907060265541077,7.99536590892157,0.35858049896033306
58.381083250045776,8.154276847839355,0.19770611822605133,8.0063067159202,0.358438524363271
58.43006443977356,8.162978172302246,0.18790189921855927,8.02063714894623,0.3582945903715988
58.481847047805786,8.171077728271484,0.17737837135791779,8.02761127486934,0.3581513005285304
58.53188371658325,8.18069076538086,0.1835058033466339,8.03728636487691,0.35800820251684057
58.581663846969604,8.18990421295166,0.18335391581058502,8.04752173346239,0.35786493162028893
58.63225817680359,8.198471069335938,0.1782577931880951,8.05763904210546,0.35772129275704423
58.68148994445801,8.208395004272461,0.18643222749233246,8.06634980418884,0.3575783241983902
58.731457233428955,8.217761993408203,0.18629340827465057,8.07316100018493,0.35743654103180317
58.781689167022705,8.226369857788086,0.18034303188323975,8.08065164821747,0.3572954001160315
58.831701040267944,8.232873916625977,0.15978682041168213,8.09020324541844,0.3571533066031517
58.881789684295654,8.2396879196167,0.1505986601114273,8.09650934036944,0.3570116174910211
58.93165159225464,8.247299194335938,0.151251882314682,8.10209281040012,0.35687091355463424
58.981719732284546,8.25545883178711,0.15588828921318054,8.10965467628564,0.3567306497781619
59.03166198730469,8.262202262878418,0.14697977900505066,8.12002607856637,0.3565892146434099
59.079943895339966,8.26826286315918,0.14913241565227509,8.12839197528258,0.3564471310909586
59.13032817840576,8.277506828308105,0.1520250141620636,8.13274314886952,0.3563070968404308
59.180121421813965,8.2859468460083,0.1585148721933365,8.15058663487569,0.35616379543080806
59.230231046676636,8.292828559875488,0.1496257781982422,8.16149443722156,0.35601928967982477
59.28025269508362,8.30184268951416,0.1622420698404312,8.168658830449,0.35587564141553457
59.33026099205017,8.311114311218262,0.17106471955776215,8.18126465013929,0.3557310492884035
59.38026571273804,8.320001602172852,0.17337338626384735,8.19117312483549,0.35558632151262287
59.429940938949585,8.32856273651123,0.1722412258386612,8.20139913733633,0.35544124491212103
59.480329513549805,8.336918830871582,0.16997942328453064,8.218671320088,0.3552935025760198
59.53041386604309,8.345181465148926,0.16789959371089935,8.23267058445205,0.3551442346870756
59.582653284072876,8.35512638092041,0.18038439750671387,8.24724076386289,0.3549938433424917
59.632696866989136,8.36634635925293,0.19772358238697052,8.2636470750611,0.3548422345162704
59.680535554885864,8.378076553344727,0.21205197274684906,8.27237631542864,0.35469166425703647
59.72996687889099,8.38984203338623,0.22091102600097656,8.28726227660801,0.35454045772381804
59.78042912483215,8.39972972869873,0.21097776293754578,8.30801421815422,0.3543867000718836
59.83010792732239,8.409847259521484,0.20752792060375214,8.32273148180125,0.3542320833382392
59.88000130653381,8.422272682189941,0.22403672337532043,8.33697530541465,0.35407727544476664
59.930261850357056,8.434626579284668,0.23263786733150482,8.36058452549026,0.35392033883883756
59.98032355308533,8.446365356445312,0.23304399847984314,8.37114242110496,0.35376385410256217
60.03055214881897,8.46106243133545,0.2576053738594055,8.39469361753038,0.35360594996493716
60.08004188537598,8.474629402160645,0.26212912797927856,8.40979114630876,0.35344800479589933
60.12997770309448,8.488259315490723,0.26605695486068726,8.42568840826295,0.35328990338025806
60.180092573165894,8.50221061706543,0.2709008753299713,8.43343878886327,0.353133086889359
60.23053050041199,8.516282081604004,0.27472081780433655,8.45627718174753,0.35297501604347736
60.280129194259644,8.526947975158691,0.2492314577102661,8.47200264670859,0.35281640672764064
60.32998776435852,8.54014778137207,0.2557412087917328,8.48462177178459,0.35265810177368967
60.38030934333801,8.554398536682129,0.2670253813266754,8.49397492989524,0.3525007572684754
60.43031191825867,8.568768501281738,0.27470916509628296,8.49629533640457,0.35234571836246104
60.480823278427124,8.579646110534668,0.25086283683776855,8.49675971351521,0.3521930029811421
60.53080630302429,8.587857246398926,0.21596543490886688,8.4913500046616,0.3520436824746118
60.580304861068726,8.593270301818848,0.17270085215568542,8.47732130578562,0.35189994674079494
60.6306836605072,8.59731674194336,0.13621535897254944,8.4640162487766,0.35176203983767235
60.680469274520874,8.597823143005371,0.08552676439285278,8.45540922030663,0.35162759708728986
60.73019623756409,8.596237182617188,0.03899001702666283,8.43360599388213,0.3515013602318085
60.78070282936096,8.594226837158203,0.007828024215996265,8.41951898605241,0.35138059781043063
60.830676317214966,8.590923309326172,-0.0215658750385046,8.3994963198823,0.35126795715569314
60.88140082359314,8.587004661560059,-0.04393806308507919,8.38016115616543,0.35116344774242153
60.931344509124756,8.58145809173584,-0.0706603080034256,8.37523799910878,0.3510587637698034
60.98173522949219,8.574995994567871,-0.09373978525400162,8.35667561526605,0.3509608922967963
61.032516956329346,8.570112228393555,-0.09464370459318161,8.33879529716779,0.35087073502141786
61.08010172843933,8.565884590148926,-0.09871774911880493,8.32345612064118,0.3507875270162824
61.132978677749634,8.557811737060547,-0.11638016998767853,8.30682300775511,0.350709909676
61.1802716255188,8.549134254455566,-0.13898807764053345,8.29727068912763,0.3506329840306431
61.23009467124939,8.541475296020508,-0.15685024857521057,8.28252844469878,0.3505608510497316
61.280131340026855,8.530777931213379,-0.16679392755031586,8.26281290132021,0.35049496276077974
61.33038020133972,8.521871566772461,-0.1709677129983902,8.24768438033854,0.35043352907683356
61.381690979003906,8.511540412902832,-0.1852061152458191,8.23087982879214,0.3503768215228064
61.42982077598572,8.502062797546387,-0.20306579768657684,8.21957545454144,0.35032153104603064
61.481247663497925,8.488405227661133,-0.2147086262702942,8.20035512486324,0.35027041299471295
61.531763553619385,8.4766845703125,-0.22215446829795837,8.1846974408882,0.35022231405147175
61.57993531227112,8.465155601501465,-0.22513651847839355,8.16843100102008,0.35017787622338803
61.63051104545593,8.452129364013672,-0.23922546207904816,8.14633285293585,0.3501405256875435
61.67985272407532,8.437994956970215,-0.2562355399131775,8.13514941860015,0.35010093564089845
61.72986555099487,8.425853729248047,-0.2726995646953583,8.11761247221316,0.350065635914472
61.78163695335388,8.410648345947266,-0.2634328305721283,8.10312636253048,0.35002982899647905
61.83161020278931,8.395881652832031,-0.2763592600822449,8.09245058806465,0.3499908859487312
61.88150453567505,8.380990028381348,-0.28433284163475037,8.08816552185716,0.34994392600613256
61.93049216270447,8.368260383605957,-0.27167361974716187,8.09197394367595,0.3498850241440651
61.98174333572388,8.358842849731445,-0.23775653541088104,8.09483042454858,0.3498177545487829
62.0342071056366,8.35136890411377,-0.2024124264717102,8.10440456538527,0.34973948269200106
62.08389115333557,8.346170425415039,-0.16292642056941986,8.12091582348218,0.3496482670946794
62.13100290298462,8.342053413391113,-0.13090498745441437,8.13572735608304,0.34954678483501156
62.18052864074707,8.341376304626465,-0.0836649164557457,8.15614601974657,0.34943493848357626
62.23096966743469,8.342799186706543,-0.03913683816790581,8.1812633723503,0.34931280131167386
62.28065323829651,8.344696998596191,-0.008784693665802479,8.20576199883017,0.3491822027139704
62.33067059516907,8.349642753601074,0.034424230456352234,8.23358644929549,0.3490443720380436
62.38092589378357,8.356502532958984,0.075102299451828,8.26123376384552,0.34890115047753867
62.431396484375,8.365493774414062,0.11668253690004349,8.29180099700692,0.3487534946937355
62.48420858383179,8.375417709350586,0.1488054394721985,8.32614492800693,0.348602226440978
62.534013509750366,8.386974334716797,0.18139620125293732,8.36115305708855,0.34844892588045817
62.58417534828186,8.401013374328613,0.22084975242614746,8.397599575757,0.3482949981181102
62.63433527946472,8.417984962463379,0.26788240671157837,8.4348299794914,0.3481416191115242
62.684041023254395,8.436332702636719,0.3066944181919098,8.46511225560944,0.3479891331059182
62.7335569858551,8.45477294921875,0.33066296577453613,8.50415891223748,0.3478388890552308
62.78038454055786,8.472732543945312,0.341318815946579,8.54127490957021,0.3476917045371066
62.830448150634766,8.493513107299805,0.3709639012813568,8.58349055334735,0.34754901612082184
62.88043689727783,8.516353607177734,0.404645174741745,8.6246563952692,0.3474111153719313
62.931185483932495,8.541587829589844,0.4440624415874481,8.65799911901988,0.34727570541745423
62.98120355606079,8.567991256713867,0.47671204805374146,8.70059416260324,0.34714557448520295
63.03312945365906,8.594480514526367,0.49693435430526733,8.74278182370397,0.3470211915762431
63.08129906654358,8.620569229125977,0.5059647560119629,8.7808384658195,0.34690164296322556
63.132352113723755,8.649572372436523,0.5353602766990662,8.81709643307887,0.34678526222712724
63.182109117507935,8.679006576538086,0.5555700063705444,8.84711133687983,0.34666929170541116
63.23084568977356,8.707919120788574,0.5636458396911621,8.88797546137634,0.3465587282469925
63.28125190734863,8.734577178955078,0.5503336787223816,8.92782928046485,0.34645452617314765
63.33129858970642,8.762974739074707,0.557266354560852,8.96595577234029,0.34635532633538424
63.38296985626221,8.794883728027344,0.5892851948738098,9.00433208584859,0.3462596260519009
63.43026161193848,8.828920364379883,0.6249155402183533,9.03102868465603,0.34616026845574643
63.48140048980713,8.861953735351562,0.6377789974212646,9.07113334383544,0.3460647091451888
63.5333034992218,8.891915321350098,0.6210123896598816,9.11580373196604,0.34597728763097246
63.5810489654541,8.921414375305176,0.6081267595291138,9.15232328564496,0.34589400233206596
63.63026690483093,8.9546480178833,0.6307339072227478,9.18525701619791,0.3458106679199774
63.68060040473938,8.99074935913086,0.6664416790008545,9.21074049247676,0.34572146188665964
63.734435081481934,9.026371002197266,0.6833925247192383,9.24225302541334,0.34563014408179216
63.78410625457764,9.057497024536133,0.6573418974876404,9.27598860223346,0.34554037907036667
63.833940744400024,9.085294723510742,0.6160092353820801,9.30714286126023,0.3454525949401075
63.88403630256653,9.115074157714844,0.608031690120697,9.3345241946362,0.3453636170958205
63.933717012405396,9.147176742553711,0.6211980581283569,9.34299468469656,0.3452625079577872
63.98403215408325,9.180624008178711,0.6394860148429871,9.38748504596151,0.3451670967095708
64.03390264511108,9.207806587219238,0.5990917086601257,9.41295067179126,0.3450709406529533
64.08372092247009,9.238500595092773,0.6056953072547913,9.44795088742219,0.34497715022669306
64.13428163528442,9.269970893859863,0.614179253578186,9.48441777677893,0.3448861359337062
64.1836450099945,9.302762985229492,0.6302143335342407,9.50951744121517,0.3447912174998778
64.23088145256042,9.336494445800781,0.6470829248428345,9.53937490299919,0.34469446004583676
64.28173589706421,9.368807792663574,0.6454961895942688,9.56827349368678,0.3445961317599773
64.33186936378479,9.399785041809082,0.6342164278030396,9.60024346657582,0.3444984377581426
64.38370203971863,9.430070877075195,0.6221207976341248,9.6256410920148,0.34439847714885874
64.43398356437683,9.461843490600586,0.6270910501480103,9.65171215383635,0.34429592856216856
64.483553647995,9.493223190307617,0.6263005137443542,9.67904152122589,0.3441916355036955
64.53370594978333,9.523974418640137,0.620973527431488,9.71462479239313,0.34408974640986867
64.58398723602295,9.554402351379395,0.6152787804603577,9.74572127428314,0.3439883177951314
64.63477873802185,9.586429595947266,0.6249678134918213,9.77631036385086,0.34388635273982726
64.684654712677,9.619739532470703,0.640680730342865,9.81758489621058,0.34378835684600373
64.73360681533813,9.651900291442871,0.6404768824577332,9.84787917339169,0.3436895897788243
64.78416752815247,9.686284065246582,0.6590056419372559,9.87983405015591,0.3435897915971881
64.83371162414551,9.720857620239258,0.6708333492279053,9.9005118968754,0.34348372034541286
64.88417029380798,9.753226280212402,0.6601595282554626,9.92966981781656,0.343376383219695
64.93375849723816,9.782208442687988,0.6268537044525146,9.96931720933938,0.34327398491726957
64.98424768447876,9.810880661010742,0.6052377223968506,9.98966710115341,0.34316796975945685
65.03446340560913,9.845295906066895,0.6388624310493469,10.0164801633779,0.34305881809088257
65.08343935012817,9.877314567565918,0.6375605463981628,10.0415257124153,0.34294693171437096
65.1338415145874,9.9078950881958,0.6264001727104187,10.0758055947653,0.3428367127595695
65.18353009223938,9.93637752532959,0.6027624607086182,10.1018364731153,0.3427256376068761
65.23364353179932,9.966943740844727,0.6061768531799316,10.1309450903999,0.342614122595872
65.28370571136475,9.999645233154297,0.6247183084487915,10.158400663286,0.34250067531614625
65.33337736129761,10.031737327575684,0.6303834915161133,10.1866427619096,0.3423858960186836
65.38332414627075,10.06290054321289,0.6266030669212341,10.2131828887337,0.3422695366221963
65.43333673477173,10.09349250793457,0.6199182271957397,10.2398256711835,0.34215189378941485
65.48028326034546,10.122129440307617,0.6000766158103943,10.2688484585401,0.3420345472207391
65.53061437606812,10.151165962219238,0.5920092463493347,10.2950724276585,0.3419163539089875
65.58167767524719,10.181036949157715,0.5936183333396912,10.3190144659177,0.3417962671042109
65.63319158554077,10.211462020874023,0.5988689064979553,10.3382735052917,0.3416727127837447
65.68202590942383,10.240459442138672,0.5902515053749084,10.3603052389735,0.34154721429002505
65.73114013671875,10.268274307250977,0.5759442448616028,10.3766545339282,0.34141867300833195
65.78112077713013,10.293874740600586,0.5495319962501526,10.4056513869907,0.34129121432890847
65.83134841918945,10.31813907623291,0.523379385471344,10.4314111760227,0.3411643331752459
65.8810977935791,10.345453262329102,0.5327440500259399,10.4494470076735,0.34103514972331406
65.93102788925171,10.375452041625977,0.5590938925743103,10.4790231413108,0.3409060256146609
65.98110938072205,10.403349876403809,0.5571894645690918,10.4918521136727,0.3407735290093234
66.03143048286438,10.430769920349121,0.5530802011489868,10.5136128719484,0.34064001651540665
66.08026337623596,10.454909324645996,0.5238062739372253,10.5325909053905,0.34050566179745356
66.13247632980347,10.478355407714844,0.5016408562660217,10.5510650901546,0.34037056448962844
66.18015098571777,10.502182006835938,0.49130353331565857,10.5699866674208,0.3402347968349537
66.23063850402832,10.524813652038574,0.4751332998275757,10.5827166502307,0.34009768184048883
66.28252339363098,10.548296928405762,0.47276803851127625,10.5983269990135,0.339959702769824
66.33119177818298,10.57110595703125,0.4654032588005066,10.6044215024088,0.3398201982439665
66.38227915763855,10.591536521911621,0.44186916947364807,10.6057927228067,0.3396797627190954
66.43202924728394,10.61044692993164,0.4160313606262207,10.6023219705411,0.33953933442857015
66.48086166381836,10.625467300415039,0.36901506781578064,10.6001479811205,0.3393997804262318
66.53160262107849,10.63636302947998,0.30823996663093567,10.5831325255092,0.33926306781405796
66.58218240737915,10.645350456237793,0.2570784389972687,10.5651310047858,0.33913090716588257
66.632009267807,10.65074634552002,0.19720515608787537,10.5492954384258,0.33900360301664445
66.68166065216064,10.654224395751953,0.14650560915470123,10.5398632871709,0.3388798471180151
66.73146367073059,10.655794143676758,0.10064751654863358,10.524872731199,0.3387611842764905
66.78189158439636,10.658388137817383,0.08181870728731155,10.5171864005162,0.3386460718865499
66.83127903938293,10.660802841186523,0.0684172511100769,10.5069521453167,0.33853563893338035
66.88190484046936,10.663026809692383,0.05891244113445282,10.4989137854366,0.33842930941333677
66.93102860450745,10.663630485534668,0.03996708616614342,10.5045747295491,0.3383211395698867
66.98131227493286,10.664851188659668,0.034112349152565,10.5006847018605,0.3382151142604624
67.03198409080505,10.668709754943848,0.051724787801504135,10.4946347936027,0.338113288541305
67.08018398284912,10.673386573791504,0.0737985223531723,10.4878788755783,0.3380165752499502
67.1304121017456,10.677438735961914,0.06925957649946213,10.4819519674568,0.3379245922674038
67.17969512939453,10.676695823669434,0.039481621235609055,10.4798992495577,0.33783335588894275
67.23005485534668,10.67271614074707,-0.009314237162470818,10.4739787589589,0.33774317159612965
67.28231382369995,10.671712875366211,-0.01259847916662693,10.4715255626747,0.3376538090232455
67.33264636993408,10.671656608581543,-0.007985001429915428,10.4673575976496,0.33756657618190816
67.38162183761597,10.671797752380371,-0.003690706565976143,10.4600099523471,0.3374832223107409
67.43154954910278,10.670281410217285,-0.014667030423879623,10.463607130073,0.3373974033578348
67.48142385482788,10.667470932006836,-0.031233927235007286,10.4638211819791,0.33731020655380206
67.53164172172546,10.667523384094238,-0.01757916808128357,10.4573184952406,0.33722639647598734
67.58162665367126,10.668327331542969,-0.004318115301430225,10.4530565047888,0.33714529631823004
67.63154101371765,10.667295455932617,-0.011299286969006062,10.452301294113,0.3370641650303137
67.68135190010071,10.663050651550293,-0.04103808477520943,10.4460588936913,0.33698418333402513
67.73152375221252,10.660240173339844,-0.04630556330084801,10.444636215974,0.3369035907711249
67.78063559532166,10.657601356506348,-0.048871684819459915,10.4427335407281,0.3368227287913492
67.83066153526306,10.654773712158203,-0.0518670491874218,10.4384277695494,0.3367427432600962
67.88364028930664,10.651880264282227,-0.054169293493032455,10.4420390645381,0.33665954226069117
67.93341565132141,10.648993492126465,-0.05550386384129524,10.4525414643129,0.33656993257162654
67.98366594314575,10.647841453552246,-0.04215822368860245,10.4537921263621,0.3364793192320193
68.03371715545654,10.64968490600586,-0.010281908325850964,10.4539780303636,0.3363896013518828
68.08376407623291,10.651592254638672,0.00858150701969862,10.4599564590053,0.3362981163906697
68.13387274742126,10.651047706604004,0.00020091123587917536,10.4600378142149,0.33620646724834424
68.18434262275696,10.650289535522461,-0.005738604348152876,10.4618284010681,0.3361137839577256
68.2339141368866,10.649883270263672,-0.006581694819033146,10.4641098921363,0.33602002187596625
68.28384947776794,10.648043632507324,-0.01888873055577278,10.46549442416,0.3359249656038448
68.33374691009521,10.64680290222168,-0.020910678431391716,10.4726273159997,0.3358264685227581
68.38407802581787,10.646398544311523,-0.015652693808078766,10.4757568938855,0.3357266462878607
68.43349099159241,10.648168563842773,0.0050322976894676685,10.4765989075899,0.335627333065959
68.4835033416748,10.649675369262695,0.01466416846960783,10.4780632203459,0.3355281668047141
68.53390526771545,10.648710250854492,0.000589862756896764,10.4822090376982,0.33542707074219386
68.58390283584595,10.647644996643066,-0.007879909127950668,10.4859353035129,0.335324232820435
68.63649845123291,10.647068977355957,-0.00917089357972145,10.4898430533875,0.33521982527933714
68.68372297286987,10.64857006072998,0.0068377722054719925,10.4839288923316,0.33511839154316464
68.73395848274231,10.649845123291016,0.013956187292933464,10.4875971939459,0.33501615846631433
68.78368282318115,10.64873218536377,-0.0009781287517398596,10.4935783059217,0.33491138064041603
68.83381962776184,10.647597312927246,-0.009354380890727043,10.496745443946,0.3348051727923657
68.88403820991516,10.648706436157227,0.003699879627674818,10.4949029300931,0.3347001680136865
68.93368458747864,10.649775505065918,0.010481830686330795,10.4946589206135,0.33459577862767803
68.98383522033691,10.65029525756836,0.01029517874121666,10.4930501061212,0.33449231122401674
69.03368949890137,10.64872932434082,-0.006669678725302219,10.4932861377839,0.3343883078544227
69.08348226547241,10.645702362060547,-0.02812223508954048,10.4948772998235,0.33428276068290314
69.13304424285889,10.643828392028809,-0.03132692724466324,10.4850274560784,0.3341802729140085
69.18081593513489,10.643213272094727,-0.023524312302470207,10.4674468668389,0.33408463673121386
69.23136305809021,10.641611099243164,-0.027209799736738205,10.4523018669816,0.3339949755050358
69.28357934951782,10.635623931884766,-0.06477060914039612,10.4354933628334,0.3339104165105389
69.33340167999268,10.62664794921875,-0.11037137359380722,10.4156234835978,0.3338312645380574
69.3810338973999,10.614891052246094,-0.15992625057697296,10.3922672279403,0.3337581615279561
69.43109011650085,10.603621482849121,-0.18510869145393372,10.3782348401851,0.3336866192951281
69.48095941543579,10.591938018798828,-0.20413409173488617,10.356068364298,0.3336208805974852
69.53282833099365,10.580025672912598,-0.2173032909631729,10.3444811147834,0.3335550516711468
69.58231401443481,10.56825065612793,-0.2241341918706894,10.32870925997,0.3334915514309579
69.63300609588623,10.558428764343262,-0.21239708364009857,10.3160868245141,0.33342972861765446
69.68262648582458,10.548391342163086,-0.2077614963054657,10.3083314509099,0.3333666954004702
69.7324731349945,10.537728309631348,-0.20982350409030914,10.294343091671,0.3333056406381768
69.78248953819275,10.526667594909668,-0.21412666141986847,10.2808003328107,0.33324609831303015
69.83094716072083,10.515423774719238,-0.21812263131141663,10.2652939932382,0.3331891231049668
69.88108515739441,10.504140853881836,-0.220819354057312,10.2545475996539,0.3331319124593232
69.93111872673035,10.491190910339355,-0.23604992032051086,10.2441975811418,0.3330732661160393
69.98081588745117,10.478739738464355,-0.2405945062637329,10.2309354673686,0.3330151717706949
70.03260612487793,10.467111587524414,-0.23695108294487,10.2159777770092,0.3329591054452586
70.08239269256592,10.454283714294434,-0.24477612972259521,10.19995716289,0.3329050078273735
70.1310043334961,10.440415382385254,-0.2574993073940277,10.185487509341,0.3328513443053049
70.18083548545837,10.42609977722168,-0.26858440041542053,10.1716608593876,0.3327974643148156
70.231032371521,10.41171932220459,-0.27572765946388245,10.1554891593233,0.3327447291528068
70.28090596199036,10.399155616760254,-0.26523295044898987,10.1436308485151,0.3326916457931217
70.33066082000732,10.386306762695312,-0.26187676191329956,10.1298337184416,0.3326392035234939
70.383065700531,10.372814178466797,-0.2648509442806244,10.1119778043092,0.33258946904288944
70.43148756027222,10.357229232788086,-0.2835257053375244,10.0941883034618,0.33254115148110697
70.48181295394897,10.34192180633545,-0.29184359312057495,10.0799859687246,0.3324922255292146
70.53152632713318,10.325666427612305,-0.3048868775367737,10.0641402692456,0.33244311835280554
70.58190751075745,10.308667182922363,-0.3184486925601959,10.04807112997,0.33239351455148985
70.63155221939087,10.293149948120117,-0.31438082456588745,10.0389916060788,0.33234012426187937
70.68220853805542,10.27725887298584,-0.315573513507843,10.014259289119,0.33229212479810616
70.73132014274597,10.26416301727295,-0.2932202219963074,9.99890492030801,0.33224557901597535
70.78166460990906,10.248172760009766,-0.304396390914917,9.98314626673657,0.33219895592375714
70.8316388130188,10.22928237915039,-0.3335059583187103,9.96861425689604,0.33214973898935884
70.88215255737305,10.210698127746582,-0.34784039855003357,9.95287078236994,0.33209888213699496
70.93179702758789,10.194727897644043,-0.33550339937210083,9.951325645958,0.3320397143352938
70.98059701919556,10.178994178771973,-0.3270070254802704,9.93574569785313,0.33198054034281077
71.030770778656,10.166271209716797,-0.2971958816051483,9.91826901359269,0.3319241507004276
71.0805778503418,10.154035568237305,-0.2762896418571472,9.90111972009745,0.33187068626998967
71.13037180900574,10.13790225982666,-0.2953551113605499,9.88389055475892,0.3318179377385863
71.18040490150452,10.118704795837402,-0.33045870065689087,9.86752461363708,0.3317636084905655
71.23035931587219,10.099835395812988,-0.3482244908809662,9.85007222059207,0.3317085337240072
71.28051090240479,10.081969261169434,-0.35111016035079956,9.83314187721013,0.33165299557475675
71.33050346374512,10.06488037109375,-0.34683912992477417,9.81941647828148,0.33159561509083163
71.3821473121643,10.04824447631836,-0.3407750129699707,9.80161773066464,0.33153897221458484
71.4303572177887,10.031792640686035,-0.33572259545326233,9.78718875393614,0.3314812611826209
71.48067569732666,10.013654708862305,-0.3464565873146057,9.7723631944515,0.33142177470807427
71.53113627433777,9.99590015411377,-0.34919673204421997,9.75534922309295,0.3313619576109582
71.58053779602051,9.978845596313477,-0.3454236090183258,9.74055904249596,0.331300973684428
71.63369464874268,9.962202072143555,-0.3399849236011505,9.72142232192558,0.33124144458463944
71.68371200561523,9.945727348327637,-0.3354291319847107,9.70530412585967,0.33118179829697986
71.73377346992493,9.927566528320312,-0.3464598059654236,9.6847253676607,0.3311235737977298
71.78403091430664,9.908093452453613,-0.3632039725780487,9.66519787181006,0.3310654579050374
71.83489274978638,9.888072967529297,-0.37747615575790405,9.64568473247354,0.33100713769887646
71.88389468193054,9.867987632751465,-0.3865242004394531,9.62902362209518,0.33094700635338214
71.93477487564087,9.848062515258789,-0.39070776104927063,9.60933253427168,0.33088682720678386
71.98489928245544,9.830046653747559,-0.3777233362197876,9.59268792223629,0.3308259808373681
72.03526782989502,9.811756134033203,-0.3728044629096985,9.57480033272206,0.3307649967244959
72.08489561080933,9.792790412902832,-0.37507137656211853,9.55888269375352,0.33070245222387534
72.13492512702942,9.773398399353027,-0.37972593307495117,9.54605246438726,0.33063653092489037
72.18377017974854,9.753809928894043,-0.3840327262878418,9.53240683472633,0.3305676494759062
72.23499178886414,9.735880851745605,-0.37305310368537903,9.51449027157364,0.33049885134860796
72.28492975234985,9.719245910644531,-0.35647717118263245,9.49586936135159,0.3304311506759635
72.3336808681488,9.70145034790039,-0.3562488257884979,9.47515009451244,0.3303650376738694
72.38359022140503,9.682458877563477,-0.3653496503829956,9.45894466131559,0.3302975825175179
72.433669090271,9.662827491760254,-0.3757492005825043,9.4494029091413,0.330225192538374
72.4811863899231,9.642979621887207,-0.3836582601070404,9.42505604680585,0.33015510533927017
72.53341221809387,9.624857902526855,-0.3743175268173218,9.39578829319164,0.3300907786136891
72.58329916000366,9.606414794921875,-0.37194177508354187,9.36706876165258,0.3300320109975482
72.63342714309692,9.5839204788208,-0.40329399704933167,9.33418603763484,0.3299790965715587
72.68326878547668,9.558531761169434,-0.44444435834884644,9.28957111112157,0.3299375821159934
72.7333312034607,9.530326843261719,-0.4915930926799774,9.2557518575298,0.32989958910261447
72.78327965736389,9.499130249023438,-0.5436983108520508,9.21539251334843,0.329867452650356
72.83024716377258,9.470032691955566,-0.5572316646575928,9.17401057086565,0.3298434360555811
72.88220429420471,9.4400634765625,-0.5735432505607605,9.12978263626567,0.32982924854613116
72.93120121955872,9.409111976623535,-0.5909085869789124,9.10200111615269,0.32981286578271246
72.98042464256287,9.376158714294434,-0.6175162196159363,9.05473181267406,0.3298066871042463
73.03204274177551,9.345425605773926,-0.6148335933685303,9.00990660114373,0.32981098371068457
73.08046340942383,9.311837196350098,-0.6374927163124084,8.96178539684306,0.32982652873548723
73.13043355941772,9.27563762664795,-0.671246349811554,8.91890002870033,0.3298473835695422
73.18072438240051,9.236655235290527,-0.7137154936790466,8.88128463694922,0.32986710819809634
73.23068857192993,9.197998046875,-0.735906183719635,8.83214344698331,0.32989532301692304
73.28092741966248,9.16214656829834,-0.7267950773239136,8.78140801133292,0.3299360049034633
73.33097553253174,9.125040054321289,-0.7324949502944946,8.73030181460836,0.329988833702674
73.3807463645935,9.084738731384277,-0.7613402009010315,8.68172098316042,0.3300489987133677
73.43062686920166,9.042459487915039,-0.793897271156311,8.64525967414985,0.33010383624106676
73.48038148880005,8.99952220916748,-0.8185025453567505,8.59282178193975,0.33016715109196537
73.53048753738403,8.958375930786133,-0.8186596632003784,8.53904112437023,0.3302420562371087
73.58072638511658,8.917171478271484,-0.8199483156204224,8.49215480566653,0.33032220485243646
73.6322283744812,8.872183799743652,-0.8514165282249451,8.43855496272551,0.33041048644101784
73.680655002594,8.826196670532227,-0.8772634267807007,8.38957043646032,0.3305015286432344
73.7308201789856,8.778755187988281,-0.904715895652771,8.33529272328091,0.33059912692148496
73.78135681152344,8.732242584228516,-0.9132629632949829,8.28023475317671,0.33070508462826026
73.83065390586853,8.685247421264648,-0.9228399991989136,8.22598745431507,0.330818212980626
73.88296508789062,8.637761116027832,-0.9323756694793701,8.16960152207,0.33094031892501696
73.93047904968262,8.5884428024292,-0.9529836773872375,8.11573804372321,0.33106695264895414
73.98048400878906,8.536226272583008,-0.9884615540504456,8.05246973388689,0.3312050857085415
74.03046703338623,8.484094619750977,-1.008322834968567,7.99605370904037,0.33134757462146247
74.0801944732666,8.431142807006836,-1.0273016691207886,7.93979666661347,0.3314933780809855
74.13662195205688,8.377673149108887,-1.0426725149154663,7.8812100565396,0.3316444946343607
74.18307113647461,8.324185371398926,-1.052019476890564,7.82842082989664,0.33179455516959266
74.23021745681763,8.270898818969727,-1.0560710430145264,7.7666087722408,0.33195373641788106
74.28034782409668,8.21784496307373,-1.0566933155059814,7.69779995810159,0.33213039461213756
74.33036613464355,8.16157054901123,-1.0834317207336426,7.63931463739746,0.3323092370757037
74.38083148002625,8.101183891296387,-1.1319557428359985,7.57468124794933,0.33249261801934915
74.430659532547,8.042020797729492,-1.1501089334487915,7.50679033975348,0.33268580344620846
74.48093819618225,7.983172416687012,-1.1592886447906494,7.43576899364628,0.3328930437929003
74.5303111076355,7.92268705368042,-1.1781697273254395,7.35242609808295,0.3331278224034924
74.5807671546936,7.859402656555176,-1.2118501663208008,7.27782668474903,0.3333763412153342
74.63087606430054,7.791130542755127,-1.2720409631729126,7.20069558752842,0.3336356464318701
74.6801905632019,7.721658229827881,-1.316646933555603,7.13576386289834,0.3338885519766543
74.73066186904907,7.652717113494873,-1.339266300201416,7.05492878198932,0.3341562197460781
74.78067970275879,7.586368083953857,-1.332058310508728,6.98172379970745,0.33443224200708027
74.83016443252563,7.518657684326172,-1.339726209640503,6.89815736331555,0.33472870983538044
74.880206823349,7.449420928955078,-1.3561140298843384,6.82393248898018,0.3350312167728003
74.93015313148499,7.376074314117432,-1.399164080619812,6.74864346330442,0.33533564410625727
74.98041796684265,7.303459644317627,-1.417832851409912,6.67127614828819,0.3356458170190612
75.0306887626648,7.230823040008545,-1.4299217462539673,6.58821189545861,0.33596958056500736
75.08007478713989,7.158077716827393,-1.4380035400390625,6.51479934623441,0.3362934875830817
75.13024806976318,7.082037925720215,-1.4697757959365845,6.43891727813226,0.3366163972745842
75.1802020072937,7.007051467895508,-1.4792017936706543,6.3652651773741,0.3369366931894404
75.23026704788208,6.932061195373535,-1.4856151342391968,6.28942509034258,0.33725739145322464
75.28024244308472,6.858546733856201,-1.4773192405700684,6.20937736476246,0.3375863418755499
75.33020997047424,6.7845563888549805,-1.4767593145370483,6.13001345530887,0.3379219719686501
75.38025164604187,6.7081475257873535,-1.4958488941192627,6.04739693195453,0.33826548133045203
75.43018245697021,6.628390312194824,-1.5338963270187378,5.95681921838615,0.33862347393043024
75.48041582107544,6.548458099365234,-1.5573092699050903,5.85925787681477,0.3390060295871935
75.53075504302979,6.465900421142578,-1.5930938720703125,5.7647281408292,0.33940523423653696
75.58065390586853,6.378159046173096,-1.656062364578247,5.66590180104814,0.3398199588854429
75.63256859779358,6.289140701293945,-1.7029215097427368,5.56800334203595,0.34024701184624706
75.68167090415955,6.2006516456604,-1.7269150018692017,5.46304835197182,0.3406982061252305
75.73027920722961,6.111381530761719,-1.748057246208191,5.35673620378685,0.3411748757313941
75.78028559684753,6.018269062042236,-1.7918825149536133,5.24901013592047,0.34167354429779423
75.8301944732666,5.922695159912109,-1.837166428565979,5.14096328467887,0.3421910084423019
75.88016819953918,5.824705600738525,-1.8837010860443115,5.03233346567353,0.3427244315521896
75.9303331375122,5.72569465637207,-1.9194750785827637,4.93409860324224,0.34325498498092755
75.98035502433777,5.626772880554199,-1.9402188062667847,4.82654459812928,0.34379823808993176
76.03053021430969,5.530087471008301,-1.934635043144226,4.73131194096089,0.3443374528250101
76.08288288116455,5.431825160980225,-1.9449424743652344,4.64134928228457,0.34486141687406574
76.13366031646729,5.333645820617676,-1.9497456550598145,4.56059447538019,0.3453557286396376
76.18037676811218,5.239403247833252,-1.920730710029602,4.47215302578002,0.3458394301460881
76.23281526565552,5.148026466369629,-1.8812003135681152,4.39091691945225,0.3463058843045799
76.28327918052673,5.0560808181762695,-1.8626474142074585,4.31136707073234,0.3467519570245707
76.33302712440491,4.962942123413086,-1.8607475757598877,4.23050221091477,0.3471782663578321
76.3827714920044,4.8706159591674805,-1.8525965213775635,4.15021694055238,0.3475855765194758
76.4324951171875,4.780749320983887,-1.8279744386672974,4.06251508312862,0.3479886569806802
76.48267245292664,4.690732002258301,-1.8151177167892456,3.97607788675978,0.34838547880286436
76.5324821472168,4.598247051239014,-1.8272184133529663,3.88187294241546,0.34878378834585383
76.58023452758789,4.503921031951904,-1.8486957550048828,3.78612379908137,0.3491831501199473
76.63081884384155,4.407077312469482,-1.881750464439392,3.69089392534081,0.34957914882843055
76.68099212646484,4.308834075927734,-1.912374496459961,3.58275825728892,0.3499885555464837
76.730477809906,4.210295677185059,-1.9330066442489624,3.48251338620231,0.3503994081752923
76.78040218353271,4.108614444732666,-1.9711194038391113,3.38794194880095,0.3507988345169134
76.83027386665344,4.006538391113281,-1.996272087097168,3.29122383687178,0.3511895133714879
76.88023400306702,3.9068236351013184,-1.992365837097168,3.19238968566978,0.3515779452549454
76.93022012710571,3.8090603351593018,-1.9749428033828735,3.08629725845163,0.35197738573654214
76.98029565811157,3.710583448410034,-1.9707541465759277,2.99182028810838,0.35237005006524713
77.0302848815918,3.6077353954315186,-2.0034873485565186,2.89436486637822,0.3527540221583323
77.08014106750488,3.5052011013031006,-2.0192105770111084,2.80124949800899,0.3531237451306038
77.13019847869873,3.4039816856384277,-2.0184695720672607,2.70692479110477,0.35348296089642306
77.18057751655579,3.3036773204803467,-2.010953903198242,2.59116828793862,0.3538629210995138
77.23053002357483,3.203850507736206,-2.0027618408203125,2.49738735886608,0.35423344378127053
77.27999663352966,3.0990729331970215,-2.038311004638672,2.40119542125818,0.3545911381464973
77.33007335662842,2.9955952167510986,-2.0473663806915283,2.30635128959875,0.35493614939523754
77.38027548789978,2.8926467895507812,-2.0494353771209717,2.22009034175934,0.355257946169412
77.43054389953613,2.7914533615112305,-2.036378860473633,2.11484453194801,0.3555843818465152
77.48064374923706,2.6932754516601562,-2.004518508911133,2.02925516017598,0.35589348207240684
77.53133630752563,2.5917751789093018,-2.0133049488067627,1.94553996946238,0.3561790234837612
77.58020853996277,2.492119550704956,-2.0021133422851562,1.86815283042154,0.3564362306980579
77.62992334365845,2.394620180130005,-1.9787448644638062,1.79098297272583,0.35666848038688337
77.68031048774719,2.2998180389404297,-1.9431653022766113,1.696931767426,0.3568993701962125
77.73010492324829,2.2081871032714844,-1.8966082334518433,1.62315173572333,0.35710909962139215
77.78030586242676,2.1130096912384033,-1.8983185291290283,1.55402879026549,0.35728936770713704
77.82999277114868,2.0176565647125244,-1.8992335796356201,1.48919892687528,0.35743698471263047
77.88058567047119,1.9263372421264648,-1.867142677307129,1.42492514912619,0.3575572507055184
77.93266034126282,1.841283917427063,-1.7980256080627441,1.33430484176258,0.3576827625425738
77.98253917694092,1.7581340074539185,-1.742638111114502,1.27536347561644,0.35778480384388667
78.03125739097595,1.6679019927978516,-1.7671135663986206,1.21416283398468,0.35786031382210104
78.08034706115723,1.5802414417266846,-1.7582380771636963,1.15449804358598,0.3579118506857737
78.1302843093872,1.4977412223815918,-1.7123092412948608,1.10057223158676,0.35794054674726133
78.17990326881409,1.418221116065979,-1.661760926246643,1.00848544636511,0.3579790090724452
78.23025870323181,1.3413641452789307,-1.6101590394973755,0.949674092909909,0.35800343615274666
78.28043103218079,1.257084608078003,-1.64026939868927,0.890360080566399,0.35800954074510244
78.33024311065674,1.1714935302734375,-1.666243553161621,0.832707785964685,0.35799661191950916
78.38369154930115,1.0917699337005615,-1.634263038635254,0.775430833213587,0.35796951571607555
78.43367958068848,1.01658034324646,-1.5800650119781494,0.677298131982316,0.357956955432239
78.48369765281677,0.9433711171150208,-1.532287359237671,0.626715569055516,0.3579301139362799
78.53392052650452,0.860273540019989,-1.5844762325286865,0.581464304326382,0.35788160892948134
78.58365893363953,0.7793541550636292,-1.5945104360580444,0.551214022637006,0.35780844433549547
78.63428568840027,0.7075161337852478,-1.5281445980072021,0.524012537046763,0.35771769028071315
78.68389296531677,0.6451092958450317,-1.414031982421875,0.462844201203329,0.3576266024857596
78.73378252983093,0.5909280180931091,-1.2806264162063599,0.43978007736863,0.3575256448785699
78.78389883041382,0.5300725698471069,-1.2566717863082886,0.423808203120912,0.3574136968667918
78.8337070941925,0.4685397446155548,-1.2446165084838867,0.413047939542018,0.357293979467035
78.88392686843872,0.414527952671051,-1.1763386726379395,0.413383808205991,0.3571714309074354
78.93060374259949,0.36746519804000854,-1.080994963645935,0.385817522855189,0.3570493303783294
78.9801676273346,0.32862910628318787,-0.9580932259559631,0.396464459119786,0.35693144743298705
79.03093767166138,0.28712794184684753,-0.9079835414886475,0.403598072712339,0.35682228421883544
79.08034610748291,0.24963214993476868,-0.8433369994163513,0.406711750481029,0.35672388726853443
79.13351917266846,0.21874570846557617,-0.7520602345466614,0.405450017017693,0.35663535767225385
79.18338060379028,0.18950201570987701,-0.6854087114334106,0.347193402767076,0.3565373558627901
79.23352241516113,0.16124001145362854,-0.6371524333953857,0.346776883770545,0.35644861217111046
79.28368330001831,0.11763635277748108,-0.7333973050117493,0.348938020220797,0.35637822474513225
79.33337163925171,0.07564677298069,-0.7727202773094177,0.350141674411371,0.3563288168531452
79.38351249694824,0.04544125869870186,-0.7022841572761536,0.348766407446324,0.3562953946192282
79.43335962295532,0.025156371295452118,-0.5826845169067383,0.309875065906526,0.3562515613399997
79.48346853256226,0.007848679088056087,-0.48875048756599426,0.308117006627581,0.3562164681253453
79.53059315681458,-0.003049410879611969,-0.3800007402896881,0.308716306109517,0.3561881343402867
79.58059644699097,-0.005304285325109959,-0.2458474338054657,0.310287400408855,0.3561621259424702
79.63053154945374,0.0017212916864082217,-0.09154858440160751,0.311481348022903,0.3561326750600627
79.68051671981812,0.007815511897206306,-0.008494975045323372,0.295870735076026,0.3560909014484758
79.73061919212341,0.013659781776368618,0.04080566391348839,0.294794392221093,0.35604542923651694
79.78356075286865,0.020642690360546112,0.07987849414348602,0.294674186102142,0.35599626045599986
79.83345603942871,0.02110837772488594,0.04999212920665741,0.292867800405493,0.35594597209782974
79.88345313072205,0.021266940981149673,0.03191361203789711,0.292881960641171,0.3558956701130371
79.93342351913452,0.01932070218026638,0.0033483898732811213,0.277106430635177,0.35583847354081033
79.98346257209778,0.0191985834389925,0.0017966498853638768,0.277328609725982,0.35578151375486716
80.03412938117981,0.01943906396627426,0.0029348365496844053,0.277580337409834,0.35572462729840454
80.08055448532104,0.014440078288316727,-0.03907331824302673,0.276964769170627,0.3556699734819728
80.13073062896729,0.01578543335199356,-0.010813605040311813,0.275089476265318,0.3556137916057018
80.18042039871216,0.012985454872250557,-0.030318256467580795,0.259858845982531,0.355551714114659
80.23045516014099,0.01568988710641861,0.004934529308229685,0.259767875794325,0.35548840954061883
80.28075385093689,0.016896627843379974,0.011547744274139404,0.260168776636691,0.35542480712945274
80.33077931404114,0.01712127774953842,0.008655166253447533,0.25913229338956,0.3553606998131276
80.38047671318054,0.017083680257201195,0.004895460791885853,0.257690376783537,0.3552960261374204
80.43040800094604,0.016945740208029747,0.0018673335434868932,0.2415646558269,0.35522439653206667
80.48051500320435,0.01680554822087288,3.553314309101552e-05,0.239856925228382,0.3551521856075715
80.53045535087585,0.020107178017497063,0.02700272761285305,0.238654586774099,0.3550781784797074
80.58057522773743,0.015764830633997917,-0.02031216211616993,0.237741146005954,0.35500568106864855
80.63069939613342,0.018481947481632233,0.011762025766074657,0.235180234777387,0.3549310813600477
80.68067955970764,0.01480764988809824,-0.02428172528743744,0.224492230907065,0.3548537454341061
80.73363947868347,0.018088364973664284,0.013738767243921757,0.224246937885465,0.35477511388990385
80.78075671195984,0.01817024126648903,0.007396630477160215,0.223389696604106,0.35469620603681884
80.83070611953735,0.01902526617050171,0.011773156002163887,0.221194385154431,0.354616215651929
80.88061690330505,0.01632952131330967,-0.015245226211845875,0.219997089831489,0.3545368865718389
80.93079495429993,0.017432091757655144,0.0008535547531209886,0.209412449271318,0.35445329424121014
80.98079466819763,0.015527860261499882,-0.015671592205762863,0.208023632746907,0.354369980088885
81.03066802024841,0.018901843577623367,0.018884483724832535,0.206584799542532,0.3542850370222607
81.08051681518555,0.015163189731538296,-0.020511409267783165,0.205497397511391,0.3542011286504055
81.1322693824768,0.018312586471438408,0.014983094297349453,0.202472275268866,0.35411513982425336
81.18067216873169,0.014871354214847088,-0.020550716668367386,0.190474622425582,0.35402635386532605
81.2304322719574,0.01823238469660282,0.01659494638442993,0.187591486983823,0.3539356417924617
81.28144860267639,0.01830623298883438,0.009045960381627083,0.18665328458594,0.3538447062973167
81.33098578453064,0.020818958058953285,0.026305323466658592,0.184594349564105,0.3537524440960884
81.38227987289429,0.01763436757028103,-0.011049424298107624,0.18273644819918,0.35366068929570055
81.43343448638916,0.01962820068001747,0.01098887249827385,0.171442348664016,0.353565085852673
81.48368096351624,0.016792023554444313,-0.017534365877509117,0.17037297786354,0.35347008869579377
81.53335070610046,0.02088105119764805,0.024027878418564796,0.16779822544486,0.3533733166552245
81.58343482017517,0.016199080273509026,-0.0254531092941761,0.165407312256477,0.3532772812238547
81.63342928886414,0.01842457614839077,0.004882681183516979,0.164670364457592,0.3531805276967657
81.68341827392578,0.016259226948022842,-0.016009248793125153,0.149235058059541,0.3530804098533102
81.73341846466064,0.020788900554180145,0.028346795588731766,0.147781356278381,0.35297894146986153
81.7834963798523,0.021423619240522385,0.02042156644165516,0.146317693011672,0.35287708381974847
81.83349895477295,0.022374242544174194,0.020316168665885925,0.145280863987352,0.3527748709709407
81.88410377502441,0.01955200731754303,-0.011103872209787369,0.144193128537615,0.3526731642385228
81.93360567092896,0.020470798015594482,0.001914811902679503,0.141723332097949,0.35257078422363025
81.98364210128784,0.01841222122311592,-0.016228416934609413,0.140400990184464,0.3524686763721039
82.033682346344,0.02168950065970421,0.01780356466770172,0.137720873742608,0.3523653503851468
82.08374524116516,0.017906900495290756,-0.0214986652135849,0.135717618491092,0.3522625179627513
82.1338574886322,0.021047605201601982,0.014324379153549671,0.133263473248246,0.3521585908424264
82.18372297286987,0.017615189775824547,-0.020877275615930557,0.12655333740575,0.35205409396449033
82.23386716842651,0.02098989114165306,0.01650492660701275,0.124679880411414,0.3519486636106939
82.28394031524658,0.019374586641788483,-0.004794948734343052,0.122171065948756,0.3518431680918513
82.33393168449402,0.022338153794407845,0.022230053320527077,0.118432222453988,0.35173653820748496
82.38408374786377,0.01823263429105282,-0.021341770887374878,0.118163433339095,0.3516307155142973
82.43384122848511,0.021140962839126587,0.012622709386050701,0.112689497472615,0.3515235063421543
82.48406219482422,0.015881698578596115,-0.03674790635704994,0.111873077023478,0.35141717950757545
82.53468322753906,0.019655823707580566,0.010816136375069618,0.109899797180512,0.35130996442058793
82.58400821685791,0.017119839787483215,-0.016052162274718285,0.108520521359051,0.3512030518883521
82.63062143325806,0.021020013839006424,0.023456640541553497,0.106042701179844,0.3510952010414186
82.68007016181946,0.01791810616850853,-0.01285141333937645,0.0959115727947808,0.3509863936106604
82.7305498123169,0.021344522014260292,0.021713482216000557,0.0934574808528667,0.35087687482692237
82.77972221374512,0.02023191563785076,0.0036096591502428055,0.0922895795591742,0.35076745711977364
82.82986044883728,0.022496482357382774,0.022836359217762947,0.0910499066794405,0.350657690599939
82.88193941116333,0.01999691314995289,-0.007834444753825665,0.0901873208401423,0.35054824314721966
82.92983913421631,0.021726557984948158,0.01066967286169529,0.0898939945075781,0.3504386443256203
82.98227095603943,0.01804186776280403,-0.02698957547545433,0.0886366672418562,0.3503294657805722
83.03173208236694,0.020897462964057922,0.008831149898469448,0.0859760458706607,0.3502197015988316
83.08007049560547,0.01738791912794113,-0.024764709174633026,0.0843639615459417,0.3501102775010827
83.130606174469,0.022497238591313362,0.028313960880041122,0.082343604191184,0.3500001239464667
83.18162679672241,0.01880861632525921,-0.015208868309855461,0.0832268377102238,0.3498906042784477
83.23058032989502,0.023205939680337906,0.02853766456246376,0.0798798983519969,0.3497803245139919
83.28032088279724,0.019007740542292595,-0.019012590870261192,0.0786284329817595,0.3496704696598488
83.33052325248718,0.02142958901822567,0.010259037837386131,0.0767772268768848,0.3495602681440143
83.38064765930176,0.019281137734651566,-0.01265727635473013,0.0755805790868127,0.34945027254382893
83.43014025688171,0.022638754919171333,0.021331889554858208,0.0772212176014992,0.3493402084861874
83.48042488098145,0.019198743626475334,-0.020922737196087837,0.0755075674485377,0.34923042865558446
83.53025603294373,0.02141628786921501,0.007535738870501518,0.0733131905514501,0.34912031511239594
83.58298707008362,0.01748410053551197,-0.02880687825381756,0.0720733150428949,0.3490105734358216
83.63280487060547,0.02238585241138935,0.024287987500429153,0.0695569633546058,0.34890024206134207
83.68297696113586,0.01864168606698513,-0.018050361424684525,0.0708799824597487,0.34879048252474587
83.73289155960083,0.02136337012052536,0.01315254531800747,0.0685871097910783,0.348680369733362
83.78313136100769,0.01766069605946541,-0.023667840287089348,0.0675953003426156,0.34857060656278144
83.83320260047913,0.02090734802186489,0.013843366876244545,0.0659617998586958,0.3484605226739811
83.88509821891785,0.017560938373208046,-0.020500874146819115,0.0658798399265614,0.3483508261924193
83.9329571723938,0.022688908502459526,0.031012888997793198,0.0626672358795779,0.34824055770366025
83.98058009147644,0.01895214058458805,-0.013963768258690834,0.0617761606920262,0.3481306126621049
84.03266334533691,0.021586155518889427,0.014923700131475925,0.0608426253699812,0.34802050431055404
84.08303427696228,0.01948198303580284,-0.009520132094621658,0.0602774299281963,0.3479106155130713
84.13385558128357,0.02390747144818306,0.03142985701560974,0.0594431359632618,0.3478004634000662
84.18306851387024,0.019295617938041687,-0.02047615684568882,0.0570524985555178,0.3476905670054662
84.23047471046448,0.02315853163599968,0.02125195413827896,0.0564202661095239,0.34758048293578064
84.28120684623718,0.01874731294810772,-0.02502414397895336,0.0557945648844334,0.3474707492153042
84.33125305175781,0.022855786606669426,0.020424462854862213,0.0554331999951069,0.34736083507716453
84.38301587104797,0.01863737590610981,-0.024030044674873352,0.0556792454809067,0.3472513118274505
84.43433737754822,0.0211589764803648,0.00802350789308548,0.0597438986568602,0.3471420008245528
84.48190474510193,0.017431141808629036,-0.026935480535030365,0.0587069309339893,0.34703299191376785
84.5324022769928,0.02243514358997345,0.026199422776699066,0.0577191105457979,0.346923666750534
84.58218598365784,0.01871996931731701,-0.01668102666735649,0.0578887821454472,0.3468147115432433
84.63399744033813,0.023131949827075005,0.02776883915066719,0.0577460758658143,0.34670555259070734
84.68421912193298,0.01896161586046219,-0.019257929176092148,0.0633752502027979,0.3465972078085861
84.73390674591064,0.02140878699719906,0.010307707823812962,0.0603595736022721,0.34648854953931957
84.7840690612793,0.015875397250056267,-0.04025330767035484,0.059703077684704,0.34638036490165863
84.83363437652588,0.019534984603524208,0.007830679416656494,0.058361751772297,0.3462719052573385
84.88395643234253,0.018686605617403984,-0.004065974615514278,0.0575376405677086,0.34616355088529227
84.93270564079285,0.02387789450585842,0.040615614503622055,0.0634091209569105,0.3460553486803906
84.98074316978455,0.01959981583058834,-0.012392988428473473,0.0620947949527505,0.34594747204294163
85.03477931022644,0.02181456983089447,0.012625033967196941,0.0601513010185909,0.3458393909201856
85.08411240577698,0.017764700576663017,-0.02666686847805977,0.0601513010185909,0.34573171156997956
85.13445854187012,0.022534413263201714,0.02454991079866886,0.0601513010185909,0.3456237860527844
85.18407654762268,0.01869073696434498,-0.01866239868104458,0.0601513010185909,0.345516240838242
85.23463535308838,0.021355824545025826,0.012348487041890621,0.0601513010185909,0.34540860256343814
85.28424096107483,0.017631329596042633,-0.024318233132362366,0.0601513010185909,0.3453013430432225
85.33430027961731,0.022578192874789238,0.027326097711920738,0.0601513010185909,0.34519382380883257
85.38491034507751,0.017096033319830894,-0.030394377186894417,0.0601513010185909,0.3450868098549474
85.43448901176453,0.02019992098212242,0.009443776682019234,0.0601513010185909,0.3449796624591938
85.48524188995361,0.017220234498381615,-0.020303156226873398,0.0601513010185909,0.3448728418025276
85.53434610366821,0.022603556513786316,0.03310457617044449,0.0601513010185909,0.3447657274741765
85.58456420898438,0.01729927770793438,-0.02555745281279087,0.0601513010185909,0.344659103098993
85.63536238670349,0.020419234409928322,0.01246615033596754,0.0601513010185909,0.3445523449397357
85.68479442596436,0.017382223159074783,-0.018935205414891243,0.0601513010185909,0.3444459158784417
85.73436856269836,0.022693824023008347,0.0333700068295002,0.0601513010185909,0.3443391994956418
85.7857940196991,0.019033579155802727,-0.011960096657276154,0.0601513010185909,0.3442328455677333
85.8318521976471,0.021676260977983475,0.016191236674785614,0.0601513010185909,0.3441264006582281
85.88220119476318,0.017848525196313858,-0.022813528776168823,0.0601513010185909,0.3440203373157117
85.9314374923706,0.02268802747130394,0.02739804796874523,0.0601513010185909,0.34391402300031065
85.98126173019409,0.01712816208600998,-0.03095175325870514,0.0601513010185909,0.34380821550800716
86.03127932548523,0.020189659669995308,0.008782251738011837,0.0601513010185909,0.34370227683178106
86.08154034614563,0.017194978892803192,-0.020815400406718254,0.0601513010185909,0.34359666336919786
86.13192296028137,0.022579321637749672,0.03280554339289665,0.0601513010185909,0.3434907555305347
86.18160200119019,0.01728256605565548,-0.025678500533103943,0.0601513010185909,0.34338533392851234
86.23204898834229,0.020410604774951935,0.012456074357032776,0.0601513010185909,0.3432797768754209
86.2813606262207,0.017379548400640488,-0.01889522187411785,0.0601513010185909,0.3431745457620185
86.33329963684082,0.02099357359111309,0.0195419080555439,0.0601513010185909,0.34306914486007256
86.38352012634277,0.017777912318706512,-0.016076061874628067,0.0601513010185909,0.3429640804219808
86.43041825294495,0.021197041496634483,0.019725026562809944,0.0601513010185909,0.3428588624143502
86.48219156265259,0.01783912070095539,-0.01706564798951149,0.0601513010185909,0.34275399012689156
86.53044533729553,0.02117994986474514,0.018527021631598473,0.0601513010185909,0.3426489700271538
86.58264064788818,0.017793787643313408,-0.018001718446612358,0.0601513010185909,0.3425442974553143
86.63243222236633,0.021135885268449783,0.017975956201553345,0.0601513010185909,0.34243947655534535
86.6823263168335,0.017763148993253708,-0.018228139728307724,0.0601513010185909,0.3423350019602836
86.732262134552,0.02111991122364998,0.017953593283891678,0.0601513010185909,0.34223037766594866
86.78038668632507,0.017758073285222054,-0.01815732941031456,0.0601513010185909,0.3421260984786524
86.83218955993652,0.021120944991707802,0.01804324984550476,0.0601513010185909,0.342021668983028
86.88110494613647,0.01776139996945858,-0.018085896968841553,0.0601513010185909,0.3419175839557312
86.9303708076477,0.022825157269835472,0.03196369484066963,0.0601513010185909,0.34181323115760065
86.98115706443787,0.017320388928055763,-0.027790337800979614,0.0601513010185909,0.3417093739279391
87.03182363510132,0.020349053665995598,0.010422775521874428,0.0601513010185909,0.34160538734222595
87.0821270942688,0.017293808981776237,-0.020300433039665222,0.0601513010185909,0.34150172533561474
87.13034558296204,0.020922645926475525,0.01881437934935093,0.0601513010185909,0.3413978908534009
87.18236684799194,0.017734019085764885,-0.01630307361483574,0.0601513010185909,0.3412943875656113
87.2324640750885,0.021177463233470917,0.01977691240608692,0.0601513010185909,0.34119072757686514
87.2824113368988,0.017835594713687897,-0.016910532489418983,0.0601513010185909,0.34108740855674097
87.33279418945312,0.021184269338846207,0.018680592998862267,0.0601513010185909,0.3409839399814846
87.38224530220032,0.016099287196993828,-0.03177136555314064,0.0601513010185909,0.34088094751645637
87.43134450912476,0.019883759319782257,0.01387793943285942,0.0601513010185909,0.3407777630141733
87.48232460021973,0.01728549599647522,-0.014698848128318787,0.0601513010185909,0.3406748684149304
87.53216457366943,0.02111077681183815,0.02368876151740551,0.0601513010185909,0.34057178693443013
87.5823061466217,0.017950521782040596,-0.013163194060325623,0.0601513010185909,0.3404690316589308
87.63234663009644,0.02134268544614315,0.02126198261976242,0.0601513010185909,0.3403661240668546
87.68207597732544,0.017930716276168823,-0.01656240224838257,0.0601513010185909,0.3402635599944979
87.73215556144714,0.02122180536389351,0.018444200977683067,0.0601513010185909,0.34016085041245275
87.78090143203735,0.01780228316783905,-0.018309131264686584,0.0601513010185909,0.34005848521683485
87.8326485157013,0.0211277324706316,0.01766311377286911,0.0601513010185909,0.3399559711950802
87.88237404823303,0.016049427911639214,-0.03232942521572113,0.0601513010185909,0.33985393063215147
87.93217921257019,0.01985131949186325,0.013678162358701229,0.0601513010185909,0.33975169586922804
87.9825165271759,0.017269941046833992,-0.014688081108033657,0.0601513010185909,0.3396497478066999
88.03074288368225,0.021106937900185585,0.023785768076777458,0.0601513010185909,0.3395476113617078
88.08246302604675,0.017952781170606613,-0.013057950884103775,0.0601513010185909,0.33944579852254136
88.13208532333374,0.02134687267243862,0.021339939907193184,0.0601513010185909,0.3393438325710459
88.18384742736816,0.017934497445821762,-0.016518831253051758,0.0601513010185909,0.3392422079380847
88.2346305847168,0.021224308758974075,0.018460428342223167,0.0601513010185909,0.33914043721495957
88.28578758239746,0.017803510650992393,-0.01830925978720188,0.0601513010185909,0.33903900875687804
88.33469891548157,0.021128060296177864,0.017656078562140465,0.0601513010185909,0.33893743086540024
88.38566327095032,0.01775016449391842,-0.01845969259738922,0.0601513010185909,0.3388361921289608
88.43361902236938,0.021108532324433327,0.017827270552515984,0.0601513010185909,0.33873480114153126
88.48626279830933,0.017750704661011696,-0.018202027305960655,0.0601513010185909,0.338633747470103
88.53411865234375,0.0211174339056015,0.01804628036916256,0.0601513010185909,0.3385325408367544
88.58414697647095,0.01776055432856083,-0.018063489347696304,0.0601513010185909,0.33843167096375704
88.63511824607849,0.02112480439245701,0.018110129982233047,0.0601513010185909,0.3383306482326711
88.68415832519531,0.01776471547782421,-0.018050024285912514,0.0601513010185909,0.33822996203202893
88.73640084266663,0.01942550204694271,0.004220623057335615,0.0601513010185909,0.3381292442491202
88.78410911560059,0.016507217660546303,-0.022224245592951775,0.0601513010185909,0.3380288380741197
88.83488178253174,0.01894380711019039,0.0077145337127149105,0.0601513010185909,0.33792833869631467
88.88365316390991,0.018196675926446915,-0.0026191305369138718,0.0601513010185909,0.3378279861691285
88.93407249450684,0.020392896607518196,0.01687004789710045,0.0601513010185909,0.33772756470757553
88.98408651351929,0.020600328221917152,0.010977099649608135,0.0601513010185909,0.33762721974449494
89.0338339805603,0.020129885524511337,0.00294190039858222,0.0601513010185909,0.33752699921375295
89.08371925354004,0.023131435737013817,0.026425302028656006,0.0601513010185909,0.33742666340066907
89.1357262134552,0.020290479063987732,-0.008322098292410374,0.0601513010185909,0.33732661314006906
89.18359804153442,0.022465791553258896,0.01402540598064661,0.0601513010185909,0.33722650319570757
89.23393082618713,0.01968916691839695,-0.01525474525988102,0.0601513010185909,0.337126677113324
89.28361558914185,0.022067677229642868,0.011441710405051708,0.0601513010185909,0.3370267749917134
89.33374166488647,0.019493769854307175,-0.015236343257129192,0.0601513010185909,0.33692714358356174
89.38032698631287,0.020314611494541168,-0.0013181830290704966,0.0601513010185909,0.33682754341842325
89.43105435371399,0.018260134384036064,-0.01813388057053089,0.0601513010185909,0.33672818258333387
89.48055815696716,0.01988275535404682,0.0031414199620485306,0.0601513010185909,0.3366287928972302
89.53368735313416,0.019995881244540215,0.0020224235486239195,0.0601513010185909,0.3365294847792337
89.58374309539795,0.02306397259235382,0.026388566941022873,0.0601513010185909,0.3364300555378487
89.63042378425598,0.02197188511490822,0.0059043243527412415,0.0601513010185909,0.3363307888595809
89.68355965614319,0.023729903623461723,0.018590914085507393,0.0601513010185909,0.33623149502058985
89.73090887069702,0.021886833012104034,-0.004571096505969763,0.0601513010185909,0.3361324127057723
89.78040528297424,0.023350896313786507,0.010042715817689896,0.0601513010185909,0.33603332189599233
89.83026123046875,0.01979300193488598,-0.023678364232182503,0.0601513010185909,0.3359345637324815
89.88265132904053,0.021809447556734085,0.003596601774916053,0.0601513010185909,0.3358357534853635
89.93034887313843,0.01915735937654972,-0.020541135221719742,0.0601513010185909,0.33573721853892186
89.98043537139893,0.02004340849816799,-0.003992813173681498,0.0601513010185909,0.33563870830009024
90.03039264678955,0.018095944076776505,-0.018909532576799393,0.0601513010185909,0.3355404282378073
90.0803165435791,0.019812021404504776,0.0033988654613494873,0.0601513010185909,0.335442110989886
90.13045120239258,0.019985515624284744,0.0026431712321937084,0.0601513010185909,0.335343869430235
90.18055510520935,0.021381381899118423,0.013104341924190521,0.0601513010185909,0.3352456182244722
90.23030495643616,0.019038589671254158,-0.011720151640474796,0.0601513010185909,0.3351476205845912
90.2802882194519,0.02201199159026146,0.01815660111606121,0.0601513010185909,0.33504950200393696
90.33023023605347,0.019706936553120613,-0.00913536362349987,0.0601513010185909,0.3349516313379552
90.38019800186157,0.022280454635620117,0.016615254804491997,0.0601513010185909,0.3348536697924029
90.43035387992859,0.019727101549506187,-0.01197762880474329,0.0601513010185909,0.33475597241998806
90.48026394844055,0.020488418638706207,0.00017440420924685895,0.0601513010185909,0.3346583082928208
90.53093838691711,0.016656946390867233,-0.0317053385078907,0.0601513010185909,0.3345610128066892
90.58065509796143,0.018662041053175926,-0.0013007192173972726,0.0601513010185909,0.3344636535205148
90.63070321083069,0.017814135178923607,-0.008799632079899311,0.0601513010185909,0.33436644372950886
90.68115258216858,0.020079465582966805,0.013700857758522034,0.0601513010185909,0.3342691556467912
90.73143124580383,0.020407916978001595,0.010013366118073463,0.0601513010185909,0.33417193094346115
90.78104639053345,0.02004513330757618,0.0031963952351361513,0.0601513010185909,0.3340748182104649
90.83401799201965,0.01801452413201332,-0.01451036799699068,0.0601513010185909,0.33397793907301826
90.88436484336853,0.01993953064084053,0.007649249397218227,0.0601513010185909,0.3338810061775002
90.93384671211243,0.01846354268491268,-0.008290497586131096,0.0601513010185909,0.3337842658674411
90.98403668403625,0.02027226611971855,0.010477484203875065,0.0601513010185909,0.3336874813358231
91.03395390510559,0.016948698088526726,-0.021607104688882828,0.0601513010185909,0.3335910258815234
91.08383536338806,0.019084086641669273,0.005756796803325415,0.0601513010185909,0.33349449740747683
91.13362693786621,0.018168048933148384,-0.005097399465739727,0.0601513010185909,0.3333981213935068
91.18376660346985,0.020300932228565216,0.014895683154463768,0.0601513010185909,0.3333016770180272
91.23396515846252,0.018807489424943924,-0.004083467647433281,0.0601513010185909,0.33320542462792746
91.28387475013733,0.02050819620490074,0.012163559906184673,0.0601513010185909,0.33310913612935894
91.33441400527954,0.018770644441246986,-0.007606841623783112,0.0601513010185909,0.33301305648444735
91.38370871543884,0.020378492772579193,0.009334851056337357,0.0601513010185909,0.33291694692950774
91.43039798736572,0.0186394564807415,-0.009313225746154785,0.0601513010185909,0.3328210464049614
91.4836106300354,0.020285045728087425,0.008604073897004128,0.0601513010185909,0.33272511276814304
91.53447985649109,0.018589366227388382,-0.009416051208972931,0.0601513010185909,0.33262938495390415
91.58417224884033,0.020268015563488007,0.008797924034297466,0.0601513010185909,0.3325336213859552
91.63483715057373,0.020292237401008606,0.004724693950265646,0.0601513010185909,0.33243794039234337
91.68385624885559,0.021535014733672142,0.013168544508516788,0.0601513010185909,0.3323422579417089
91.73407196998596,0.019082291051745415,-0.012531189247965813,0.0601513010185909,0.33224683107016106
91.78334593772888,0.02029535174369812,0.0033335641492158175,0.0601513010185909,0.332151401935035
91.83017706871033,0.016712140291929245,-0.027893992140889168,0.0601513010185909,0.3320563183265654
91.88009190559387,0.017105605453252792,-0.012204949744045734,0.0601513010185909,0.3319612883882998
91.93030118942261,0.014995818957686424,-0.025084419175982475,0.0601513010185909,0.3318665049460389
91.98036909103394,0.018438156694173813,0.013772712089121342,0.0601513010185909,0.3317715426752473
92.03037166595459,0.018265923485159874,0.005453337449580431,0.0601513010185909,0.33167667623245717
92.0804214477539,0.020685963332653046,0.02343647927045822,0.0601513010185909,0.3315817204799577
92.13088893890381,0.019201811403036118,0.0011058024829253554,0.0601513010185909,0.33148695227568437
92.18071985244751,0.020791122689843178,0.01441205758601427,0.0601513010185909,0.33139215525399496
92.23049759864807,0.018923522904515266,-0.007264548912644386,0.0601513010185909,0.33129757274300886
92.28056645393372,0.020431438460946083,0.00876773614436388,0.0601513010185909,0.3312029661042674
92.33174252510071,0.016933605074882507,-0.02397819794714451,0.0601513010185909,0.33110869570590323
92.38279724121094,0.01899942383170128,0.003798476653173566,0.0601513010185909,0.33101435526065814
92.4325110912323,0.01807861402630806,-0.006307663396000862,0.0601513010185909,0.3309201640630875
92.48279666900635,0.020235631614923477,0.014357013627886772,0.0601513010185909,0.330825900485302
92.53261208534241,0.020472420379519463,0.009698194451630116,0.0601513010185909,0.3307317025393428
92.5828766822815,0.02175273932516575,0.016438674181699753,0.0601513010185909,0.3306374992968739
92.63293814659119,0.019252268597483635,-0.010940751060843468,0.0601513010185909,0.3305435510414971
92.6827781200409,0.020395338535308838,0.003745677415281534,0.0601513010185909,0.33044960403375784
92.73057699203491,0.01845405250787735,-0.014225035905838013,0.0601513010185909,0.3303558765904445
92.78039145469666,0.020068006590008736,0.005416553467512131,0.0601513010185909,0.33026211546720335
92.83039140701294,0.016721494495868683,-0.024816811084747314,0.0601513010185909,0.330168679379672
92.88134717941284,0.018913600593805313,0.00427187979221344,0.0601513010185909,0.3300751626443491
92.93048906326294,0.01637062430381775,-0.01929335854947567,0.0601513010185909,0.3299819153847433
92.98053169250488,0.019006503745913506,0.011010689660906792,0.0601513010185909,0.3298885540017479
93.03225803375244,0.018325643613934517,-0.0001320299634244293,0.0601513010185909,0.329795322678551
93.08081603050232,0.020512275397777557,0.01828617975115776,0.0601513010185909,0.32970201700050883
93.1316466331482,0.018979834392666817,-0.0023533154744654894,0.0601513010185909,0.32960889979504576
93.18096685409546,0.020613571628928185,0.012682734988629818,0.0601513010185909,0.32951574838328884
93.23064756393433,0.0171158816665411,-0.02163129858672619,0.0601513010185909,0.32942292865241174
93.27985835075378,0.018493331968784332,-0.0013940228382125497,0.0601513010185909,0.3293300876860504
93.33008694648743,0.016446400433778763,-0.020055660977959633,0.0601513010185909,0.32923747876463333
93.38222527503967,0.019001072272658348,0.009926412254571915,0.0601513010185909,0.32914476140249554
93.43028426170349,0.016586439684033394,-0.014913497492671013,0.0601513010185909,0.32905230169964905
93.48015689849854,0.019213682040572166,0.013568266294896603,0.0601513010185909,0.32895972889928404
93.53043746948242,0.01676766760647297,-0.012973853386938572,0.0601513010185909,0.3288674149073006
93.5799732208252,0.01932857744395733,0.014217882417142391,0.0601513010185909,0.3287749932336832
93.63065958023071,0.016820795834064484,-0.01306193694472313,0.0601513010185909,0.3286828341957908
93.68031215667725,0.019339941442012787,0.013842370361089706,0.0601513010185909,0.3285905705520764
93.73015427589417,0.016811104491353035,-0.01344964001327753,0.0601513010185909,0.3284985707448745
93.78030967712402,0.01932414621114731,0.013562895357608795,0.0601513010185909,0.32840646660166756
93.83263683319092,0.018498225137591362,0.0002762276853900403,0.0601513010185909,0.32831450055334466
93.88319849967957,0.020572789013385773,0.017664801329374313,0.0601513010185909,0.3282224673789544
93.93225193023682,0.018975067883729935,-0.003230075817555189,0.0601513010185909,0.328130624848284
93.98203229904175,0.02058248594403267,0.011954004876315594,0.0601513010185909,0.3280387486116399
94.03246903419495,0.017082713544368744,-0.022084025666117668,0.0601513010185909,0.32794720141836686
94.08151984214783,0.019104095175862312,0.0045900349505245686,0.0601513010185909,0.32785558545275845
94.13252997398376,0.01643291488289833,-0.0200934037566185,0.0601513010185909,0.32776424377441543
94.18281674385071,0.018996145576238632,0.00996992364525795,0.0601513010185909,0.3276727920514997
94.23279070854187,0.016586586833000183,-0.014848216436803341,0.0601513010185909,0.3275815950033162
94.28170204162598,0.019215939566493034,0.013623694889247417,0.0601513010185909,0.3274902838012992
94.33212232589722,0.01677016168832779,-0.012938820756971836,0.0601513010185909,0.32739922875952027
94.38193893432617,0.019330443814396858,0.014234009198844433,0.0601513010185909,0.3273080651639916
94.43228054046631,0.0168218482285738,-0.013058554381132126,0.0601513010185909,0.32721716162549047
94.48269295692444,0.01934034191071987,0.013839352875947952,0.0601513010185909,0.32712615259512545
94.53273463249207,0.016811110079288483,-0.013454492203891277,0.0601513010185909,0.3270354047989375
94.5803427696228,0.019323982298374176,0.013558683916926384,0.0601513010185909,0.3269445517459537
94.63000416755676,0.016797151416540146,-0.013604127801954746,0.0601513010185909,0.32685395949421486
94.68339848518372,0.019315125420689583,0.01350844744592905,0.0601513010185909,0.3267632614517211
94.73349285125732,0.01679304987192154,-0.013597468845546246,0.0601513010185909,0.3266728235701628
94.78386092185974,0.017613356932997704,-0.00034032907569780946,0.0601513010185909,0.3265824017897401
94.83358097076416,0.01553627010434866,-0.01772269234061241,0.0601513010185909,0.3264922127862954
94.88356256484985,0.01883440650999546,0.01706940121948719,0.0601513010185909,0.3264018561753012
94.93348979949951,0.01678416319191456,-0.007817734032869339,0.0601513010185909,0.3263117257116293
94.98097324371338,0.017807388678193092,0.004690814297646284,0.0601513010185909,0.326221596141197
95.03142476081848,0.015759695321321487,-0.014480983838438988,0.0601513010185909,0.32613169580544743
95.08087658882141,0.01730407401919365,0.004725549835711718,0.0601513010185909,0.32604175567604826
95.13086867332458,0.015624860301613808,-0.011612755246460438,0.0601513010185909,0.32595201788425254
95.18043112754822,0.017365116626024246,0.007957786321640015,0.0601513010185909,0.3258622253377346
95.23071312904358,0.01575120911002159,-0.009171413257718086,0.0601513010185909,0.325772629679696
95.28038668632507,0.01748223416507244,0.00934925489127636,0.0601513010185909,0.32568298018923314
95.33038187026978,0.01583014987409115,-0.008632679469883442,0.0601513010185909,0.32559352989267154
95.38030672073364,0.017521876841783524,0.009368376806378365,0.0601513010185909,0.3255040287407838
95.43061971664429,0.015841512009501457,-0.008839753456413746,0.0601513010185909,0.3254147285417495
95.48062252998352,0.01751790940761566,0.009125838987529278,0.0601513010185909,0.3253253785036827
95.53038167953491,0.015832196921110153,-0.009026404470205307,0.0601513010185909,0.32523622955438186
95.58045363426208,0.01750904880464077,0.009017511270940304,0.0601513010185909,0.3251470305663278
95.63213038444519,0.015826120972633362,-0.009069793857634068,0.0601513010185909,0.3250580321990024
95.68079376220703,0.017505932599306107,0.00901438295841217,0.0601513010185909,0.32496898342015884
95.7307562828064,0.015825172886252403,-0.009054914116859436,0.0601513010185909,0.32488013482563644
95.78187656402588,0.017506182193756104,0.009032555855810642,0.0601513010185909,0.32479123559157974
95.83077430725098,0.01582585833966732,-0.009040659293532372,0.0601513010185909,0.32470253622857914
95.88217782974243,0.017506850883364677,0.00904097780585289,0.0601513010185909,0.3246137860923338
95.93186926841736,0.015826324000954628,-0.00903717614710331,0.0601513010185909,0.3245252355621644
95.98202323913574,0.017507096752524376,0.009041344746947289,0.0601513010185909,0.32443663413991075
96.03048038482666,0.015826404094696045,-0.00903823971748352,0.0601513010185909,0.3243482320580338
96.08009386062622,0.017507081851363182,0.00903998501598835,0.0601513010185909,0.3242597789556672
96.13084650039673,0.015826353803277016,-0.009039327502250671,0.0601513010185909,0.3241715249197361
96.18029022216797,0.017507029697299004,0.00903933122754097,0.0601513010185909,0.32408321972841203
96.23031306266785,0.014125431887805462,-0.0229172483086586,0.0601513010185909,0.3239952447165051
96.28032374382019,0.016249489039182663,0.004884218797087669,0.0601513010185909,0.32390718001076657
96.33362770080566,0.015345259569585323,-0.005528981331735849,0.0601513010185909,0.32381925740655854
96.38877391815186,0.017496323212981224,0.01477757003158331,0.0601513010185909,0.3237312475081252
96.4303240776062,0.016018446534872055,-0.0040339520201087,0.0601513010185909,0.323643420555906
96.47984457015991,0.01726282387971878,0.008649894036352634,0.0601513010185909,0.32355557439667365
96.53070902824402,0.014295223169028759,-0.021385282278060913,0.0601513010185909,0.3234680262191054
96.58052134513855,0.01634743995964527,0.005246993154287338,0.0601513010185909,0.32338039400331675
96.63092017173767,0.013683173805475235,-0.01964634656906128,0.0601513010185909,0.3232930399106271
96.68085718154907,0.01624113880097866,0.010197100229561329,0.0601513010185909,0.3232055614013264
96.73042798042297,0.01382268313318491,-0.014780839905142784,0.0601513010185909,0.3231183417073327
96.78073954582214,0.01644420064985752,0.013603520579636097,0.0601513010185909,0.3230309933829164
96.83090114593506,0.013993331231176853,-0.012990264222025871,0.0601513010185909,0.32294390528945294
96.88054704666138,0.018252057954669,0.02806198038160801,0.0601513010185909,0.3228565700939432
96.93061470985413,0.015299500897526741,-0.008937870152294636,0.0601513010185909,0.3227695254629382
96.97996401786804,0.017041880637407303,0.010310960002243519,0.0601513010185909,0.32268242255949725
97.03139209747314,0.014042946510016918,-0.01919826678931713,0.0601513010185909,0.32259561957123994
97.08057451248169,0.01635359413921833,0.008554425090551376,0.0601513010185909,0.3225087117740439
97.13153672218323,0.013797244057059288,-0.016830667853355408,0.0601513010185909,0.32242207197944
97.18032670021057,0.016367660835385323,0.01198041345924139,0.0601513010185909,0.3223353068984771
97.23017692565918,0.015618368983268738,-7.980162627063692e-05,0.0601513010185909,0.32224866984075623
97.28043174743652,0.017755325883626938,0.01793360896408558,0.0601513010185909,0.32216194652517033
97.33041143417358,0.01619570143520832,-0.002774620894342661,0.0601513010185909,0.3220754092680709
97.38262867927551,0.017819758504629135,0.012355484068393707,0.0601513010185909,0.3219888244291936
97.43039059638977,0.016023533418774605,-0.007945253513753414,0.0601513010185909,0.3219024429068145
97.48042917251587,0.0175975002348423,0.00887027382850647,0.0601513010185909,0.32181601680871524
97.53028583526611,0.01584501937031746,-0.00969548150897026,0.0601513010185909,0.3217297911356427
97.57999110221863,0.017489774152636528,0.008368582464754581,0.0601513010185909,0.3216435151429839
97.63110685348511,0.01579885743558407,-0.009520355612039566,0.0601513010185909,0.3215574349892778
97.68050718307495,0.01748325116932392,0.008779828436672688,0.0601513010185909,0.32147130138871965
97.73285174369812,0.015811070799827576,-0.009129154495894909,0.0601513010185909,0.3213853619735801
97.78292632102966,0.01749984733760357,0.009048093110322952,0.0601513010185909,0.32129936870582854
97.83303093910217,0.01582467369735241,-0.008991551585495472,0.0601513010185909,0.32121356954063207
97.88358283042908,0.01750819943845272,0.00908997468650341,0.0601513010185909,0.32112771681818436
97.93282413482666,0.01582835428416729,-0.009002558887004852,0.0601513010185909,0.3210420582650136
97.98230814933777,0.017508821561932564,0.009059731848537922,0.0601513010185909,0.32095634626299646
98.03230285644531,0.015827493742108345,-0.009032121859490871,0.0601513010185909,0.320870828279818
98.08217573165894,0.017507582902908325,0.009039104916155338,0.0601513010185909,0.32078525675001296
98.13228702545166,0.015826459974050522,-0.009042921476066113,0.0601513010185909,0.32069987896799185
98.18386268615723,0.015806050971150398,-0.004842006601393223,0.0601513010185909,0.3206145726184446
98.23370337486267,0.01456864457577467,-0.0131973372772336,0.0601513010185909,0.32052943015851626
98.28387498855591,0.01702583022415638,0.012548403814435005,0.0601513010185909,0.3204441731168528
98.33366060256958,0.01581553742289543,-0.003301856340840459,0.0601513010185909,0.32035907519040174
98.38388276100159,0.01769910380244255,0.014044933952391148,0.0601513010185909,0.3202739086893404
98.43370246887207,0.01604834571480751,-0.005808867979794741,0.0601513010185909,0.3201889323644964
98.48383641242981,0.017676813527941704,0.010571509599685669,0.0601513010185909,0.32010390634478536
98.53370261192322,0.015924273058772087,-0.008676603436470032,0.0601513010185909,0.3200190778988589
98.58373141288757,0.01754581928253174,0.008799739181995392,0.0601513010185909,0.31993419978767434
98.63091850280762,0.015828656032681465,-0.009464832954108715,0.0601513010185909,0.31984951672807155
98.68388509750366,0.017493192106485367,0.008659634739160538,0.0601513010185909,0.31976478052142804
98.73401379585266,0.015809671953320503,-0.009288792498409748,0.0601513010185909,0.3196802367444587
98.78389358520508,0.017494045197963715,0.008918402716517448,0.0601513010185909,0.3195956382205143
98.83389401435852,0.015818698331713676,-0.009070592001080513,0.0601513010185909,0.3195112312595941
98.88379621505737,0.017503898590803146,0.00905555672943592,0.0601513010185909,0.3194267694006852
98.93380784988403,0.015826022252440453,-0.009007965214550495,0.0601513010185909,0.319342499013868
98.98383378982544,0.01750800758600235,0.00906822457909584,0.0601513010185909,0.3192581738640407
99.03407645225525,0.015827562659978867,-0.009020213037729263,0.0601513010185909,0.31917404011487016
99.08370280265808,0.01750800758600235,0.00904898066073656,0.0601513010185909,0.3190898516011511
99.13387799263,0.015826908871531487,-0.009036797098815441,0.0601513010185909,0.31900585428589573
99.18377494812012,0.015806380659341812,-0.004839266184717417,0.0601513010185909,0.3189219265399472
99.23390817642212,0.014568827114999294,-0.013196836225688457,0.0601513010185909,0.31883816031885426
99.28366541862488,0.015325009822845459,-0.0013298341073095798,0.0601513010185909,0.31875440443184544
99.33372974395752,0.014558013528585434,-0.007457817438989878,0.0601513010185909,0.31867077457179727
99.38383078575134,0.015517136082053185,0.0036770899314433336,0.0601513010185909,0.318587139626195
99.43365049362183,0.014780101366341114,-0.004226240795105696,0.0601513010185909,0.31850362797028997
99.48407912254333,0.01568698324263096,0.00520969508215785,0.0601513010185909,0.31842011535318193
99.53379511833191,0.014878088608384132,-0.0038632298819720745,0.0601513010185909,0.31833673106924276
99.58368611335754,0.01572580076754093,0.004969968926161528,0.0601513010185909,0.3182533502434613
99.63364148139954,0.01488043088465929,-0.004288729280233383,0.0601513010185909,0.318170100256224
99.68374013900757,0.01571197248995304,0.004590057767927647,0.0601513010185909,0.3180868547909065
99.73381042480469,0.014863782562315464,-0.004538161214441061,0.0601513010185909,0.3180037401833156
99.78365445137024,0.015698997303843498,0.004468981176614761,0.0601513010185909,0.31792062965495316
99.83359837532043,0.014856160618364811,-0.00456932932138443,0.0601513010185909,0.3178376493823246
99.88367533683777,0.015695877373218536,0.004485100507736206,0.0601513010185909,0.3177546726983019
99.93369770050049,0.014855865389108658,-0.0045378487557172775,0.0601513010185909,0.317671825847421
99.9836688041687,0.015696868300437927,0.00451389467343688,0.0601513010185909,0.3175889823455173
100.03421068191528,0.014857111498713493,-0.004518617410212755,0.0601513010185909,0.31750626844436464
100.0836730003357,0.01569785736501217,0.004523440729826689,0.0601513010185909,0.31742355777034165
100.13391065597534,0.014857703819870949,-0.004515975248068571,0.0601513010185909,0.3173409765148332
100.18367266654968,0.015698106959462166,0.004522379022091627,0.0601513010185909,0.3172583983706129
100.23373937606812,0.014857735484838486,-0.004518299363553524,0.0601513010185909,0.31717594945081273
100.28331446647644,0.015698038041591644,0.004520198795944452,0.0601513010185909,0.3170935035082216
100.33372282981873,0.014857642352581024,-0.00451978063210845,0.0601513010185909,0.317011186582413
100.38374996185303,0.015697961673140526,0.004519447684288025,0.0601513010185909,0.3169288724914257
100.43366193771362,0.014857596717774868,-0.004520002286881208,0.0601513010185909,0.3168466872061377
100.48370814323425,0.015697941184043884,0.004519515670835972,0.0601513010185909,0.31676450461332595
100.53342175483704,0.013156707398593426,-0.01839747279882431,0.0601513010185909,0.3166825816786191
100.5836226940155,0.014440424740314484,0.0003646063560154289,0.0601513010185909,0.31660062484142987
100.63360238075256,0.012675663456320763,-0.014886810444295406,0.0601513010185909,0.3165188706390903
100.68395113945007,0.01442974153906107,0.006102840881794691,0.0601513010185909,0.31643704529682365
100.73327350616455,0.01286779809743166,-0.009881296195089817,0.0601513010185909,0.3163554063426234
100.78360772132874,0.014651783742010593,0.009333154186606407,0.0601513010185909,0.31627369444988235
100.83333015441895,0.013037590309977531,-0.008349522948265076,0.0601513010185909,0.3161921722405277
100.88374257087708,0.01474972814321518,0.00969575997442007,0.0601513010185909,0.3161105829398637
100.93327522277832,0.01307638268917799,-0.008589353412389755,0.0601513010185909,0.31602918746156566
100.98342394828796,0.014752060174942017,0.009270313195884228,0.0601513010185909,0.31594772766044255
101.03348898887634,0.013062553480267525,-0.008969160728156567,0.0601513010185909,0.31586646270228225
101.08352828025818,0.014735414646565914,0.009020976722240448,0.0601513010185909,0.31578513349396514
101.13346695899963,0.013049581088125706,-0.009090173989534378,0.0601513010185909,0.3157039986466589
101.18043231964111,0.01472779642790556,0.008989840745925903,0.0601513010185909,0.3156227990071223
101.23032236099243,0.013046463951468468,-0.009074045345187187,0.0601513010185909,0.3155417931576812
101.28051328659058,0.014727502129971981,0.009021318517625332,0.0601513010185909,0.3154607221939813
101.33084607124329,0.013047453947365284,-0.009045258164405823,0.0601513010185909,0.3153798446822755
101.3821120262146,0.014728748239576817,0.00904054194688797,0.0601513010185909,0.31529890194047827
101.43073463439941,0.0130484439432621,-0.009035717695951462,0.0601513010185909,0.3152181524297503
101.48076915740967,0.014729339629411697,0.00904318131506443,0.0601513010185909,0.31513733762303353
101.53057885169983,0.013048694469034672,-0.009036780335009098,0.0601513010185909,0.31505671583559874
101.5823187828064,0.014729371294379234,0.009040857665240765,0.0601513010185909,0.3149760286710973
101.63238048553467,0.013048623688519001,-0.009038959629833698,0.0601513010185909,0.31489553429768186
101.68047833442688,0.014729278162121773,0.0090393777936697,0.0601513010185909,0.31481497445088547
101.73087739944458,0.013048548251390457,-0.009039710275828838,0.0601513010185909,0.3147346071586429
101.7808096408844,0.014729232527315617,0.009039156138896942,0.0601513010185909,0.31465417429326303
101.83068633079529,0.013048527762293816,-0.009039642289280891,0.0601513010185909,0.31457393374590903
101.88082075119019,0.014729229733347893,0.009039327502250671,0.0601513010185909,0.3144936275272308
101.93089890480042,0.013048533350229263,-0.009039477445185184,0.0601513010185909,0.31441351339195583
101.98114585876465,0.014729236252605915,0.009039441123604774,0.0601513010185909,0.31433333348900344
102.03239417076111,0.013048538938164711,-0.009039418771862984,0.0601513010185909,0.31425334543624256
102.08082628250122,0.014729239977896214,0.009039459750056267,0.0601513010185909,0.3141732915201559
102.13083386421204,0.01304854080080986,-0.009039422497153282,0.0601513010185909,0.31409342922183514
102.18113374710083,0.014729239977896214,0.009039446711540222,0.0601513010185909,0.31401350096502145
102.23342537879944,0.013048539869487286,-0.009039434604346752,0.0601513010185909,0.3139337640941886
102.28347396850586,0.014729239977896214,0.00903943832963705,0.0601513010185909,0.3138539611699671
102.33348941802979,0.013048539869487286,-0.009039439260959625,0.0601513010185909,0.3137743494005686
102.38337349891663,0.014729239046573639,0.009039436466991901,0.0601513010185909,0.3136946714835152
102.43046259880066,0.013048539869487286,-0.009039439260959625,0.0601513010185909,0.3136151844907539
102.48084807395935,0.014729239046573639,0.009039437398314476,0.0601513010185909,0.3135356312564858
102.53117942810059,0.013048539869487286,-0.00903943832963705,0.0601513010185909,0.31345626871674265
102.58027958869934,0.014729239046573639,0.00903943832963705,0.0601513010185909,0.313376839842123
102.63188457489014,0.013048539869487286,-0.00903943832963705,0.0601513010185909,0.31329760143295177
102.67999696731567,0.014729239046573639,0.00903943832963705,0.0601513010185909,0.3132182965960137
102.73016500473022,0.013048539869487286,-0.00903943832963705,0.0601513010185909,0.31313918199613544
102.78063917160034,0.014729239046573639,0.00903943832963705,0.0601513010185909,0.3130600008760771
102.83067655563354,0.013048539869487286,-0.00903943832963705,0.0601513010185909,0.3129810097653748
102.87990379333496,0.014729239046573639,0.00903943832963705,0.0601513010185909,0.3129019520425536
102.93014574050903,0.013048539869487286,-0.00903943832963705,0.0601513010185909,0.3128230841020666
102.98001718521118,0.014729239046573639,0.00903943832963705,0.0601513010185909,0.3127441494579942
103.03402900695801,0.013048539869487286,-0.00903943832963705,0.0601513010185909,0.31266540436991297
103.08398747444153,0.014729239046573639,0.00903943832963705,0.0601513010185909,0.3125865924872496
103.1340639591217,0.013048539869487286,-0.00903943832963705,0.0601513010185909,0.3125079699349103
103.18438029289246,0.014729239046573639,0.00903943832963705,0.0601513010185909,0.31242928049745955
103.233966588974,0.013048539869487286,-0.00903943832963705,0.0601513010185909,0.31235078016533885
103.28395390510559,0.014729239046573639,0.00903943832963705,0.0601513010185909,0.31227221285804246
103.33396410942078,0.013048539869487286,-0.00903943832963705,0.0601513010185909,0.31219383443175225
103.38394594192505,0.014729239046573639,0.00903943832963705,0.0601513010185909,0.31211538894068475
103.42963147163391,0.013517930172383785,-0.005045908037573099,0.0601513010185909,0.3120370959332566
103.48005175590515,0.014729239046573639,0.00903943832963705,0.0601513010185909,0.31195877195509314
103.52982974052429,0.013048539869487286,-0.00903943832963705,0.0601513010185909,0.3118806364112947
103.58036375045776,0.014729239046573639,0.00903943832963705,0.0601513010185909,0.3118024336248722
103.63269639015198,0.013048539869487286,-0.00903943832963705,0.0601513010185909,0.31172441905048415
103.68262505531311,0.014729239046573639,0.00903943832963705,0.0601513010185909,0.31164633714524437
103.73324775695801,0.013048539869487286,-0.00903943832963705,0.0601513010185909,0.31156844323036714
103.78275799751282,0.014729239046573639,0.00903943832963705,0.0601513010185909,0.31149048189686396
103.83057117462158,0.013048539869487286,-0.00903943832963705,0.0601513010185909,0.3114127083327074
103.88272309303284,0.014729239046573639,0.00903943832963705,0.0601513010185909,0.31133486726260157
103.93275117874146,0.013048539869487286,-0.00903943832963705,0.0601513010185909,0.3112572137414795
103.9829523563385,0.014729239046573639,0.00903943832963705,0.0601513010185909,0.3111794926275337
104.03313040733337,0.013048539869487286,-0.00903943832963705,0.0601513010185909,0.3111019588428591
104.08317303657532,0.014729239046573639,0.00903943832963705,0.0601513010185909,0.31102435737893286
104.13332343101501,0.013048539869487286,-0.00903943832963705,0.0601513010185909,0.31094694302521275
104.18290877342224,0.014729239046573639,0.00903943832963705,0.0601513010185909,0.3108694609062573
104.23075842857361,0.013048539869487286,-0.00903943832963705,0.0601513010185909,0.3107921656790878
104.2810788154602,0.014729239046573639,0.00903943832963705,0.0601513010185909,0.3107148026011412
104.33109998703003,0.013048539869487286,-0.00903943832963705,0.0601513010185909,0.31063762619720237
104.38159012794495,0.014729239046573639,0.00903943832963705,0.0601513010185909,0.3105603818573846
104.43122839927673,0.013048539869487286,-0.00903943832963705,0.0601513010185909,0.31048332397443557
104.4805257320404,0.014729239046573639,0.00903943832963705,0.0601513010185909,0.31040619807094344
104.53134489059448,0.013048539869487286,-0.00903943832963705,0.0601513010185909,0.31032925840781767
104.58231902122498,0.014729239046573639,0.00903943832963705,0.0601513010185909,0.31025225063991985
104.63108372688293,0.013048539869487286,-0.00903943832963705,0.0601513010185909,0.3101754288965199
104.68089199066162,0.014729239046573639,0.00903943832963705,0.0601513010185909,0.31009853896455225
104.73107719421387,0.013048539869487286,-0.00903943832963705,0.0601513010185909,0.31002183484184515
104.78123950958252,0.014729239046573639,0.00903943832963705,0.0601513010185909,0.30994506244720565
104.83083724975586,0.013048539869487286,-0.00903943832963705,0.0601513010185909,0.30986847564721803
104.88050556182861,0.013028353452682495,-0.004838209133595228,0.0601513010185909,0.30979194893280304
104.93037295341492,0.011791016906499863,-0.013194513507187366,0.0601513010185909,0.309715577054663
104.9804515838623,0.012547302059829235,-0.0013276583049446344,0.0601513010185909,0.3096392043219894
105.03162217140198,0.011780328117311,-0.007456336170434952,0.0601513010185909,0.3095629498981662
105.08105802536011,0.012739432975649834,0.0036778391804546118,0.0601513010185909,0.30948667877927305
105.13091969490051,0.01200236938893795,-0.004226017743349075,0.0601513010185909,0.30941052321063944
105.18033719062805,0.012909225188195705,0.005209625698626041,0.0601513010185909,0.30933435521446534
105.2306342124939,0.012100313790142536,-0.0038633993826806545,0.0601513010185909,0.30925830801480436
105.2803544998169,0.012948017567396164,0.004969802685081959,0.0601513010185909,0.3091822529705679
105.3306496143341,0.012102646753191948,-0.004288841970264912,0.0601513010185909,0.30910632134591637
105.38056373596191,0.012934189289808273,0.004589997697621584,0.0601513010185909,0.3090303830098917
105.4304428100586,0.012086001224815845,-0.004538177978247404,0.0601513010185909,0.30895456815287087
105.48037767410278,0.012921216897666454,0.004468983504921198,0.0601513010185909,0.3088787461668642
105.53061747550964,0.012078382074832916,-0.004569315351545811,0.0601513010185909,0.3088030470796874
105.58074641227722,0.012918099761009216,0.004485111217945814,0.0601513010185909,0.30872734039552646
105.63533306121826,0.012078088708221912,-0.004537838511168957,0.0601513010185909,0.3086517562154596
105.68406105041504,0.012919089756906033,0.004513897933065891,0.0601513010185909,0.3085761642285674
105.73421168327332,0.012079333886504173,-0.004518614616245031,0.0601513010185909,0.3085006945469939
105.7849452495575,0.012920079752802849,0.0045234388671815395,0.0601513010185909,0.3084252169695179
105.83417677879333,0.012079926207661629,-0.004515974782407284,0.0601513010185909,0.3083498615501293
105.88566398620605,0.012920329347252846,0.004522376228123903,0.0601513010185909,0.3082744981519884
105.93422603607178,0.012079956941306591,-0.004518298432230949,0.0601513010185909,0.30819925675225346
105.98448324203491,0.012920258566737175,0.004520196933299303,0.0601513010185909,0.3081240072720652
106.03426790237427,0.012079864740371704,-0.004519779235124588,0.0601513010185909,0.30804887961616123
106.08415627479553,0.012920183129608631,0.004519446287304163,0.0601513010185909,0.30797374376931197
106.1350736618042,0.012079818174242973,-0.004520000424236059,0.0601513010185909,0.3078987295692579
106.18400382995605,0.012920163571834564,0.00451951427385211,0.0601513010185909,0.30782370706749546
106.23542809486389,0.01207981538027525,-0.004519829526543617,0.0601513010185909,0.3077488060364562
106.28411817550659,0.012920168228447437,0.004519679117947817,0.0601513010185909,0.30767389659495176
106.33068490028381,0.012079821899533272,-0.004519715439528227,0.0601513010185909,0.30759910844977156
106.38135886192322,0.01292017474770546,0.004519738256931305,0.0601513010185909,0.3075243117863965
106.43074202537537,0.01207982562482357,-0.004519697278738022,0.0601513010185909,0.30744963624584787
106.4808030128479,0.012920175679028034,0.004519734065979719,0.0601513010185909,0.30737495208002596
106.53278684616089,0.01207982562482357,-0.004519709851592779,0.0601513010185909,0.30730038886393385
106.5804295539856,0.012920175679028034,0.004519721493124962,0.0601513010185909,0.30722581691571066
106.6315405368805,0.01207982562482357,-0.004519718233495951,0.0601513010185909,0.3071513657445856
106.68129920959473,0.01292017474770546,0.004519716836512089,0.0601513010185909,0.3070769057349807
106.73239970207214,0.01207982562482357,-0.0045197200961411,0.0601513010185909,0.3070025663303052
106.78070783615112,0.01292017474770546,0.004519717302173376,0.0601513010185909,0.306928217981165
106.83231925964355,0.01207982562482357,-0.004519719164818525,0.0601513010185909,0.3068539900653886
106.88270783424377,0.01292017474770546,0.004519718233495951,0.0601513010185909,0.3067797530995963
106.93071842193604,0.01207982562482357,-0.004519718233495951,0.0601513010185909,0.3067056363961318
106.98132181167603,0.01292017474770546,0.004519718233495951,0.0601513010185909,0.30663151053753157
107.03156995773315,0.01207982562482357,-0.004519718233495951,0.0601513010185909,0.3065575047707503
107.08068013191223,0.01292017474770546,0.004519718233495951,0.0601513010185909,0.3064834897441428
107.13250279426575,0.01207982562482357,-0.004519718233495951,0.0601513010185909,0.30640959463937045
107.18043923377991,0.01292017474770546,0.004519718233495951,0.0601513010185909,0.30633569017050893
107.23061466217041,0.01207982562482357,-0.004519718233495951,0.0601513010185909,0.3062619054540217
107.28064513206482,0.01292017474770546,0.004519718233495951,0.0601513010185909,0.3061881112696076
107.33215594291687,0.01207982562482357,-0.004519718233495951,0.0601513010185909,0.30611443666862737
107.38057708740234,0.01292017474770546,0.004519718233495951,0.0601513010185909,0.306040752496306
107.43059182167053,0.01207982562482357,-0.004519718233495951,0.0601513010185909,0.3059671877389966
107.48051571846008,0.01292017474770546,0.004519718233495951,0.0601513010185909,0.30589361330735326
107.53055238723755,0.01207982562482357,-0.004519718233495951,0.0601513010185909,0.305820158122816
107.58271145820618,0.01292017474770546,0.004519718233495951,0.0601513010185909,0.30574669316137154
107.6327908039093,0.01207982562482357,-0.004519718233495951,0.0601513010185909,0.30567334727964124
107.68035531044006,0.01292017474770546,0.004519718233495951,0.0601513010185909,0.3055999915188479
107.73131847381592,0.01207982562482357,-0.004519718233495951,0.0601513010185909,0.3055267546708888
107.78044939041138,0.01292017474770546,0.004519718233495951,0.0601513010185909,0.3054535078421264
107.83198428153992,0.01207982562482357,-0.004519718233495951,0.0601513010185909,0.3053803797598277
107.88027811050415,0.01292017474770546,0.004519718233495951,0.0601513010185909,0.30530724159539924
107.93285155296326,0.01207982562482357,-0.004519718233495951,0.0601513010185909,0.30523422201157147
107.98072504997253,0.01292017474770546,0.004519718233495951,0.0601513010185909,0.30516119224469923
108.03226113319397,0.01207982562482357,-0.004519718233495951,0.0601513010185909,0.30508828089307
108.08262944221497,0.01292017474770546,0.004519718233495951,0.0601513010185909,0.30501535925789125
108.13056302070618,0.010378940030932426,-0.018397361040115356,0.0601513010185909,0.30494268943792074
108.18416094779968,0.011662653647363186,0.0003646440163720399,0.0601513010185909,0.304869972216974
108.23568868637085,0.009897888638079166,-0.014886811375617981,0.0601513010185909,0.30479744857305263
108.28584909439087,0.01165196392685175,0.006102819461375475,0.0601513010185909,0.30472483967061786
108.33451199531555,0.01009002048522234,-0.009881315752863884,0.0601513010185909,0.30465240785891723
108.38242769241333,0.011874005198478699,0.009333137422800064,0.0601513010185909,0.30457988895954674
108.432457447052,0.010259811766445637,-0.008349529467523098,0.0601513010185909,0.30450755058658635
108.48293328285217,0.011971949599683285,0.009695755317807198,0.0601513010185909,0.30443513110007514
108.53017854690552,0.010298604145646095,-0.00858935248106718,0.0601513010185909,0.3043628964173587
108.58244180679321,0.011974282562732697,0.009270313195884228,0.0601513010185909,0.30429058347792753
108.63338732719421,0.010284775868058205,-0.008969157934188843,0.0601513010185909,0.30421845643034034
108.68464088439941,0.011957637034356594,0.009020976722240448,0.0601513010185909,0.30414625124150185
108.73287773132324,0.010271803475916386,-0.009090171195566654,0.0601513010185909,0.3040742314996192
108.78154921531677,0.011950017884373665,0.008989839814603329,0.0601513010185909,0.3040021331044275
108.83269381523132,0.010268686339259148,-0.009074043482542038,0.0601513010185909,0.30393021962184097
108.88318037986755,0.011949723586440086,0.009021316654980183,0.0601513010185909,0.30385822719647043
108.9337899684906,0.010269676335155964,-0.009045257233083248,0.0601513010185909,0.30378641938739226
108.98257756233215,0.010250084102153778,-0.004837102256715298,0.0601513010185909,0.3037146659040448
109.03312230110168,0.009013144299387932,-0.013190790079534054,0.0601513010185909,0.30364306497373744
109.08289837837219,0.009769625030457973,-0.0013239128747954965,0.0601513010185909,0.30357145528452634
109.13440608978271,0.009002705104649067,-0.007453677244484425,0.0601513010185909,0.3034999603277102
109.18268871307373,0.009961787611246109,0.0036792592145502567,0.0601513010185909,0.30342844023270155
109.23244261741638,0.009224675595760345,-0.004225539043545723,0.0601513010185909,0.3033570320601184
109.28234934806824,0.01013148669153452,0.005209564696997404,0.0601513010185909,0.30328560318010206
109.33240222930908,0.009322544559836388,-0.003863671561703086,0.0601513010185909,0.3032142916943402
109.3834753036499,0.010170233435928822,0.00496952049434185,0.0601513010185909,0.3031429642670595
109.43555903434753,0.009324857033789158,-0.0042890459299087524,0.0601513010185909,0.303071756978777
109.4834156036377,0.010156401433050632,0.004589886404573917,0.0601513010185909,0.3030005349463448
109.5335841178894,0.009308217093348503,-0.004538217093795538,0.0601513010185909,0.3029294331386346
109.5860824584961,0.010143435560166836,0.004468986298888922,0.0601513010185909,0.30285831617847936
109.63351583480835,0.009300604462623596,-0.004569295793771744,0.0601513010185909,0.3027873188667753
109.68345999717712,0.010140322148799896,0.00448513263836503,0.0601513010185909,0.30271630594154525
109.73332452774048,0.009300311096012592,-0.004537822678685188,0.0601513010185909,0.3026454122815754
109.7835042476654,0.010141313076019287,0.004513906314969063,0.0601513010185909,0.30257450281374343
109.83342695236206,0.009301557205617428,-0.00451861135661602,0.0601513010185909,0.302503712430926
109.88392758369446,0.010142302140593529,0.0045234388671815395,0.0601513010185909,0.30243290617116136
109.93336629867554,0.009302148595452309,-0.004515976179391146,0.0601513010185909,0.30236221886946935
109.9834132194519,0.010142551735043526,0.004522374831140041,0.0601513010185909,0.30229151562793316
110.034353017807,0.009302179329097271,-0.004518299829214811,0.0601513010185909,0.30222093120446464
110.08356523513794,0.010142480954527855,0.004520196467638016,0.0601513010185909,0.30215033075872477
110.1336510181427,0.00930208619683981,-0.004519779235124588,0.0601513010185909,0.30207984897603035
110.18339276313782,0.010142405517399311,0.004519446287304163,0.0601513010185909,0.3020093510793558
110.23363900184631,0.009302040562033653,-0.004520000424236059,0.0601513010185909,0.30193897168695893
110.28352046012878,0.010142385959625244,0.00451951427385211,0.0601513010185909,0.3018685760886412
110.33339285850525,0.00930203776806593,-0.004519829526543617,0.0601513010185909,0.30179829883727693
110.38355898857117,0.010142390616238117,0.004519679117947817,0.0601513010185909,0.3017280052899558
110.43341183662415,0.009302044287323952,-0.004519715439528227,0.0601513010185909,0.30165782993389534
110.48348069190979,0.01014239713549614,0.004519738256931305,0.0601513010185909,0.30158763819281026
110.53338527679443,0.00930204801261425,-0.004519697278738022,0.0601513010185909,0.30151756448812345
110.58346629142761,0.010142398066818714,0.004519734065979719,0.0601513010185909,0.30144747430992397
110.63352870941162,0.00930204801261425,-0.004519709851592779,0.0601513010185909,0.30137750201357255
110.68413162231445,0.010142398066818714,0.004519721493124962,0.0601513010185909,0.301307513155354
110.73350691795349,0.00930204801261425,-0.004519718233495951,0.0601513010185909,0.3012376420248128
110.78387403488159,0.01014239713549614,0.004519716836512089,0.0601513010185909,0.30116775424448233
110.83356523513794,0.00930204801261425,-0.0045197200961411,0.0601513010185909,0.3010979840380364
110.88348627090454,0.01014239713549614,0.004519717302173376,0.0601513010185909,0.30102819709416245
110.93334174156189,0.00930204801261425,-0.004519719164818525,0.0601513010185909,0.30095852757090363
110.98332238197327,0.01014239713549614,0.004519718233495951,0.0601513010185909,0.30088884122293347
111.03353142738342,0.00930204801261425,-0.004519718233495951,0.0601513010185909,0.30081927214275705
111.08336853981018,0.01014239713549614,0.004519718233495951,0.0601513010185909,0.3007496861509398
111.13334560394287,0.00930204801261425,-0.004519718233495951,0.0601513010185909,0.3006802172745408
111.18328380584717,0.01014239713549614,0.004519718233495951,0.0601513010185909,0.30061073139992367
111.23342609405518,0.00930204801261425,-0.004519718233495951,0.0601513010185909,0.30054136248879376
111.28377437591553,0.01014239713549614,0.004519718233495951,0.0601513010185909,0.3004719764932191
111.33359384536743,0.00930204801261425,-0.004519718233495951,0.0601513010185909,0.30040270730964297
111.38650918006897,0.01014239713549614,0.004519718233495951,0.0601513010185909,0.30033342095574445
111.43348431587219,0.00930204801261425,-0.004519718233495951,0.0601513010185909,0.30026425126279643
111.48352813720703,0.01014239713549614,0.004519718233495951,0.0601513010185909,0.3001950643139959
111.53349757194519,0.00930204801261425,-0.004519718233495951,0.0601513010185909,0.3001259938755367
111.58366513252258,0.01014239713549614,0.004519718233495951,0.0601513010185909,0.30005690609604074
111.63409304618835,0.00930204801261425,-0.004519718233495951,0.0601513010185909,0.2999879346767139
111.68386149406433,0.01014239713549614,0.004519718233495951,0.0601513010185909,0.2999189458315106
111.73371315002441,0.00930204801261425,-0.004519718233495951,0.0601513010185909,0.2998500731967395
111.7834222316742,0.01014239713549614,0.004519718233495951,0.0601513010185909,0.29978118305159485
111.83036065101624,0.00930204801261425,-0.004519718233495951,0.0601513010185909,0.29971240896757917
111.88031506538391,0.01014239713549614,0.004519718233495951,0.0601513010185909,0.299643617289034
111.93084335327148,0.00930204801261425,-0.004519718233495951,0.0601513010185909,0.2995749415227463
111.98285174369812,0.01014239713549614,0.004519718233495951,0.0601513010185909,0.299506248078113
112.03233098983765,0.00930204801261425,-0.004519718233495951,0.0601513010185909,0.29943767039729563
112.08250904083252,0.01014239713549614,0.004519718233495951,0.0601513010185909,0.2993690749546548
112.13217043876648,0.00930204801261425,-0.004519718233495951,0.0601513010185909,0.29930059512781665
112.18025922775269,0.01014239713549614,0.004519718233495951,0.0601513010185909,0.2992320974560138
112.23026752471924,0.00930204801261425,-0.004519718233495951,0.0601513010185909,0.2991637152524269
112.28028655052185,0.01014239713549614,0.004519718233495951,0.0601513010185909,0.2990953151210693
112.33016920089722,0.00930204801261425,-0.004519718233495951,0.0601513010185909,0.29902703031076566
112.38022065162659,0.01014239713549614,0.004519718233495951,0.0601513010185909,0.298958727490219
112.43027925491333,0.00930204801261425,-0.004519718233495951,0.0601513010185909,0.2988905398439876
112.48029947280884,0.01014239713549614,0.004519718233495951,0.0601513010185909,0.2988223341053729
112.5304205417633,0.00930204801261425,-0.004519718233495951,0.0601513010185909,0.29875424339475615
112.58030915260315,0.01014239713549614,0.004519718233495951,0.0601513010185909,0.29868613450994647
112.63048934936523,0.00930204801261425,-0.004519718233495951,0.0601513010185909,0.29861814050723723
112.68409872055054,0.01014239713549614,0.004519718233495951,0.0601513010185909,0.2985501282488547
112.73108959197998,0.00930204801261425,-0.004519718233495951,0.0601513010185909,0.29848223072709296
112.78016996383667,0.01014239713549614,0.004519718233495951,0.0601513010185909,0.29841431486850534
112.83051419258118,0.00930204801261425,-0.004519718233495951,0.0601513010185909,0.29834651360147535
112.88273406028748,0.01014239713549614,0.004519718233495951,0.0601513010185909,0.298278693916793
112.93275308609009,0.00930204801261425,-0.004519718233495951,0.0601513010185909,0.2982109886790199
112.98289084434509,0.01014239713549614,0.004519718233495951,0.0601513010185909,0.29814326494309284
113.0326087474823,0.00930204801261425,-0.004519718233495951,0.0601513010185909,0.29807565550983955
113.08265161514282,0.01014239713549614,0.004519718233495951,0.0601513010185909,0.2980080274982541
113.13294553756714,0.00930204801261425,-0.004519718233495951,0.0601513010185909,0.2979405136455184
113.18295383453369,0.01014239713549614,0.004519718233495951,0.0601513010185909,0.29787298113459415
113.23247385025024,0.00930204801261425,-0.004519718233495951,0.0601513010185909,0.2978055626391053
113.28283953666687,0.01014239713549614,0.004519718233495951,0.0601513010185909,0.2977381254058921
113.33036184310913,0.00930204801261425,-0.004519718233495951,0.0601513010185909,0.29767080204510815
113.38046002388,0.01014239713549614,0.004519718233495951,0.0601513010185909,0.29760345986738307
113.43042802810669,0.00930204801261425,-0.004519718233495951,0.0601513010185909,0.2975362314194875
113.4804356098175,0.01014239713549614,0.004519718233495951,0.0601513010185909,0.2974689840757517
113.53011202812195,0.00930204801261425,-0.004519718233495951,0.0601513010185909,0.2974018503196504
113.57990097999573,0.01014239713549614,0.004519718233495951,0.0601513010185909,0.29733469758912595
113.63186812400818,0.00930204801261425,-0.004519718233495951,0.0601513010185909,0.2972676583044445
113.67995882034302,0.01014239713549614,0.004519718233495951,0.0601513010185909,0.2972005999670718
113.72983765602112,0.0095367431640625,-0.0025229535531252623,0.0601513010185909,0.29713363633958023
113.7799117565155,0.01014239713549614,0.004519718233495951,0.0601513010185909,0.2970666721804496
113.83032202720642,0.00930204801261425,-0.004519718233495951,0.0601513010185909,0.29699982118478313
113.88038539886475,0.008441511541604996,-0.009357924573123455,0.0601513010185909,0.2969330859814979
113.92989468574524,0.008044525980949402,-0.00867479294538498,0.0601513010185909,0.2968664297687708
113.97980213165283,0.007960174232721329,-0.00646654237061739,0.0601513010185909,0.29679982718723885
114.02986025810242,0.00803383719176054,-0.0029366170056164265,0.0601513010185909,0.29673326532658395
114.0798990726471,0.00812880415469408,-0.0011812460143119097,0.0601513010185909,0.2966667424171194
114.12985968589783,0.008255877532064915,0.00029370057745836675,0.0601513010185909,0.29660025582642935
114.17986226081848,0.008312148973345757,0.0006547553930431604,0.0601513010185909,0.29653381124882944
114.22985982894897,0.008349861018359661,0.0006837424589321017,0.0601513010185909,0.29646741013620037
114.28027725219727,0.00836117658764124,0.00045008445158600807,0.0601513010185909,0.29640105456796945
114.3300244808197,0.008357679471373558,0.0002712725836317986,0.0601513010185909,0.29633474568582296
114.38060784339905,0.008347347378730774,7.027912215562537e-05,0.0601513010185909,0.29626848398716676
114.43164491653442,0.00833950936794281,-1.84597956831567e-05,0.0601513010185909,0.2962022692168843
114.48115062713623,0.008334374986588955,-5.0734695832943544e-05,0.0601513010185909,0.2961361011031491
114.53056836128235,0.008331891149282455,-4.959713260177523e-05,0.0601513010185909,0.29606997937864343
114.5822479724884,0.008331257849931717,-3.4606928238645196e-05,0.0601513010185909,0.29600390384078906
114.63293313980103,0.008331596851348877,-1.8120195818482898e-05,0.0601513010185909,0.2959378743579986
114.68030500411987,0.008332248777151108,-5.820507340104086e-06,0.0601513010185909,0.2958718908519664
114.73036527633667,0.008332842960953712,1.1038780485250754e-06,0.0601513010185909,0.2958059532743508
114.78040528297424,0.008333238773047924,3.720764198078541e-06,0.0601513010185909,0.29574006158821475
114.83386516571045,0.008333434350788593,3.743442448467249e-06,0.0601513010185909,0.2956742157568408
114.8836019039154,0.008333488367497921,2.65810717792192e-06,0.0601513010185909,0.2956084157388587
114.93382525444031,0.00833346601575613,1.4198232065609773e-06,0.0601513010185909,0.29554266148772684
114.98370432853699,0.00833341758698225,4.788046226167353e-07,0.0601513010185909,0.2954769529529366
115.030104637146,0.008333372883498669,-6.075936198612908e-08,0.0601513010185909,0.29541129008166495
115.08033967018127,0.008333342149853706,-2.7206093022869027e-07,0.0601513010185909,0.29534567282034996
115.1301658153534,0.008333327248692513,-2.821914790729352e-07,0.0601513010185909,0.2952801011153649
115.18043184280396,0.00833332259207964,-2.0395093258684938e-07,0.0601513010185909,0.2952145749136176
115.23038649559021,0.008333323523402214,-1.1107762531992194e-07,0.0601513010185909,0.2951490941624744
115.28075981140137,0.008333327248692513,-3.915753765681984e-08,0.0601513010185909,0.2950836588096104
115.3306336402893,0.008333330973982811,2.8300404242287414e-09,0.0601513010185909,0.2950182688030085
115.38045763969421,0.00833333283662796,1.9828222619366898e-08,0.0601513010185909,0.29495292409088475
115.43035507202148,0.00833333469927311,2.1245071479825128e-08,0.0601513010185909,0.2948876246213884
115.48043537139893,0.00833333469927311,1.5632378946861536e-08,0.0601513010185909,0.2948223703429012
115.53086996078491,0.00833333469927311,8.676992457878896e-09,0.0601513010185909,0.2947571612037382
115.58035588264465,0.00833333469927311,3.1860232230229713e-09,0.0601513010185909,0.29469199715229694
115.63034796714783,0.008333333767950535,-7.710485722123295e-11,0.0601513010185909,0.29462687813713223
115.68066763877869,0.008333333767950535,-1.4399241798912499e-09,0.0601513010185909,0.2945618041067315
115.73032236099243,0.008333333767950535,-1.597333598724049e-09,0.0601513010185909,0.2944967750097393
115.77991151809692,0.008333333767950535,-1.1969394364541586e-09,0.0601513010185909,0.2944317907948819
115.83036994934082,0.008333333767950535,-6.768438032267454e-10,0.0601513010185909,0.2943668514109675
115.88094019889832,0.008333333767950535,-2.58057381019583e-10,0.0601513010185909,0.2943019568068857
115.93033647537231,0.008333333767950535,-4.7778898892847366e-12,0.0601513010185909,0.2942371069316077
115.98035454750061,0.008333333767950535,1.0415034806809942e-10,0.0601513010185909,0.29417230173418596
116.03051733970642,0.008333333767950535,1.1993205040194965e-10,0.0601513010185909,0.2941075411637539
116.08038806915283,0.008333333767950535,9.155189800713615e-11,0.0601513010185909,0.2940428251695261
116.13041377067566,0.008333333767950535,5.272391204180771e-11,0.0601513010185909,0.2939781537007977
116.18046545982361,0.008333333767950535,2.0817510909543202e-11,0.0601513010185909,0.29391352670694454
116.2303831577301,0.008333333767950535,1.182368439267556e-12,0.0601513010185909,0.2938489441374229
116.28036856651306,0.008333333767950535,-7.499655410581063e-12,0.0601513010185909,0.2937844059417693
116.33067989349365,0.008333333767950535,-8.991985975259631e-12,0.0601513010185909,0.2937199120696004
116.38218951225281,0.008333333767950535,-6.995386908625889e-12,0.0601513010185909,0.29365546247061286
116.4303138256073,0.008333333767950535,-4.101569778258707e-12,0.0601513010185909,0.293591057094583
116.48018527030945,0.008333333767950535,-1.6732813051811846e-12,0.0601513010185909,0.2935266958913669
116.53037810325623,0.008333333767950535,-1.529124049604036e-13,0.0601513010185909,0.2934623788108999
116.58028626441956,0.008333333767950535,5.372906980438685e-13,0.0601513010185909,0.293398105803197
116.63041615486145,0.008333333767950535,6.731507712354201e-13,0.0601513010185909,0.2933338768183519
116.68329310417175,0.008333333767950535,5.339218650535216e-13,0.0601513010185909,0.2932696918065375
116.73274183273315,0.008333333767950535,3.186201302796121e-13,0.0601513010185909,0.29320555071800564
116.78076028823853,0.008333333767950535,1.3401259268963628e-13,0.0601513010185909,0.2931414535030866
116.83059406280518,0.008333333767950535,1.6433035487928294e-14,0.0601513010185909,0.2930774001121893
116.88056802749634,0.008333333767950535,-3.829228600871204e-14,0.0601513010185909,0.29301339049580083
116.93071484565735,0.008333333767950535,-5.0334736378943035e-14,0.0601513010185909,0.29294942460448664
116.98043322563171,0.008333333767950535,-4.073304193941141e-14,0.0601513010185909,0.2928855023888901
117.03374671936035,0.008333333767950535,-2.4745830384809153e-14,0.0601513010185909,0.2928216237997325
117.08341097831726,0.008333333767950535,-1.0737938316296436e-14,0.0601513010185909,0.29275778878781267
117.13363003730774,0.008333333767950535,-1.6531914726058972e-15,0.0601513010185909,0.29269399730400725
117.18039011955261,0.008333333767950535,2.6749435999562365e-15,0.0601513010185909,0.2926302492992701
117.22981691360474,0.008333333767950535,3.7001651742585295e-15,0.0601513010185909,0.29256654472463234
117.2806568145752,0.008333333767950535,3.084338340286763e-15,0.0601513010185909,0.29250288353120213
117.33070731163025,0.008333333767950535,1.9012569296705806e-15,0.0601513010185909,0.2924392656701647
117.38036513328552,0.008333333767950535,8.396061623727746e-16,0.0601513010185909,0.2923756910927818
117.43010950088501,0.008333333767950535,1.2836953722228372e-16,0.0601513010185909,0.292312159750392
117.48001146316528,0.008333333767950535,-2.1337098754514727e-16,0.0601513010185909,0.29224867159441026
117.53197169303894,0.008333333767950535,-3.1051550219984847e-16,0.0601513010185909,0.29218522657632784
117.58036732673645,0.008333333767950535,-2.636779683484747e-16,0.0601513010185909,0.2921218246477121
117.63039898872375,0.008333333767950535,-1.7694179454963432e-16,0.0601513010185909,0.29205846576020644
117.6802294254303,0.008333333767950535,-9.367506770274758e-17,0.0601513010185909,0.2919951498655301
117.73027849197388,0.008333333767950535,-2.42861286636753e-17,0.0601513010185909,0.29193187691547806
117.78046560287476,0.008333333767950535,1.0408340855860843e-17,0.0601513010185909,0.2918686468619207
117.830326795578,0.008333333767950535,3.642919299551295e-17,0.0601513010185909,0.29180545965680393
117.88027167320251,0.008333333767950535,5.377642775528102e-17,0.0601513010185909,0.2917423152521488
117.93028426170349,0.008333333767950535,3.642919299551295e-17,0.0601513010185909,0.29167921360005145
117.98026180267334,0.008333333767950535,1.9081958235744878e-17,0.0601513010185909,0.29161615465268287
118.03054809570312,0.008333333767950535,1.734723475976807e-18,0.0601513010185909,0.2915531383622891
118.08063983917236,0.008333333767950535,-1.5612511283791264e-17,0.0601513010185909,0.29149016468119054
118.13194727897644,0.006632447708398104,-0.013877645134925842,0.0601513010185909,0.2914273706076427
118.18084073066711,0.0070758117362856865,-0.004155075177550316,0.0601513010185909,0.2913645828437795
118.23066759109497,0.006151396781206131,-0.010367094539105892,0.0601513010185909,0.2913019131777889
118.2806510925293,0.007065122481435537,0.0015831015771254897,0.0601513010185909,0.29123921105725337
118.33069157600403,0.006343528162688017,-0.005361597985029221,0.0601513010185909,0.2911766102083855
118.38065552711487,0.007287163287401199,0.004813419654965401,0.0601513010185909,0.29111397470376144
118.43058776855469,0.006513319909572601,-0.0038298119325190783,0.0601513010185909,0.2910514443922736
118.48066854476929,0.007385108154267073,0.0051760380156338215,0.0601513010185909,0.2909888854037718
118.53043794631958,0.00655211228877306,-0.004069634713232517,0.0601513010185909,0.29092643621211695
118.58054280281067,0.007387440651655197,0.004750595428049564,0.0601513010185909,0.2908639612711313
118.63336133956909,0.006538283545523882,-0.004449440166354179,0.0601513010185909,0.29080159732162003
118.6799418926239,0.007370795123279095,0.004501259420067072,0.0601513010185909,0.2907392077690497
118.73239755630493,0.006525311153382063,-0.004570453893393278,0.0601513010185909,0.29067692880334495
118.78031420707703,0.00736317690461874,0.004470122046768665,0.0601513010185909,0.2906146237242196
118.83087396621704,0.006522194482386112,-0.004554326180368662,0.0601513010185909,0.2905524287487707
118.88271951675415,0.007362882606685162,0.004501598887145519,0.0601513010185909,0.29049020736682274
118.9357373714447,0.0061969636008143425,-0.006312379613518715,0.0601513010185909,0.2904281226064357
118.98012733459473,0.007215241901576519,0.004820534493774176,0.0601513010185909,0.2903659965994805
119.02972793579102,0.006710111629217863,-0.0015023956075310707,0.0601513010185909,0.290303953201977
119.07967376708984,0.007151407189667225,0.003677977016195655,0.0601513010185909,0.29024191564344404
119.12990498542786,0.006570229772478342,-0.0037202220410108566,0.0601513010185909,0.2901799668307392
119.1798484325409,0.007404211908578873,0.004949555732309818,0.0601513010185909,0.29011799202961697
119.22963666915894,0.006787256803363562,-0.0023288435768336058,0.0601513010185909,0.2900561085515864
119.27954435348511,0.007144166622310877,0.0025306991301476955,0.0601513010185909,0.28999423761746157
119.33030819892883,0.006526929792016745,-0.004600184503942728,0.0601513010185909,0.28993245814952057
119.38256573677063,0.007362603675574064,0.0044353730045259,0.0601513010185909,0.2898706523789806
119.43034958839417,0.006520858500152826,-0.004581041634082794,0.0601513010185909,0.289808956035426
119.48066711425781,0.007361613679677248,0.004486108664423227,0.0601513010185909,0.2897472329130382
119.5300829410553,0.006522315088659525,-0.004531733226031065,0.0601513010185909,0.2896856188972597
119.58009743690491,0.007363683078438044,0.004520387854427099,0.0601513010185909,0.28962397799538714
119.6320903301239,0.0065240394324064255,-0.004513861611485481,0.0601513010185909,0.2895624461039263
119.68013000488281,0.007364756427705288,0.004526066593825817,0.0601513010185909,0.28950088732108326
119.73095703125,0.006524522323161364,-0.00451502064242959,0.0601513010185909,0.2894394374739692
119.78063607215881,0.0073648476973176,0.004522343166172504,0.0601513010185909,0.2893779607079541
119.83037495613098,0.0065244208090007305,-0.004518743138760328,0.0601513010185909,0.2893165927721056
119.88015460968018,0.007364693563431501,0.004519709851592779,0.0601513010185909,0.2892551978621211
119.9304666519165,0.00652428949251771,-0.00452014384791255,0.0601513010185909,0.2891939116598057
119.9806911945343,0.007364610675722361,0.004519241861999035,0.0601513010185909,0.2891325984202221
120.03010749816895,0.0065242513082921505,-0.004520078655332327,0.0601513010185909,0.2890713937642599
120.07980227470398,0.007364602293819189,0.00451951427385211,0.0601513010185909,0.28901016200974977
120.13039231300354,0.00652425829321146,-0.00451979786157608,0.0601513010185909,0.28894903871742467
120.18054962158203,0.007364613935351372,0.0045197163708508015,0.0601513010185909,0.28888788826757983
120.23010849952698,0.006524268072098494,-0.004519688431173563,0.0601513010185909,0.28882684616017423
120.28012537956238,0.007364620454609394,0.004519755020737648,0.0601513010185909,0.2887657768371478
120.3296947479248,0.0067589664831757545,-0.0025229244492948055,0.0601513010185909,0.2887047967169938
120.3794093132019,0.0071299257688224316,0.0025229721795767546,0.0601513010185909,0.28864382714857856
120.43083786964417,0.006524270866066217,-0.004519712645560503,0.0601513010185909,0.28858294687913555
120.48092770576477,0.005663733929395676,-0.00935792550444603,0.0601513010185909,0.2885221773568046
120.53335618972778,0.0052667479030787945,-0.008674796670675278,0.0601513010185909,0.2884614809499788
120.58259272575378,0.005182682536542416,-0.005847378168255091,0.0601513010185909,0.288400831734856
120.63287663459778,0.005256058648228645,-0.0029366195667535067,0.0601513010185909,0.28834021658261
120.68009543418884,0.0053748139180243015,-0.000841880333609879,0.0601513010185909,0.288279631701322
120.7300672531128,0.005478099454194307,0.00029370011179707944,0.0601513010185909,0.28821907835362953
120.7801628112793,0.005544605664908886,0.0006899070576764643,0.0601513010185909,0.288158559552271
120.82996726036072,0.005576043855398893,0.0006563190836459398,0.0601513010185909,0.2880980781550697
120.88078951835632,0.005583398509770632,0.0004500847135204822,0.0601513010185909,0.2880376361066491
120.9298141002655,0.005578376818448305,0.00023087662702891976,0.0601513010185909,0.28797723438398826
120.98324131965637,0.005569569766521454,7.027923129498959e-05,0.0601513010185909,0.2879168732553375
121.03050994873047,0.005561731290072203,-1.8459757484379224e-05,0.0601513010185909,0.2878565525970616
121.08073306083679,0.005556597374379635,-5.073469947092235e-05,0.0601513010185909,0.28779627214257114
121.13047432899475,0.005554113071411848,-4.9597150791669264e-05,0.0601513010185909,0.28773603163000805
121.18235564231873,0.005553480237722397,-3.460695006651804e-05,0.0601513010185909,0.2876758308634928
121.2324948310852,0.00555381877347827,-1.812021218938753e-05,0.0601513010185909,0.2876156697198233
121.28257942199707,0.005554470233619213,-5.820515525556402e-06,0.0601513010185909,0.28755554813014955
121.331063747406,0.005555064417421818,1.103874978980457e-06,0.0601513010185909,0.28749546605618453
121.38065719604492,0.005555460695177317,3.720764198078541e-06,0.0601513010185909,0.28743542347127526
121.4307188987732,0.005555656272917986,3.7434438127093017e-06,0.0601513010185909,0.28737542034904906
121.48054051399231,0.005555710289627314,2.658108769537648e-06,0.0601513010185909,0.28731545665831837
121.53047561645508,0.005555687937885523,1.4198243434293545e-06,0.0601513010185909,0.2872555323625888
121.58045101165771,0.005555639509111643,4.788052478943428e-07,0.0601513010185909,0.2871956474212898
121.63013577461243,0.0055556027218699455,1.7162083310040543e-08,0.0601513010185909,0.28713580179081327
121.68073868751526,0.005555564071983099,-2.7206093022869027e-07,0.0601513010185909,0.2870759954287262
121.73050093650818,0.005555548705160618,-2.8219156433806347e-07,0.0601513010185909,0.28701622829059387
121.78068828582764,0.005555544048547745,-2.039510462736871e-07,0.0601513010185909,0.2869565003330804
121.83065867424011,0.005555545445531607,-1.1107771769047758e-07,0.0601513010185909,0.2868968115132973
121.8807144165039,0.005555549170821905,-3.9157587394811344e-08,0.0601513010185909,0.2868371617887266
121.93095469474792,0.005555552430450916,2.830020218169693e-09,0.0601513010185909,0.2867775511171438
121.982093334198,0.005555554758757353,1.9828222619366898e-08,0.0601513010185909,0.28671797945642635
122.0314691066742,0.005555556155741215,2.1245080361609325e-08,0.0601513010185909,0.2866584467645155
122.08129405975342,0.005555556621402502,1.5632387828645733e-08,0.0601513010185909,0.28659895299941585
122.1335391998291,0.005555556621402502,8.676999563306254e-09,0.0601513010185909,0.28653949811915735
122.183424949646,0.005555556155741215,3.18602721982586e-09,0.0601513010185909,0.2864800820818331
122.23342370986938,0.005555556155741215,-7.710321964227163e-11,0.0601513010185909,0.2864207048455232
122.28342175483704,0.0055555556900799274,-1.439923957846645e-09,0.0601513010185909,0.2863613663684471
122.33343148231506,0.0055555556900799274,-1.5973340428132587e-09,0.0601513010185909,0.2863020666088109
122.38345074653625,0.0055555556900799274,-1.1969401025879733e-09,0.0601513010185909,0.2862428055249218
122.43340611457825,0.0055555556900799274,-6.768443583382577e-10,0.0601513010185909,0.28618358307514963
122.48342490196228,0.0055555556900799274,-2.5805771408649036e-10,0.0601513010185909,0.2861243992179269
122.53477478027344,0.0055555556900799274,-4.778025197715863e-12,0.0601513010185909,0.2860652539117485
122.5834653377533,0.0055555556900799274,1.0415034112920551e-10,0.0601513010185909,0.28600614711517186
122.63341903686523,0.0055555556900799274,1.1993210591310088e-10,0.0601513010185909,0.28594707878681663
122.68335461616516,0.0055555556900799274,9.155196045718128e-11,0.0601513010185909,0.28588804888536445
122.73373293876648,0.0055555556900799274,5.2723960614065035e-11,0.0601513010185909,0.28582905736955905
122.7837483882904,0.0055555556900799274,2.0817549073459674e-11,0.0601513010185909,0.28577010419820603
122.83340501785278,0.0055555556900799274,1.1823996642901236e-12,0.0601513010185909,0.2857111893301729
122.88399577140808,0.0055555556900799274,-7.499620716111544e-12,0.0601513010185909,0.28565231272438857
122.93360924720764,0.0055555556900799274,-8.99193913772578e-12,0.0601513010185909,0.2855934743398437
122.98367834091187,0.0055555556900799274,-6.9953522141563695e-12,0.0601513010185909,0.28553467413559025
123.03381443023682,0.0055555556900799274,-4.101535083789187e-12,0.0601513010185909,0.28547591207074147
123.08391237258911,0.0055555556900799274,-1.673253549605569e-12,0.0601513010185909,0.28541718810447186
123.13396692276001,0.0055555556900799274,-1.5289332300216785e-13,0.0601513010185909,0.2853585021960169
123.18421030044556,0.0055555556900799274,5.373028411082004e-13,0.0601513010185909,0.28529985430467303
123.2338764667511,0.0055555556900799274,6.731629142997519e-13,0.0601513010185909,0.2852412443897976
123.28435468673706,0.0055555556900799274,5.339340081178534e-13,0.0601513010185909,0.28518267241080864
123.33371233940125,0.0055555556900799274,3.186444164082758e-13,0.0601513010185909,0.2851241383271846
123.38428997993469,0.0055555556900799274,1.3404555243567984e-13,0.0601513010185909,0.28506564209846463
123.43388867378235,0.0055555556900799274,1.6469464680923807e-14,0.0601513010185909,0.2850071836842482
123.48404860496521,0.0055555556900799274,-3.826626515657239e-14,0.0601513010185909,0.28494876304419486
123.53426742553711,0.0055555556900799274,-5.031565442070729e-14,0.0601513010185909,0.28489038013802453
123.58389043807983,0.0055555556900799274,-4.071395998117566e-14,0.0601513010185909,0.28483203492551695
123.63397336006165,0.0055555556900799274,-2.4735422043953292e-14,0.0601513010185909,0.28477372736651185
123.68386936187744,0.0055555556900799274,-1.0711917464156784e-14,0.0601513010185909,0.2847154574209087
123.73409175872803,0.0055555556900799274,-1.6289053439422219e-15,0.0601513010185909,0.28465722504866675
123.78390598297119,0.0055555556900799274,2.706168622523819e-15,0.0601513010185909,0.28459903020980465
123.83448100090027,0.0055555556900799274,3.750472155061857e-15,0.0601513010185909,0.28454087286440055
123.8839693069458,0.0055555556900799274,3.1051550219984847e-15,0.0601513010185909,0.28448275297259196
123.93401074409485,0.0055555556900799274,1.916869440954372e-15,0.0601513010185909,0.28442467049457565
123.98403477668762,0.0055555556900799274,8.482797797526587e-16,0.0601513010185909,0.2843666253906073
124.03397560119629,0.00385466986335814,-0.013877644203603268,0.0601513010185909,0.28430875811595996
124.08389163017273,0.004298033658415079,-0.0041550747118890285,0.0601513010185909,0.28425089104483997
124.13407564163208,0.0033736189361661673,-0.010367093607783318,0.0601513010185909,0.2841931387041188
124.1838800907135,0.004287344869226217,0.001583101344294846,0.0601513010185909,0.2841353468849039
124.23425817489624,0.003565750317648053,-0.005361597519367933,0.0601513010185909,0.2840776525844704
124.28399729728699,0.004509385209530592,0.004813419189304113,0.0601513010185909,0.28401991655168934
124.3339741230011,0.003735541831701994,-0.0038298116996884346,0.0601513010185909,0.2839622820857126
124.3838951587677,0.004607330076396465,0.005176037549972534,0.0601513010185909,0.28390461202016615
124.43017625808716,0.0037743346765637398,-0.00406963424757123,0.0601513010185909,0.283847048262268
124.48061990737915,0.00460966257378459,0.004750594962388277,0.0601513010185909,0.2837894519199743
124.53071022033691,0.003760505700483918,-0.004449439700692892,0.0601513010185909,0.28373196312848203
124.58002209663391,0.004593017511069775,0.004501258954405785,0.0601513010185909,0.283674441919845
124.63099455833435,0.003747533308342099,-0.004570453427731991,0.0601513010185909,0.2836170278657129
124.68062925338745,0.004585398826748133,0.004470121581107378,0.0601513010185909,0.28355958088849365
124.72979044914246,0.00397913483902812,-0.0025609666481614113,0.0601513010185909,0.28350222096690814
124.78077936172485,0.004585104528814554,0.004501598421484232,0.0601513010185909,0.28344484746505944
124.83015298843384,0.003979968372732401,-0.00253079691901803,0.0601513010185909,0.28338756082556105
124.88101148605347,0.00458635063841939,0.004520822782069445,0.0601513010185909,0.28333026051716276
124.93003749847412,0.0039810300804674625,-0.0025194936897605658,0.0601513010185909,0.2832730469862185
124.98028039932251,0.004586942493915558,0.004523462150245905,0.0601513010185909,0.28321581977092275
125.0310730934143,0.003746646223589778,-0.004517060704529285,0.0601513010185909,0.28315869885110073
125.08049392700195,0.0045869736932218075,0.004521138500422239,0.0601513010185909,0.2831015446169317
125.13015365600586,0.0037465759087353945,-0.004519239999353886,0.0601513010185909,0.2830444965794413
125.18031048774719,0.004586880560964346,0.004519658163189888,0.0601513010185909,0.28298741518314424
125.23057794570923,0.003746500238776207,-0.004519990645349026,0.0601513010185909,0.2829304398751922
125.28038215637207,0.00458683492615819,0.0045194365084171295,0.0601513010185909,0.2828734311598016
125.33185625076294,0.0037464804481714964,-0.004519922658801079,0.0601513010185909,0.28281652842392846
125.38214206695557,0.004586831666529179,0.0045196074061095715,0.0601513010185909,0.2827595922333565
125.43104100227356,0.003746485337615013,-0.004519757814705372,0.0601513010185909,0.2827027619151644
125.48080682754517,0.004586838651448488,0.004519721493124962,0.0601513010185909,0.2826458980964193
125.53125357627869,0.0037464911583811045,-0.004519698675721884,0.0601513010185909,0.282589140043943
125.58055758476257,0.004586841911077499,0.004519740119576454,0.0601513010185909,0.28253234844562863
125.63087773323059,0.00374649278819561,-0.0045197028666734695,0.0601513010185909,0.282475662507775
125.68104434013367,0.004586842376738787,0.004519727546721697,0.0601513010185909,0.2824189429788623
125.73052716255188,0.0037464923225343227,-0.004519715439528227,0.0601513010185909,0.28236232900480623
125.78041744232178,0.004586841911077499,0.004519718699157238,0.0601513010185909,0.28230568139455503
125.83100438117981,0.0037464918568730354,-0.0045197200961411,0.0601513010185909,0.28224913923373784
125.88228368759155,0.004586841445416212,0.004519717302173376,0.0601513010185909,0.28219256339177223
125.9310896396637,0.0037464918568730354,-0.0045197200961411,0.0601513010185909,0.28213609289403624
125.980886220932,0.004586841445416212,0.004519718233495951,0.0601513010185909,0.28207958867038124
126.03224229812622,0.0037464918568730354,-0.004519719164818525,0.0601513010185909,0.2820231896860459
126.08034110069275,0.004586841445416212,0.004519718699157238,0.0601513010185909,0.2819667569312022
126.13054943084717,0.0037464918568730354,-0.004519718699157238,0.0601513010185909,0.2819104293110235
126.18027973175049,0.004586841445416212,0.004519718699157238,0.0601513010185909,0.2818540678759276
126.2302827835083,0.0037464918568730354,-0.004519718699157238,0.0601513010185909,0.28179781147109645
126.28016471862793,0.004586841445416212,0.004519718699157238,0.0601513010185909,0.2817415212071191
126.33054423332214,0.0037464918568730354,-0.004519718699157238,0.0601513010185909,0.28168533586925976
126.3802752494812,0.004586841445416212,0.004519718699157238,0.0601513010185909,0.28162911662820417
126.43029451370239,0.0037464918568730354,-0.004519718699157238,0.0601513010185909,0.2815730022093725
126.48013639450073,0.004586841445416212,0.004519718699157238,0.0601513010185909,0.28151685384347286
126.53055381774902,0.0037464918568730354,-0.004519718699157238,0.0601513010185909,0.2814608101961549
126.58042335510254,0.004586841445416212,0.004519718699157238,0.0601513010185909,0.28140473255807485
126.6305980682373,0.0037464918568730354,-0.004519718699157238,0.0601513010185909,0.281348759535185
126.68114733695984,0.004586841445416212,0.004519718699157238,0.0601513010185909,0.2812927524780159
126.73057699203491,0.0037464918568730354,-0.004519718699157238,0.0601513010185909,0.28123684993289544
126.78032851219177,0.0028859558515250683,-0.00935792550444603,0.0601513010185909,0.2811810545593776
126.8308322429657,0.002488969825208187,-0.00867479294538498,0.0601513010185909,0.28112532786815975
126.88396167755127,0.0024049049243330956,-0.005847375374287367,0.0601513010185909,0.28106964337273627
126.93366885185242,0.0024782808031886816,-0.00293661723844707,0.0601513010185909,0.28101398766678026
126.98386144638062,0.0025970363058149815,-0.0008418790530413389,0.0601513010185909,0.2809583568831017
127.03376746177673,0.0027003216091543436,0.0002937006065621972,0.0601513010185909,0.28090275231941686
127.0836570262909,0.0027668278198689222,0.0006899070576764643,0.0601513010185909,0.28084717706263684
127.13389372825623,0.0027982660103589296,0.0006563188508152962,0.0601513010185909,0.2807916340420087
127.18356943130493,0.0028056204319000244,0.00045008448068983853,0.0601513010185909,0.2807361252536963
127.23377442359924,0.0028005987405776978,0.0002308764378540218,0.0601513010185909,0.280680651704816
127.28357148170471,0.0027917916886508465,7.027912943158299e-05,0.0601513010185909,0.28062521367805887
127.33376288414001,0.002783953445032239,-1.8459797502146102e-05,0.0601513010185909,0.2805698110555006
127.38382291793823,0.0027788192965090275,-5.073469947092235e-05,0.0601513010185909,0.2805144435731294
127.43364429473877,0.0027763349935412407,-4.9597136239754036e-05,0.0601513010185909,0.28045911097168885
127.48373603820801,0.002775702392682433,-3.4606931876624e-05,0.0601513010185909,0.2804038130593442
127.53432941436768,0.002776040695607662,-1.8120197637472302e-05,0.0601513010185909,0.2803485497185914
127.58365201950073,0.002776692621409893,-5.820507794851437e-06,0.0601513010185909,0.28029332088737074
127.63083529472351,0.0027772868052124977,1.1038781622119131e-06,0.0601513010185909,0.2802381265349469
127.67997860908508,0.0027776826173067093,3.7207644254522165e-06,0.0601513010185909,0.28018296664246295
127.72999548912048,0.002777878660708666,3.7434426758409245e-06,0.0601513010185909,0.2801278411912157
127.78007197380066,0.0027779322117567062,2.6581074052955955e-06,0.0601513010185909,0.2800727501577221
127.83216786384583,0.0027779098600149155,1.419823320247815e-06,0.0601513010185909,0.2800176935129412
127.88215517997742,0.0027778618969023228,4.788046226167353e-07,0.0601513010185909,0.2799626712236503
127.93039846420288,0.002777816727757454,-6.075936198612908e-08,0.0601513010185909,0.2799076832542883
127.98193764686584,0.0027777862269431353,-2.720609586503997e-07,0.0601513010185909,0.2798527295683474
128.03027391433716,0.002777770860120654,-2.821915074946446e-07,0.0601513010185909,0.2797978101293326
128.0806005001068,0.0027777664363384247,-2.039509467977041e-07,0.0601513010185909,0.27974292490115216
128.13258290290833,0.0027777678333222866,-1.1107763242534929e-07,0.0601513010185909,0.279688073848196
128.1805443763733,0.0027777713257819414,-3.915753765681984e-08,0.0601513010185909,0.27963325693521734
128.23273253440857,0.0027777748182415962,2.8300406462733463e-09,0.0601513010185909,0.2795784741271959
128.28251814842224,0.0027777771465480328,1.9828224395723737e-08,0.0601513010185909,0.27952372538925907
128.3303861618042,0.002777778310701251,2.1245073256181968e-08,0.0601513010185909,0.2794690106865844
128.38222789764404,0.0027777787763625383,1.5632380723218375e-08,0.0601513010185909,0.2794143299843602
128.43260622024536,0.0027777785435318947,8.676993346057316e-09,0.0601513010185909,0.2793596832478248
128.4820065498352,0.002777778310701251,3.186023445067576e-09,0.0601513010185909,0.2793050704422074
128.53014373779297,0.0027777780778706074,-7.710484334344514e-11,0.0601513010185909,0.2792504915327873
128.58027863502502,0.0027777778450399637,-1.4399241798912499e-09,0.0601513010185909,0.27919594648489315
128.63128805160522,0.0027777778450399637,-1.5973337097463514e-09,0.0601513010185909,0.2791414352638838
128.68144750595093,0.0027777778450399637,-1.196939547476461e-09,0.0601513010185909,0.279086957835187
128.73218846321106,0.0027777778450399637,-6.768438587378967e-10,0.0601513010185909,0.2790325141642798
128.78226971626282,0.0027777778450399637,-2.580574087751586e-10,0.0601513010185909,0.2789781042166886
128.8340458869934,0.0027777778450399637,-4.777879480943881e-12,0.0601513010185909,0.27892372795798903
128.88464641571045,0.0027777778450399637,1.0415038276256894e-10,0.0601513010185909,0.2788693853538056
128.9346058368683,0.0027777778450399637,1.1993209203531308e-10,0.0601513010185909,0.27881507636981206
128.98359179496765,0.0027777778450399637,9.155192576271176e-11,0.0601513010185909,0.27876080097173095
129.0351243019104,0.0027777778450399637,5.2723925919595516e-11,0.0601513010185909,0.27870655912533354
129.08510899543762,0.0027777778450399637,2.0817517848437106e-11,0.0601513010185909,0.27865235079643996
129.13532400131226,0.0027777778450399637,1.1823779802466738e-12,0.0601513010185909,0.278598175950919
129.18451809883118,0.0027777778450399637,-7.499636328622827e-12,0.0601513010185909,0.27854403455468785
129.2343032360077,0.0027777778450399637,-8.991959087045753e-12,0.0601513010185909,0.2784899265737123
129.28472113609314,0.0027777778450399637,-6.995371296114605e-12,0.0601513010185909,0.27843585197400644
129.3338384628296,0.0027777778450399637,-4.101555033109161e-12,0.0601513010185909,0.2783818107216327
129.38537192344666,0.0027777778450399637,-1.6732656926699008e-12,0.0601513010185909,0.27832780278270164
129.43343138694763,0.0027777778450399637,-1.5289072091695388e-13,0.0601513010185909,0.278273828123372
129.4854772090912,0.0027777778450399637,5.373080452786283e-13,0.0601513010185909,0.27821988670985043
129.5334210395813,0.0027777778450399637,6.731698531936559e-13,0.0601513010185909,0.27816597850839164
129.5866355895996,0.0027777778450399637,5.339452838204473e-13,0.0601513010185909,0.27811210348529813
129.63645935058594,0.0027777778450399637,3.186600289195596e-13,0.0601513010185909,0.2780582616069201
129.6854372024536,0.0027777778450399637,1.3405249132958375e-13,0.0601513010185909,0.2780044528396555
129.73396348953247,0.0027777778450399637,1.6464260510495876e-14,0.0601513010185909,0.27795067714995
129.7833812236786,0.0027777778450399637,-3.82801429443802e-14,0.0601513010185909,0.27789693450429637
129.83527874946594,0.0027777778450399637,-5.032606276156315e-14,0.0601513010185909,0.2778432248692352
129.88341784477234,0.0027777778450399637,-4.072176623681756e-14,0.0601513010185909,0.2777895482113542
129.93542647361755,0.0027777778450399637,-2.4735422043953292e-14,0.0601513010185909,0.27773590449728836
129.98347353935242,0.0027777778450399637,-1.0711050102418795e-14,0.0601513010185909,0.27768229369371983
130.0352921485901,0.0027777778450399637,-1.6280379822042335e-15,0.0601513010185909,0.2776287157673778
130.08332800865173,0.0027777778450399637,2.701831813833877e-15,0.0601513010185909,0.2775751706850385
130.13511300086975,0.0027777778450399637,3.7539416020138106e-15,0.0601513010185909,0.277521658413525
130.18335723876953,0.0027777778450399637,3.1042876602604963e-15,0.0601513010185909,0.2774681789197072
130.23543882369995,0.0027777778450399637,1.921206249644314e-15,0.0601513010185909,0.27741473217050183
130.28362035751343,0.0027777778450399637,8.569533971325427e-16,0.0601513010185909,0.27736131813287207
130.3355302810669,0.0027777778450399637,1.5699247457590104e-16,0.0601513010185909,0.2773079367738278
130.38536047935486,0.0027777778450399637,-1.8821749714348357e-16,0.0601513010185909,0.2772545880604253
130.43347644805908,0.0027777778450399637,-2.8102520310824275e-16,0.0601513010185909,0.27720127195976735
130.48552703857422,0.0027777778450399637,-2.411265631607762e-16,0.0601513010185909,0.2771479884390029
130.53343081474304,0.0027777778450399637,-1.5612511283791264e-16,0.0601513010185909,0.2770947374653272
130.58334469795227,0.0027777778450399637,-7.632783294297951e-17,0.0601513010185909,0.2770415190059816
130.63343453407288,0.0027777778450399637,-2.688821387764051e-17,0.0601513010185909,0.27698833302825354
130.6836450099945,0.0027777778450399637,8.673617379884035e-19,0.0601513010185909,0.27693517949947644
130.7334394454956,0.0027777778450399637,2.2551405187698492e-17,0.0601513010185909,0.27688205838702956
130.78346824645996,0.0027777778450399637,3.0357660829594124e-17,0.0601513010185909,0.27682896965833803
130.83334374427795,0.0027777778450399637,3.0357660829594124e-17,0.0601513010185909,0.27677591328087275
130.88382649421692,0.0027777778450399637,3.0357660829594124e-17,0.0601513010185909,0.27672288922215005
130.93346285820007,0.0027777778450399637,3.0357660829594124e-17,0.0601513010185909,0.276669897449732
130.9805417060852,0.0027777778450399637,3.0357660829594124e-17,0.0601513010185909,0.27661693793122616
131.0318088531494,0.0027777778450399637,3.0357660829594124e-17,0.0601513010185909,0.2765640106342854
131.08039665222168,0.0027777778450399637,3.0357660829594124e-17,0.0601513010185909,0.27651111552660784
131.1303153038025,0.0027777778450399637,3.0357660829594124e-17,0.0601513010185909,0.2764582525759371
131.18049430847168,0.0027777778450399637,3.0357660829594124e-17,0.0601513010185909,0.2764054217500616
131.23059105873108,0.0027777778450399637,3.0357660829594124e-17,0.0601513010185909,0.2763526230168151
131.28081893920898,0.0027777778450399637,3.0357660829594124e-17,0.0601513010185909,0.2762998563440763
131.33033347129822,0.0010768920183181763,-0.013877644203603268,0.0601513010185909,0.27624726469604866
131.3807463645935,0.0015202559297904372,-0.0041550747118890285,0.0601513010185909,0.27619466731586595
131.43035650253296,0.0005958411493338645,-0.010367093607783318,0.0601513010185909,0.27614218070079405
131.48069715499878,-0.00019131902081426233,-0.012294542044401169,0.0601513010185909,0.27608979403752765
131.53047728538513,-0.0004695495299529284,-0.009516672231256962,0.0601513010185909,0.2760374634479563
131.58092975616455,-0.0004503292148001492,-0.005553674418479204,0.0601513010185909,0.27598516293173053
131.6306869983673,-0.0003104470670223236,-0.0022467102389782667,0.0601513010185909,0.2759328819272865
131.68349242210388,-0.00016025331569835544,-0.0001855601731222123,0.0601513010185909,0.27588061954204707
131.7334988117218,-4.961364174960181e-05,0.0007437850581482053,0.0601513010185909,0.27582837921650616
131.78325819969177,1.1870898561028298e-05,0.0009207834955304861,0.0601513010185909,0.275776165201486
131.8333978652954,3.450212170719169e-05,0.0007265980239026248,0.0601513010185909,0.27572398083875976
131.88353633880615,3.4018354199361056e-05,0.0004316246777307242,0.0601513010185909,0.2756718281003139
131.9334135055542,2.3862543457653373e-05,0.00018014173838309944,0.0601513010185909,0.2756197077922267
131.98358917236328,1.2571021215990186e-05,2.068199319182895e-05,0.0601513010185909,0.2755676199810366
132.03337121009827,4.10011989515624e-06,-5.30667275597807e-05,0.0601513010185909,0.2755155643906869
132.08327293395996,-6.955233970984409e-07,-6.885489710839465e-05,0.0601513010185909,0.27546354067126594
132.13330674171448,-2.5280889985879185e-06,-5.541764403460547e-05,0.0601513010185909,0.2754115485347468
132.18350481987,-2.566640887380345e-06,-3.350305269123055e-05,0.0601513010185909,0.2753595877945191
132.23342156410217,-1.832261204981478e-06,-1.4399433894141112e-05,0.0601513010185909,0.2753076583525002
132.28329825401306,-9.84538132797752e-07,-2.0770651190105127e-06,0.0601513010185909,0.27525576016777165
132.33326649665833,-3.366551766248449e-07,3.761985453820671e-06,0.0601513010185909,0.27520389322655514
132.38346672058105,3.687806326979626e-08,5.1405877457000315e-06,0.0601513010185909,0.2751520575215439
132.43338012695312,1.8467602558303042e-07,4.22224729845766e-06,0.0601513010185909,0.275100253041251
132.48333525657654,1.934061089059469e-07,2.5973479296226287e-06,0.0601513010185909,0.27504847976672453
132.5298352241516,1.5318495627525408e-07,1.4019354921401828e-06,0.0601513010185909,0.27499673767125754
132.5833978652954,7.698830017943692e-08,1.966131435438001e-07,0.0601513010185909,0.2749450267270613
132.63018774986267,2.7487619291832743e-08,-2.6471030878383317e-07,0.0601513010185909,0.2748933469009731
132.68019223213196,-1.5682488641033387e-09,-3.8313859818117635e-07,0.0601513010185909,0.27484169816041504
132.7333161830902,-1.3445305313553035e-08,-3.213490344933234e-07,0.0601513010185909,0.2747900804731351
132.7833776473999,-1.4554975891201138e-08,-2.0112089771373576e-07,0.0601513010185909,0.27473849380747856
132.83338713645935,-1.0768735236865723e-08,-9.124941158233923e-08,0.0601513010185909,0.27468693813234074
132.88332986831665,-6.0113989341914476e-09,-1.7912466176994712e-08,0.0601513010185909,0.27463541341699843
132.9332616329193,-2.2333106475258546e-09,1.8462420925402512e-08,0.0601513010185909,0.274583919630939
132.98335695266724,2.3937555063135996e-11,2.8505217741781053e-08,0.0601513010185909,0.2745324567437386
133.03363227844238,9.75258429569692e-10,2.4431097145338754e-08,0.0601513010185909,0.27448102472499725
133.08362746238708,1.0938803196580693e-09,1.5555276178247368e-08,0.0601513010185909,0.2744296235443157
133.13354921340942,8.242797555624293e-10,7.237069166166066e-09,0.0601513010185909,0.27437825317129866
133.18389701843262,4.687166210715077e-10,1.5886897353212248e-09,0.0601513010185909,0.27432691357556654
133.2333583831787,1.8066059759291875e-10,-1.2740444255143757e-09,0.0601513010185909,0.27427560472676843
133.28382563591003,5.521845567596495e-12,-2.1167680941402978e-09,0.0601513010185909,0.27422432659459123
133.3344886302948,-7.044907712749904e-11,-1.8553910630103587e-09,0.0601513010185909,0.27417307914876476
133.38420796394348,-8.20963297343269e-11,-1.2017173922629354e-09,0.0601513010185909,0.2741218623590636
133.4343249797821,-6.302788846390683e-11,-5.726935037309033e-10,0.0601513010185909,0.2740706761953066
133.48377418518066,-3.6496548838638176e-11,-1.3812531673984552e-10,0.0601513010185909,0.27401952062735624
133.53448843955994,-1.4557268585013716e-11,8.677404628176788e-11,0.0601513010185909,0.27396839562511743
133.58437609672546,-9.84843825414805e-13,1.568743052127175e-10,0.0601513010185909,0.27391730115853663
133.63426399230957,5.065445892599163e-12,1.4074960641430323e-10,0.0601513010185909,0.27386623719760167
133.68422102928162,6.152466123371392e-12,9.273430634504365e-11,0.0601513010185909,0.27381520371234125
133.7341446876526,4.814357246196721e-12,4.522429652986659e-11,0.0601513010185909,0.273764200672825
133.78316974639893,2.838050541104087e-12,1.1825564832923519e-11,0.0601513010185909,0.2737132280491634
133.83362412452698,1.1688678453955492e-12,-5.8129833412079446e-12,0.0601513010185909,0.2736622858115079
133.88446855545044,1.1831444298674582e-13,-1.1601183555476346e-11,0.0601513010185909,0.2736113739300508
133.9332721233368,-3.623088970765992e-13,-1.066521784082175e-11,0.0601513010185909,0.2735604923750253
133.98325991630554,-4.603832506194783e-13,-7.148255511818524e-12,0.0601513010185909,0.2735096411167051
134.03331398963928,-3.6735816211913574e-13,-3.56423961525576e-12,0.0601513010185909,0.27345882012540507
134.08327913284302,-2.204111323794375e-13,-1.0000865153375615e-12,0.0601513010185909,0.27340802937148034
134.1334662437439,-9.355360317811132e-14,3.8106079706598517e-13,0.0601513010185909,0.27335726882532674
134.1831579208374,-1.233119966678525e-14,8.559708389137277e-13,0.0601513010185909,0.2733065384573805
134.23325324058533,2.575895802269055e-14,8.072226155737827e-13,0.0601513010185909,0.27325583823811833
134.28328847885132,3.439572777530313e-14,5.504123632565916e-13,0.0601513010185909,0.27320516813805723
134.33328223228455,2.8001689508783123e-14,2.8038609303261686e-13,0.0601513010185909,0.27315452812775454
134.38332343101501,1.7096535030237427e-14,8.373205286679036e-14,0.0601513010185909,0.27310391817780766
134.43315744400024,7.46594660280906e-15,-2.424988920605997e-14,0.0601513010185909,0.27305333825885425
134.483380317688,1.1934434822972995e-15,-6.300086727263274e-14,0.0601513010185909,0.27300278834157193
134.53328013420105,-1.8186540648961044e-15,-6.102487493196002e-14,0.0601513010185909,0.27295226839667835
134.58348989486694,-2.5654914848196935e-15,-4.2336072120880905e-14,0.0601513010185909,0.272901778394931
134.63039469718933,-2.1321530288944193e-15,-2.201830297948737e-14,0.0601513010185909,0.2728513183071273
134.6826572418213,0.0017008858267217875,0.013877644203603268,0.0601513010185909,0.2728007444619428
134.73037457466125,0.0029584078583866358,0.01803271844983101,0.0601513010185909,0.27275009700139685
134.7803180217743,0.003439458552747965,0.014522168785333633,0.0601513010185909,0.2726994404670928
134.83035373687744,0.0034501475747674704,0.008783992379903793,0.0601513010185909,0.27264881298371824
134.88032054901123,0.003258016426116228,0.003778496291488409,0.0601513010185909,0.2725982309133252
134.93030071258545,0.0030359758529812098,0.0005481784464791417,0.0601513010185909,0.2725476966996425
134.98033547401428,0.002866184338927269,-0.0009836076060310006,0.0601513010185909,0.27249720611356304
135.03276562690735,0.0027682397048920393,-0.0013462258502840996,0.0601513010185909,0.27244675329202733
135.08260536193848,0.0027294468600302935,-0.0011064033024013042,0.0601513010185909,0.27239633338307345
135.13213348388672,0.0044280001893639565,0.013196682557463646,0.0601513010185909,0.2723458065938152
135.18068313598633,0.005699350964277983,0.01773156225681305,0.0601513010185909,0.2722952100096426
135.2303318977356,0.006197046954184771,0.014470349065959454,0.0601513010185909,0.27224460484670093
135.2805998325348,0.006220708135515451,0.00885318685323,0.0601513010185909,0.27219402761090494
135.33090162277222,0.0060361954383552074,0.003878828138113022,0.0601513010185909,0.272143494245659
135.38059449195862,0.0058172717690467834,0.0006323825218714774,0.0601513010185909,0.27209300741628895
135.43047618865967,0.005647774785757065,-0.0009308804874308407,0.0601513010185909,0.27204256332533294
135.48052382469177,0.007249725982546806,0.012555359862744808,0.0601513010185909,0.27199202672235284
135.53043913841248,0.00846720952540636,0.01693103276193142,0.0601513010185909,0.2719414293909252
135.58320593833923,0.008944937027990818,0.013836383819580078,0.0601513010185909,0.2718908268221525
135.63035702705383,0.008968863636255264,0.00847537349909544,0.0601513010185909,0.271840252137083
135.68032121658325,0.008793127723038197,0.0037202758248895407,0.0601513010185909,0.27178971982531785
135.73023462295532,0.008584028109908104,0.0006132950657047331,0.0601513010185909,0.27173923233345004
135.78026580810547,0.010122811421751976,0.012992467731237411,0.0601513010185909,0.2716886635394795
135.8302502632141,0.011285598389804363,0.01677027717232704,0.0601513010185909,0.2716380427824923
135.88027811050415,0.011728226207196712,0.01346882339566946,0.0601513010185909,0.27158742105464395
135.9303162097931,0.011735638603568077,0.008127525448799133,0.0601513010185909,0.2715368283466549
135.98031497001648,0.0115561094135046,0.0034825431648641825,0.0601513010185909,0.27148627747567394
136.03315615653992,0.011349727399647236,0.0004918494378216565,0.0601513010185909,0.27143577030724103
136.0835359096527,0.012893197126686573,0.012955915182828903,0.0601513010185909,0.2713851875894097
136.13339567184448,0.01406013686209917,0.016780458390712738,0.0601513010185909,0.2713345572006767
136.18329668045044,0.014505474828183651,0.013495867140591145,0.0601513010185909,0.2712839273441193
136.23328113555908,0.014514192007482052,0.008153818547725677,0.0601513010185909,0.2712333263557966
136.28318071365356,0.01433499064296484,0.0035008261911571026,0.0601513010185909,0.27118276636584315
136.333514213562,0.015829311683773994,0.014379031024873257,0.0601513010185909,0.27113214046644796
136.38273787498474,0.01692906953394413,0.017114028334617615,0.0601513010185909,0.27108147585623005
136.43037295341492,0.017319222912192345,0.01326929684728384,0.0601513010185909,0.27103081688410174
136.48333716392517,0.017293991521000862,0.007755710277706385,0.0601513010185909,0.2709801887999236
136.5332670211792,0.017099784687161446,0.003146338975057006,0.0601513010185909,0.270929601839034
136.5823211669922,0.016890646889805794,0.00026910423184745014,0.0601513010185909,0.2708790569324316
136.63015937805176,0.018437227234244347,0.012846493162214756,0.0601513010185909,0.27082844843714027
136.68008852005005,0.019608858972787857,0.016751153394579887,0.0601513010185909,0.27077780113613265
136.72999548912048,0.02005818858742714,0.013509148731827736,0.0601513010185909,0.2707271575176633
136.77908778190613,0.02008913643658161,0.00925100315362215,0.0601513010185909,0.27067654140135494
136.8333179950714,0.019891394302248955,0.003526292508468032,0.0601513010185909,0.2706259657247728
136.8833246231079,0.01968507468700409,0.0005185480113141239,0.0601513010185909,0.27057543099854087
136.93330335617065,0.019527096301317215,-0.0009100767783820629,0.0601513010185909,0.2705249344745063
136.98333716392517,0.021136736497282982,0.012627237476408482,0.0601513010185909,0.2704743766333729
137.03342175483704,0.022358033806085587,0.01700356975197792,0.0601513010185909,0.27042378175629217
137.08328342437744,0.02283681370317936,0.013887982815504074,0.0601513010185909,0.27037319065218346
137.1319031715393,0.022860312834382057,0.008502990938723087,0.0601513010185909,0.270322627429462
137.18018674850464,0.02268364652991295,0.0037296332884579897,0.0601513010185909,0.2702721026086019
137.2305610179901,0.02247367613017559,0.0006121633341535926,0.0601513010185909,0.2702216179686695
137.28075170516968,0.024011867120862007,0.012987214140594006,0.0601513010185909,0.2701710823348206
137.33054542541504,0.025174353271722794,0.01676481030881405,0.0601513010185909,0.2701205174794561
137.38062191009521,0.02561689354479313,0.013464865274727345,0.0601513010185909,0.27006995997843086
137.43002676963806,0.025624332949519157,0.0081253657117486,0.0601513010185909,0.2700194311215128
137.480126619339,0.025444872677326202,0.0034817783161997795,0.0601513010185909,0.26996893999263366
137.53245997428894,0.025238556787371635,0.0004919007187709212,0.0601513010185909,0.2699184879242743
137.5823335647583,0.026782071217894554,0.01295629795640707,0.0601513010185909,0.26986799058134714
137.63298106193542,0.027949035167694092,0.016780870035290718,0.0601513010185909,0.2698174683012427
137.68251705169678,0.02839438058435917,0.01349617075175047,0.0601513010185909,0.2697669548885571
137.7323968410492,0.02840309590101242,0.008153987117111683,0.0601513010185909,0.26971646997728793
137.78257179260254,0.02822388894855976,0.003500888356938958,0.0601513010185909,0.2696660219560395
137.8324155807495,0.02801731787621975,0.0005013829795643687,0.0601513010185909,0.2696156120742083
137.88031315803528,0.027859551832079887,-0.0009187231189571321,0.0601513010185909,0.26956523814116173
137.93038392066956,0.027768652886152267,-0.0012529060477390885,0.0601513010185909,0.26951489711290944
137.98008799552917,0.029433615505695343,0.012849335558712482,0.0601513010185909,0.26946451098632523
138.0302038192749,0.030689062550663948,0.017400545999407768,0.0601513010185909,0.2694141005117621
138.08080673217773,0.031183017417788506,0.014243087731301785,0.0601513010185909,0.2693636984966082
138.13048434257507,0.031209193170070648,0.008736450225114822,0.0601513010185909,0.26931332413461395
138.1804552078247,0.031029116362333298,0.003843160578981042,0.0601513010185909,0.26926298580724295
138.23022985458374,0.030814146623015404,0.0006415659445337951,0.0601513010185909,0.2692126849654118
138.28036522865295,0.030647242441773415,-0.0009053415269590914,0.0601513010185909,0.2691624196490335
138.3301453590393,0.030549563467502594,-0.0012972726253792644,0.0601513010185909,0.26911218698613376
138.38015484809875,0.032210733741521835,0.012793438509106636,0.0601513010185909,0.2690619158144722
138.43035507202148,0.033464763313531876,0.017356105148792267,0.0601513010185909,0.2690116251484834
138.48029017448425,0.03395872563123703,0.014216509647667408,0.0601513010185909,0.26896134472129757
138.5304982662201,0.03398551046848297,0.008725229650735855,0.0601513010185909,0.26891109185297973
138.5807454586029,0.03380611911416054,0.003841742407530546,0.0601513010185909,0.26886087410632065
138.63087511062622,0.03359166905283928,0.000644724234007299,0.0601513010185909,0.2688106928005936
138.68043160438538,0.03342505916953087,-0.0009011641959659755,0.0601513010185909,0.2687605461747537
138.73042225837708,0.03332749381661415,-0.0012938844738528132,0.0601513010185909,0.26871043163802655
138.78150272369385,0.03498866781592369,0.012795491144061089,0.0601513010185909,0.2686602849883001
138.83114409446716,0.03624265268445015,0.017356988042593002,0.0601513010185909,0.26861012362434417
138.8811230659485,0.036736562848091125,0.01421663910150528,0.0601513010185909,0.26855997427372086
138.93355059623718,0.036763306707143784,0.0087250005453825,0.0601513010185909,0.2685098524112012
138.98368096351624,0.03658389300107956,0.003841428318992257,0.0601513010185909,0.2684597647856318
139.0337851047516,0.036369435489177704,0.0006444658502005041,0.0601513010185909,0.2684097125780775
139.08349704742432,0.03620282560586929,-0.000901323277503252,0.0601513010185909,0.2683596942166446
139.1337387561798,0.036105263978242874,-0.0012939549051225185,0.0601513010185909,0.26830970738337456
139.18349933624268,0.03606555610895157,-0.0010821640025824308,0.0601513010185909,0.2682597501110024
139.23355436325073,0.03606202080845833,-0.0006757125374861062,0.0601513010185909,0.2682098211544891
139.28367638587952,0.03777576610445976,0.01357213780283928,0.0601513010185909,0.26815986467700126
139.33363914489746,0.03904934599995613,0.017973745241761208,0.0601513010185909,0.26810989764529286
139.3837649822235,0.039543114602565765,0.01458511222153902,0.0601513010185909,0.2680599443681194
139.43361854553223,0.03956138342618942,0.008880284614861012,0.0601513010185909,0.2680100186969413
139.4839687347412,0.039372436702251434,0.0038607814349234104,0.0601513010185909,0.2679601265943066
139.53377437591553,0.03915077820420265,0.0006004481110721827,0.0601513010185909,0.2679102690399513
139.58378505706787,0.03898007050156593,-0.0009593700524419546,0.0601513010185909,0.26786044456363606
139.63390636444092,0.03888092562556267,-0.0013409790117293596,0.0601513010185909,0.2678106510470496
139.68375754356384,0.038841161876916885,-0.0011107537429779768,0.0601513010185909,0.2677608867062235
139.73385167121887,0.03883824124932289,-0.0006881133303977549,0.0601513010185909,0.26771115041906657
139.7837634086609,0.038851816207170486,-0.0003074055421166122,0.0601513010185909,0.2676614416686814
139.8338270187378,0.04056930914521217,0.013821784406900406,0.0601513010185909,0.26761171182818894
139.88404083251953,0.04183986783027649,0.018099993467330933,0.0601513010185909,0.267561976298189
139.92965984344482,0.042278796434402466,0.015637721866369247,0.0601513010185909,0.26751225758109776
139.98297452926636,0.04234250634908676,0.00886849220842123,0.0601513010185909,0.2674625651499432
140.03354787826538,0.04215071722865105,0.0038317532744258642,0.0601513010185909,0.26741290535475126
140.08258080482483,0.04192770645022392,0.0005725933006033301,0.0601513010185909,0.26736327901094875
140.13383150100708,0.04175667092204094,-0.0009785792790353298,0.0601513010185909,0.26731368482385304
140.18016052246094,0.04165773093700409,-0.0013508988777175546,0.0601513010185909,0.26726412094358765
140.2298948764801,0.04161833971738815,-0.0011138282716274261,0.0601513010185909,0.26721458581583546
140.27977752685547,0.04161439463496208,-0.0007741156150586903,0.0601513010185909,0.26716507849985566
140.3305859565735,0.041629545390605927,-0.0003052726970054209,0.0601513010185909,0.2671155984767857
140.38386058807373,0.041646260768175125,-5.3753894462715834e-05,0.0601513010185909,0.2670661456810721
140.43376874923706,0.043360210955142975,0.013946395367383957,0.0601513010185909,0.26701667839069027
140.48379230499268,0.044625427573919296,0.018133370205760002,0.0601513010185909,0.2669672102553305
140.5338580608368,0.045109640806913376,0.014606921933591366,0.0601513010185909,0.2669177594245367
140.5837061405182,0.04512064531445503,0.008837206289172173,0.0601513010185909,0.2668683359494691
140.63022112846375,0.04322664067149162,-0.010074888356029987,0.0601513010185909,0.26681898215033706
140.680029630661,0.04344671592116356,-0.0036020262632519007,0.0601513010185909,0.26676965072143083
140.7337610721588,0.04405239596962929,0.0025221556425094604,0.0601513010185909,0.26672033296781816
140.78367233276367,0.04442421719431877,0.004384463652968407,0.0601513010185909,0.2666710344596494
140.83371019363403,0.04458799213171005,0.003892650129273534,0.0601513010185909,0.26662175984103414
140.8838083744049,0.04461553320288658,0.00254524196498096,0.0601513010185909,0.2665725120557034
140.9337260723114,0.044577185064554214,0.001228707260452211,0.0601513010185909,0.2665232925031375
140.9837794303894,0.04452207684516907,0.000310368777718395,0.0601513010185909,0.26647410152341927
141.0339391231537,0.0444759726524353,-0.00017029847367666662,0.0601513010185909,0.2664249388985635
141.08369660377502,0.04444717615842819,-0.0003245548577979207,0.0601513010185909,0.2663758042278056
141.13363218307495,0.04613503813743591,0.013582530431449413,0.0601513010185909,0.2663266620160891
141.1836245059967,0.04739004373550415,0.017836425453424454,0.0601513010185909,0.2662775237559114
141.23375153541565,0.04787376895546913,0.0144252460449934,0.0601513010185909,0.26622840435837253
141.2839515209198,0.04618767648935318,-0.005120034329593182,0.0601513010185909,0.26617934292440376
141.3383448123932,0.04474152624607086,-0.014242940582334995,0.0601513010185909,0.2661303381856194
141.38314032554626,0.045741550624370575,-7.237472891574726e-05,0.0601513010185909,0.2660813399313488
141.43014693260193,0.046819623559713364,0.008287465199828148,0.0601513010185909,0.26603234808761544
141.4837040901184,0.04739508405327797,0.009412567131221294,0.0601513010185909,0.2659833729727399
141.53364038467407,0.047588836401700974,0.0071370406076312065,0.0601513010185909,0.2659344215769792
141.58337450027466,0.047563858330249786,0.0040833610109984875,0.0601513010185909,0.26588549771433073
141.6316635608673,0.04745332524180412,0.0015925202751532197,0.0601513010185909,0.26583660286168115
141.6807005405426,0.04733880236744881,6.921003659954295e-05,0.0601513010185909,0.2657877370808055
141.73365879058838,0.04725607857108116,-0.0005977607797831297,0.0601513010185909,0.26573889979479565
141.78339862823486,0.04721105843782425,-0.000706079532392323,0.0601513010185909,0.2656900903103402
141.83051228523254,0.047195207327604294,-0.0005455371574498713,0.0601513010185909,0.2656413080807528
141.88049221038818,0.04719638079404831,-0.0003178077458869666,0.0601513010185909,0.26559255277568566
141.93038082122803,0.048905324190855026,0.013749477453529835,0.0601513010185909,0.26554379575071657
141.98028087615967,0.050171468406915665,0.018022553995251656,0.0601513010185909,0.26549504702468263
142.02973675727844,0.049274224787950516,0.004092228598892689,0.0601513010185909,0.2654463381420131
142.08104038238525,0.047714658081531525,-0.009195836260914803,0.0601513010185909,0.26539768128380425
142.13233280181885,0.04874365031719208,0.003175627440214157,0.0601513010185909,0.26534903427235484
142.1804702281952,0.04976841062307358,0.009821605868637562,0.0601513010185909,0.2653003986183361
142.23072004318237,0.05027121677994728,0.009770343080163002,0.0601513010185909,0.26525178270463434
142.28055095672607,0.050405353307724,0.006890736985951662,0.0601513010185909,0.26520319173626483
142.33066964149475,0.05034373700618744,0.0036526371259242296,0.0601513010185909,0.26515462834319825
142.38127160072327,0.05021703243255615,0.001209487789310515,0.0601513010185909,0.2651060933968612
142.4308476448059,0.05009975656867027,-0.00018153728160541505,0.0601513010185909,0.2650575867629335
142.48075771331787,0.05002078786492348,-0.0007190019241534173,0.0601513010185909,0.265009107897673
142.53088927268982,0.04998118057847023,-0.0007368751103058457,0.0601513010185909,0.26496065623039033
142.5802938938141,0.0499698705971241,-0.0005289260298013687,0.0601513010185909,0.26491223133992897
142.6322078704834,0.04997388273477554,-0.0002859286905732006,0.0601513010185909,0.26486383298643895
142.68034482002258,0.049983225762844086,-9.91286724456586e-05,0.0601513010185909,0.26481546107076387
142.7303204536438,0.04999209940433502,9.173247235594317e-06,0.0601513010185909,0.26476711557539057
142.7802939414978,0.04999817535281181,5.2470018999883905e-05,0.0601513010185909,0.2647187965154502
142.83046865463257,0.05000128969550133,5.550424612010829e-05,0.0601513010185909,0.26467050390830243
142.8807168006897,0.05000223591923714,4.055734825669788e-05,0.0601513010185909,0.2646222377601538
142.93063521385193,0.05000198259949684,2.2348494894686155e-05,0.0601513010185909,0.26457399806364507
142.98043274879456,0.050001297146081924,8.08088771009352e-06,0.0601513010185909,0.26452578480068967
143.03085088729858,0.051701512187719345,0.013877302408218384,0.0601513010185909,0.2644775761261547
143.0802845954895,0.052958566695451736,0.018028901889920235,0.0601513010185909,0.2644293802755418
143.132244348526,0.05173848569393158,0.0006403493462130427,0.0601513010185909,0.2643812239170427
143.1805772781372,0.0504915751516819,-0.009251832030713558,0.0601513010185909,0.2643331094285651
143.22991013526917,0.049818407744169235,-0.010745415464043617,0.0601513010185909,0.26428503052197966
143.2803316116333,0.051286615431308746,0.00564117357134819,0.0601513010185909,0.26423695847151346
143.3299858570099,0.0525665283203125,0.013270611874759197,0.0601513010185909,0.2641888981776684
143.38146662712097,0.053171709179878235,0.012628039345145226,0.0601513010185909,0.26414085805572396
143.43051147460938,0.05331341549754143,0.008661509491503239,0.0601513010185909,0.2640928428069811
143.48058986663818,0.053216904401779175,0.004443998448550701,0.0601513010185909,0.2640448546718632
143.53058552742004,0.053047481924295425,0.0013535619946196675,0.0601513010185909,0.2639968943484029
143.5808448791504,0.05289666727185249,-0.00035441305954009295,0.0601513010185909,0.26394896166536225
143.63438439369202,0.05279786139726639,-0.0009758734959177673,0.0601513010185909,0.26390105610121906
143.68403124809265,0.05275003984570503,-0.0009542720508761704,0.0601513010185909,0.2638531771240615
143.7340064048767,0.052737850695848465,-0.0006659748032689095,0.0601513010185909,0.26380532434874604
143.7839059829712,0.05274435505270958,-0.000348778412444517,0.0601513010185909,0.2637574975610319
143.83392238616943,0.052756890654563904,-0.00011209326476091519,0.0601513010185909,0.26370969667601923
143.88386273384094,0.05276832357048988,2.117973235726822e-05,0.0601513010185909,0.26366192168158953
143.93379974365234,0.05277594178915024,7.156614447012544e-05,0.0601513010185909,0.26361417259309017
143.9841001033783,0.05277971550822258,7.202465349109843e-05,0.0601513010185909,0.2635664494260524
144.03403449058533,0.05278075113892555,5.115197927807458e-05,0.0601513010185909,0.26351875218473997
144.08377027511597,0.05278031900525093,2.7328367650625296e-05,0.0601513010185909,0.2634710808605464
144.1339111328125,0.05277939513325691,9.220373613061383e-06,0.0601513010185909,0.26342343543500035
144.18394804000854,0.05277852714061737,-1.1644151527434587e-06,0.0601513010185909,0.26337581588411213
144.233962059021,0.05277794227004051,-5.232720468484331e-06,0.0601513010185909,0.26332822218162066
144.28384399414062,0.052777644246816635,-5.42935413250234e-06,0.0601513010185909,0.26328065430125813
144.33374977111816,0.05277755856513977,-3.924740212823963e-06,0.0601513010185909,0.2632331122175422
144.38395595550537,0.05277758464217186,-2.1379573809099384e-06,0.0601513010185909,0.2631855959060397
144.43380856513977,0.05277765169739723,-7.540163551311707e-07,0.0601513010185909,0.263138105343064
144.4839744567871,0.05447860434651375,0.013877696357667446,0.0601513010185909,0.2630906252807475
144.53379130363464,0.05573617294430733,0.018033098429441452,0.0601513010185909,0.2630431622243467
144.58377194404602,0.05451636016368866,0.000644933432340622,0.0601513010185909,0.2629957332640999
144.63390374183655,0.053269535303115845,-0.00924842432141304,0.0601513010185909,0.2629483406673726
144.68383383750916,0.05259634926915169,-0.010743504390120506,0.0601513010185909,0.2629009803687382
144.73395657539368,0.05406450107693672,0.005641890689730644,0.0601513010185909,0.26285363195076883
144.78379583358765,0.055344358086586,0.013270611874759197,0.0601513010185909,0.2628062995686979
144.83406829833984,0.05594950169324875,0.012627735733985901,0.0601513010185909,0.2627589890228352
144.88394904136658,0.054390303790569305,-0.0052164774388074875,0.0601513010185909,0.262711714669531
144.93381333351135,0.05303626134991646,-0.013588978908956051,0.0601513010185909,0.2626644777820182
144.984144449234,0.054086677730083466,0.0007088884012773633,0.0601513010185909,0.2626172569092634
145.0345504283905,0.055182695388793945,0.008894254453480244,0.0601513010185909,0.2625700532327915
145.08395552635193,0.055757075548172,0.009767794981598854,0.0601513010185909,0.2625228713312104
145.13437795639038,0.05594198778271675,0.0072815632447600365,0.0601513010185909,0.2624757137757503
145.1840319633484,0.055907461792230606,0.00409615458920598,0.0601513010185909,0.26242858183265094
145.23344588279724,0.05578986927866936,0.0015456456458196044,0.0601513010185909,0.2623814759716891
145.28372979164124,0.05567140877246857,1.0714022209867835e-05,0.0601513010185909,0.262334396193946
145.33338618278503,0.05558722838759422,-0.0006440805154852569,0.0601513010185909,0.2622873422806392
145.3840353488922,0.0555422268807888,-0.0007336811977438629,0.0601513010185909,0.2622403139704163
145.43336725234985,0.05552701652050018,-0.0005571184447035193,0.0601513010185909,0.26219331105419674
145.48382234573364,0.0555289089679718,-0.00031919998582452536,0.0601513010185909,0.2621463334012841
145.53341484069824,0.05553750693798065,-0.0001248243061127141,0.0601513010185909,0.2620993809467239
145.58358240127563,0.055546436458826065,-5.790097020508256e-06,0.0601513010185909,0.2620524536659455
145.6338427066803,0.0555528961122036,4.6439912694040686e-05,0.0601513010185909,0.2620055515520183
145.6835823059082,0.055556416511535645,5.503059583134018e-05,0.0601513010185909,0.2619586746009102
145.7331566810608,0.05555765703320503,4.258125409251079e-05,0.0601513010185909,0.26191182280442366
145.7804741859436,0.05555757135152817,2.4840750484145246e-05,0.0601513010185909,0.26186499614838343
145.83117580413818,0.055556945502758026,1.0042994290415663e-05,0.0601513010185909,0.2618181946137051
145.8810269832611,0.055556271225214005,8.229609989029996e-07,0.0601513010185909,0.261771418178246
145.93081212043762,0.05555577576160431,-3.3321543924103025e-06,0.0601513010185909,0.2617246668184661
145.98087358474731,0.05555550381541252,-4.1215625969925895e-06,0.0601513010185909,0.2616779405105734
146.03107023239136,0.05555540323257446,-3.2511441077076597e-06,0.0601513010185909,0.26163123923113163
146.08081102371216,0.05555540323257446,-1.9306396552565275e-06,0.0601513010185909,0.261584562957177
146.13123440742493,0.055555447936058044,-8.052993507590145e-07,0.0601513010185909,0.2615379116661244
146.1804440021515,0.05555550009012222,-9.198064532256467e-08,0.0601513010185909,0.2614912853356502
146.2303671836853,0.05555553734302521,2.3776583191192913e-07,0.0601513010185909,0.26144468394359877
146.2823338508606,0.055555559694767,3.082139414800622e-07,0.0601513010185909,0.2613981074678421
146.330628156662,0.055555567145347595,2.479698366641969e-07,0.0601513010185909,0.2613515558862798
146.38026332855225,0.055555567145347595,1.4986136420702678e-07,0.0601513010185909,0.26130502917679255
146.43033242225647,0.0555555634200573,6.437436184114631e-08,0.0601513010185909,0.26125852731726507
146.48024249076843,0.055555559694767,9.250935129045956e-09,0.0601513010185909,0.26121205028558653
146.53004574775696,0.0555555559694767,-1.685782535787439e-08,0.0601513010185909,0.2611655980596735
146.58057379722595,0.0555555559694767,-2.3011448746501628e-08,0.0601513010185909,0.26111917061744677
146.63391280174255,0.0555555559694767,-1.889310219382878e-08,0.0601513010185909,0.2610727679368779
146.68373823165894,0.0555555559694767,-1.1618378259470319e-08,0.0601513010185909,0.2610263899959659
146.73362636566162,0.0555555559694767,-5.131472580188756e-09,0.0601513010185909,0.260980036772737
146.78358435630798,0.057256441563367844,0.013877641409635544,0.0601513010185909,0.2609336995756433
146.83358240127563,0.05851396173238754,0.01803271844983101,0.0601513010185909,0.26088738317792626
146.8837025165558,0.05729413032531738,0.0006445263861678541,0.0601513010185909,0.2608410951659547
146.93360352516174,0.05604729428887367,-0.009248724207282066,0.0601513010185909,0.26079483769010475
146.98371362686157,0.055374111980199814,-0.010743670165538788,0.0601513010185909,0.26074860888890533
147.03371453285217,0.056842271238565445,0.005641829688102007,0.0601513010185909,0.26070239660246053
147.08273363113403,0.05812213197350502,0.013270613737404346,0.0601513010185909,0.2606562042389849
147.1335699558258,0.05872727930545807,0.012627762742340565,0.0601513010185909,0.2606100350022737
147.18230271339417,0.057168081402778625,-0.005216446705162525,0.0601513010185909,0.260563894960677
147.23255372047424,0.05581403896212578,-0.01358895655721426,0.0601513010185909,0.26051778615565796
147.2822916507721,0.05516356974840164,-0.013168741017580032,0.0601513010185909,0.26047170594909896
147.33254837989807,0.056702952831983566,0.0047391848638653755,0.0601513010185909,0.2604256413781688
147.38364624977112,0.05805380269885063,0.013278345577418804,0.0601513010185909,0.2603795961569814
147.43033289909363,0.058709077537059784,0.013019736856222153,0.0601513010185909,0.2603335737779952
147.48327374458313,0.0588773675262928,0.00910164788365364,0.0601513010185909,0.26028757548462844
147.53027725219727,0.05708879977464676,-0.009101681411266327,0.0601513010185909,0.26024160682942377
147.58259320259094,0.05566056817770004,-0.016490217298269272,0.0601513010185909,0.2601956698452501
147.63243174552917,0.05672437697649002,-0.0009259873768314719,0.0601513010185909,0.2601497514738157
147.68246269226074,0.057867053896188736,0.008275221101939678,0.0601513010185909,0.2601038529833212
147.73257875442505,0.058488570153713226,0.009761110879480839,0.0601513010185909,0.2600579771168509
147.78295373916626,0.05870702862739563,0.007536808028817177,0.0601513010185909,0.26001212505700083
147.83009028434753,0.05869046971201897,0.00438794307410717,0.0601513010185909,0.25996629727539594
147.88238143920898,0.056878089904785156,-0.01211004238575697,0.0601513010185909,0.25992049953370444
147.9336540699005,0.05550138279795647,-0.017894618213176727,0.0601513010185909,0.2598747333851792
147.9836070537567,0.05663362890481949,-0.0012386312009766698,0.0601513010185909,0.2598289851475011
148.0338897705078,0.05783190578222275,0.008517535403370857,0.0601513010185909,0.25978325632923616
148.08362460136414,0.05848730728030205,0.010168156586587429,0.0601513010185909,0.25973754988092135
148.13368582725525,0.05872052162885666,0.007894730195403099,0.0601513010185909,0.25969186706152725
148.1840991973877,0.05870627984404564,0.0046203164383769035,0.0601513010185909,0.25964620836654145
148.23411011695862,0.058591146022081375,0.0018787019653245807,0.0601513010185909,0.2596005739812824
148.28374600410461,0.05846685543656349,0.0001652161736274138,0.0601513010185909,0.2595549639232445
148.3336899280548,0.058375030755996704,-0.0006105763604864478,0.0601513010185909,0.25950937811330127
148.3838336467743,0.058323852717876434,-0.0007613471825607121,0.0601513010185909,0.25946381644001354
148.43388271331787,0.05830489471554756,-0.0006026620976626873,0.0601513010185909,0.2594182788045913
148.48100996017456,0.05830516666173935,-0.000359012046828866,0.0601513010185909,0.2593727651381739
148.53072786331177,0.0583135187625885,-0.00015055791300255805,0.0601513010185909,0.25932727539961226
148.58072972297668,0.05832286179065704,-1.801952203095425e-05,0.0601513010185909,0.2592818095655659
148.631028175354,0.05832989141345024,4.352086398284882e-05,0.0601513010185909,0.2592363676208898
148.68014526367188,0.058333881199359894,5.691812475561164e-05,0.0601513010185909,0.2591909495521786
148.7322554588318,0.05833541601896286,4.5957327529322356e-05,0.0601513010185909,0.2591455553445627
148.78274822235107,0.05833545699715614,2.786128425213974e-05,0.0601513010185909,0.2591001849808194
148.83064365386963,0.05833485350012779,1.2029070603603031e-05,0.0601513010185909,0.2590548384416638
148.8833348751068,0.05833415314555168,1.7889238961288356e-06,0.0601513010185909,0.25900951570649255
148.93347835540771,0.0583336167037487,-3.0818300729151815e-06,0.0601513010185909,0.25896421675408765
148.98376655578613,0.05833330377936363,-4.248285222274717e-06,0.0601513010185909,0.25891894156311007
149.03342032432556,0.05833318084478378,-3.5008772556466283e-06,0.0601513010185909,0.2588736901123287
149.08306455612183,0.058333173394203186,-2.1595496946247295e-06,0.0601513010185909,0.258828462380721
149.1300230026245,0.05833321809768677,-9.58412329055136e-07,0.0601513010185909,0.25878325834744514
149.18011903762817,0.058333270251750946,-1.6812789738196443e-07,0.0601513010185909,0.25873807799179477
149.2302644252777,0.05833331122994423,2.1656785520463018e-07,0.0601513010185909,0.2586929212931341
149.28059363365173,0.05833333358168602,3.165453392739437e-07,0.0601513010185909,0.2586477882308711
149.3304374217987,0.058333344757556915,2.6640105943442904e-07,0.0601513010185909,0.25860267878442045
149.38043689727783,0.058333344757556915,1.6718935569315363e-07,0.0601513010185909,0.2585575929332222
149.43040990829468,0.05833334103226662,7.616549879685408e-08,0.0601513010185909,0.258512530656723
149.4802370071411,0.05833333730697632,1.5242454409758466e-08,0.0601513010185909,0.2584674919343857
149.53069615364075,0.05833333730697632,-1.508108482539683e-08,0.0601513010185909,0.25842247674568863
149.5805366039276,0.05833333358168602,-2.354380690405833e-08,0.0601513010185909,0.2583774850701539
149.63041877746582,0.05833333358168602,-2.0250080723371866e-08,0.0601513010185909,0.25833251688731
149.68264985084534,0.05833333358168602,-1.2928533799083652e-08,0.0601513010185909,0.25828757217671955
149.73252940177917,0.05833333358168602,-6.038526123575139e-09,0.0601513010185909,0.25824265091797
149.78319096565247,0.05833333358168602,-1.3470696780260027e-09,0.0601513010185909,0.2581977530906737
149.83324480056763,0.05833333358168602,1.0387251059285063e-09,0.0601513010185909,0.2581528786744679
149.88340282440186,0.05833333358168602,1.7477937985788117e-09,0.0601513010185909,0.25810802764901447
149.93325209617615,0.05833333358168602,1.5375987150179071e-09,0.0601513010185909,0.25806319999399996
149.98335909843445,0.05833333358168602,9.986094173797255e-10,0.0601513010185909,0.2580183956891358
150.03407382965088,0.05833333358168602,4.776846695975223e-10,0.0601513010185909,0.257973614714158
150.08342099189758,0.05833333358168602,1.1680070799435782e-10,0.0601513010185909,0.25792885704882706
150.13386154174805,0.05833333358168602,-7.057820994305075e-11,0.0601513010185909,0.2578841226729282
150.1833679676056,0.05833333358168602,-1.2948643546284444e-10,0.0601513010185909,0.25783941156627116
150.23347091674805,0.05833333358168602,-1.1662107390897347e-10,0.0601513010185909,0.25779472370869005
150.2835443019867,0.05833333358168602,-7.704713256284634e-11,0.0601513010185909,0.25775005908004356
150.33349990844727,0.05833333358168602,-3.770944667635945e-11,0.0601513010185909,0.2577054176602148
150.38360333442688,0.05833333358168602,-9.978420867362559e-12,0.0601513010185909,0.2576607994291112
150.4334101676941,0.05833333358168602,4.713632262287604e-12,0.0601513010185909,0.25761620436666455
150.4834361076355,0.05833333358168602,9.572440062832754e-12,0.0601513010185909,0.257571632452831
150.53350472450256,0.05833333358168602,8.835362996784113e-12,0.0601513010185909,0.25752708366759086
150.58353900909424,0.05833333358168602,5.93815274729792e-12,0.0601513010185909,0.2574825579909488
150.6336145401001,0.05833333358168602,2.9712898808043064e-12,0.0601513010185909,0.2574380554029336
150.6836392879486,0.05833333358168602,8.425621311758391e-13,0.0601513010185909,0.2573935758835982
150.7335546016693,0.05833333358168602,-3.076844334870543e-13,0.0601513010185909,0.2573491194130197
150.7837495803833,0.05833333358168602,-7.061295992372152e-13,0.0601513010185909,0.2573046859712992
150.83360719680786,0.05833333358168602,-6.68742838882963e-13,0.0601513010185909,0.25726027553856196
150.8837788105011,0.05833333358168602,-4.571343303894082e-13,0.0601513010185909,0.25721588809495716
150.9335436820984,0.05833333358168602,-2.334799020786704e-13,0.0601513010185909,0.2571715236206579
150.98043513298035,0.05833333358168602,-7.015221736850208e-14,0.0601513010185909,0.25712718209586144
151.0305154323578,0.05833333358168602,1.9720336474904343e-14,0.0601513010185909,0.2570828635007886
151.0803780555725,0.05833333358168602,5.218048215738236e-14,0.0601513010185909,0.2570385678156844
151.13016533851624,0.05833333358168602,5.082045895221654e-14,0.0601513010185909,0.25699429502081744
151.18390202522278,0.05833333358168602,3.542999227335031e-14,0.0601513010185909,0.2569500450964801
151.2333631515503,0.05833333358168602,1.8596235662471372e-14,0.0601513010185909,0.2569058180229887
151.28058552742004,0.05833333358168602,6.022959908591474e-15,0.0601513010185909,0.25686161378068306
151.33025574684143,0.05833333358168602,-1.1102230246251565e-15,0.0601513010185909,0.25681743234992677
151.3804111480713,0.05833333358168602,-3.802513859341161e-15,0.0601513010185909,0.2567732737111071
151.43046045303345,0.05833333358168602,-3.760880495917718e-15,0.0601513010185909,0.2567291378446348
151.4809069633484,0.05833333358168602,-2.5951463200613034e-15,0.0601513010185909,0.25668502473094434
151.5314700603485,0.05833333358168602,-1.27675647831893e-15,0.0601513010185909,0.25664093435049357
151.58109378814697,0.05833333358168602,-3.3306690738754696e-16,0.0601513010185909,0.25659686668376386
151.6346206665039,0.05833333358168602,1.6653345369377348e-16,0.0601513010185909,0.25655282171126015
151.68378615379333,0.05833333358168602,4.996003610813204e-16,0.0601513010185909,0.2565087994135106
151.73385500907898,0.05833333358168602,5.273559366969494e-16,0.0601513010185909,0.25646479977106695
151.78377532958984,0.05833333358168602,5.273559366969494e-16,0.0601513010185909,0.2564208227645041
151.83354234695435,0.05833333358168602,5.273559366969494e-16,0.0601513010185909,0.25637686837442053
151.8837878704071,0.05833333358168602,5.273559366969494e-16,0.0601513010185909,0.2563329365814377
151.9333860874176,0.05833333358168602,5.273559366969494e-16,0.0601513010185909,0.25628902736620035
151.98358750343323,0.060034219175577164,0.013877642340958118,0.0601513010185909,0.2562451385100049
152.03338050842285,0.06129173934459686,0.01803271658718586,0.0601513010185909,0.2562012730534704
152.0801122188568,0.0600719079375267,0.0006445246981456876,0.0601513010185909,0.25615742925261054
152.13100910186768,0.05882507190108299,-0.009248725138604641,0.0601513010185909,0.2561136091236015
152.18155670166016,0.058151889592409134,-0.010743671096861362,0.0601513010185909,0.2560698129712657
152.2313814163208,0.05791916325688362,-0.008235813118517399,0.0601513010185909,0.25602603993838546
152.28178119659424,0.05964238569140434,0.009115539491176605,0.0601513010185909,0.2559822861948794
152.33374691009521,0.061024006456136703,0.016138313338160515,0.0601513010185909,0.2559385552112721
152.38383507728577,0.05993516743183136,0.000521729001775384,0.0601513010185909,0.25589484615576147
152.43088293075562,0.05878394842147827,-0.008583460003137589,0.0601513010185909,0.2558511607027418
152.48028802871704,0.05816338583827019,-0.00993842352181673,0.0601513010185909,0.25580749900540883
152.53088927268982,0.05794963613152504,-0.007606671657413244,0.0601513010185909,0.2557638602525085
152.58139562606812,0.05967200547456741,0.009485889226198196,0.0601513010185909,0.25572024074814304
152.6314661502838,0.0610445961356163,0.016290463507175446,0.0601513010185909,0.25567664393255424
152.68097019195557,0.05994590371847153,0.0005367385456338525,0.0601513010185909,0.25563306890387594
152.73049664497375,0.05878736078739166,-0.008631064556539059,0.0601513010185909,0.2555895173589773
152.78041338920593,0.05816269293427467,-0.009998686611652374,0.0601513010185909,0.2555459894622597
152.83070015907288,0.059648286551237106,0.006222960539162159,0.0601513010185909,0.255502481332337
152.8825330734253,0.060927290469408035,0.01361219771206379,0.0601513010185909,0.25545899565006047
152.93088388442993,0.06152406334877014,0.012767733074724674,0.0601513010185909,0.2554155330179812
152.98019170761108,0.05995575338602066,-0.005203013774007559,0.0601513010185909,0.2553720913332903
153.0330421924591,0.058594945818185806,-0.013633174821734428,0.0601513010185909,0.25532867339446064
153.08057641983032,0.05794069170951843,-0.013224502094089985,0.0601513010185909,0.2552852792354762
153.13479161262512,0.05947865918278694,0.004694834351539612,0.0601513010185909,0.25524190424463294
153.18381667137146,0.060829516500234604,0.013251811265945435,0.0601513010185909,0.255198551360758
153.23337864875793,0.06148539483547211,0.013008528389036655,0.0601513010185909,0.25515522143828484
153.28151416778564,0.0599534846842289,-0.004777418449521065,0.0601513010185909,0.2551119124219222
153.33077383041382,0.058608800172805786,-0.013253608718514442,0.0601513010185909,0.2550686270080023
153.38139081001282,0.05795733258128166,-0.012975500896573067,0.0601513010185909,0.25502536523955854
153.43056964874268,0.05949161946773529,0.0048155696131289005,0.0601513010185909,0.25498212256715325
153.4804162979126,0.060837119817733765,0.01328277587890625,0.0601513010185909,0.25493890190784085
153.5302710533142,0.061488501727581024,0.012992323376238346,0.0601513010185909,0.25489570409554163
153.58097004890442,0.05995377525687218,-0.004808909259736538,0.0601513010185909,0.2548525270729545
153.63029503822327,0.0586078055202961,-0.01328237820416689,0.0601513010185909,0.2548093735414937
153.68070888519287,0.057956088334321976,-0.012994700111448765,0.0601513010185909,0.25476624354373645
153.73234605789185,0.0594906285405159,0.004806049168109894,0.0601513010185909,0.25472313253063317
153.78213500976562,0.06083653122186661,0.013280149549245834,0.0601513010185909,0.25468004341774125
153.83082509040833,0.06148825213313103,0.01299339160323143,0.0601513010185909,0.25463697703974564
153.8821771144867,0.05995374172925949,-0.004806584678590298,0.0601513010185909,0.254593931341906
153.93164920806885,0.05860787630081177,-0.013280199840664864,0.0601513010185909,0.25455090902240185
153.9817156791687,0.05795618146657944,-0.01299322210252285,0.0601513010185909,0.2545079101239091
154.03207087516785,0.05949070304632187,0.004806798417121172,0.0601513010185909,0.25446493010243604
154.0826437473297,0.06083657592535019,0.013280370272696018,0.0601513010185909,0.2544219718705947
154.1323103904724,0.06148827075958252,0.012993323616683483,0.0601513010185909,0.254379036262223
154.18135952949524,0.05995374545454979,-0.00480675557628274,0.0601513010185909,0.25433612122474786
154.2298595905304,0.05860787257552147,-0.01328036468476057,0.0601513010185909,0.2542932294537705
154.28039503097534,0.05795617401599884,-0.012993335723876953,0.0601513010185909,0.2542503609920422
154.33065724372864,0.05949069932103157,0.004806739743798971,0.0601513010185909,0.2542075113002489
154.38096356391907,0.06083657220005989,0.013280351646244526,0.0601513010185909,0.25416468328817704
154.43058252334595,0.06148827075958252,0.012993327341973782,0.0601513010185909,0.25412187778894274
154.48111653327942,0.05995374545454979,-0.004806743003427982,0.0601513010185909,0.2540790927521558
154.53069496154785,0.05860787257552147,-0.013280351646244526,0.0601513010185909,0.2540363308708035
154.58038115501404,0.05795617401599884,-0.012993326410651207,0.0601513010185909,0.2539935921877063
154.63008999824524,0.05949069932103157,0.004806744400411844,0.0601513010185909,0.25395087216824497
154.68035006523132,0.06083657220005989,0.013280353508889675,0.0601513010185909,0.2539081737193766
154.72996592521667,0.06148827075958252,0.012993327341973782,0.0601513010185909,0.2538654976734868
154.77982807159424,0.05995374545454979,-0.004806743934750557,0.0601513010185909,0.25382284198236416
154.83013677597046,0.05860787257552147,-0.013280353508889675,0.0601513010185909,0.2537802093363893
154.87991571426392,0.05795617401599884,-0.012993327341973782,0.0601513010185909,0.2537375997784507
154.92992496490479,0.05949069932103157,0.004806743934750557,0.0601513010185909,0.2536950087786092
154.97999811172485,0.06083657220005989,0.0132803525775671,0.0601513010185909,0.25365243924100006
155.03036403656006,0.06148827075958252,0.012993327341973782,0.0601513010185909,0.25360989199728007
155.08063101768494,0.05995374545454979,-0.004806743934750557,0.0601513010185909,0.2535673650014091
155.13015031814575,0.05860787257552147,-0.0132803525775671,0.0601513010185909,0.25352486094116833
155.18041062355042,0.05795617401599884,-0.012993327341973782,0.0601513010185909,0.25348237985951316
155.22993516921997,0.05949069932103157,0.004806743934750557,0.0601513010185909,0.2534399172311697
155.28095293045044,0.06083657220005989,0.0132803525775671,0.0601513010185909,0.25339747595745926
155.3303599357605,0.06148827075958252,0.012993327341973782,0.0601513010185909,0.25335505686931087
155.3810305595398,0.05995374545454979,-0.004806743934750557,0.0601513010185909,0.2533126579228486
155.4305763244629,0.05860787257552147,-0.0132803525775671,0.0601513010185909,0.25327028180326133
155.48063397407532,0.059657059609889984,0.0008843152900226414,0.0601513010185909,0.2532279255328354
155.5306305885315,0.06074821949005127,0.008961818180978298,0.0601513010185909,0.25318559058004664
155.5809726715088,0.061317622661590576,0.009769802913069725,0.0601513010185909,0.253143277515931
155.63328766822815,0.05979807302355766,-0.00662249093875289,0.0601513010185909,0.25310098484424803
155.68275237083435,0.05850409343838692,-0.013967313803732395,0.0601513010185909,0.25305871507130184
155.72985553741455,0.059605665504932404,0.000877521641086787,0.0601513010185909,0.25301646487675167
155.7802050113678,0.0607341006398201,0.009245779365301132,0.0601513010185909,0.25297423586496787
155.83058285713196,0.06132345646619797,0.010094146244227886,0.0601513010185909,0.2529320286728442
155.88383030891418,0.05981067568063736,-0.006375874858349562,0.0601513010185909,0.2528898417707224
155.93279910087585,0.05851588025689125,-0.01382583286613226,0.0601513010185909,0.25284767765792604
155.98047590255737,0.0596136599779129,0.0009329841705039144,0.0601513010185909,0.25280553305652437
156.03108930587769,0.06073814630508423,0.00924849882721901,0.0601513010185909,0.2527634095586595
156.08074378967285,0.06132464483380318,0.010073678568005562,0.0601513010185909,0.25272130779067054
156.13022375106812,0.059810299426317215,-0.006400200072675943,0.0601513010185909,0.252679226223876
156.1801917552948,0.058514952659606934,-0.013844680041074753,0.0601513010185909,0.25263716735910446
156.23014283180237,0.05961276963353157,0.000921974831726402,0.0601513010185909,0.25259512791804317
156.28014373779297,0.06073753163218498,0.009244037792086601,0.0601513010185909,0.25255310949185833
156.33082127571106,0.06132432445883751,0.010073302313685417,0.0601513010185909,0.2525111127075415
156.38028955459595,0.059810198843479156,-0.006398731842637062,0.0601513010185909,0.2524691360383304
156.4301724433899,0.058514975011348724,-0.013842858374118805,0.0601513010185909,0.25242718198242764
156.48032999038696,0.05961283668875694,0.0009234137833118439,0.0601513010185909,0.25238524726442696
156.53017735481262,0.060737598687410355,0.009244893677532673,0.0601513010185909,0.25234333347435695
156.58265852928162,0.06132437288761139,0.01007365994155407,0.0601513010185909,0.252301441238699
156.63088631629944,0.059810224920511246,-0.006398690398782492,0.0601513010185909,0.25225956903193597
156.6809220314026,0.05851498246192932,-0.013842963613569736,0.0601513010185909,0.2522177193503652
156.7306718826294,0.05961283668875694,0.0009232775773853064,0.0601513010185909,0.2521758889214056
156.78071784973145,0.060737594962120056,0.009244783781468868,0.0601513010185909,0.25213407933383314
156.83045053482056,0.06132436916232109,0.010073593817651272,0.0601513010185909,0.2520922912136961
156.88073587417603,0.05981022119522095,-0.0063987188041210175,0.0601513010185909,0.25205052303683817
156.9309115409851,0.05851498246192932,-0.013842967338860035,0.0601513010185909,0.25200877729756477
