timestep,speed,acceleration,target_speed
11.700263738632202,0.004517353139817715,0.003718263003975153,0.0168133725264534
11.751914978027344,0.0037004745099693537,-0.0048185596242547035,0.00880753345793064
11.796147346496582,0.002990405075252056,-0.009003164246678352,0.00874786746696092
11.845404386520386,0.0011943504214286804,-0.020441614091396332,0.00948458953008622
11.895003318786621,-0.0003719734668266028,-0.02435198798775673,0.0107671560487209
11.94671106338501,-0.0009554947610013187,-0.01734909787774086,0.0117937822381297
11.996631383895874,-0.0008478477830067277,-0.009563389234244823,0.00838274844294859
12.051217794418335,0.0011467370204627514,0.010417012497782707,0.00782090441691219
12.101089715957642,0.002691039349883795,0.0181752759963274,0.00857176001659916
12.151005029678345,0.00337204965762794,0.016152773052453995,0.0104416042798922
12.201176643371582,0.0034873492550104856,0.01056939922273159,0.0111749405418236
12.251394510269165,0.003328749444335699,0.005107389762997627,0.00656070390495635
12.302469730377197,0.003100255038589239,0.00129455397836864,0.00690933610305375
12.350883960723877,0.0029089218005537987,-0.0007028583204373717,0.00766460720356269
12.40248441696167,0.0027893309015780687,-0.0013452795101329684,0.00857940900571936
12.45064115524292,0.0027351786848157644,-0.0012245250400155783,0.00781845171156287
12.501796007156372,0.004425534512847662,0.013062560930848122,0.0081552126196985
12.550666093826294,0.00569412624463439,0.017629878595471382,0.00823268638701591
12.601146459579468,0.006192179396748543,0.014412179589271545,0.00600801826995944
12.65124797821045,0.006217415910214186,0.008830506354570389,0.0070188507028557
12.701417684555054,0.006034534890204668,0.00387784861959517,0.00717052975232941
12.75110912322998,0.00581678980961442,0.0006409026682376862,0.00720515709154557
12.795794010162354,0.005676128435879946,-0.0007207579910755157,0.00449462868441712
12.845405340194702,0.005563643760979176,-0.001301092910580337,0.00416730747993797
12.895431518554688,0.00551352184265852,-0.0011669041123241186,0.00489749677133567
12.950495719909668,0.005505731794983149,-0.000683960213791579,0.00604709510180211
13.001752614974976,0.005518845748156309,-0.0003084754862356931,0.00570743451364968
13.051391124725342,0.005535151343792677,-5.883249104954302e-05,0.00418119487494008
13.101468801498413,0.005548042245209217,6.436293188016862e-05,0.0041548497628093
13.151316404342651,0.00555571261793375,9.783971472643316e-05,0.00699489239919393
13.195786714553833,0.0055585624650120735,8.842310489853844e-05,0.00658198817115354
13.249252796173096,0.005559301469475031,5.291354318615049e-05,0.00523420448377312
13.295996189117432,0.00555860111489892,2.9531624022638425e-05,0.00349327017917123
13.345943212509155,0.005557382479310036,8.277318556793034e-06,0.00445789538027574
13.395437955856323,0.0055563305504620075,-3.167402155668242e-06,0.00835623435458272
13.44593858718872,0.005555657669901848,-7.099828508216888e-06,0.0122527123589819
13.501384496688843,0.007256198208779097,0.013871307484805584,0.00377996890252823
13.551430940628052,0.008513682521879673,0.018028631806373596,0.00361196130779149
13.59709119796753,0.007293913513422012,0.0006425867322832346,0.00658600173666555
13.651412010192871,0.006047171540558338,-0.009249185211956501,0.0113515677028198
13.700944900512695,0.007074950262904167,0.0031342762522399426,0.0171472307498355
13.750818967819214,0.008099788799881935,0.009797444567084312,0.00485812664384974
13.802173376083374,0.010304085910320282,0.02363818883895874,0.00580688544298469
13.851439237594604,0.009995510801672935,0.01104497816413641,0.00526106729060897
13.8954439163208,0.009310288354754448,0.001766321947798133,0.00876473381497735
13.951672554016113,0.008561104536056519,-0.004524692893028259,0.0111203071829139
14.001383066177368,0.008241108618676662,-0.005183876026421785,0.00614408062997409
14.051719427108765,0.008132229559123516,-0.003947441931813955,0.00684625659404623
14.101423263549805,0.00814482755959034,-0.0022678757086396217,0.00708783714319937
14.151644468307495,0.008205315098166466,-0.0008914523641578853,0.00702959127761625
14.201159715652466,0.008268440142273903,-4.633556090993807e-05,0.00702097325179561
14.25218415260315,0.00831422209739685,0.00032601499697193503,0.00954025158760152
14.301765441894531,0.008339249528944492,0.00038873779703862965,0.00828457021531505
14.35050630569458,0.010049030184745789,0.01417930331081152,0.00856562629195672
14.401343822479248,0.011305996216833591,0.018209172412753105,0.00897814445943474
14.445356130599976,0.010400031693279743,0.004145392682403326,0.00892469686067123
14.501172304153442,0.008830172009766102,-0.009242488071322441,0.00781138987819343
14.54701280593872,0.008153481408953667,-0.010767045430839062,0.00754525348312804
14.600536108016968,0.009619683027267456,0.0056127212010324,0.00843846580925158
14.650521993637085,0.01089882105588913,0.01324758492410183,0.00949165029943414
14.695860862731934,0.011427689343690872,0.013139336369931698,0.0102845308643935
14.74551796913147,0.011643222533166409,0.009538359940052032,0.0104015166624371
14.794876098632812,0.01157908421009779,0.005219565704464912,0.0110117543157297
14.84508490562439,0.011414971202611923,0.0018592741107568145,0.0121128337832862
14.900943756103516,0.011230013333261013,-0.0003522898186929524,0.0146315658155086
14.95053744316101,0.011131270788609982,-0.0009741195826791227,0.0158607447236353
15.002008438110352,0.01108345203101635,-0.000953187991399318,0.0117746252541906
15.05075979232788,0.011071241460740566,-0.0006654922035522759,0.0129448932772482
15.100764036178589,0.011077718809247017,-0.000348692323314026,0.0149632960590141
15.15072250366211,0.011090236715972424,-0.00011220070155104622,0.0166542165746558
15.20095181465149,0.012802542187273502,0.013898664154112339,0.0185049683070643
15.251137495040894,0.014067678712308407,0.018104149028658867,0.0150483583008421
15.300773859024048,0.01455250009894371,0.014594107866287231,0.015547996549684
15.3511483669281,0.01456422545015812,0.00883510522544384,0.0161540210132321
15.401168584823608,0.014371666125953197,0.003805816639214754,0.0179175794788685
15.451186895370483,0.014148701913654804,0.0005574062233790755,0.0204236680295369
15.501227617263794,0.01397804543375969,-0.000984760234132409,0.0193811314841001
15.551651954650879,0.015580400824546814,0.012526199221611023,0.0223188518716849
15.601131200790405,0.0167988333851099,0.016920896247029305,0.0252456222596504
15.646109104156494,0.01722738705575466,0.014767666347324848,0.0265441527848973
15.700987339019775,0.0173020102083683,0.008480701595544815,0.0322420770188025
15.750977039337158,0.01882747747004032,0.017603566870093346,0.0320731143786802
15.801985740661621,0.019875995814800262,0.01865014247596264,0.0360077422441539
15.851585865020752,0.020194919779896736,0.013639272190630436,0.0384396646728864
15.903088808059692,0.02181169018149376,0.02140001952648163,0.0430213938025148
15.946118354797363,0.022707412019371986,0.021562891080975533,0.0459858480295257
15.997142791748047,0.024795159697532654,0.028291134163737297,0.0454923648499107
16.047813177108765,0.027607044205069542,0.03941436484456062,0.047108609009646
16.09626007080078,0.028898337855935097,0.03678980469703674,0.0503491251063825
16.14886736869812,0.029314473271369934,0.02280963771045208,0.0506657270918694
16.200074434280396,0.030669160187244415,0.024869462475180626,0.0536821579142121
16.24733543395996,0.03143148124217987,0.02079211361706257,0.044312792493025
16.294567346572876,0.03285608068108559,0.026065094396471977,0.047724751362774
16.344491481781006,0.03409022092819214,0.02515450492501259,0.0473425210886988
16.39496898651123,0.034392789006233215,0.017410174012184143,0.0489053078999019
16.445401430130005,0.034211352467536926,0.009029784239828587,0.0481075108900642
16.495125770568848,0.035212405025959015,0.014314175583422184,0.0407377354895149
16.544873476028442,0.036354731768369675,0.017404109239578247,0.0427173829893498
16.594527006149292,0.03676845133304596,0.013625218532979488,0.0423369204665735
16.644855976104736,0.036751825362443924,0.008035477250814438,0.0438032055000047
16.69794988632202,0.038213688880205154,0.016449151560664177,0.048308945662917
16.744646787643433,0.03912240266799927,0.018371112644672394,0.0372666757848669
16.79457664489746,0.03957636281847954,0.014515575021505356,0.0365840932458646
16.844515085220337,0.03956800699234009,0.008632862009108067,0.0383619446616921
16.894799947738647,0.03936581686139107,0.0036102081649005413,0.0376368669391669
16.945007801055908,0.039140474051237106,0.00042183042387478054,0.0382015219538011
17.000758409500122,0.03894633427262306,-0.001191790564917028,0.0306213458731691
17.050992727279663,0.04056479409337044,0.012526609934866428,0.0321291008215849
17.100870370864868,0.04009374603629112,0.0031316145323216915,0.0346784613826264
17.15114450454712,0.0393209233880043,-0.00409557344391942,0.034660673913653
17.196343660354614,0.03893306478857994,-0.00589264091104269,0.0362340395614994
17.246166229248047,0.04003546014428139,0.00615609111264348,0.0301189148503154
17.296068906784058,0.04143507033586502,0.014504102990031242,0.0316282419388223
17.345813274383545,0.04076211899518967,0.002322261454537511,0.0328368891070301
17.395763874053955,0.039474040269851685,-0.008562195114791393,0.0342917247502394
17.451216220855713,0.04037324711680412,0.0034193291794508696,0.0363204767053479
17.497370958328247,0.041433341801166534,0.010240679606795311,0.030908886430507
17.545259952545166,0.04188455641269684,0.010502821765840054,0.0317131256527602
17.595070838928223,0.04208250343799591,0.007822727784514427,0.034371065307757
17.64504384994507,0.04204491153359413,0.00439672265201807,0.0363547275192837
17.695226907730103,0.0419183149933815,0.001656151027418673,0.0384042774869587
17.74527406692505,0.04179095849394798,8.204575351555832e-06,0.0324506816039149
17.795127391815186,0.04170053452253342,-0.0006938367732800543,0.033713624139914
17.845046758651733,0.041652239859104156,-0.0007889424450695515,0.0352770504892088
17.89512324333191,0.04163595661520958,-0.0005985528696328402,0.0381503742656271
17.94510293006897,0.041638024151325226,-0.00034264454734511673,0.0384145230406595
17.9973886013031,0.04164931923151016,-0.00010160787496715784,0.0340224980367671
18.045109510421753,0.04165688157081604,-5.967712695564842e-06,0.0347246330390046
18.095031261444092,0.041663821786642075,5.003830301575363e-05,0.0342938348152406
18.14513850212097,0.041667599231004715,5.9179565141675994e-05,0.0357385447685187
18.19508647918701,0.041668929159641266,4.575039565679617e-05,0.0373762570971144
18.2452871799469,0.041668836027383804,2.6666921257856302e-05,0.0336900759890154
18.295138597488403,0.04300306364893913,0.011494308710098267,0.0353671739860664
18.345006227493286,0.043110672384500504,0.006550634279847145,0.0374819665889139
18.394968032836914,0.04227953031659126,-0.0024976388085633516,0.0413538457647673
18.445122957229614,0.041747402399778366,-0.005608551669865847,0.0445665602889319
18.495972633361816,0.04283277317881584,0.006194754038006067,0.0378556517259449
18.546693801879883,0.04440287873148918,0.014800597913563251,0.0390791268809587
18.596654176712036,0.04493623226881027,0.012989708222448826,0.0414581862069678
18.645028114318848,0.04502621665596962,0.009386682882905006,0.0441250904726899
18.696964979171753,0.04488587751984596,0.004018607549369335,0.0471042224230481
18.75175905227661,0.044700317084789276,0.0009739465895108879,0.0392427283151915
18.801093816757202,0.04624757915735245,0.013274086639285088,0.039262131085634
18.85171103477478,0.04570908471941948,0.003058325033634901,0.0400054338133865
18.901203155517578,0.044890146702528,-0.004495884757488966,0.0410192281277301
18.95196843147278,0.044412095099687576,-0.006387996952980757,0.0427630888714324
19.001309871673584,0.04421859607100487,-0.005322800017893314,0.0393200850935644
19.052053451538086,0.04590339586138725,0.010564004071056843,0.0403923762864931
19.102052927017212,0.04552396759390831,0.0026636775583028793,0.0432329563835717
19.151793241500854,0.044826705008745193,-0.0037920710165053606,0.0439131825989462
19.201904296875,0.04611975699663162,0.00845394842326641,0.0462086626068222
19.25139856338501,0.04721160978078842,0.013502750545740128,0.0400570603863953
19.297926664352417,0.04767826572060585,0.011696659959852695,0.0416835359082728
19.346911430358887,0.047742992639541626,0.007508584298193455,0.0416833711769652
19.396825313568115,0.04761814698576927,0.0035342476330697536,0.0431327907933073
19.446866750717163,0.04744933545589447,0.0008131554932333529,0.0441903452131734
19.496461391448975,0.04733475297689438,-0.00039322630618698895,0.0410452041731009
19.5472731590271,0.047226566821336746,-0.001001753844320774,0.0409732967003471
19.59471297264099,0.047193743288517,-0.0009350728942081332,0.039197241625456
19.644775390625,0.04718274623155594,-0.0006452607922255993,0.0388756985823059
19.698950052261353,0.047191962599754333,-0.0002793915627989918,0.0418107874519475
19.747429609298706,0.047204550355672836,-7.014637958491221e-05,0.0545481563582353
19.795204401016235,0.04721326008439064,2.4334671252290718e-05,0.0705331246120491
19.85190486907959,0.04892250522971153,0.013951808214187622,0.0866217551251085
19.900771379470825,0.05188387259840965,0.03197767212986946,0.104786868982173
19.95073890686035,0.05702478438615799,0.06035488471388817,0.122475797401403
19.99736261367798,0.0634327307343483,0.08714894205331802,0.135964421972107
20.044484615325928,0.06900586932897568,0.1047058179974556,0.15312802286489
20.101013898849487,0.07491370290517807,0.1008794903755188,0.170458239943255
20.151937246322632,0.08148076385259628,0.11339405924081802,0.184183535615609
20.200880765914917,0.08806121349334717,0.120262011885643,0.196675131692638
20.250898599624634,0.09412715584039688,0.12040127068758011,0.201663473513159
20.301290035247803,0.10152626037597656,0.13152076303958893,0.213566318057318
20.350764751434326,0.10658325999975204,0.11861668527126312,0.22552737071766
20.400646924972534,0.11294019222259521,0.12239806354045868,0.237458240972467
20.450818061828613,0.12086793035268784,0.13680225610733032,0.2495439810737
20.494689226150513,0.12678517401218414,0.14058756828308105,0.256937745223898
20.545085906982422,0.13426519930362701,0.14554351568222046,0.269953612194337
20.594793558120728,0.14253637194633484,0.1546264886856079,0.282916016312324
20.64491295814514,0.15116161108016968,0.16280487179756165,0.297285852412017
20.695240020751953,0.1598517745733261,0.16820698976516724,0.311248395265893
20.747501373291016,0.1698606014251709,0.16786620020866394,0.314032769504386
20.795043468475342,0.17696398496627808,0.17154920101165771,0.328327087274461
20.84467077255249,0.18536579608917236,0.1712181568145752,0.343165619187619
20.89496350288391,0.19370639324188232,0.17054665088653564,0.357161649790638
20.94494652748108,0.20335376262664795,0.18141058087348938,0.37150759413715
20.995540857315063,0.2144385278224945,0.19902753829956055,0.378639407024863
21.04488515853882,0.22614125907421112,0.21435855329036713,0.394465955384214
21.094915628433228,0.236598402261734,0.21275117993354797,0.410845393201885
21.14499521255493,0.2467859536409378,0.21087290346622467,0.428413472582722
21.195212364196777,0.2575836479663849,0.21446241438388824,0.444446144889135
21.245635509490967,0.2687320411205292,0.2193233072757721,0.451089954137609
21.29807710647583,0.2835623323917389,0.23346182703971863,0.466172243829125
21.345138549804688,0.29409027099609375,0.24377581477165222,0.479992717580931
21.394827365875244,0.3059462904930115,0.2423553615808487,0.492731660913279
21.444686889648438,0.31721043586730957,0.2369305044412613,0.505971059780219
21.494987964630127,0.32951343059539795,0.24287590384483337,0.5126531531672
21.54468560218811,0.341840922832489,0.24545934796333313,0.526428320554408
21.594709634780884,0.35336852073669434,0.24082642793655396,0.541445711938952
21.645055055618286,0.3657696545124054,0.24596849083900452,0.557314444742262
21.694812297821045,0.37943124771118164,0.25878986716270447,0.573261871339323
21.752026319503784,0.3960527181625366,0.2677566111087799,0.587726382238573
21.801101207733154,0.41045647859573364,0.27540960907936096,0.604161353648955
21.850876331329346,0.42304369807243347,0.26522400975227356,0.620586991141095
21.901300191879272,0.4359084367752075,0.2619994580745697,0.636064229740757
21.951008796691895,0.4511118531227112,0.27887365221977234,0.652772414609556
22.0013267993927,0.46625569462776184,0.2877897620201111,0.665905146333851
22.050793409347534,0.4807867407798767,0.2883968949317932,0.683878471564063
22.100969552993774,0.49486982822418213,0.2852988541126251,0.700908469953664
22.151175498962402,0.5104067921638489,0.295411616563797,0.717826734035214
22.200851678848267,0.527111828327179,0.3104974627494812,0.733858922358949
22.25111722946167,0.5426007509231567,0.3094044327735901,0.745546258334148
22.300811052322388,0.5585857033729553,0.31331735849380493,0.760747587630859
22.350895166397095,0.5735002756118774,0.30665603280067444,0.775116546971299
22.401150226593018,0.5891408324241638,0.30900880694389343,0.789160785700748
22.45109987258911,0.6039092540740967,0.3029453754425049,0.802252645845284
22.50195002555847,0.6195306777954102,0.30663737654685974,0.816598624088392
22.550644159317017,0.6360403299331665,0.3157139718532562,0.830653919560183
22.60098433494568,0.6529730558395386,0.3244214355945587,0.844941578899355
22.65111255645752,0.6683067083358765,0.3165476620197296,0.85944351656837
22.701125860214233,0.6840192675590515,0.3154923915863037,0.872376687471493
22.751384496688843,0.7003922462463379,0.31996312737464905,0.879918670732696
22.800761699676514,0.717131495475769,0.32547250390052795,0.891509767343611
22.851050853729248,0.7323041558265686,0.31593358516693115,0.904199734191633
22.90085244178772,0.7479166388511658,0.31435099244117737,0.916357736021575
22.947293281555176,0.762543797492981,0.3050541579723358,0.927515142061739
23.001873254776,0.7780170440673828,0.3067566156387329,0.926081059523003
23.05093812942505,0.7944191098213196,0.31495335698127747,0.937977168727035
23.097774744033813,0.8078910708427429,0.29575464129447937,0.949600355162838
23.145672082901,0.818638801574707,0.2876545786857605,0.961533185094523
23.195621252059937,0.8329582810401917,0.2900192439556122,0.974510991426311
23.24560570716858,0.8490709662437439,0.3052932918071747,0.953178592329919
23.295583724975586,0.8647721409797668,0.3100969195365906,0.965119327522508
23.35125422477722,0.8782015442848206,0.26910343766212463,0.977918958236769
23.400827169418335,0.8894612789154053,0.25192102789878845,0.992990971513443
23.451112747192383,0.9020556807518005,0.25193965435028076,1.00874966090447
23.500970363616943,0.9172962307929993,0.2731330692768097,1.0234486071434
23.55080533027649,0.9325969219207764,0.2855621874332428,1.0361853535597
23.59568190574646,0.9449187517166138,0.2937084138393402,1.04909710791584
23.645631313323975,0.9605370163917542,0.30368292331695557,1.06099472142924
23.694973707199097,0.9759244322776794,0.3067076504230499,1.06857345191172
23.74757409095764,0.9925969839096069,0.29387831687927246,1.07748564402409
23.795300006866455,1.0041486024856567,0.29296407103538513,1.08299793127373
23.84481978416443,1.0177524089813232,0.2865019738674164,1.08807482105248
23.894705295562744,1.0300097465515137,0.2710570693016052,1.09480523837493
23.945018768310547,1.0422406196594238,0.26276665925979614,1.10279440422396
24.001966953277588,1.0558921098709106,0.2467433363199234,1.11802214411578
24.051061153411865,1.0684826374053955,0.24880729615688324,1.12007821513227
24.09538722038269,1.0798357725143433,0.26132234930992126,1.12153986465301
24.14525580406189,1.0925549268722534,0.25953879952430725,1.12211944451882
24.19542145729065,1.1040400266647339,0.24893377721309662,1.12625542716616
24.245124578475952,1.114891767501831,0.23768556118011475,1.13743428421332
24.2952663898468,1.1255505084991455,0.2294538915157318,1.13774917018994
24.345067024230957,1.1362595558166504,0.22491095960140228,1.13602808124195
24.394744873046875,1.1471076011657715,0.22326314449310303,1.13125328511967
24.45077085494995,1.1581826210021973,0.20524056255817413,1.12773986958864
24.494985103607178,1.1650575399398804,0.19458042085170746,1.13252792427961
24.54583430290222,1.171460509300232,0.16840346157550812,1.13183151271016
24.5947425365448,1.1790251731872559,0.16403254866600037,1.13115894433329
24.6449077129364,1.1876944303512573,0.1687810868024826,1.1308007955589
24.69536542892456,1.1949450969696045,0.1594957709312439,1.13146526558396
24.7446186542511,1.201978087425232,0.15341828763484955,1.1212503727094
24.794756412506104,1.2084184885025024,0.1440298855304718,1.12054524725439
24.844820499420166,1.2138941287994385,0.1309485286474228,1.118753130511
24.894716262817383,1.2189834117889404,0.12012612819671631,1.11704403659086
24.94499683380127,1.2240452766418457,0.11342807114124298,1.11420576714368
24.994703769683838,1.2292397022247314,0.11043999344110489,1.07221804048629
25.044729471206665,1.233261227607727,0.09841781109571457,1.06617351362384
25.09476661682129,1.2332966327667236,0.05807608738541603,1.06036439355091
25.14497661590576,1.2312430143356323,0.01892809569835663,1.05372447934735
25.194574117660522,1.2306923866271973,0.008254872635006905,1.04670134393996
25.24464225769043,1.2308731079101562,0.006342367734760046,1.05240640482592
25.295284032821655,1.232191801071167,0.01515895128250122,1.04615750899553
25.34542417526245,1.234874963760376,0.030985156074166298,1.04032276161749
25.39502501487732,1.2368301153182983,0.03367443010210991,1.03530587642452
25.4452383518219,1.2361149787902832,0.013482642360031605,1.03145608820587
25.495066165924072,1.2345433235168457,-0.0040669627487659454,1.04958416425619
25.544840097427368,1.2335220575332642,-0.01032811589539051,1.05425109770699
25.60056185722351,1.2363876104354858,0.018287528306245804,1.06147823305417
25.650890350341797,1.2388345003128052,0.029865212738513947,1.06831538314341
25.700873613357544,1.2415900230407715,0.03992276266217232,1.07444469797811
25.750669479370117,1.2430027723312378,0.034837789833545685,1.08929358949038
25.80089020729065,1.2449126243591309,0.03636666014790535,1.09550347192233
25.85068678855896,1.2475078105926514,0.042578209191560745,1.10321671587602
25.900800704956055,1.250447392463684,0.04896140843629837,1.11262886526796
25.950670957565308,1.2534857988357544,0.053550489246845245,1.12628576292462
26.00090503692627,1.2564899921417236,0.056034959852695465,1.15150648581614
26.050779819488525,1.2594133615493774,0.05689969286322594,1.1669362318148
26.10078501701355,1.2656617164611816,0.0845789909362793,1.18103020219472
26.15105652809143,1.2726714611053467,0.10631400346755981,1.19774483458405
26.20093035697937,1.2793586254119873,0.1168447807431221,1.21656857509124
26.250791549682617,1.2855778932571411,0.11953839659690857,1.24613193899389
26.300964832305908,1.291404366493225,0.11811742931604385,1.26253852486486
26.351182222366333,1.2986857891082764,0.12924255430698395,1.27847440309502
26.402024745941162,1.3071129322052002,0.14476250112056732,1.29522848941053
26.45132803916931,1.3159990310668945,0.15760867297649384,1.31394680101898
26.50085711479187,1.3249183893203735,0.16556215286254883,1.29406094276967
26.55070996284485,1.3336803913116455,0.16911201179027557,1.31269149927272
26.60069251060486,1.3371474742889404,0.12812107801437378,1.33374182435608
26.650715589523315,1.3417940139770508,0.11487548053264618,1.35721511019076
26.70083260536194,1.3503817319869995,0.13812896609306335,1.3808657699588
26.7508761882782,1.3616012334823608,0.1723991334438324,1.36501483650284
26.80091881752014,1.3739063739776611,0.2013217806816101,1.39070193917716
26.85070538520813,1.3812204599380493,0.17788179218769073,1.41893859623523
26.90081286430359,1.3878291845321655,0.1598549634218216,1.44796508219046
26.94530749320984,1.39656400680542,0.18070758879184723,1.47984326181844
26.994662284851074,1.4098604917526245,0.21686522662639618,1.48543022124567
27.044861316680908,1.4248181581497192,0.2513667643070221,1.51945830847369
27.095005750656128,1.4374985694885254,0.25210654735565186,1.55575796654824
27.144741535186768,1.4510365724563599,0.2626807391643524,1.59522260316475
27.194844961166382,1.4672170877456665,0.289436936378479,1.63319132331759
27.24666118621826,1.4875829219818115,0.3130326271057129,1.70117013104694
27.2947735786438,1.5037504434585571,0.3445678949356079,1.73762634713207
27.34474754333496,1.5267653465270996,0.394819051027298,1.77612349349626
27.39491605758667,1.5516018867492676,0.43783628940582275,1.81084098622831
27.444623470306396,1.5759925842285156,0.4601667821407318,1.84802919886279
27.49561071395874,1.5982248783111572,0.45569947361946106,1.90908469630892
27.550724744796753,1.62478768825531,0.4520035684108734,1.94520356358315
27.59532928466797,1.6467736959457397,0.48638635873794556,1.98451898481452
27.6455295085907,1.6736185550689697,0.509389340877533,2.02538811612145
27.69511365890503,1.7012338638305664,0.5302936434745789,2.06852249958323
27.747174739837646,1.734356164932251,0.5414636135101318,2.15979721404
27.795525550842285,1.7582794427871704,0.5617830157279968,2.20799592115737
27.845061540603638,1.7920461893081665,0.613894522190094,2.25754931221328
27.895418405532837,1.8299870491027832,0.6762062311172485,2.30684830113645
27.945614337921143,1.8673754930496216,0.7081058025360107,2.36020717045579
27.995511770248413,1.9042237997055054,0.7242131233215332,2.50621235625144
28.04626727104187,1.9410814046859741,0.7339370846748352,2.56459866830629
28.096192359924316,1.9870691299438477,0.8184918165206909,2.62390243995044
28.146292448043823,2.0375730991363525,0.8993832468986511,2.68077456119208
28.19470763206482,2.086404323577881,0.9349255561828613,2.74032831144005
28.245081663131714,2.1319072246551514,0.9293341040611267,2.88321742770556
28.295498847961426,2.1770904064178467,0.925849199295044,2.94300672338107
28.344791650772095,2.2316527366638184,1.00324547290802,3.00016580814801
28.395122051239014,2.290311813354492,1.076607346534729,3.05896270540219
28.44513773918152,2.345837354660034,1.0951811075210571,3.12430052655945
28.49543023109436,2.3979620933532715,1.080029010772705,3.23572095886447
28.545193672180176,2.450690984725952,1.0779563188552856,3.29995603968324
28.594953060150146,2.5094168186187744,1.126560926437378,3.36495076460723
28.64506959915161,2.570892810821533,1.174597144126892,3.42969745832278
28.695693254470825,2.6317076683044434,1.1982734203338623,3.49280506686251
28.745105743408203,2.691516399383545,1.2046829462051392,3.57490128154335
28.79487681388855,2.7518012523651123,1.2133710384368896,3.63737189380601
28.845210552215576,2.814319133758545,1.2370014190673828,3.69595167203382
28.895221948623657,2.878640651702881,1.2650965452194214,3.75414138374293
28.944974184036255,2.9422664642333984,1.2753866910934448,3.81190638585557
28.9951229095459,3.0044069290161133,1.2700748443603516,3.87612725687552
29.044983863830566,3.065615653991699,1.2596917152404785,3.9307266796453
29.09502673149109,3.1290700435638428,1.2731597423553467,3.98902720477645
29.14536428451538,3.1926565170288086,1.2799147367477417,4.04251649573291
29.196629285812378,3.2680394649505615,1.2733535766601562,4.10051734297974
29.246493577957153,3.3332178592681885,1.283517599105835,4.15721480139771
29.296398162841797,3.3859946727752686,1.2985880374908447,4.2126128973251
29.346318006515503,3.448754072189331,1.2899279594421387,4.26537698975511
29.395981311798096,3.513378381729126,1.3003171682357788,4.31825790718319
29.446070432662964,3.579846143722534,1.3207879066467285,4.36958804788674
29.49648094177246,3.6564435958862305,1.3027410507202148,4.41917958787395
29.545886039733887,3.710519552230835,1.3225853443145752,4.46781600476407
29.595993280410767,3.7744412422180176,1.3132878541946411,4.51685292288375
29.64483642578125,3.8380231857299805,1.3050899505615234,4.56687259881818
29.695135593414307,3.9028851985931396,1.3112399578094482,4.61697850396851
29.74505352973938,3.9679384231567383,1.3152333498001099,4.66596430791745
29.795307636260986,4.032277584075928,1.3121100664138794,4.71618311282368
29.84528160095215,4.096181869506836,1.3068768978118896,4.76347221845057
29.895130395889282,4.159897327423096,1.3022798299789429,4.81453606142546
29.94474220275879,4.223583221435547,1.2992982864379883,4.85528282098979
29.994609832763672,4.2886505126953125,1.3093575239181519,4.89476953408143
30.04473328590393,4.352557182312012,1.3040764331817627,4.94902995957214
30.094775915145874,4.414244174957275,1.2837605476379395,4.99512889488803
30.144569635391235,4.4761552810668945,1.2744885683059692,5.04118787649689
30.194953680038452,4.539194583892822,1.277651309967041,5.08559628985966
30.244709014892578,4.602961540222168,1.285168170928955,5.13779690938603
30.294846296310425,4.665738105773926,1.2808501720428467,5.19351246374707
30.34524416923523,4.728487491607666,1.279221534729004,5.24250078773109
30.396461248397827,4.792013168334961,1.284242868423462,5.2813816687476
30.446917057037354,4.864689350128174,1.2530033588409424,5.33083875439817
30.49514365196228,4.91598653793335,1.2661913633346558,5.37507820820363
30.544785022735596,4.975386619567871,1.2422200441360474,5.41786677449122
30.5947425365448,5.035862922668457,1.2385119199752808,5.46260132590037
30.645002603530884,5.097369194030762,1.2430764436721802,5.50742918878057
30.694870471954346,5.1587419509887695,1.2447839975357056,5.55228839990532
30.74456477165222,5.218647003173828,1.2332955598831177,5.59180271311749
30.794671535491943,5.27834939956665,1.2260147333145142,5.6341404437871
30.84479331970215,5.337497711181641,1.216200351715088,5.67719085528874
30.895134687423706,5.395717620849609,1.2031480073928833,5.72240811526261
30.94549870491028,5.453576564788818,1.1925387382507324,5.76355692329899
30.995097398757935,5.511421203613281,1.1860699653625488,5.79746586895511
31.051081657409668,5.578824996948242,1.1602731943130493,5.84016685907673
31.094647884368896,5.6262102127075195,1.1713207960128784,5.88344641166573
31.14525318145752,5.680363655090332,1.1424977779388428,5.92527124652843
31.195627450942993,5.735203266143799,1.132866621017456,5.96099468705089
31.245376348495483,5.79226541519165,1.1442673206329346,5.99836351069538
31.29495406150818,5.847972869873047,1.13829505443573,6.0362354366052
31.34467601776123,5.902674198150635,1.1281098127365112,6.07583048976183
31.39498782157898,5.956317901611328,1.1126654148101807,6.11487445074286
31.445039987564087,6.008804798126221,1.0944727659225464,6.15317375767089
31.49528431892395,6.060885429382324,1.0804346799850464,6.18415199606988
31.5449538230896,6.112997531890869,1.0722665786743164,6.22193030867312
31.595332145690918,6.165318012237549,1.0689798593521118,6.26025425315025
31.645132780075073,6.216525554656982,1.0572441816329956,6.29415369250726
31.695290565490723,6.266453266143799,1.0403192043304443,6.32676336169428
31.750977516174316,6.323843002319336,1.0044387578964233,6.35721392862671
31.800918102264404,6.373223781585693,0.9966430068016052,6.38991543830025
31.850818872451782,6.421090602874756,0.9795382618904114,6.41465574735834
31.901159286499023,6.467905521392822,0.9611617922782898,6.43440584541272
31.950897693634033,6.512692451477051,0.9337438941001892,6.4367183298223
32.00136041641235,6.554596424102783,0.8943058848381042,6.44216617049282
32.051647424697876,6.593286037445068,0.845100998878479,6.43247506379513
32.10096526145935,6.630448818206787,0.8038197159767151,6.41896090138386
32.15088438987732,6.664066791534424,0.7502216100692749,6.39758191585388
32.20107436180115,6.6939544677734375,0.6885502338409424,6.37342322208714
32.25107169151306,6.720532417297363,0.6252889037132263,6.37594089618028
32.30145573616028,6.74413537979126,0.5636572241783142,6.35165902843354
32.35094738006592,6.770064830780029,0.5461757183074951,6.32498408884548
32.40133309364319,6.793673515319824,0.5155665278434753,6.30044629803198
32.45092535018921,6.813529014587402,0.4674910604953766,6.27295465900348
32.50124549865723,6.829749584197998,0.40986067056655884,6.26641063224223
32.55169320106506,6.8426361083984375,0.34883129596710205,6.24420637105275
32.6009202003479,6.857582092285156,0.3296433985233307,6.21731174974895
32.65092730522156,6.870055675506592,0.2968447208404541,6.19365808405214
32.701019287109375,6.880420684814453,0.2608937919139862,6.16886470815737
32.750916719436646,6.888407230377197,0.2202412486076355,6.16479881837002
32.800960540771484,6.895265102386475,0.18716083467006683,6.14094634477109
32.85094404220581,6.902075290679932,0.16697126626968384,6.11439119162177
32.9011549949646,6.9076104164123535,0.14428339898586273,6.08191079700787
32.94551610946655,6.910330295562744,0.11889471858739853,6.04790847568018
32.995060205459595,6.909551620483398,0.0640539675951004,6.02477631189363
33.044822454452515,6.905450344085693,0.005518676713109016,5.98218008438507
33.094977617263794,6.900325775146484,-0.037464577704668045,5.9348953752245
33.144855976104736,6.894117832183838,-0.07275408506393433,5.88776195962007
33.19485092163086,6.884516716003418,-0.12245643138885498,5.83576884335808
33.25157594680786,6.868219375610352,-0.19213128089904785,5.81160763587921
33.2975869178772,6.852052211761475,-0.24372319877147675,5.7589426056601
33.35109281539917,6.837494850158691,-0.261461079120636,5.70495271729595
33.40155363082886,6.819746971130371,-0.29894769191741943,5.64779883373979
33.4458646774292,6.802917003631592,-0.3405900299549103,5.59378473436514
33.49494528770447,6.779225826263428,-0.397661954164505,5.55244764493
33.545079946517944,6.7526397705078125,-0.4542278051376343,5.50541399086041
33.595024824142456,6.7252888679504395,-0.49403125047683716,5.43952198772524
33.64535880088806,6.69696569442749,-0.5265613198280334,5.37964013785012
33.69497776031494,6.666600227355957,-0.5630038380622864,5.31580433044451
33.7531476020813,6.627903461456299,-0.6026694774627686,5.26733648753137
33.801222801208496,6.591299057006836,-0.6535121202468872,5.19328458713259
33.85079216957092,6.555027484893799,-0.6806684732437134,5.11420174893808
33.895878076553345,6.521636009216309,-0.734716534614563,5.03886209838308
33.945619106292725,6.477762222290039,-0.7979536056518555,4.95742543797662
33.994776248931885,6.429987907409668,-0.8671519756317139,4.90592049298298
34.045069456100464,6.378929615020752,-0.9351582527160645,4.82368012224027
34.09474325180054,6.327667236328125,-0.9763156771659851,4.73194959351972
34.15128946304321,6.266565799713135,-0.9986143112182617,4.6398782725259
34.20111441612244,6.210844993591309,-1.0436124801635742,4.53402124172034
34.24550819396973,6.161757469177246,-1.1080933809280396,4.44121345597879
34.294933795928955,6.09900426864624,-1.175740361213684,4.30871693504596
34.34504294395447,6.031788349151611,-1.251926064491272,4.16818483598311
34.39485287666321,5.95837926864624,-1.3489354848861694,4.03048659403063
34.452813386917114,5.8641533851623535,-1.4553687572479248,3.89175006566809
34.502941846847534,5.777660846710205,-1.5624195337295532,3.79975164658469
34.5525016784668,5.689835548400879,-1.636862874031067,3.68196350396669
34.595235109329224,5.619602203369141,-1.6799341440200806,3.57371929866824
34.645100593566895,5.535200119018555,-1.6950123310089111,3.49151211757339
34.69544196128845,5.4477033615112305,-1.7291258573532104,3.41155330950165
34.7452552318573,5.359365940093994,-1.7548948526382446,3.3703321572401
34.80074906349182,5.257594108581543,-1.7315486669540405,3.31529408073387
34.85102319717407,5.175984859466553,-1.6886955499649048,3.26021314120209
34.90091371536255,5.098628520965576,-1.6301599740982056,3.22634546066005
34.94485926628113,5.032449245452881,-1.6435744762420654,3.17543858254593
34.99523448944092,4.9527130126953125,-1.6348345279693604,3.13578631707645
35.04522919654846,4.871340751647949,-1.643405795097351,3.09104141594614
35.09551644325256,4.789580821990967,-1.6503686904907227,3.06035791536991
35.144773721694946,4.708463668823242,-1.649578332901001,3.02968537547177
35.19546103477478,4.629117965698242,-1.634244680404663,3.00327771859334
35.24616312980652,4.5514373779296875,-1.612188696861267,2.96763629431005
35.294757604599,4.474435329437256,-1.5937303304672241,2.93297656992529
35.34554862976074,4.397494792938232,-1.5821982622146606,2.89877666914449
35.39462852478027,4.321670055389404,-1.5654953718185425,2.85677304242831
35.4450740814209,4.24567985534668,-1.5579335689544678,2.80982284482565
35.50078892707825,4.156067848205566,-1.53251314163208,2.76039666628518
35.550108909606934,4.078282833099365,-1.539889931678772,2.70318181831091
35.594879150390625,4.012940406799316,-1.5754315853118896,2.64053228806102
35.6447548866272,3.9348747730255127,-1.57992684841156,2.57917393541765
35.69486379623413,3.8528616428375244,-1.6166285276412964,2.5162544338517
35.74461793899536,3.769280433654785,-1.648400068283081,2.4681676441139
35.79531526565552,3.6868274211883545,-1.6587190628051758,2.40687910182336
35.84478282928467,3.6054084300994873,-1.6569113731384277,2.35116679943633
35.894959449768066,3.5246808528900146,-1.6504836082458496,2.26602367769962
35.94502234458923,3.4442973136901855,-1.6439754962921143,2.12851019122802
35.99567198753357,3.361339569091797,-1.6623038053512573,2.04423373802224
36.044939279556274,3.270118236541748,-1.741816520690918,1.97163666987648
36.09481191635132,3.174484968185425,-1.821213960647583,1.94157790047215
36.14515995979309,3.0817177295684814,-1.8443044424057007,1.91771481957877
36.195210456848145,2.9956929683685303,-1.8037012815475464,1.9142388532012
36.24484992027283,2.9177093505859375,-1.714900016784668,1.91401200697244
36.29482460021973,2.8462557792663574,-1.6100605726242065,1.94026279080869
36.34497666358948,2.779139518737793,-1.5125606060028076,1.9747926373071
36.39572882652283,2.7176425457000732,-1.4072120189666748,1.99766770223738
36.445005655288696,2.6613423824310303,-1.3027615547180176,1.99380890377249
36.49525737762451,2.605773687362671,-1.2356950044631958,1.98786027735105
36.545178174972534,2.5484395027160645,-1.2091509103775024,1.97369978298906
36.595677852630615,2.4892513751983643,-1.2075740098953247,1.94828111959054
36.64542245864868,2.428713321685791,-1.217058777809143,1.91883888647887
36.69580864906311,2.3660998344421387,-1.2399487495422363,1.9040202197014
36.7455620765686,2.303112745285034,-1.2553846836090088,1.89345885423899
36.79564428329468,2.2436397075653076,-1.2351408004760742,1.8961776835054
36.84529662132263,2.187713384628296,-1.1956032514572144,1.8946896783175
36.89503812789917,2.1360714435577393,-1.1364719867706299,1.89625505225942
36.94532251358032,2.087637186050415,-1.0762513875961304,1.900622219755
36.99551224708557,2.040107011795044,-1.0331828594207764,1.89168991921697
37.04541325569153,1.994908094406128,-0.9870275259017944,1.88928920100682
37.09497141838074,1.9504934549331665,-0.9544785022735596,1.88737124182745
37.146191120147705,1.905136227607727,-0.942260205745697,1.8887963695574
37.19602155685425,1.8615031242370605,-0.9192801117897034,1.88395898380193
37.24774646759033,1.8135080337524414,-0.866405189037323,1.86133506682132
37.29544925689697,1.7808717489242554,-0.8516851663589478,1.85861032575558
37.345346450805664,1.7418073415756226,-0.8297042846679688,1.79506799675579
37.39541029930115,1.7029258012771606,-0.8139522075653076,1.76179987620996
37.44491624832153,1.659234642982483,-0.8463526964187622,1.74832687601377
37.495086669921875,1.6125081777572632,-0.8868856430053711,1.73691265304009
37.545111894607544,1.5687392950057983,-0.8859817981719971,1.72059563450295
37.59496235847473,1.5298972129821777,-0.8461998701095581,1.70986117822087
37.644964933395386,1.494400143623352,-0.7965150475502014,1.71430091428936
37.694693088531494,1.4601435661315918,-0.7571586966514587,1.73615232929914
37.745020627975464,1.4285410642623901,-0.7107318639755249,1.79087751770901
37.794942140579224,1.4019502401351929,-0.6418498158454895,1.85964155012666
37.84512734413147,1.3815312385559082,-0.550548255443573,1.95641308229157
37.89489769935608,1.3689311742782593,-0.4319170415401459,2.00773052515739
37.944849252700806,1.3654541969299316,-0.28683242201805115,2.00479936492245
37.99499034881592,1.364748477935791,-0.1808212399482727,1.93516997132963
38.04502201080322,1.35673987865448,-0.17840822041034698,1.9461410340426
38.09482741355896,1.3351281881332397,-0.2867512106895447,1.99812797279707
38.14483880996704,1.3099819421768188,-0.3731417953968048,2.04713890845597
38.19550442695618,1.2934273481369019,-0.35384175181388855,2.09098536606654
38.245298624038696,1.2882250547409058,-0.2522151470184326,2.08051732278535
38.29539132118225,1.2916080951690674,-0.12381213158369064,2.10935834689795
38.351296186447144,1.291882872581482,-0.0703241229057312,2.13848450336688
38.40113615989685,1.2896612882614136,-0.06003878265619278,2.18118082399861
38.4508740901947,1.2890841960906982,-0.04043319448828697,2.22119756906833
38.50069332122803,1.2929964065551758,0.00747286481782794,2.26185677173306
38.551872968673706,1.2997360229492188,0.05802586302161217,2.30502861497695
38.60080647468567,1.309030532836914,0.10879351943731308,2.35182076848145
38.65155100822449,1.3210499286651611,0.16100303828716278,2.40084010135533
38.70103621482849,1.3358817100524902,0.21475312113761902,2.4512341223256
38.75090980529785,1.353553056716919,0.26963549852371216,2.48520344704158
38.80148220062256,1.3723565340042114,0.31126856803894043,2.53132030108519
38.850974321365356,1.391015648841858,0.33509835600852966,2.58528114716546
38.901594161987305,1.4124324321746826,0.3721543848514557,2.6323359538704
38.95092415809631,1.4373972415924072,0.4225095212459564,2.68494322130593
39.001490354537964,1.4640991687774658,0.46610501408576965,2.71723375556279
39.050976037979126,1.492741584777832,0.5079562664031982,2.76588664489848
39.100921869277954,1.5204745531082153,0.5252699851989746,2.8146284621571
39.15102982521057,1.5485024452209473,0.5386572480201721,2.86390566859354
39.20106744766235,1.5802044868469238,0.5765393376350403,2.9200218376259
39.251871824264526,1.6143845319747925,0.6183851361274719,2.9631608698237
39.30125904083252,1.6510696411132812,0.6635516285896301,3.02099161335303
39.35184979438782,1.6888710260391235,0.699239194393158,3.07601531281971
39.402008295059204,1.7300535440444946,0.748218834400177,3.13266778586748
39.45191502571106,1.7715531587600708,0.779282808303833,3.18647614175738
39.50178003311157,1.8156050443649292,0.8190869688987732,3.23316096963869
39.55194807052612,1.8612961769104004,0.8556039333343506,3.28411619539326
39.60107660293579,1.9056177139282227,0.8661662936210632,3.33578381445428
39.651970624923706,1.9517626762390137,0.8880531191825867,3.39321725143048
39.70107316970825,1.9994375705718994,0.9129908680915833,3.44423830523393
39.75185537338257,2.049330472946167,0.9458068609237671,3.48187144170338
39.800942182540894,2.100416898727417,0.9746912717819214,3.5339200992949
39.84471130371094,2.1419973373413086,0.9985657334327698,3.58099619716627
39.895381927490234,2.1916134357452393,1.0027559995651245,3.62814792197114
39.94520688056946,2.2443220615386963,1.0314983129501343,3.6773013260173
39.99499773979187,2.298750162124634,1.060840129852295,3.69446993433669
40.044986963272095,2.352971076965332,1.0768206119537354,3.74126137553905
40.09450840950012,2.4053471088409424,1.0709704160690308,3.79028405601631
40.14473104476929,2.457125186920166,1.0640134811401367,3.8428841974882
40.19459128379822,2.5107314586639404,1.0751386880874634,3.89571712901549
40.247305154800415,2.5769543647766113,1.0920385122299194,3.92302230887708
40.29474139213562,2.6264660358428955,1.1438120603561401,3.97357894894305
40.34565830230713,2.6835520267486572,1.148675560951233,4.01980304641479
40.39562487602234,2.7403292655944824,1.1515384912490845,4.06582888736215
40.44484996795654,2.798339366912842,1.1627815961837769,4.10099585800507
40.50145363807678,2.8682315349578857,1.167393445968628,4.12272656537473
40.551103591918945,2.926593065261841,1.1651479005813599,4.16444560832213
40.601094245910645,2.9811296463012695,1.1335119009017944,4.20641172206143
40.65165376663208,3.035008430480957,1.1102070808410645,4.24938996922232
40.695984840393066,3.0831713676452637,1.145501732826233,4.29155026830661
40.74489235877991,3.1421456336975098,1.1666152477264404,4.33993708060453
40.79472517967224,3.202704668045044,1.1926798820495605,4.38601917170226
40.844780921936035,3.264552354812622,1.2182565927505493,4.43577803460003
40.89482498168945,3.3267316818237305,1.2361443042755127,4.48041954882781
40.944971323013306,3.388739585876465,1.245535969734192,4.52465109820455
40.99732446670532,3.4604086875915527,1.224845051765442,4.5636968119559
41.04475927352905,3.5117783546447754,1.2480250597000122,4.59572799710946
41.09498381614685,3.5716047286987305,1.2346304655075073,4.63498680379313
41.14488768577576,3.631221055984497,1.2261500358581543,4.67616038695106
41.19504499435425,3.690305233001709,1.2157866954803467,4.70964469583578
41.244972944259644,3.749824285507202,1.2141059637069702,4.75010527076307
41.29501676559448,3.810447931289673,1.2216355800628662,4.79025086702231
41.344874143600464,3.8703482151031494,1.219389796257019,4.82167282581258
41.39497947692871,3.930363655090332,1.2201014757156372,4.85507407372713
41.44506788253784,3.989867925643921,1.2154093980789185,4.88279876027047
41.49523615837097,4.04835844039917,1.204762578010559,4.92818544690678
41.54519009590149,4.106372356414795,1.194702386856079,4.95115598008984
41.59510540962219,4.16427755355835,1.1878339052200317,4.97873286711187
41.64523434638977,4.220926761627197,1.1728447675704956,4.99988593382924
41.695639848709106,4.276268482208252,1.1537604331970215,5.01931389283885
41.7449426651001,4.331117630004883,1.1385186910629272,5.05575903440886
41.794787883758545,4.384629249572754,1.1178828477859497,5.06433463416777
41.851091146469116,4.447009086608887,1.0854783058166504,5.06640756149065
41.90126156806946,4.498455047607422,1.0611598491668701,5.05766540523422
41.95117998123169,4.546318531036377,1.018168568611145,5.04605662523469
42.001362800598145,4.588851451873779,0.949749231338501,5.04931139205167
42.0511372089386,4.628426551818848,0.8858999609947205,5.03258812330798
42.10122632980347,4.6690592765808105,0.8565455675125122,5.00642984438337
42.15123391151428,4.70807409286499,0.8249894380569458,4.98945819871998
42.20109939575195,4.742522716522217,0.7693279981613159,4.9663026398007
42.25080609321594,4.774265766143799,0.7150685787200928,4.974134455485
42.30154585838318,4.803624153137207,0.6633963584899902,4.95007759344979
42.35130167007446,4.835501670837402,0.6533719897270203,4.93525303251833
42.401469230651855,4.866726398468018,0.6408514380455017,4.90991148083551
42.451518535614014,4.895336627960205,0.612409234046936,4.89289163570763
42.50126910209656,4.918970584869385,0.5554484128952026,4.89012497433643
42.55135130882263,4.941339492797852,0.5122750997543335,4.87639825069798
42.60149264335632,4.964160919189453,0.4899062216281891,4.85885556648308
42.65131449699402,4.987812042236328,0.48291292786598206,4.84371047010936
42.70128917694092,5.008808135986328,0.4567372798919678,4.82779982905288
42.751155853271484,5.027782440185547,0.4254290461540222,4.8319654636028
42.801857233047485,5.044334888458252,0.38722044229507446,4.81817488158328
42.85126996040344,5.061372756958008,0.368814617395401,4.80418804234054
42.901538610458374,5.077840805053711,0.35264599323272705,4.77765978037983
42.95124006271362,5.092203140258789,0.3259551525115967,4.75193955758001
43.00129795074463,5.103611946105957,0.2864024341106415,4.75071938943218
43.051209688186646,5.111758232116699,0.2367614060640335,4.71149485081041
43.10148239135742,5.121756076812744,0.2227887660264969,4.68184827835175
43.15144681930542,5.127314567565918,0.17717966437339783,4.64336001407409
43.20128893852234,5.129293918609619,0.1221921518445015,4.6108191618445
43.25115704536438,5.128286361694336,0.06542833149433136,4.57851322558807
43.30188345909119,5.126084804534912,0.02219114638864994,4.53434621308055
43.3511381149292,5.124020576477051,-0.0026563024148344994,4.494965078188
43.40191149711609,5.119216442108154,-0.040184058248996735,4.4507582596431
43.4513578414917,5.112588405609131,-0.07676342874765396,4.41210196069953
43.5016884803772,5.103798866271973,-0.11611726135015488,4.36997116100528
43.54541087150574,5.0943379402160645,-0.15690724551677704,4.33181511228315
43.60140585899353,5.079551696777344,-0.19814790785312653,4.29313986854266
43.65136122703552,5.066746711730957,-0.22061561048030853,4.24494591156774
43.6958224773407,5.055081367492676,-0.2450905591249466,4.20030496229265
43.750736236572266,5.0345778465271,-0.2916581332683563,4.13656977630591
43.79612469673157,5.018725395202637,-0.32716691493988037,4.08569190871076
43.8509578704834,4.992012977600098,-0.38402920961380005,4.03684283113923
43.89830827713013,4.967128753662109,-0.4282703697681427,3.98946275066499
43.94517421722412,4.945338249206543,-0.46838825941085815,3.94124713901145
43.995126247406006,4.918780326843262,-0.49639055132865906,3.89459208919826
44.045358657836914,4.8910722732543945,-0.5232192277908325,3.84473887889322
44.09550929069519,4.861066818237305,-0.558219850063324,3.79358375734666
44.14541959762573,4.829470634460449,-0.5914840698242188,3.73948679271061
44.19551229476929,4.7975029945373535,-0.6142823696136475,3.68359040044051
44.24514889717102,4.763121604919434,-0.6489350199699402,3.6295053960637
44.30102610588074,4.720155239105225,-0.6814913749694824,3.57157601340329
44.35131764411926,4.682472229003906,-0.7090744376182556,3.5135636674945
44.40090847015381,4.6432976722717285,-0.7378590106964111,3.45910327505345
44.45163655281067,4.6016526222229,-0.7749359011650085,3.40350851952472
44.50100874900818,4.558731555938721,-0.807008683681488,3.34762513986946
44.55130958557129,4.515635967254639,-0.827575147151947,3.2942425016491
44.60113978385925,4.4711833000183105,-0.851119875907898,3.23805946511859
44.651288986206055,4.425936222076416,-0.871364951133728,3.17453298398256
44.701415061950684,4.3788862228393555,-0.8981639742851257,3.10810130086654
44.75125074386597,4.329098701477051,-0.9361081719398499,3.05549490392449
44.80098366737366,4.27616548538208,-0.9838846921920776,2.99040056962562
44.85098838806152,4.223423004150391,-1.0103042125701904,2.92606898359901
44.90187096595764,4.170083045959473,-1.0314849615097046,2.86627223057763
44.951176166534424,4.11473274230957,-1.0604480504989624,2.81161273396539
45.00114154815674,4.058248043060303,-1.0865637063980103,2.77221042732006
45.051698446273804,4.001554012298584,-1.103833556175232,2.70966057752974
45.10115838050842,3.9468045234680176,-1.0984165668487549,2.64936785639733
45.15111303329468,3.891977310180664,-1.096508502960205,2.58849115295455
45.20112156867981,3.8332815170288086,-1.126726508140564,2.53044301959774
45.25104212760925,3.7734971046447754,-1.1525111198425293,2.513853409681
45.30173587799072,3.7121944427490234,-1.1804276704788208,2.4577015130922
45.35129404067993,3.6551854610443115,-1.1617729663848877,2.40302138934127
45.40154242515564,3.5967955589294434,-1.1634687185287476,2.34585256882528
45.45130920410156,3.5363621711730957,-1.1802747249603271,2.28980528292336
45.50122261047363,3.474863052368164,-1.1985810995101929,2.27204427526612
45.551717042922974,3.4113240242004395,-1.2260465621948242,2.21458094858999
45.60110354423523,3.351698875427246,-1.2100569009780884,2.15736330729867
45.651689291000366,3.2921853065490723,-1.2010835409164429,2.10611494898346
45.69635248184204,3.2403087615966797,-1.236924648284912,2.05544634039994
45.74560022354126,3.176666736602783,-1.2598007917404175,2.02472673655556
45.79528880119324,3.1120669841766357,-1.2809072732925415,1.96008275036192
45.84485459327698,3.0486035346984863,-1.283605694770813,1.90249698394582
45.89472794532776,2.984095335006714,-1.29563307762146,1.85321493841858
45.94534659385681,2.918938159942627,-1.3066856861114502,1.80511366419723
45.995341539382935,2.8529958724975586,-1.3205429315567017,1.78252529341898
46.050647020339966,2.7768166065216064,-1.2995526790618896,1.72857972122416
46.10093116760254,2.715876340866089,-1.264998435974121,1.6751715080966
46.15070056915283,2.654611110687256,-1.2482719421386719,1.6275586280141
46.2007200717926,2.590298891067505,-1.262529730796814,1.58728441828256
46.25093364715576,2.525484561920166,-1.2742173671722412,1.57633851969527
46.30100774765015,2.4609484672546387,-1.279071569442749,1.54273446835634
46.350698471069336,2.401822328567505,-1.237972378730774,1.50440830896089
46.400943994522095,2.343297004699707,-1.2101733684539795,1.46369372988724
46.45069122314453,2.2838294506073,-1.2007960081100464,1.41686241358118
46.500821113586426,2.221780300140381,-1.215861439704895,1.40081851755521
46.551018714904785,2.1595773696899414,-1.2253412008285522,1.36040488155612
46.60083508491516,2.0995500087738037,-1.2134772539138794,1.32070240459774
46.65096592903137,2.0411620140075684,-1.1936997175216675,1.27006619030275
46.7009961605072,1.9817852973937988,-1.1902239322662354,1.2164336573439
46.75000047683716,1.9195600748062134,-1.2108867168426514,1.18033914275877
46.80080533027649,1.8554185628890991,-1.2380762100219727,1.13322517972631
46.850796699523926,1.7939389944076538,-1.2323286533355713,1.08875574749131
46.90136098861694,1.7332499027252197,-1.223510980606079,1.04746886276767
46.95082688331604,1.6725525856018066,-1.2182915210723877,1.0111429554323
47.00089645385742,1.611730694770813,-1.2161263227462769,0.993473233083994
47.05099582672119,1.5524721145629883,-1.2020139694213867,0.961673895870267
47.10080146789551,1.4977701902389526,-1.1568793058395386,0.929405647667524
47.15091896057129,1.442604660987854,-1.1348857879638672,0.906861304506324
47.20077085494995,1.3875757455825806,-1.119917869567871,0.886107169501723
47.25082206726074,1.3326711654663086,-1.1099884510040283,0.875103591722118
47.30091905593872,1.2793298959732056,-1.0912246704101562,0.858254249989618
47.35080075263977,1.2287384271621704,-1.0579982995986938,0.844358533349899
47.400864362716675,1.1797078847885132,-1.0260285139083862,0.830515642410771
47.44580435752869,1.1389124393463135,-1.0269492864608765,0.820705774189472
47.49451565742493,1.0914350748062134,-1.0020661354064941,0.807167404013619
47.54483962059021,1.0449895858764648,-0.9791831374168396,0.798395546221163
47.59479641914368,0.9987550377845764,-0.9638422131538391,0.78771839251257
47.64491677284241,0.953656017780304,-0.9447073340415955,0.779236503752393
47.69470715522766,0.909684956073761,-0.9245253801345825,0.769633133826906
47.74486589431763,0.8673893213272095,-0.8983182907104492,0.761970530384673
47.79468846321106,0.8277782201766968,-0.8607022762298584,0.759353017354627
47.84495687484741,0.7886376976966858,-0.8356952667236328,0.759994516166525
47.894763469696045,0.7511734366416931,-0.8054223656654358,0.761692698928832
47.9450261592865,0.7157254815101624,-0.7717020511627197,0.769442456276043
47.99521255493164,0.6822745203971863,-0.7348979711532593,0.777497016918055
48.04525184631348,0.6501602530479431,-0.7025163173675537,0.793780422344373
48.09514331817627,0.6209266781806946,-0.6585169434547424,0.814384044597118
48.14535403251648,0.5942508578300476,-0.6123884916305542,0.840855612352408
48.195149421691895,0.5696735382080078,-0.5673651099205017,0.866005405858613
48.24513554573059,0.5476529002189636,-0.5194634199142456,0.889057556429796
48.295026779174805,0.5284479856491089,-0.4678342938423157,0.924226471434789
48.345064878463745,0.5108230113983154,-0.42469075322151184,0.965254640149118
48.394859790802,0.4960063695907593,-0.3748023211956024,1.00501533007225
48.445327281951904,0.4848971664905548,-0.3150927424430847,1.04340953675929
48.49507784843445,0.4771507978439331,-0.2521616816520691,1.06538201187639
48.545231103897095,0.4711148738861084,-0.20123697817325592,1.09721173417144
48.59487748146057,0.4651331603527069,-0.17030517756938934,1.13198216409489
48.645203590393066,0.459821492433548,-0.14542558789253235,1.16351283653826
48.695069551467896,0.45651230216026306,-0.11387592554092407,1.1898823857441
48.744872093200684,0.4546631872653961,-0.08368930965662003,1.19652760028048
48.795313358306885,0.45449721813201904,-0.05142751336097717,1.21067112420881
48.84527325630188,0.4542139172554016,-0.034171588718891144,1.2179805558803
48.89530396461487,0.45269671082496643,-0.03336721286177635,1.22808640595933
48.94532608985901,0.4516218304634094,-0.028299102559685707,1.23671359654422
48.99498200416565,0.45150360465049744,-0.01786988228559494,1.24200925463336
49.04475259780884,0.4518260955810547,-0.008215148001909256,1.24826137606142
49.09509086608887,0.45357629656791687,0.009770323522388935,1.25174277365394
49.1449830532074,0.4553527235984802,0.019581642001867294,1.25537131411483
49.19487810134888,0.4575011730194092,0.029502982273697853,1.25769489018107
49.2449746131897,0.4604460597038269,0.04160226136445999,1.25439596736624
49.29475116729736,0.46501508355140686,0.06257077306509018,1.24126271942047
49.34494161605835,0.4696817994117737,0.07472126185894012,1.2207315589833
49.39482617378235,0.4720481038093567,0.0630570575594902,1.20555772781956
49.44523596763611,0.47229114174842834,0.039660681039094925,1.19146577497513
49.494616746902466,0.4715616703033447,0.018126845359802246,1.14141121199899
49.5445282459259,0.4706326723098755,0.0036824459675699472,1.07338485889587
49.594889879226685,0.46722090244293213,-0.02649424597620964,1.00103965691555
49.64469265937805,0.45854929089546204,-0.08755715191364288,0.931630237400793
49.69541549682617,0.44468721747398376,-0.16542214155197144,0.864721838469052
49.744539737701416,0.42682430148124695,-0.2441616803407669,0.810592933970609
49.79512095451355,0.4084932208061218,-0.29379090666770935,0.761504936120361
49.845210552215576,0.3917171359062195,-0.3115113377571106,0.726191402272273
49.89478826522827,0.3764457404613495,-0.310501366853714,0.706440224596905
49.944857358932495,0.36221757531166077,-0.3018348217010498,0.686244503060001
49.99489164352417,0.3512013554573059,-0.2694856822490692,0.678004665562588
50.044729232788086,0.3419075012207031,-0.23796094954013824,0.661957038670768
50.09479999542236,0.33369380235671997,-0.20955701172351837,0.651658125723997
50.14469647407532,0.32502326369285583,-0.19723643362522125,0.648174940699668
50.19471573829651,0.3163253366947174,-0.18889766931533813,0.645699707343544
50.24546480178833,0.3081768751144409,-0.17965514957904816,0.644520113761838
50.29484558105469,0.3015425205230713,-0.16124893724918365,0.637676374775604
50.344778537750244,0.2949860990047455,-0.15078623592853546,0.631438621346925
50.39483141899109,0.2888234257698059,-0.14030620455741882,0.626863625829962
50.44482612609863,0.28345999121665955,-0.12785080075263977,0.62700926997918
50.49514842033386,0.27704477310180664,-0.1296835094690323,0.632913870227298
50.54500865936279,0.2718373239040375,-0.1191125363111496,0.640502791318865
50.59489154815674,0.2674272954463959,-0.10778447240591049,0.645734357490107
50.64544343948364,0.26523610949516296,-0.08151468634605408,0.647606447075886
50.69535851478577,0.2642018795013428,-0.058002013713121414,0.650240194894081
50.74804425239563,0.26242661476135254,-0.04558885097503662,0.655094829320472
50.79470467567444,0.26061442494392395,-0.045744601637125015,0.659730958222359
50.84499526023865,0.2594221830368042,-0.03662226349115372,0.665238493040802
50.8957781791687,0.25941002368927,-0.022037263959646225,0.673560485246154
50.94616961479187,0.2599024474620819,-0.009399212896823883,0.683416692155877
50.99869108200073,0.2605646550655365,-0.0002123888407368213,0.699581817648863
51.046109199523926,0.26222777366638184,0.014020038768649101,0.716473277116237
51.09568953514099,0.2665862739086151,0.044417090713977814,0.735700514964216
51.14574885368347,0.27285143733024597,0.0773640051484108,0.757035941557221
51.19561457633972,0.2797184884548187,0.10175637900829315,0.781581740530555
51.24754357337952,0.2892518937587738,0.1286851018667221,0.803858081937358
51.2955527305603,0.29690900444984436,0.1499682068824768,0.82802780334144
51.34557008743286,0.30623915791511536,0.16546112298965454,0.852491419381834
51.39554309844971,0.31670331954956055,0.18467523157596588,0.878371958887331
51.445576906204224,0.3282926380634308,0.20488238334655762,0.90442712400735
51.4961142539978,0.3415546417236328,0.23108407855033875,0.92246301902873
51.545328855514526,0.3561646342277527,0.25720012187957764,0.947441205163049
51.59477186203003,0.37113597989082336,0.27564066648483276,0.972257989553503
51.64470958709717,0.38594409823417664,0.2854287326335907,0.996503422504451
51.69486999511719,0.40174898505210876,0.30016395449638367,1.02264392791137
51.744861125946045,0.41868355870246887,0.3177226781845093,1.03870780313934
51.79480171203613,0.4360193908214569,0.33134424686431885,1.06037704411649
51.844578981399536,0.45332983136177063,0.3393098711967468,1.08589447211919
51.894781827926636,0.4717760980129242,0.3540279269218445,1.10963784557552
51.9448926448822,0.4914510250091553,0.37234097719192505,1.13002189082839
51.994868516922,0.5115801095962524,0.3868236541748047,1.14218601162582
52.04475474357605,0.5317018032073975,0.3954440653324127,1.16220277247741
52.09464168548584,0.5516222715377808,0.3990539014339447,1.1804326323591
52.150758504867554,0.5745031833648682,0.39176300168037415,1.20019722487136
52.200950384140015,0.5940052270889282,0.3905770182609558,1.2202551423098
52.25100874900818,0.615125834941864,0.40310776233673096,1.23499138491411
52.30110502243042,0.6374762058258057,0.42011919617652893,1.24957190776376
52.34899950027466,0.6586103439331055,0.42017921805381775,1.27414277702509
52.39500451087952,0.6766687035560608,0.43195807933807373,1.28467567428714
52.44496488571167,0.6987837553024292,0.43905946612358093,1.29188258645362
52.495131731033325,0.7212183475494385,0.4457838535308838,1.27771282655187
52.54513883590698,0.7423916459083557,0.4388978183269501,1.28218311991424
52.59551382064819,0.7607343196868896,0.4117306172847748,1.27960400054961
52.645326375961304,0.7782655358314514,0.39034971594810486,1.27553937788628
52.695372343063354,0.7951313853263855,0.3712290823459625,1.27920713958405
52.74506378173828,0.8112020492553711,0.35362768173217773,1.29060494791164
52.795079946517944,0.8284443020820618,0.35330304503440857,1.27138117211939
52.845325231552124,0.8472825884819031,0.3654417395591736,1.25346381463904
52.89521336555481,0.8643060326576233,0.35635411739349365,1.24639785412563
52.94506335258484,0.8773981928825378,0.3193625509738922,1.26651601815471
52.99496531486511,0.8891223669052124,0.2877946197986603,1.31715277447473
53.044997453689575,0.9040231704711914,0.2957635521888733,1.37287640505551
53.09534192085266,0.9251803755760193,0.3512207269668579,1.4239060461652
53.14511275291443,0.9536964893341064,0.44365161657333374,1.47583074438409
53.19557237625122,0.9868422746658325,0.5348103642463684,1.52764767821107
53.24566173553467,1.019861102104187,0.5872814655303955,1.5714821241856
53.29519200325012,1.0521734952926636,0.6144300699234009,1.6295822921354
53.34519696235657,1.0841264724731445,0.6279199123382568,1.7025662035251
53.39517045021057,1.1168529987335205,0.6431489586830139,1.77849360012921
53.44536471366882,1.1532098054885864,0.6826619505882263,1.8523268061809
53.49589157104492,1.1940921545028687,0.7424777150154114,1.89635169448805
53.545204162597656,1.2375798225402832,0.7984500527381897,1.95389740388473
53.59515023231506,1.2803059816360474,0.8249351978302002,2.01204711353318
53.645244121551514,1.3224669694900513,0.8376045227050781,2.07063396302985
53.695306062698364,1.3646976947784424,0.8457356691360474,2.12249066940954
53.74742364883423,1.4153237342834473,0.847558856010437,2.1629451648397
53.79483675956726,1.451483964920044,0.8684750199317932,2.20834859536123
53.84482216835022,1.4938596487045288,0.8653521537780762,2.2562908432105
53.89478397369385,1.5369466543197632,0.8701461553573608,2.29906034979743
53.94552206993103,1.581187129020691,0.8819324374198914,2.34051898017663
53.99676322937012,1.633288860321045,0.8777914643287659,2.37871909423834
54.04502272605896,1.672234058380127,0.912520170211792,2.42677473774817
54.09503936767578,1.7171809673309326,0.9116119146347046,2.47194640011484
54.14508652687073,1.7623729705810547,0.9152987599372864,2.52182774129001
54.19520807266235,1.8091717958450317,0.9299244284629822,2.56459513406565
54.24562096595764,1.8581116199493408,0.9564000964164734,2.59979507322292
54.295127391815186,1.9073901176452637,0.9737125635147095,2.64291867331562
54.344996213912964,1.9557563066482544,0.9770368337631226,2.68856541470776
54.39505887031555,2.0034008026123047,0.9734503626823425,2.73181649667584
54.44483923912048,2.051949977874756,0.9794628024101257,2.77968614567781
54.496437549591064,2.1004273891448975,0.9813411235809326,2.8195354583789
54.54531264305115,2.1493875980377197,0.9873649477958679,2.87119578864257
54.59514045715332,2.1993112564086914,0.9984201788902283,2.91648093015744
54.64515566825867,2.2510011196136475,1.0198615789413452,2.96591613218711
54.69531512260437,2.3028788566589355,1.0329914093017578,3.0129625177363
54.74548673629761,2.3551676273345947,1.0452018976211548,3.05722658312458
54.79516053199768,2.4082281589508057,1.058483362197876,3.11044805603189
54.84511470794678,2.4601988792419434,1.0568510293960571,3.16079607298506
54.89510178565979,2.513345718383789,1.067298412322998,3.21549559664897
54.945122718811035,2.567270517349243,1.0784015655517578,3.26217436035675
54.99511647224426,2.622070550918579,1.0929856300354004,3.30748879229352
55.045074701309204,2.6765825748443604,1.0983314514160156,3.35313884585003
55.09524726867676,2.7313456535339355,1.1046417951583862,3.40697783632115
55.1450138092041,2.785566568374634,1.1030654907226562,3.45548586508547
55.19517135620117,2.8400158882141113,1.1050522327423096,3.51222643966595
55.245068311691284,2.8953399658203125,1.1130039691925049,3.55611038718476
55.29482054710388,2.9524378776550293,1.1326450109481812,3.61097224232334
55.34476137161255,3.009770154953003,1.1450541019439697,3.66154854254475
55.39460825920105,3.066227436065674,1.1457300186157227,3.7179380905923
55.44459247589111,3.123384714126587,1.1527106761932373,3.77758938956097
55.49455261230469,3.1816375255584717,1.1653594970703125,3.82283545933438
55.54513478279114,3.2403788566589355,1.1767140626907349,3.88147777985752
55.59469294548035,3.299208402633667,1.1841984987258911,3.94009409456638
55.64479899406433,3.3579301834106445,1.1878509521484375,4.0029065945367
55.69455003738403,3.4178273677825928,1.2002909183502197,4.05544344361166
55.74471592903137,3.4790334701538086,1.217857003211975,4.10349044486947
55.79480266571045,3.540766954421997,1.232460618019104,4.15498805069725
55.84565186500549,3.601207733154297,1.230051875114441,4.21146285181639
55.89467692375183,3.6600289344787598,1.2160919904708862,4.26111569350214
55.944445848464966,3.7193543910980225,1.2127940654754639,4.31494012798458
55.99469614028931,3.7798709869384766,1.220021367073059,4.35365371322442
56.04460120201111,3.84106707572937,1.2296035289764404,4.40488232031088
56.09478735923767,3.9011917114257812,1.225898027420044,4.46434562571886
56.145015716552734,3.959883213043213,1.2126022577285767,4.52024371158109
56.195207595825195,4.019196510314941,1.2106080055236816,4.57439220652523
56.24716591835022,4.091367244720459,1.2111912965774536,4.62566267990383
56.29502844810486,4.143779754638672,1.2474403381347656,4.67733045891639
56.34475755691528,4.204558372497559,1.241636872291565,4.73406560941668
56.39494252204895,4.266025066375732,1.2458125352859497,4.7861111833343
56.44499230384827,4.328066349029541,1.2515887022018433,4.84103348855241
56.495383739471436,4.389625072479248,1.2513208389282227,4.88075851759268
56.54491996765137,4.45084810256958,1.24856436252594,4.93314252093105
56.60371446609497,4.521797180175781,1.2212127447128296,4.9831847427799
56.64755034446716,4.58278751373291,1.2191779613494873,5.03627313989011
56.69741773605347,4.642096042633057,1.2042282819747925,5.08597519032774
56.744792222976685,4.69215202331543,1.223572850227356,5.12540702014717
56.795560121536255,4.751279830932617,1.2145837545394897,5.17404689077756
56.84451699256897,4.810857772827148,1.2138372659683228,5.22737862662449
56.894777059555054,4.871528625488281,1.2218416929244995,5.27336410566872
56.9459331035614,4.932793140411377,1.2312219142913818,5.32218227504036
56.995474338531494,4.992929458618164,1.2269587516784668,5.36515686094047
57.05107069015503,5.061039447784424,1.1874052286148071,5.41308411554454
57.10108709335327,5.118921756744385,1.1741712093353271,5.45943448631484
57.145031213760376,5.167320728302002,1.1894394159317017,5.50737815603773
57.194993019104004,5.225165367126465,1.1842150688171387,5.55450179684426
57.24486184120178,5.284523963928223,1.1939499378204346,5.59398117060414
57.29500126838684,5.344157695770264,1.200738549232483,5.63976415829282
57.345381021499634,5.401738166809082,1.187774896621704,5.6809199377565
57.39507174491882,5.458735466003418,1.1766670942306519,5.72605552993367
57.44509220123291,5.514995098114014,1.1631444692611694,5.77125268756465
57.49496793746948,5.5716166496276855,1.1590027809143066,5.80410117724498
57.544957637786865,5.628011226654053,1.153604507446289,5.84891408127098
57.59480810165405,5.682275295257568,1.132735252380371,5.88754048152641
57.644715309143066,5.736080646514893,1.1178536415100098,5.92351068027795
57.694740533828735,5.790657043457031,1.114898920059204,5.962991790997
57.744799852371216,5.844512939453125,1.1063884496688843,5.99938891294703
57.79481911659241,5.897292613983154,1.0929756164550781,6.03721974978154
57.84489560127258,5.949615001678467,1.0814048051834106,6.07351309206589
57.894694328308105,6.001876354217529,1.074000358581543,6.10058075870488
57.9447705745697,6.052928447723389,1.059048056602478,6.12659564446048
57.99427270889282,6.1027045249938965,1.040231704711914,6.14948194296542
58.04483652114868,6.150669574737549,1.0137940645217896,6.1640856374411
58.09469032287598,6.1971940994262695,0.9868200421333313,6.16939593555698
58.14465546607971,6.240641117095947,0.9445407390594482,6.16961762922714
58.194746017456055,6.2813520431518555,0.8980655074119568,6.16628103013853
58.24551796913147,6.319845676422119,0.8519172072410583,6.16543182262451
58.2946572303772,6.355724811553955,0.8028906583786011,6.15319708090504
58.344687700271606,6.388772010803223,0.7504656910896301,6.13632355847471
58.40084958076477,6.425241470336914,0.687131941318512,6.12689426536526
58.45076656341553,6.4532647132873535,0.6356035470962524,6.11860600087258
58.50081205368042,6.479357719421387,0.5898151397705078,6.12269633839065
58.54484677314758,6.5009942054748535,0.5753310322761536,6.12046653647551
58.594868898391724,6.527089595794678,0.5580630302429199,6.11643867395362
58.64484262466431,6.552491188049316,0.5411829948425293,6.11640910032511
58.69679927825928,6.5809502601623535,0.5117924809455872,6.12129973350372
58.745158433914185,6.59999418258667,0.5010231733322144,6.13388037876687
58.79570126533508,6.621623992919922,0.4766941964626312,6.13827875160777
58.846219301223755,6.644194602966309,0.4705500900745392,6.14900232169116
58.89545226097107,6.666994094848633,0.46747279167175293,6.16033876895721
58.94519376754761,6.687932968139648,0.4500810503959656,6.17045467367808
58.99540853500366,6.70852518081665,0.43815088272094727,6.18457423371676
59.045154333114624,6.728566646575928,0.42557820677757263,6.19919864933897
59.09504151344299,6.747745037078857,0.411376416683197,6.21427771207042
59.14508008956909,6.766634941101074,0.40063706040382385,6.2300146138937
59.19558668136597,6.784229278564453,0.38302427530288696,6.24513158804966
59.24476885795593,6.801883220672607,0.37409594655036926,6.26336122468561
59.295222997665405,6.819205284118652,0.3650173246860504,6.28003004858252
59.34514045715332,6.837075710296631,0.36498016119003296,6.2959364851502
59.395137310028076,6.854758262634277,0.3623407185077667,6.3122975364996
59.44530463218689,6.871610164642334,0.3543366491794586,6.32884131778363
59.496713161468506,6.8906965255737305,0.33856114745140076,6.34989358589145
59.54693961143494,6.905333995819092,0.3196388781070709,6.36451598290064
59.59468650817871,6.9180006980896,0.31981223821640015,6.38104191812117
59.64465689659119,6.932543754577637,0.30984824895858765,6.3997805891438
59.69501543045044,6.947606086730957,0.3090556859970093,6.41546604971885
59.744828939437866,6.962477207183838,0.30593785643577576,6.43335191335174
59.7948272228241,6.97652530670166,0.29771095514297485,6.44903252871521
59.844828367233276,6.990177631378174,0.28972136974334717,6.47116636694784
59.89753246307373,7.005923271179199,0.27797845005989075,6.48467256261026
59.94483542442322,7.017340660095215,0.28127649426460266,6.50319216120375
59.994961738586426,7.031055927276611,0.28035855293273926,6.51845529547309
60.04463982582092,7.044866561889648,0.2805475890636444,6.5358443211338
60.09501600265503,7.057405948638916,0.2696686387062073,6.55186203935372
60.144543170928955,7.069868087768555,0.2637225389480591,6.57406465062612
60.194934129714966,7.081834316253662,0.25516024231910706,6.59598068064438
60.244853258132935,7.0942206382751465,0.25444144010543823,6.62429010727147
60.30114769935608,7.108231544494629,0.24489599466323853,6.64877280691596
60.351054430007935,7.122779846191406,0.26356473565101624,6.67732996890302
60.3948655128479,7.135347843170166,0.2810630798339844,6.70819152939548
60.444822788238525,7.150104522705078,0.2882794737815857,6.73694523332636
60.494842767715454,7.164473056793213,0.28960511088371277,6.76022008035564
60.54472517967224,7.179871559143066,0.29952675104141235,6.79037917941286
60.59480905532837,7.195198059082031,0.303744912147522,6.82557414825719
60.64458465576172,7.210953712463379,0.31075865030288696,6.86072399824446
60.69481444358826,7.227612495422363,0.321939617395401,6.89574727329792
60.74452185630798,7.244657039642334,0.331620454788208,6.92108991082537
60.7949755191803,7.261754989624023,0.33783161640167236,6.95352758852614
60.84466505050659,7.278748989105225,0.34075406193733215,6.99253770533191
60.89485740661621,7.296938419342041,0.35290902853012085,7.02672341107652
60.94511365890503,7.3164567947387695,0.3704613149166107,7.06205295108402
60.99548959732056,7.335183143615723,0.3736863136291504,7.09993622371178
61.04497814178467,7.353850364685059,0.37633612751960754,7.1329486028633
61.094831228256226,7.374510288238525,0.3944851756095886,7.1691908796232
61.14476728439331,7.395592212677002,0.4074550271034241,7.20730072597164
61.19488048553467,7.41725492477417,0.4208812117576599,7.24839147911984
61.244680643081665,7.439781665802002,0.4356068968772888,7.2766440376566
61.29540133476257,7.462586879730225,0.4465790092945099,7.31405994723341
61.345309257507324,7.484004974365234,0.4412643313407898,7.35303766797958
61.39497780799866,7.505136966705322,0.43703845143318176,7.38718924573485
61.444775342941284,7.528255939483643,0.45102858543395996,7.42170268009112
61.4966995716095,7.555697917938232,0.4544677436351776,7.46068289293813
61.544856786727905,7.576206207275391,0.4753779470920563,7.4983574405922
61.595295906066895,7.60146951675415,0.49057242274284363,7.53295298160331
61.645484924316406,7.627057075500488,0.5021826028823853,7.56894183890412
61.69529175758362,7.6526103019714355,0.5088730454444885,7.60101492535832
61.745296478271484,7.677987098693848,0.5115190148353577,7.63219948898293
61.79525923728943,7.703178882598877,0.511674702167511,7.65951851286475
61.84501266479492,7.728236198425293,0.5107277035713196,7.68969158284878
61.89529776573181,7.751884460449219,0.4981047809123993,7.71817723275781
61.945931911468506,7.775397777557373,0.4906679093837738,7.74419810904367
61.99495840072632,7.8010783195495605,0.504124641418457,7.76632828300088
62.045000314712524,7.826076984405518,0.5045832991600037,7.78198405401591
62.09526777267456,7.850399971008301,0.5008041262626648,7.79769635273008
62.14532399177551,7.873753547668457,0.48988261818885803,7.8063923146869
62.195303201675415,7.895910263061523,0.47408926486968994,7.81546319512055
62.24632239341736,7.916243076324463,0.4493635296821594,7.8359131636437
62.29473876953125,7.93508768081665,0.423044890165329,7.83331589022995
62.34479284286499,7.95481014251709,0.415230929851532,7.82793835993516
62.394803285598755,7.973421573638916,0.39962634444236755,7.82141886997038
62.444992542266846,7.99008321762085,0.3752106726169586,7.80458158226934
62.49494743347168,8.004584312438965,0.34271422028541565,7.80732952547849
62.544968128204346,8.016199111938477,0.29977354407310486,7.79109227792323
62.595139503479004,8.027321815490723,0.27141091227531433,7.77821193719973
62.64491033554077,8.038164138793945,0.2510835826396942,7.76120985581362
62.69508934020996,8.0471773147583,0.22359493374824524,7.75636480806583
62.744924783706665,8.054759979248047,0.1960725337266922,7.76197186439827
62.79523944854736,8.061954498291016,0.17658616602420807,7.76346205955194
62.84496879577637,8.070652961730957,0.17769598960876465,7.76870544488469
62.89530563354492,8.079814910888672,0.18077455461025238,7.77174423161728
62.94559335708618,8.089812278747559,0.1902392953634262,7.77900327198205
62.99510598182678,8.099608421325684,0.19319602847099304,7.79371376363891
63.04563808441162,8.108437538146973,0.1874910593032837,7.80487841399643
63.09547758102417,8.118046760559082,0.1912621408700943,7.81145741440257
63.14552617073059,8.127544403076172,0.1915024220943451,7.82298332893349
63.195040225982666,8.136200904846191,0.18513955175876617,7.82798517094663
63.24495196342468,8.144405364990234,0.17783445119857788,7.85641331907144
63.29510521888733,8.15245532989502,0.17226608097553253,7.86104013032361
63.34524464607239,8.161857604980469,0.18054847419261932,7.87288252546418
63.395397901535034,8.171453475952148,0.18583782017230988,7.88222945703063
63.4450306892395,8.18030834197998,0.18327941000461578,7.88934274887016
63.497209787368774,8.190027236938477,0.17384757101535797,7.90525638326139
63.54619264602661,8.195533752441406,0.1619117259979248,7.91742605818175
63.595256090164185,8.202219009399414,0.15218055248260498,7.92589700288478
63.64533090591431,8.209775924682617,0.15308599174022675,7.93568057820478
63.695247650146484,8.217930793762207,0.1582423895597458,7.94504671874938
63.74538588523865,8.226390838623047,0.16369925439357758,7.96374504916722
63.79529023170471,8.233609199523926,0.1562006175518036,7.97677754526068
63.84524607658386,8.242029190063477,0.1633288562297821,7.98587372957398
63.89505696296692,8.251319885253906,0.173164963722229,7.99536590892157
63.9452850818634,8.258912086486816,0.16475509107112885,8.0063067159202
63.99475884437561,8.266066551208496,0.15751351416110992,8.02063714894623
64.04470467567444,8.272500991821289,0.14643307030200958,8.02761127486934
64.09468340873718,8.279252052307129,0.14341296255588531,8.03728636487691
64.15173816680908,8.2883882522583,0.1481659859418869,8.04752173346239
64.19635081291199,8.294124603271484,0.14668723940849304,8.05763904210546
64.2517683506012,8.30256175994873,0.14481410384178162,8.06634980418884
64.30104756355286,8.309015274047852,0.1381126195192337,8.07316100018493
64.34513354301453,8.315059661865234,0.14308993518352509,8.08065164821747
64.39508509635925,8.321738243103027,0.13967987895011902,8.09020324541844
64.44478702545166,8.327481269836426,0.1304086297750473,8.09650934036944
64.50089979171753,8.333600044250488,0.11768501251935959,8.10209281040012
64.55090832710266,8.34048080444336,0.12588593363761902,8.10965467628564
64.6008927822113,8.345297813415527,0.11338748037815094,8.12002607856637
64.64462494850159,8.34915828704834,0.108207568526268,8.12839197528258
64.69466233253479,8.355427742004395,0.1167866662144661,8.13274314886952
64.74518585205078,8.362159729003906,0.12433388829231262,8.15058663487569
64.79451036453247,8.368289947509766,0.12420553714036942,8.16149443722156
64.84473967552185,8.37399673461914,0.12085382640361786,8.168658830449
64.89457178115845,8.379478454589844,0.11711622029542923,8.18126465013929
64.94458675384521,8.3848876953125,0.11430582404136658,8.19117312483549
64.99471139907837,8.391642570495605,0.12419407814741135,8.20139913733633
65.04456210136414,8.398550987243652,0.13013437390327454,8.218671320088
65.09469151496887,8.40467357635498,0.12762492895126343,8.23267058445205
65.14469194412231,8.411632537841797,0.13374508917331696,8.24724076386289
65.19557213783264,8.419801712036133,0.14677266776561737,8.2636470750611
65.24534487724304,8.427199363708496,0.14744149148464203,8.27237631542864
65.29560708999634,8.434610366821289,0.14911635220050812,8.28726227660801
65.34574246406555,8.441415786743164,0.14427585899829865,8.30801421815422
65.39544725418091,8.448479652404785,0.14453594386577606,8.32273148180125
65.44569182395935,8.457813262939453,0.1634039431810379,8.33697530541465
65.49541592597961,8.467750549316406,0.17820225656032562,8.36058452549026
65.54571413993835,8.477021217346191,0.1819143146276474,8.37114242110496
65.59530472755432,8.485733985900879,0.17983168363571167,8.39469361753038
65.6508195400238,8.495434761047363,0.17186123132705688,8.40979114630876
65.70082521438599,8.505329132080078,0.18237708508968353,8.42568840826295
65.7510895729065,8.514768600463867,0.1844184547662735,8.43343878886327
65.80119442939758,8.525171279907227,0.19382113218307495,8.45627718174753
65.85081815719604,8.534708976745605,0.1920424997806549,8.47200264670859
65.9010717868805,8.545008659362793,0.1975933462381363,8.48462177178459
65.95090126991272,8.554388046264648,0.1930760145187378,8.49397492989524
65.99510359764099,8.562854766845703,0.200053870677948,8.49629533640457
66.04458498954773,8.572385787963867,0.19702956080436707,8.49675971351521
66.09496760368347,8.580940246582031,0.18766401708126068,8.4913500046616
66.14475464820862,8.589015007019043,0.1783457100391388,8.47732130578562
66.19473600387573,8.594292640686035,0.14880764484405518,8.4640162487766
66.24508380889893,8.596741676330566,0.10925525426864624,8.45540922030663
66.29508066177368,8.5980863571167,0.07702258974313736,8.43360599388213
66.34519505500793,8.600716590881348,0.06881207227706909,8.41951898605241
66.39513206481934,8.602532386779785,0.05526630952954292,8.3994963198823
66.4446816444397,8.60256290435791,0.03334991633892059,8.38016115616543
66.49496150016785,8.600491523742676,0.0028056406881660223,8.37523799910878
66.54484629631042,8.5968656539917,-0.027501223608851433,8.35667561526605
66.59504508972168,8.59416389465332,-0.03735779970884323,8.33879529716779
66.64511442184448,8.591763496398926,-0.042099907994270325,8.32345612064118
66.69519114494324,8.588927268981934,-0.04831347614526749,8.30682300775511
66.7450213432312,8.585922241210938,-0.0533364936709404,8.29727068912763
66.79497075080872,8.58157730102539,-0.06786728650331497,8.28252844469878
66.84506964683533,8.577190399169922,-0.07573573291301727,8.26281290132021
66.8949773311615,8.572375297546387,-0.08492669463157654,8.24768438033854
66.94525790214539,8.565372467041016,-0.10850533843040466,8.23087982879214
66.99574589729309,8.557931900024414,-0.12484297156333923,8.21957545454144
67.04566693305969,8.54997730255127,-0.13977845013141632,8.20035512486324
67.09575390815735,8.541238784790039,-0.15478384494781494,8.1846974408882
67.1447684764862,8.532285690307617,-0.16542981564998627,8.16843100102008
67.19495296478271,8.523423194885254,-0.1711149513721466,8.14633285293585
67.24491286277771,8.514753341674805,-0.17302881181240082,8.13514941860015
67.29485607147217,8.503594398498535,-0.19574546813964844,8.11761247221316
67.34499645233154,8.492341041564941,-0.20774990320205688,8.10312636253048
67.39520955085754,8.481475830078125,-0.21311381459236145,8.09245058806465
67.44511222839355,8.47024917602539,-0.21912336349487305,8.08816552185716
67.4961245059967,8.458902359008789,-0.22364923357963562,8.09197394367595
67.54485821723938,8.448908805847168,-0.214736670255661,8.09483042454858
67.59481525421143,8.4404296875,-0.1976918876171112,8.10440456538527
67.6450765132904,8.432636260986328,-0.18218015134334564,8.12091582348218
67.69496750831604,8.424976348876953,-0.17185650765895844,8.13572735608304
67.74500036239624,8.418510437011719,-0.1552744060754776,8.15614601974657
67.79488492012024,8.414607048034668,-0.12436876446008682,8.1812633723503
67.84513473510742,8.411240577697754,-0.10286885499954224,8.20576199883017
67.89498805999756,8.409677505493164,-0.0737176313996315,8.23358644929549
67.94510531425476,8.408909797668457,-0.05126352980732918,8.26123376384552
67.99510025978088,8.408774375915527,-0.031769733875989914,8.29180099700692
68.04513883590698,8.410734176635742,-0.0027161873877048492,8.32614492800693
68.0949285030365,8.414278984069824,0.02693161740899086,8.36115305708855
68.14491438865662,8.418272018432617,0.04815573990345001,8.397599575757
68.20076656341553,8.424417495727539,0.07368117570877075,8.4348299794914
68.25172781944275,8.432449340820312,0.10841803252696991,8.46511225560944
68.29493594169617,8.44025993347168,0.13771864771842957,8.50415891223748
68.34467315673828,8.449971199035645,0.16107086837291718,8.54127490957021
68.39486312866211,8.460805892944336,0.1849062293767929,8.58349055334735
68.44476866722107,8.472652435302734,0.20700867474079132,8.6246563952692
68.50129461288452,8.486692428588867,0.21962030231952667,8.65799911901988
68.55069756507874,8.501910209655762,0.25359317660331726,8.70059416260324
68.60081219673157,8.515938758850098,0.26328617334365845,8.74278182370397
68.65093493461609,8.531569480895996,0.2829444408416748,8.7808384658195
68.70092725753784,8.550324440002441,0.31960710883140564,8.81709643307887
68.75085210800171,8.569128036499023,0.34120890498161316,8.84711133687983
68.80108094215393,8.588807106018066,0.36165425181388855,8.88797546137634
68.8508574962616,8.607309341430664,0.3640768229961395,8.92782928046485
68.9012770652771,8.62795639038086,0.3835657238960266,8.96595577234029
68.9508068561554,8.65041446685791,0.4092482924461365,9.00433208584859
69.00087761878967,8.673574447631836,0.43004900217056274,9.03102868465603
69.05110287666321,8.696756362915039,0.44268810749053955,9.07113334383544
69.10081315040588,8.719667434692383,0.44816917181015015,9.11580373196604
69.15077137947083,8.743962287902832,0.4628831148147583,9.15232328564496
69.20079898834229,8.770974159240723,0.49341875314712524,9.18525701619791
69.2511157989502,8.797881126403809,0.5101795792579651,9.21074049247676
69.30076837539673,8.823966026306152,0.5138661861419678,9.24225302541334
69.35092282295227,8.849384307861328,0.5109284520149231,9.27598860223346
69.40078377723694,8.8760986328125,0.5199127197265625,9.30714286126023
69.45079517364502,8.903894424438477,0.5336525440216064,9.3345241946362
69.4953362941742,8.927525520324707,0.5541913509368896,9.34299468469656
69.55081129074097,8.958746910095215,0.5389702320098877,9.38748504596151
69.60091400146484,8.983962059020996,0.5243978500366211,9.41295067179126
69.65086460113525,9.011927604675293,0.5383817553520203,9.44795088742219
69.6950352191925,9.035884857177734,0.5600063800811768,9.48441777677893
69.74793076515198,9.070700645446777,0.5712550282478333,9.50951744121517
69.79513788223267,9.098048210144043,0.6107473373413086,9.53937490299919
69.84507942199707,9.129524230957031,0.6208624243736267,9.56827349368678
69.89475703239441,9.159979820251465,0.6202064752578735,9.60024346657582
69.94471478462219,9.190486907958984,0.6202033162117004,9.6256410920148
69.99653482437134,9.221029281616211,0.6204782128334045,9.65171215383635
70.04475474357605,9.251590728759766,0.6207907795906067,9.67904152122589
70.09496116638184,9.282157897949219,0.6210240125656128,9.71462479239313
70.14482259750366,9.312724113464355,0.6211574673652649,9.74572127428314
70.19487881660461,9.344622611999512,0.6326959729194641,9.77631036385086
70.24493741989136,9.377960205078125,0.6507314443588257,9.81758489621058
70.29476809501648,9.41057300567627,0.6547672748565674,9.84787917339169
70.34567403793335,9.444491386413574,0.6696124076843262,9.87983405015591
70.40091228485107,9.484801292419434,0.6717461347579956,9.9005118968754
70.45100378990173,9.518861770629883,0.6745113730430603,9.92966981781656
70.50086379051208,9.550785064697266,0.6589142084121704,9.96931720933938
70.55133247375488,9.582881927490234,0.6516404747962952,9.98966710115341
70.60081744194031,9.617334365844727,0.6662250757217407,10.0164801633779
70.65133047103882,9.651792526245117,0.6742713451385498,10.0415257124153
70.70102643966675,9.685702323913574,0.674861490726471,10.0758055947653
70.75107598304749,9.717511177062988,0.6582384705543518,10.1018364731153
70.80135488510132,9.751241683959961,0.6646011471748352,10.1309450903999
70.85080766677856,9.785224914550781,0.6696317791938782,10.158400663286
70.90131831169128,9.818904876708984,0.67029869556427,10.1866427619096
70.95066666603088,9.852355003356934,0.668921947479248,10.2131828887337
70.99636101722717,9.881604194641113,0.6919131875038147,10.2398256711835
71.0448670387268,9.916319847106934,0.6968599557876587,10.2688484585401
71.1007022857666,9.955642700195312,0.679179310798645,10.2950724276585
71.14502120018005,9.984888076782227,0.6987140774726868,10.3190144659177
71.20047044754028,10.023308753967285,0.6721227765083313,10.3382735052917
71.24621844291687,10.051730155944824,0.687290370464325,10.3603052389735
71.29474210739136,10.084455490112305,0.6775477528572083,10.3766545339282
71.34527039527893,10.116601943969727,0.6683990359306335,10.4056513869907
71.39501070976257,10.147968292236328,0.655727744102478,10.4314111760227
71.44525957107544,10.179647445678711,0.6517141461372375,10.4494470076735
71.4952621459961,10.212397575378418,0.6575862169265747,10.4790231413108
71.545241355896,10.245772361755371,0.6659355163574219,10.4918521136727
71.59524583816528,10.279400825500488,0.6728965640068054,10.5136128719484
71.64521622657776,10.310380935668945,0.6542644500732422,10.5325909053905
71.69529128074646,10.339725494384766,0.6316335797309875,10.5510650901546
71.74524545669556,10.369184494018555,0.6189545392990112,10.5699866674208
71.79497337341309,10.399012565612793,0.61421138048172,10.5827166502307
71.84493780136108,10.429210662841797,0.6142265796661377,10.5983269990135
71.89526748657227,10.458334922790527,0.6047728061676025,10.6044215024088
71.94521951675415,10.4874906539917,0.6005150675773621,10.6057927228067
71.99542474746704,10.514852523803711,0.5817731618881226,10.6023219705411
72.04513096809387,10.539855003356934,0.5523002743721008,10.6001479811205
72.09542393684387,10.562519073486328,0.5154093503952026,10.5831325255092
72.14557719230652,10.583606719970703,0.48112204670906067,10.5651310047858
72.19490599632263,10.601686477661133,0.43500199913978577,10.5492954384258
72.24497604370117,10.617168426513672,0.387286514043808,10.5398632871709
72.29522275924683,10.631893157958984,0.3528483211994171,10.524872731199
72.34509301185608,10.64686393737793,0.3341185450553894,10.5171864005162
72.3947811126709,10.661101341247559,0.3160555958747864,10.5069521453167
72.44471430778503,10.674469947814941,0.2985231280326843,10.4989137854366
72.49486446380615,10.686287879943848,0.2748616933822632,10.5045747295491
72.54512238502502,10.698121070861816,0.26197174191474915,10.5006847018605
72.60051846504211,10.713173866271973,0.2580036520957947,10.4946347936027
72.65073752403259,10.725213050842285,0.25056546926498413,10.4878788755783
72.69521021842957,10.734564781188965,0.2455708235502243,10.4819519674568
72.74648094177246,10.743989944458008,0.2234756499528885,10.4798992495577
72.79501962661743,10.751867294311523,0.19827796518802643,10.4739787589589
72.84564971923828,10.760555267333984,0.19061815738677979,10.4715255626747
72.89499020576477,10.768082618713379,0.17471303045749664,10.4673575976496
72.9455828666687,10.774965286254883,0.16137439012527466,10.4600099523471
72.99636387825012,10.78111743927002,0.14657436311244965,10.463607130073
73.0447051525116,10.786332130432129,0.13045303523540497,10.4638211819791
73.09577679634094,10.792582511901855,0.12996873259544373,10.4573184952406
73.1450297832489,10.79900074005127,0.12981227040290833,10.4530565047888
73.1957676410675,10.803449630737305,0.11332617700099945,10.452301294113
73.24683737754822,10.806434631347656,0.08415421098470688,10.4460588936913
73.29502010345459,10.809399604797363,0.08142831176519394,10.444636215974
73.34506225585938,10.811388969421387,0.06416569650173187,10.4427335407281
73.39515662193298,10.812674522399902,0.04955289512872696,10.4384277695494
73.44517993927002,10.814552307128906,0.04536925628781319,10.4420390645381
73.49741888046265,10.817364692687988,0.04637737199664116,10.4525414643129
73.54508805274963,10.819668769836426,0.050281357020139694,10.4537921263621
73.59455680847168,10.822548866271973,0.05354990065097809,10.4539780303636
73.64478302001953,10.824130058288574,0.044306252151727676,10.4599564590053
73.70093274116516,10.82586669921875,0.037946976721286774,10.4600378142149
73.75117683410645,10.826523780822754,0.027814606204628944,10.4618284010681
73.8009557723999,10.828058242797852,0.029256070032715797,10.4641098921363
73.85111498832703,10.828847885131836,0.023633334785699844,10.46549442416
73.90174126625061,10.828869819641113,0.01433339063078165,10.4726273159997
73.95102119445801,10.828559875488281,0.006192524917423725,10.4757568938855
74.00134801864624,10.82819938659668,0.0009249669383279979,10.4765989075899
74.05183839797974,10.82962417602539,0.012297071516513824,10.4780632203459
74.0950984954834,10.830565452575684,0.01586608588695526,10.4822090376982
74.14550518989563,10.82976245880127,0.002137470291927457,10.4859353035129
74.19551396369934,10.828387260437012,-0.009350121952593327,10.4898430533875
74.24498248100281,10.827624320983887,-0.011492293328046799,10.4839288923316
74.29493689537048,10.827345848083496,-0.009040243923664093,10.4875971939459
74.3449318408966,10.826019287109375,-0.016839614138007164,10.4935783059217
74.39488649368286,10.824703216552734,-0.02025909349322319,10.496745443946
74.45080828666687,10.824207305908203,-0.014509427361190319,10.4949029300931
74.50108766555786,10.822591781616211,-0.02191254496574402,10.4946589206135
74.55093383789062,10.821577072143555,-0.0209688451141119,10.4930501061212
74.60075402259827,10.819634437561035,-0.02830902487039566,10.4932861377839
74.65138578414917,10.816832542419434,-0.03934584558010101,10.4948772998235
74.7010326385498,10.81367301940918,-0.048724595457315445,10.4850274560784
74.74486017227173,10.811003684997559,-0.05483059212565422,10.4674468668389
74.79457592964172,10.807883262634277,-0.05812902748584747,10.4523018669816
74.84477376937866,10.803566932678223,-0.07052581757307053,10.4354933628334
74.89483141899109,10.796588897705078,-0.09968000650405884,10.4156234835978
74.9445424079895,10.787631034851074,-0.132452592253685,10.3922672279403
74.9945387840271,10.77801513671875,-0.15717361867427826,10.3782348401851
75.04471516609192,10.768495559692383,-0.17124538123607635,10.356068364298
75.09452366828918,10.758028030395508,-0.188164621591568,10.3444811147834
75.14464497566223,10.747851371765137,-0.1948930323123932,10.32870925997
75.19468283653259,10.737456321716309,-0.2017776519060135,10.3160868245141
75.24500608444214,10.726304054260254,-0.21174867451190948,10.3083314509099
75.29499077796936,10.714842796325684,-0.22011350095272064,10.294343091671
75.34623003005981,10.70468807220459,-0.2138649970293045,10.2808003328107
75.39492988586426,10.69473934173584,-0.2096908986568451,10.2652939932382
75.44498538970947,10.68408489227295,-0.21264831721782684,10.2545475996539
75.49499535560608,10.671662330627441,-0.2292553037405014,10.2441975811418
75.54492974281311,10.658939361572266,-0.24035057425498962,10.2309354673686
75.5950231552124,10.645681381225586,-0.25230732560157776,10.2159777770092
75.64500379562378,10.631556510925293,-0.2661685347557068,10.19995716289
75.69475412368774,10.618467330932617,-0.2653008997440338,10.185487509341
75.74479651451111,10.604181289672852,-0.2763654291629791,10.1716608593876
75.79472160339355,10.589117050170898,-0.2878446578979492,10.1554891593233
75.8448634147644,10.574520111083984,-0.2911061644554138,10.1436308485151
75.8946213722229,10.56032943725586,-0.28992703557014465,10.1298337184416
75.944899559021,10.545063972473145,-0.29868999123573303,10.1119778043092
75.99498414993286,10.529812812805176,-0.3026581406593323,10.0941883034618
76.04526925086975,10.514086723327637,-0.3098847270011902,10.0799859687246
76.09469151496887,10.497427940368652,-0.3214125633239746,10.0641402692456
76.14529347419739,10.480372428894043,-0.3313928246498108,10.04807112997
76.20098781585693,10.460474967956543,-0.33215007185935974,10.0389916060788
76.25088143348694,10.443499565124512,-0.33460354804992676,10.014259289119
76.3014223575592,10.426666259765625,-0.3349725008010864,9.99890492030801
76.3508152961731,10.408241271972656,-0.34822753071784973,9.98314626673657
76.4010820388794,10.3903226852417,-0.35152000188827515,9.96861425689604
76.44758367538452,10.371504783630371,-0.3611760437488556,9.95287078236994
76.49637866020203,10.356461524963379,-0.36687225103378296,9.951325645958
76.54647326469421,10.334968566894531,-0.36432597041130066,9.93574569785313
76.59574794769287,10.320090293884277,-0.36762163043022156,9.91826901359269
76.64571499824524,10.303170204162598,-0.3580371141433716,9.90111972009745
76.69503664970398,10.285425186157227,-0.359825998544693,9.88389055475892
76.75083613395691,10.263203620910645,-0.36586835980415344,9.86752461363708
76.80093479156494,10.243416786193848,-0.37725767493247986,9.85007222059207
76.84554886817932,10.226744651794434,-0.3914691209793091,9.83314187721013
76.8952944278717,10.206876754760742,-0.3962658941745758,9.81941647828148
76.94498014450073,10.187154769897461,-0.39801228046417236,9.80161773066464
76.99481129646301,10.16757583618164,-0.3979527950286865,9.78718875393614
77.04497456550598,10.146761894226074,-0.4086287021636963,9.7723631944515
77.1026303768158,10.12256145477295,-0.40655240416526794,9.75534922309295
77.15319204330444,10.10267162322998,-0.4024353623390198,9.74055904249596
77.19810724258423,10.083246231079102,-0.3963755965232849,9.72142232192558
77.24486708641052,10.067123413085938,-0.399723619222641,9.70530412585967
77.29456925392151,10.046579360961914,-0.4075986444950104,9.6847253676607
77.34472107887268,10.024543762207031,-0.42385387420654297,9.66519787181006
77.39454007148743,10.001818656921387,-0.4389139711856842,9.64568473247354
77.44456386566162,9.978949546813965,-0.4490576684474945,9.62902362209518
77.49708795547485,9.95422077178955,-0.43213409185409546,9.60933253427168
77.54460716247559,9.936450004577637,-0.4375731945037842,9.59268792223629
77.59467697143555,9.914706230163574,-0.43955764174461365,9.57480033272206
77.64488053321838,9.892545700073242,-0.4439617097377777,9.55888269375352
77.69466137886047,9.870190620422363,-0.4481070637702942,9.54605246438726
77.74658298492432,9.845850944519043,-0.42877960205078125,9.53240683472633
77.79560923576355,9.828203201293945,-0.43433448672294617,9.51449027157364
77.84580087661743,9.807841300964355,-0.4257725477218628,9.49586936135159
77.8955442905426,9.78576946258545,-0.4361821115016937,9.47515009451244
77.94601392745972,9.762542724609375,-0.45018652081489563,9.45894466131559
77.9954833984375,9.739572525024414,-0.45658475160598755,9.4494029091413
78.04612016677856,9.716931343078613,-0.45788446068763733,9.42505604680585
78.09529399871826,9.695886611938477,-0.4451564848423004,9.39578829319164
78.14539361000061,9.6751070022583,-0.4366467595100403,9.36706876165258
78.19524431228638,9.652229309082031,-0.44893163442611694,9.33418603763484
78.24539089202881,9.626049995422363,-0.48296836018562317,9.28957111112157
78.29544043540955,9.598882675170898,-0.50983726978302,9.2557518575298
78.34532523155212,9.571048736572266,-0.5322524309158325,9.21539251334843
78.39526772499084,9.54249382019043,-0.5512523651123047,9.17401057086565
78.44534301757812,9.51252555847168,-0.5747295618057251,9.12978263626567
78.49792337417603,9.476180076599121,-0.5903424024581909,9.10200111615269
78.54579281806946,9.44980239868164,-0.6149569153785706,9.05473181267406
78.59509825706482,9.41975212097168,-0.6123639941215515,9.00990660114373
78.64553570747375,9.388777732849121,-0.620283305644989,8.96178539684306
78.6957221031189,9.355813026428223,-0.6404168605804443,8.91890002870033
78.75095820426941,9.316320419311523,-0.6500817537307739,8.88128463694922
78.80103731155396,9.280476570129395,-0.676044762134552,8.83214344698331
78.85073804855347,9.246956825256348,-0.6721705198287964,8.78140801133292
78.90087032318115,9.212329864501953,-0.6798705458641052,8.73030181460836
78.94525074958801,9.180929183959961,-0.7173548340797424,8.68172098316042
78.99464058876038,9.141641616821289,-0.749768853187561,8.64525967414985
79.04455351829529,9.101543426513672,-0.7754583954811096,8.59282178193975
79.09438109397888,9.061454772949219,-0.7907787561416626,8.53904112437023
79.14452695846558,9.021720886230469,-0.7972156405448914,8.49215480566653
79.19447827339172,8.981050491333008,-0.8094828724861145,8.43855496272551
79.24466919898987,8.93923568725586,-0.8256711363792419,8.38957043646032
79.29526567459106,8.896978378295898,-0.83878493309021,8.33529272328091
79.35166954994202,8.846136093139648,-0.8454039096832275,8.28023475317671
79.40081286430359,8.801117897033691,-0.8661750555038452,8.22598745431507
79.45079302787781,8.755812644958496,-0.8808360695838928,8.16960152207
79.50115203857422,8.710637092590332,-0.8886194825172424,8.11573804372321
79.55121231079102,8.664029121398926,-0.9050812721252441,8.05246973388689
79.60165357589722,8.616414070129395,-0.9227344393730164,7.99605370904037
79.65167903900146,8.566784858703613,-0.9496088027954102,7.93979666661347
79.70161724090576,8.515971183776855,-0.9748551845550537,7.8812100565396
79.7524573802948,8.46489429473877,-0.9920298457145691,7.82842082989664
79.79831337928772,8.414018630981445,-1.000754714012146,7.7666087722408
79.84750533103943,8.363485336303711,-1.003340244293213,7.69779995810159
79.89745998382568,8.311553001403809,-1.0164371728897095,7.63931463739746
79.94794273376465,8.256856918334961,-1.0463716983795166,7.57468124794933
79.99503302574158,8.209762573242188,-1.0930821895599365,7.50679033975348
80.04481387138367,8.152979850769043,-1.1171013116836548,7.43576899364628
80.09478330612183,8.094942092895508,-1.1423659324645996,7.35242609808295
80.1445701122284,8.034494400024414,-1.1772878170013428,7.27782668474903
80.19473052024841,7.972375869750977,-1.2111270427703857,7.20069558752842
80.24513363838196,7.909842491149902,-1.2346075773239136,7.13576386289834
80.29516458511353,7.8462138175964355,-1.2583069801330566,7.05492878198932
80.34526205062866,7.781589984893799,-1.2801989316940308,6.98172379970745
80.3952169418335,7.716758728027344,-1.2949212789535522,6.89815736331555
80.4452576637268,7.650779724121094,-1.3137770891189575,6.82393248898018
80.49479985237122,7.583658218383789,-1.3339052200317383,6.74864346330442
80.54473495483398,7.5148491859436035,-1.360170841217041,6.67127614828819
80.59503269195557,7.446019172668457,-1.3749085664749146,6.58821189545861
80.64508986473083,7.37559700012207,-1.3983746767044067,6.51479934623441
80.6965491771698,7.292844772338867,-1.3922996520996094,6.43891727813226
80.74598479270935,7.232503414154053,-1.4351377487182617,6.3652651773741
80.79470300674438,7.161097049713135,-1.4409019947052002,6.28942509034258
80.84558439254761,7.088256359100342,-1.4577717781066895,6.20937736476246
80.89589548110962,7.013266563415527,-1.4844900369644165,6.13001345530887
80.94573497772217,6.937361240386963,-1.5075732469558716,6.04739693195453
80.99472308158875,6.861332416534424,-1.522362470626831,5.95681921838615
81.04536962509155,6.78421688079834,-1.5407860279083252,5.85925787681477
81.09512996673584,6.705991744995117,-1.5603978633880615,5.7647281408292
81.14520359039307,6.624756813049316,-1.5977458953857422,5.66590180104814
81.19518804550171,6.5407209396362305,-1.6417663097381592,5.56800334203595
81.24535465240479,6.45570182800293,-1.6757415533065796,5.46304835197182
81.29472136497498,6.3694233894348145,-1.7069981098175049,5.35673620378685
81.34476017951965,6.280869960784912,-1.744476318359375,5.24901013592047
81.39486908912659,6.190797805786133,-1.7786654233932495,5.14096328467887
81.44488382339478,6.099092483520508,-1.812941551208496,5.03233346567353
81.49484992027283,6.006250381469727,-1.842262625694275,4.93409860324224
81.54507660865784,5.9119343757629395,-1.872388243675232,4.82654459812928
81.59495544433594,5.817835807800293,-1.8875908851623535,4.73131194096089
81.64564728736877,5.722325801849365,-1.9099457263946533,4.64134928228457
81.69690132141113,5.610536575317383,-1.892404317855835,4.56059447538019
81.74790835380554,5.515161991119385,-1.8958548307418823,4.47215302578002
81.79515981674194,5.438394546508789,-1.908129096031189,4.39091691945225
81.8451406955719,5.346762180328369,-1.8911182880401611,4.31136707073234
81.89510726928711,5.252320766448975,-1.9037997722625732,4.23050221091477
81.94515705108643,5.156754016876221,-1.9189261198043823,4.15021694055238
81.995108127594,5.060157299041748,-1.9371168613433838,4.06251508312862
82.04504227638245,4.963820934295654,-1.9448368549346924,3.97607788675978
82.09539985656738,4.868602752685547,-1.940819501876831,3.88187294241546
82.14510750770569,4.7727508544921875,-1.9444788694381714,3.78612379908137
82.1951916217804,4.674439907073975,-1.9668434858322144,3.69089392534081
82.24506282806396,4.575470924377441,-1.9841581583023071,3.58275825728892
82.29486227035522,4.475853443145752,-2.000714063644409,3.48251338620231
82.34483456611633,4.3727240562438965,-2.0401053428649902,3.38794194880095
82.39498043060303,4.269155502319336,-2.0647711753845215,3.29122383687178
82.44489812850952,4.166017532348633,-2.0773849487304688,3.19238968566978
82.49551033973694,4.062714099884033,-2.08622670173645,3.08629725845163
82.5454432964325,3.959493398666382,-2.0908806324005127,2.99182028810838
82.59562420845032,3.855103015899658,-2.1038784980773926,2.89436486637822
82.64515328407288,3.750755548477173,-2.1101667881011963,2.80124949800899
82.69549012184143,3.6460049152374268,-2.1182174682617188,2.70692479110477
82.74693465232849,3.5248868465423584,-2.0768327713012695,2.59116828793862
82.79534125328064,3.4372105598449707,-2.1212377548217773,2.49738735886608
82.84540033340454,3.3318326473236084,-2.1296985149383545,2.40119542125818
82.89520144462585,3.223367691040039,-2.160959005355835,2.30635128959875
82.94529390335083,3.11457896232605,-2.1798551082611084,2.22009034175934
82.99528646469116,3.007507562637329,-2.177907943725586,2.11484453194801
83.0452356338501,2.901608467102051,-2.1676809787750244,2.02925516017598
83.09506487846375,2.7949728965759277,-2.1684141159057617,1.94553996946238
83.14516615867615,2.688408374786377,-2.167135715484619,1.86815283042154
83.19521832466125,2.5826234817504883,-2.160343647003174,1.79098297272583
83.24520969390869,2.478571891784668,-2.141713857650757,1.696931767426
83.29516172409058,2.3760828971862793,-2.1184751987457275,1.62315173572333
83.345205783844,2.271503210067749,-2.1230428218841553,1.55402879026549
83.39545345306396,2.166698694229126,-2.125180244445801,1.48919892687528
83.4454255104065,2.0646355152130127,-2.1041102409362793,1.42492514912619
83.49556231498718,1.9661290645599365,-2.062833309173584,1.33430484176258
83.54587483406067,1.868627667427063,-2.031501531600952,1.27536347561644
83.59504795074463,1.7690328359603882,-2.030073642730713,1.21416283398468
83.64499425888062,1.6698335409164429,-2.0238254070281982,1.15449804358598
83.6950454711914,1.5722894668579102,-2.007291316986084,1.10057223158676
83.7450590133667,1.4768770933151245,-1.9797428846359253,1.00848544636511
83.7947928905487,1.3844422101974487,-1.9390597343444824,0.949674092909909
83.84489440917969,1.2899459600448608,-1.934117317199707,0.890360080566399
83.8950834274292,1.1942709684371948,-1.93792724609375,0.832707785964685
83.94519829750061,1.1006994247436523,-1.922788381576538,0.775430833213587
83.99508881568909,1.0103673934936523,-1.8875161409378052,0.677298131982316
84.04493880271912,0.9209524393081665,-1.8604636192321777,0.626715569055516
84.09508848190308,0.828143835067749,-1.8728140592575073,0.581464304326382
84.14487671852112,0.737034261226654,-1.862412929534912,0.551214022637006
84.19507479667664,0.6499258875846863,-1.8252617120742798,0.524012537046763
84.24831867218018,0.5545250177383423,-1.719908595085144,0.462844201203329
84.29472517967224,0.4898054003715515,-1.690264105796814,0.43978007736863
84.34474158287048,0.41191455721855164,-1.6497167348861694,0.423808203120912
84.39515566825867,0.3340998888015747,-1.6224967241287231,0.413047939542018
84.4449245929718,0.2599070370197296,-1.575863242149353,0.413383808205991
84.49649572372437,0.19007208943367004,-1.513077735900879,0.385817522855189
84.54529643058777,0.1253257691860199,-1.433799147605896,0.396464459119786
84.59516501426697,0.06122976168990135,-1.3836079835891724,0.403598072712339
84.64520812034607,0.00027611132827587426,-1.3245795965194702,0.406711750481029
84.69455552101135,-0.022051697596907616,-0.9603595733642578,0.405450017017693
84.7464668750763,-0.020731743425130844,-0.5165616273880005,0.347193402767076
84.7951340675354,0.0012984892819076777,-0.15782558917999268,0.346776883770545
84.84512853622437,0.021438375115394592,0.0540568009018898,0.348938020220797
84.89657950401306,0.03612064570188522,0.14067313075065613,0.350141674411371
84.94513988494873,0.04071640223264694,0.1306079626083374,0.348766407446324
84.99662590026855,0.04167117550969124,0.07715878635644913,0.309875065906526
85.04480648040771,0.03925495967268944,0.03108968585729599,0.308117006627581
85.09476327896118,0.03999494016170502,0.02785072661936283,0.308716306109517
85.14479374885559,0.03548692911863327,-0.023988457396626472,0.310287400408855
85.1949188709259,0.035720344632864,-0.00672931270673871,0.311481348022903
85.24504852294922,0.0318216010928154,-0.041168078780174255,0.295870735076026
85.29466962814331,0.033453743904829025,-0.0050462582148611546,0.294794392221093
85.34486675262451,0.03260117396712303,-0.01545221358537674,0.294674186102142
85.39483261108398,0.03389570862054825,0.0054171448573470116,0.292867800405493
85.44496297836304,0.03238401934504509,-0.013108010403811932,0.292881960641171
85.49488139152527,0.03525159880518913,0.020145520567893982,0.277106430635177
85.54495906829834,0.03394320607185364,-0.003880163421854377,0.277328609725982
85.59487390518188,0.03732147812843323,0.03078913316130638,0.277580337409834
85.64476895332336,0.03288671001791954,-0.025166040286421776,0.276964769170627
85.69487190246582,0.034928131848573685,0.010040679946541786,0.275089476265318
85.74492955207825,0.03153476491570473,-0.029550675302743912,0.259858845982531
85.79499983787537,0.034413762390613556,0.01388587523251772,0.259767875794325
85.84484338760376,0.03286134451627731,-0.011852659285068512,0.260168776636691
85.8948745727539,0.034731052815914154,0.014354715123772621,0.25913229338956
85.9507703781128,0.030831072479486465,-0.029482971876859665,0.257690376783537
86.00101852416992,0.03577909618616104,0.024974480271339417,0.2415646558269
86.05086088180542,0.030719077214598656,-0.028541317209601402,0.239856925228382
86.10079598426819,0.03918260335922241,0.054172854870557785,0.238654586774099
86.15125489234924,0.031582750380039215,-0.0328749418258667,0.237741146005954
86.20075941085815,0.03554072603583336,0.01602553017437458,0.235180234777387
86.25094246864319,0.02864963188767433,-0.048787057399749756,0.224492230907065
86.301105260849,0.03590816631913185,0.03273043408989906,0.224246937885465
86.35080051422119,0.02964288927614689,-0.03467583283782005,0.223389696604106
86.40083432197571,0.036656174808740616,0.03929043561220169,0.221194385154431
86.44592952728271,0.03192887455224991,-0.017134714871644974,0.219997089831489
86.49711060523987,0.0351189486682415,0.024252546951174736,0.209412449271318
86.5443868637085,0.031849056482315063,-0.01407644897699356,0.208023632746907
86.59516716003418,0.035716813057661057,0.02963029406964779,0.206584799542532
86.64479684829712,0.032413676381111145,-0.017115691676735878,0.205497397511391
86.69467210769653,0.0350739024579525,0.01964608207345009,0.202472275268866
86.74487257003784,0.03323551267385483,-0.010611123405396938,0.190474622425582
86.7952299118042,0.036209266632795334,0.024798225611448288,0.187591486983823
86.84485197067261,0.03371743857860565,-0.012573515065014362,0.18665328458594
86.894775390625,0.0362728089094162,0.020389335229992867,0.184594349564105
86.9448356628418,0.03224986419081688,-0.028215009719133377,0.18273644819918
86.99454069137573,0.034652408212423325,0.011004360392689705,0.171442348664016
87.04500961303711,0.03149300441145897,-0.027165289968252182,0.17037297786354
87.09458613395691,0.03448354825377464,0.01617712341248989,0.16779822544486
87.14511728286743,0.031623173505067825,-0.021755116060376167,0.165407312256477
87.19492435455322,0.0347025990486145,0.020105604082345963,0.164670364457592
87.2446780204773,0.03181588649749756,-0.01960478164255619,0.149235058059541
87.2947518825531,0.03482775762677193,0.020872045308351517,0.147781356278381
87.34481239318848,0.03321066126227379,-0.008166518993675709,0.146317693011672
87.3948004245758,0.0362856350839138,0.02704515866935253,0.145280863987352
87.44494819641113,0.0338144414126873,-0.011067736893892288,0.144193128537615
87.4952666759491,0.03635019809007645,0.02114001289010048,0.141723332097949
87.5452709197998,0.03363119438290596,-0.016520945355296135,0.140400990184464
87.59469151496887,0.03611534461379051,0.017473747953772545,0.137720873742608
87.64493036270142,0.03210822120308876,-0.029839711263775826,0.135717618491092
87.69503402709961,0.03455891087651253,0.010402937419712543,0.133263473248246
87.74491477012634,0.03144729509949684,-0.02715635858476162,0.12655333740575
87.7949423789978,0.03447150066494942,0.016442568972706795,0.124679880411414
87.84500670433044,0.032963842153549194,-0.00997486524283886,0.122171065948756
87.8950047492981,0.03615747392177582,0.026878565549850464,0.118432222453988
87.94677448272705,0.03044114261865616,-0.03892478719353676,0.118163433339095
87.99453902244568,0.034915756434202194,0.015316596254706383,0.112689497472615
88.0445327758789,0.031710729002952576,-0.02493405155837536,0.111873077023478
88.09509015083313,0.03461821749806404,0.0168722253292799,0.109899797180512
88.1450502872467,0.033018093556165695,-0.01043196115642786,0.108520521359051
88.19658207893372,0.037860970944166183,0.03993035852909088,0.106042701179844
88.24647450447083,0.03041531890630722,-0.03948315232992172,0.0959115727947808
88.29694604873657,0.03670153394341469,0.030791547149419785,0.0934574808528667
88.34481549263,0.0316905602812767,-0.025110354647040367,0.0922895795591742
88.39546918869019,0.035941679030656815,0.02831755205988884,0.0910499066794405
88.44539833068848,0.03312203288078308,-0.015334147959947586,0.0901873208401423
88.49762320518494,0.03708492964506149,0.032316904515028,0.0898939945075781
88.54526090621948,0.03322002664208412,-0.01415144745260477,0.0886366672418562
88.59660601615906,0.03775819391012192,0.0357053279876709,0.0859760458706607
88.64513111114502,0.03224816173315048,-0.02590913139283657,0.0843639615459417
88.69688844680786,0.03655117377638817,0.029119431972503662,0.082343604191184
88.74622869491577,0.03158192336559296,-0.025883732363581657,0.0832268377102238
88.79630017280579,0.03455113247036934,0.016780145466327667,0.0798798983519969
88.84607100486755,0.03166193142533302,-0.021616552025079727,0.0786284329817595
88.8963234424591,0.03471778333187103,0.02000644989311695,0.0767772268768848
88.94599843025208,0.033151522278785706,-0.008292312733829021,0.0755805790868127
88.99656915664673,0.03796173259615898,0.04084141552448273,0.0772212176014992
89.04626154899597,0.0338166169822216,-0.010759520344436169,0.0755075674485377
89.09514355659485,0.03636126220226288,0.021393366158008575,0.0733131905514501
89.1455614566803,0.03364279493689537,-0.016364987939596176,0.0720733150428949
89.1968343257904,0.03774750232696533,0.031348858028650284,0.0695569633546058
89.2465090751648,0.03179388493299484,-0.03236125782132149,0.0708799824597487
89.29520988464355,0.03600379824638367,0.016936874017119408,0.0685871097910783
89.34522414207458,0.03205982968211174,-0.0296733770519495,0.0675953003426156
89.39661502838135,0.03638165071606636,0.027234122157096863,0.0659617998586958
89.44555711746216,0.03279433771967888,-0.015272237360477448,0.0658798399265614
89.4965763092041,0.037646062672138214,0.037394046783447266,0.0626672358795779
89.54636764526367,0.03225553408265114,-0.023809215053915977,0.0617761606920262
89.59633135795593,0.03480367735028267,0.014769334346055984,0.0608426253699812
89.64527869224548,0.03166183829307556,-0.02477364055812359,0.0602774299281963
89.69700050354004,0.03649502620100975,0.03360326588153839,0.0594431359632618
89.74490189552307,0.03303006663918495,-0.010031468234956264,0.0570524985555178
89.79498553276062,0.03750834986567497,0.0379398837685585,0.0564202661095239
89.84530067443848,0.033872440457344055,-0.01587631367146969,0.0557945648844334
89.89465737342834,0.03684514760971069,0.023971453309059143,0.0554331999951069
89.94507241249084,0.03321848064661026,-0.02417450211942196,0.0556792454809067
89.99612092971802,0.03505149111151695,0.00902427639812231,0.0597438986568602
90.04619336128235,0.03153355419635773,-0.031122257933020592,0.0587069309339893
90.09578227996826,0.03436002507805824,0.012538280338048935,0.0577191105457979
90.14552164077759,0.03146612271666527,-0.02419452928006649,0.0578887821454472
90.19466137886047,0.035912152379751205,0.030372489243745804,0.0577460758658143
90.24477529525757,0.03318389505147934,-0.0133966701105237,0.0633752502027979
90.29477763175964,0.035408444702625275,0.018507758155465126,0.0603595736022721
90.34505319595337,0.031952328979969025,-0.024962233379483223,0.059703077684704
90.39462924003601,0.03468254953622818,0.015485502779483795,0.058361751772297
90.44500422477722,0.032988350838422775,-0.011989838443696499,0.0575376405677086
90.49672627449036,0.03779885545372963,0.038856688886880875,0.0634091209569105
90.54494047164917,0.0323588103055954,-0.023238956928253174,0.0620947949527505
90.59471607208252,0.034850966185331345,0.014678406529128551,0.0601513010185909
90.6451005935669,0.03167152777314186,-0.02511867880821228,0.0601513010185909
90.69526982307434,0.034601349383592606,0.016934162005782127,0.0601513010185909
90.7450442314148,0.03168073669075966,-0.02176700532436371,0.0601513010185909
90.79508590698242,0.03471774980425835,0.01977074146270752,0.0601513010185909
90.84482908248901,0.03180859982967377,-0.01997881382703781,0.0601513010185909
90.89482569694519,0.03481307625770569,0.020590785890817642,0.0601513010185909
90.94475436210632,0.031862229108810425,-0.019809665158391,0.0601513010185909
90.99502944946289,0.03483331948518753,0.020434120669960976,0.0601513010185909
91.04463982582092,0.03186237812042236,-0.020058831200003624,0.0601513010185909
91.09500050544739,0.03482489287853241,0.020218562334775925,0.0601513010185909
91.14505577087402,0.03185277432203293,-0.02019706927239895,0.0601513010185909
91.1950933933258,0.03481759876012802,0.020153585821390152,0.0601513010185909
91.2449848651886,0.031848594546318054,-0.02021193690598011,0.0601513010185909
91.29481959342957,0.034815963357686996,0.02016434259712696,0.0601513010185909
91.3449809551239,0.031848516315221786,-0.020193448290228844,0.0601513010185909
91.39499974250793,0.034816570580005646,0.020180704072117805,0.0601513010185909
91.44529294967651,0.03184923902153969,-0.0201827734708786,0.0601513010185909
91.49699091911316,0.0366947203874588,0.03616002947092056,0.0601513010185909
91.54487943649292,0.031849563121795654,-0.02018149010837078,0.0601513010185909
91.59500098228455,0.03481725975871086,0.020185114815831184,0.0601513010185909
91.64522433280945,0.03184957429766655,-0.020182859152555466,0.0601513010185909
91.69503450393677,0.03481721505522728,0.020183874294161797,0.0601513010185909
91.74504280090332,0.03318442404270172,-0.00870013888925314,0.0601513010185909
91.79506063461304,0.03626040741801262,0.026733238250017166,0.0601513010185909
91.84507632255554,0.032462120056152344,-0.022677840664982796,0.0601513010185909
91.89499139785767,0.03489795699715614,0.01457939762622118,0.0601513010185909
91.94540810585022,0.031680863350629807,-0.025468986481428146,0.0601513010185909
91.99524855613708,0.03459196537733078,0.016579629853367805,0.0601513010185909
92.04520034790039,0.03166615217924118,-0.022019628435373306,0.0601513010185909
92.09524297714233,0.03470522165298462,0.0196352768689394,0.0601513010185909
92.14528489112854,0.031800609081983566,-0.020024916157126427,0.0601513010185909
92.1950170993805,0.03480935096740723,0.020596109330654144,0.0601513010185909
92.24507355690002,0.031861405819654465,-0.019784066826105118,0.0601513010185909
92.29491949081421,0.03483396768569946,0.020460838451981544,0.0601513010185909
92.3449912071228,0.03186345845460892,-0.020039452239871025,0.0601513010185909
92.39510464668274,0.03482584282755852,0.02022915706038475,0.0601513010185909
92.44536995887756,0.031853388994932175,-0.020193303003907204,0.0601513010185909
92.49475932121277,0.0348178930580616,0.020153352990746498,0.0601513010185909
92.54477095603943,0.031848665326833725,-0.02021380141377449,0.0601513010185909
92.59498906135559,0.034815918654203415,0.02016233094036579,0.0601513010185909
92.64487624168396,0.03184843808412552,-0.02019493281841278,0.0601513010185909
92.6955509185791,0.034816499799489975,0.020179877057671547,0.0601513010185909
92.7454674243927,0.03184919059276581,-0.020183080807328224,0.0601513010185909
92.79501819610596,0.034817103296518326,0.020185846835374832,0.0601513010185909
92.84513998031616,0.03184955567121506,-0.020181355997920036,0.0601513010185909
92.89504599571228,0.03481726348400116,0.020185265690088272,0.0601513010185909
92.94497466087341,0.03184957802295685,-0.020182745531201363,0.0601513010185909
92.99498081207275,0.03481722250580788,0.02018393762409687,0.0601513010185909
93.04513502120972,0.03184952214360237,-0.020183658227324486,0.0601513010185909
93.09475183486938,0.034817174077034,0.020183468237519264,0.0601513010185909
93.14496397972107,0.03184949606657028,-0.020183801651000977,0.0601513010185909
93.19490146636963,0.0348171629011631,0.02018350549042225,0.0601513010185909
93.2449414730072,0.031849492341279984,-0.02018369920551777,0.0601513010185909
93.29484105110168,0.0348171666264534,0.020183606073260307,0.0601513010185909
93.34486770629883,0.03184949606657028,-0.020183630287647247,0.0601513010185909
93.39462018013,0.0348171703517437,0.020183641463518143,0.0601513010185909
93.44478058815002,0.03184949979186058,-0.020183617249131203,0.0601513010185909
93.4962694644928,0.0348171703517437,0.020183639600872993,0.0601513010185909
93.54477429389954,0.03184949979186058,-0.0201836246997118,0.0601513010185909
93.59464073181152,0.0348171703517437,0.020183632150292397,0.0601513010185909
93.64504742622375,0.03184949979186058,-0.020183630287647247,0.0601513010185909
93.69475245475769,0.0348171703517437,0.020183630287647247,0.0601513010185909
93.74601674079895,0.03184949979186058,-0.020183632150292397,0.0601513010185909
93.79463124275208,0.0348171703517437,0.020183630287647247,0.0601513010185909
93.84465742111206,0.03184949979186058,-0.020183630287647247,0.0601513010185909
93.8945529460907,0.0348171703517437,0.020183630287647247,0.0601513010185909
93.94515538215637,0.03184949979186058,-0.020183630287647247,0.0601513010185909
94.00031661987305,0.0366947315633297,0.036157749593257904,0.0601513010185909
94.05088901519775,0.029971934854984283,-0.036157749593257904,0.0601513010185909
94.1004843711853,0.0366947315633297,0.036157749593257904,0.0601513010185909
94.15070939064026,0.029971934854984283,-0.036157749593257904,0.0601513010185909
94.20040321350098,0.0366947315633297,0.036157749593257904,0.0601513010185909
94.25075054168701,0.029971934854984283,-0.036157749593257904,0.0601513010185909
94.30068802833557,0.0366947315633297,0.036157749593257904,0.0601513010185909
94.35058355331421,0.029971934854984283,-0.036157749593257904,0.0601513010185909
94.40076565742493,0.03499384596943855,0.02228010632097721,0.0601513010185909
94.45067572593689,0.028714412823319435,-0.04031282290816307,0.0601513010185909
94.50044298171997,0.03621368110179901,0.03966829925775528,0.0601513010185909
94.54566812515259,0.03176870569586754,-0.014579511247575283,0.0601513010185909
94.59497356414795,0.033650897443294525,0.013985383324325085,0.0601513010185909
94.64478731155396,0.03196636587381363,-0.011645875871181488,0.0601513010185909
94.69544720649719,0.03583112359046936,0.031063448637723923,0.0601513010185909
94.74499797821045,0.03249327838420868,-0.01652519218623638,0.0601513010185909
94.79488635063171,0.03511548414826393,0.019706105813384056,0.0601513010185909
94.84503722190857,0.0319138839840889,-0.02227741666138172,0.0601513010185909
94.89546918869019,0.034763410687446594,0.018016092479228973,0.0601513010185909
94.94502520561218,0.031761303544044495,-0.02174847200512886,0.0601513010185909
94.99496531486511,0.034740153700113297,0.019332384690642357,0.0601513010185909
95.04494953155518,0.03179975599050522,-0.020482925698161125,0.0601513010185909
95.09477710723877,0.03479355573654175,0.020206212997436523,0.0601513010185909
95.14527606964111,0.0318438857793808,-0.020030999556183815,0.0601513010185909
95.19518613815308,0.03482083976268768,0.020346829667687416,0.0601513010185909
95.24701452255249,0.02997853420674801,-0.03604865074157715,0.0601513010185909
95.29576659202576,0.034823011606931686,0.02025013230741024,0.0601513010185909
95.34503436088562,0.031853336840867996,-0.020159270614385605,0.0601513010185909
95.39491200447083,0.03481903672218323,0.02018297277390957,0.0601513010185909
95.44505524635315,0.03184998035430908,-0.02019471675157547,0.0601513010185909
95.49700117111206,0.03669440746307373,0.0361458882689476,0.0601513010185909
95.54624533653259,0.03184901550412178,-0.020192814990878105,0.0601513010185909
95.60095548629761,0.03669431433081627,0.03615329787135124,0.0601513010185909
95.65069913864136,0.029971670359373093,-0.03615923225879669,0.0601513010185909
95.70072388648987,0.036694612354040146,0.036157961934804916,0.0601513010185909
95.75080227851868,0.029971908777952194,-0.03615688160061836,0.0601513010185909
95.80094003677368,0.036694757640361786,0.036158643662929535,0.0601513010185909
95.85066318511963,0.029971972107887268,-0.03615710511803627,0.0601513010185909
95.90067481994629,0.03669476509094238,0.03615809977054596,0.0601513010185909
95.95146369934082,0.029971955344080925,-0.036157626658678055,0.0601513010185909
95.99682879447937,0.03669474273920059,0.03615773841738701,0.0601513010185909
96.04475355148315,0.03184950351715088,-0.020183688029646873,0.0601513010185909
96.09499192237854,0.0348171703517437,0.020183561369776726,0.0601513010185909
96.14505887031555,0.03184949606657028,-0.020183684304356575,0.0601513010185909
96.20067405700684,0.0366947315633297,0.036157723516225815,0.0601513010185909
96.250652551651,0.029971932992339134,-0.0361577607691288,0.0601513010185909
96.30112648010254,0.0366947315633297,0.036157749593257904,0.0601513010185909
96.3507091999054,0.029971934854984283,-0.036157745867967606,0.0601513010185909
96.4008092880249,0.03499384596943855,0.02228011190891266,0.0601513010185909
96.45120000839233,0.028714412823319435,-0.04031281918287277,0.0601513010185909
96.50085663795471,0.03621368110179901,0.03966830298304558,0.0601513010185909
96.54634809494019,0.03176870569586754,-0.014579510316252708,0.0601513010185909
96.59604954719543,0.033650897443294525,0.013985383324325085,0.0601513010185909
96.65241527557373,0.02893645316362381,-0.03708250820636749,0.0601513010185909
96.70136213302612,0.03638347238302231,0.04120008647441864,0.0601513010185909
96.75187945365906,0.030059190467000008,-0.03005695529282093,0.0601513010185909
96.80001950263977,0.03692565858364105,0.04092342406511307,0.0601513010185909
96.8456711769104,0.03208251670002937,-0.016992120072245598,0.0601513010185909
96.90130019187927,0.0368506945669651,0.03730972856283188,0.0601513010185909
96.95134353637695,0.030053233727812767,-0.036044467240571976,0.0601513010185909
97.00137186050415,0.036720555275678635,0.035796914249658585,0.0601513010185909
97.05159449577332,0.029966648668050766,-0.03661432862281799,0.0601513010185909
97.10147643089294,0.03497690334916115,0.021916428580880165,0.0601513010185909
97.15135145187378,0.02869747392833233,-0.04053068161010742,0.0601513010185909
97.19561195373535,0.03419141843914986,0.022563669830560684,0.0601513010185909
97.24538493156433,0.031761284917593,-0.014603739604353905,0.0601513010185909
97.29466581344604,0.033648066222667694,0.014006357640028,0.0601513010185909
97.34484553337097,0.0306314118206501,-0.02309538796544075,0.0601513010185909
97.39647722244263,0.03305412828922272,0.01305975578725338,0.0601513010185909
97.44493126869202,0.030438734218478203,-0.020561831071972847,0.0601513010185909
97.4949517250061,0.033088166266679764,0.016329756006598473,0.0601513010185909
97.5455870628357,0.03055906668305397,-0.017935652285814285,0.0601513010185909
97.59528040885925,0.03320993855595589,0.017914438620209694,0.0601513010185909
97.64521336555481,0.030645832419395447,-0.017256664112210274,0.0601513010185909
97.69473600387573,0.03325646370649338,0.018010305240750313,0.0601513010185909
97.74454140663147,0.03199656680226326,-0.005952861625701189,0.0601513010185909
97.79485535621643,0.034697867929935455,0.02431589737534523,0.0601513010185909
97.84500527381897,0.03260039910674095,-0.008647019974887371,0.0601513010185909
97.89478611946106,0.03476948291063309,0.01858890987932682,0.0601513010185909
97.94511699676514,0.031090209260582924,-0.02546999603509903,0.0601513010185909
97.99507427215576,0.03309740871191025,0.00842603761702776,0.0601513010185909
98.04504489898682,0.030292946845293045,-0.024799292907118797,0.0601513010185909
98.09514880180359,0.03290475159883499,0.013499992899596691,0.0601513010185909
98.14475178718567,0.030413327738642693,-0.019340062513947487,0.0601513010185909
98.19462943077087,0.033122822642326355,0.017525959759950638,0.0601513010185909
98.24450421333313,0.030609088018536568,-0.017100196331739426,0.0601513010185909
98.29461121559143,0.03325185179710388,0.018352365121245384,0.0601513010185909
98.35103297233582,0.029030106961727142,-0.03113602101802826,0.0601513010185909
98.40092372894287,0.036610882729291916,0.04579669237136841,0.0601513010185909
98.45112586021423,0.030276868492364883,-0.027377961203455925,0.0601513010185909
