timestep,speed,acceleration,target_speed
13.909178018569946,0.004589597228914499,0.004665024112910032,0.00948458953008622
13.959603548049927,0.00545306084677577,0.009467612951993942,0.0107671560487209
14.00994873046875,0.005849627312272787,0.008737275376915932,0.0117937822381297
14.062544345855713,0.005931974388659,0.005871539935469627,0.00838274844294859
14.112330675125122,0.0058568320237100124,0.002937446115538478,0.00782090441691219
14.159207105636597,0.005736806429922581,0.0008325579692609608,0.00857176001659916
14.21039867401123,0.005632832646369934,-0.00030460438574664295,0.0104416042798922
14.263882160186768,0.007266972679644823,0.013179351575672626,0.0111749405418236
14.313727855682373,0.008493077009916306,0.017371537163853645,0.00656070390495635
14.363163709640503,0.008966898545622826,0.014070138335227966,0.00690933610305375
14.409155130386353,0.00900260079652071,0.00966346450150013,0.00766460720356269
14.45909309387207,0.008799515664577484,0.003708887379616499,0.00857940900571936
14.51253080368042,0.008585367351770401,0.0005674553103744984,0.00781845171156287
14.559348106384277,0.008420729078352451,-0.0009322324767708778,0.0081552126196985
14.614567041397095,0.008325268514454365,-0.0012962506152689457,0.00823268638701591
14.659759044647217,0.008287099190056324,-0.0010716402903199196,0.00600801826995944
14.709973335266113,0.008284417912364006,-0.0006628244882449508,0.0070188507028557
14.757590055465698,0.00829441286623478,-0.00035996295628137887,0.00717052975232941
14.807912111282349,0.008310581557452679,-9.073562978301197e-05,0.00720515709154557
14.85785460472107,0.008324101567268372,5.010612221667543e-05,0.00449462868441712
14.913584470748901,0.008333631791174412,9.655902977101505e-05,0.00416730747993797
14.963583946228027,0.008336695842444897,8.153346425388008e-05,0.00489749677133567
15.01370644569397,0.00833701342344284,5.130562567501329e-05,0.00604709510180211
15.06407642364502,0.006635185796767473,-0.01385417953133583,0.00570743451364968
15.114052295684814,0.0053764632903039455,-0.018027938902378082,0.00418119487494008
15.160805225372314,0.0048944526351988316,-0.01452671829611063,0.0041548497628093
15.212188005447388,0.004883187357336283,-0.008791172876954079,0.00699489239919393
15.261505842208862,0.0050750733353197575,-0.0037846933118999004,0.00658198817115354
15.312881708145142,0.006997967138886452,0.01332549937069416,0.00523420448377312
15.359997272491455,0.00842534750699997,0.019014468416571617,0.00349327017917123
15.408930540084839,0.008941523730754852,0.01687711663544178,0.00445789538027574
15.461213827133179,0.00735310185700655,-0.003986935596913099,0.00835623435458272
15.510350704193115,0.005905826110392809,-0.01357272919267416,0.0122527123589819
15.562204360961914,0.005188925191760063,-0.013672364875674248,0.00377996890252823
15.61553144454956,0.006692688446491957,0.004162169527262449,0.00361196130779149
15.665379524230957,0.008031420409679413,0.01283894944936037,0.00658600173666555
15.716469287872314,0.008688094094395638,0.012767292559146881,0.0113515677028198
15.765561819076538,0.008863118477165699,0.009002414532005787,0.0171472307498355
15.816702127456665,0.008782463148236275,0.004770800471305847,0.00485812664384974
15.864469051361084,0.008616849780082703,0.001578786177560687,0.00580688544298469
15.915893316268921,0.008463609032332897,-0.00023819251509848982,0.00526106729060897
15.961474657058716,0.008360444568097591,-0.0009399255504831672,0.00876473381497735
16.011898040771484,0.00830871518701315,-0.0009629189153201878,0.0111203071829139
16.058112382888794,0.008294796571135521,-0.000754968379624188,0.00614408062997409
16.10857582092285,0.008297260850667953,-0.00043332023778930306,0.00684625659404623
16.157703638076782,0.00830885861068964,-0.00017001644300762564,0.00708783714319937
16.20814299583435,0.008320941589772701,-8.49978005135199e-06,0.00702959127761625
16.257619857788086,0.008329696021974087,6.255889456951991e-05,0.00702097325179561
16.313801050186157,0.008335022255778313,7.253190415212885e-05,0.00954025158760152
16.363922119140625,0.008336255326867104,5.298761243466288e-05,0.00828457021531505
16.413590908050537,0.00833592377603054,2.9191043722676113e-05,0.00856562629195672
16.46369481086731,0.008335025981068611,1.0549695616646204e-05,0.00897814445943474
16.513508558273315,0.008334149606525898,-4.503592663240852e-07,0.00892469686067123
16.558927059173584,0.008333636447787285,-4.486450507101836e-06,0.00781138987819343
16.608072757720947,0.008333262987434864,-5.573572252615122e-06,0.00754525348312804
16.657880306243896,0.008333125151693821,-4.404833816806786e-06,0.00843846580925158
16.70839548110962,0.008333127945661545,-2.6202203571301652e-06,0.00949165029943414
16.758477449417114,0.00833318941295147,-1.096137339118286e-06,0.0102845308643935
16.80733346939087,0.008333257399499416,-1.2846037122926646e-07,0.0104015166624371
16.864608764648438,0.008333316072821617,3.614326260503731e-07,0.0110117543157297
16.9136905670166,0.008333341218531132,4.0990207139657286e-07,0.0121128337832862
16.959044456481934,0.008333348669111729,3.359292861659924e-07,0.0146315658155086
17.01361656188965,0.010034234263002872,0.01387782022356987,0.0158607447236353
17.06356406211853,0.011291751638054848,0.01803278550505638,0.0117746252541906
17.11364197731018,0.01177279744297266,0.014522170647978783,0.0129448932772482
17.163591623306274,0.011783482506871223,0.00878396537154913,0.0149632960590141
17.208481311798096,0.011636258102953434,0.004649818874895573,0.0166542165746558
17.25953459739685,0.011369308456778526,0.0005481546395458281,0.0185049683070643
17.308863639831543,0.012562616728246212,0.01069339644163847,0.0150483583008421
17.363730907440186,0.014059980399906635,0.016686486080288887,0.015547996549684
17.41351079940796,0.014502238482236862,0.013415763154625893,0.0161540210132321
17.463619470596313,0.014510595239698887,0.00810303259640932,0.0179175794788685
17.5135281085968,0.014332292601466179,0.0034773428924381733,0.0204236680295369
17.563825130462646,0.014126897789537907,0.0004963608807884157,0.0193811314841001
17.61350154876709,0.013970077969133854,-0.0009144119685515761,0.0223188518716849
17.66377329826355,0.015580638311803341,0.012631753459572792,0.0252456222596504
17.71352481842041,0.016802484169602394,0.01701052300632,0.0265441527848973
17.763599157333374,0.01728149689733982,0.01389393862336874,0.0322420770188025
17.81311869621277,0.01900591142475605,0.02238442189991474,0.0320731143786802
17.86359143257141,0.02178758569061756,0.03564175218343735,0.0360077422441539
17.913746118545532,0.023316100239753723,0.033167432993650436,0.0384396646728864
17.96357560157776,0.023645075038075447,0.022415418177843094,0.0430213938025148
18.013514041900635,0.02506944164633751,0.025171706452965736,0.0459858480295257
18.06391191482544,0.02757514826953411,0.03517927974462509,0.0454923648499107
18.11347270011902,0.03061952069401741,0.04533817991614342,0.047108609009646
18.1638343334198,0.03211372345685959,0.03871218487620354,0.0503491251063825
18.21349811553955,0.03399321064352989,0.0384533666074276,0.0506657270918694
18.264108896255493,0.03481855243444443,0.02941831573843956,0.0536821579142121
18.31365942955017,0.036435410380363464,0.03085518628358841,0.044312792493025
18.363929748535156,0.03894829377532005,0.03864016756415367,0.047724751362774
18.414057970046997,0.040218181908130646,0.03296549990773201,0.0473425210886988
18.463622331619263,0.040368497371673584,0.020913833752274513,0.0489053078999019
18.51394557952881,0.041700415313243866,0.023557564243674278,0.0481075108900642
18.563485622406006,0.04247642308473587,0.020111849531531334,0.0407377354895149
18.61362624168396,0.04256902635097504,0.01276620663702488,0.0427173829893498
18.663143634796143,0.04234439879655838,0.0059134503826498985,0.0423369204665735
18.708314418792725,0.042107462882995605,0.002005786867812276,0.0438032055000047
18.761189222335815,0.04181378707289696,-0.0010678963735699654,0.048308945662917
18.807404279708862,0.04302645102143288,0.009774865582585335,0.0372666757848669
18.860363483428955,0.04456653818488121,0.01650504767894745,0.0365840932458646
18.90942096710205,0.045038387179374695,0.013535719364881516,0.0383619446616921
18.958097219467163,0.04508225992321968,0.009374157525599003,0.0376368669391669
19.010669708251953,0.04489476606249809,0.003667345503345132,0.0382015219538011
19.05824327468872,0.0433945469558239,-0.01038955245167017,0.0306213458731691
19.10825824737549,0.0417805090546608,-0.018697695806622505,0.0321291008215849
19.15840792655945,0.04106196388602257,-0.016755837947130203,0.0346784613826264
19.208863735198975,0.04093378037214279,-0.011030304245650768,0.034660673913653
19.257951259613037,0.04109372943639755,-0.005373124964535236,0.0362340395614994
19.308523654937744,0.04132922366261482,-0.0013997011119499803,0.0301189148503154
19.357569932937622,0.04152790457010269,0.0006966450600884855,0.0316282419388223
19.4138126373291,0.03996819257736206,-0.0124718202278018,0.0328368891070301
19.46396040916443,0.03875669091939926,-0.016834767535328865,0.0342917247502394
19.513524770736694,0.03828101232647896,-0.01376287266612053,0.0363204767053479
19.563327074050903,0.03825686499476433,-0.008433024398982525,0.030908886430507
19.614112854003906,0.03843148425221443,-0.00370354438200593,0.0317131256527602
19.663445234298706,0.038639411330223083,-0.0006123335915617645,0.034371065307757
19.710177659988403,0.03880066052079201,0.000879159546457231,0.0363547275192837
19.75863242149353,0.03888115659356117,0.001242389203980565,0.0384042774869587
19.81334400177002,0.03893318027257919,0.0010477266041561961,0.0324506816039149
19.86331796646118,0.038936469703912735,0.0006531716790050268,0.033713624139914
19.913689374923706,0.038923945277929306,0.0002946080930996686,0.0352770504892088
19.963284730911255,0.038908377289772034,5.620526644634083e-05,0.0381503742656271
20.013530254364014,0.03889606520533562,-6.144963117549196e-05,0.0384145230406595
20.063551902770996,0.03888874128460884,-9.342631528852507e-05,0.0340224980367671
20.113349676132202,0.03888567537069321,-7.967476994963363e-05,0.0347246330390046
20.16343069076538,0.038885314017534256,-5.053148925071582e-05,0.0342938348152406
20.21340560913086,0.03888620808720589,-2.3378059267997742e-05,0.0357385447685187
20.263275384902954,0.03888737037777901,-5.011851499148179e-06,0.0373762570971144
20.31384539604187,0.03888830915093422,4.251563041179907e-06,0.0336900759890154
20.363473415374756,0.038888879120349884,6.940788807696663e-06,0.0353671739860664
20.413801670074463,0.038889121264219284,6.052316166460514e-06,0.0374819665889139
20.46352481842041,0.03888915851712227,3.9047990867402405e-06,0.0413538457647673
20.51352071762085,0.038889095187187195,1.8509024357626913e-06,0.0445665602889319
20.563613653182983,0.03888900950551033,4.375212085960811e-07,0.0378556517259449
20.61328101158142,0.03888893872499466,-2.9051054184492386e-07,0.0390791268809587
20.663859844207764,0.03888889402151108,-5.146241619513603e-07,0.0414581862069678
20.71353840827942,0.038888875395059586,-4.5924394953544834e-07,0.0441250904726899
20.763507843017578,0.04058975726366043,0.013877341523766518,0.0471042224230481
20.813642501831055,0.04184728115797043,0.01803257130086422,0.0392427283151915
20.863224506378174,0.04232833907008171,0.0145221296697855,0.039262131085634
20.91377568244934,0.042339034378528595,0.008784011006355286,0.0400054338133865
20.96334934234619,0.04214690625667572,0.003778534010052681,0.0410192281277301
21.013746738433838,0.041924867779016495,0.000548213196452707,0.0427630888714324
21.06352734565735,0.0417550764977932,-0.0009835843229666352,0.0393200850935644
21.113300800323486,0.04165713116526604,-0.0013462142087519169,0.0403923762864931
21.163532495498657,0.041618335992097855,-0.001106400042772293,0.0432329563835717
21.213241577148438,0.04161600396037102,-0.00068096217000857,0.0439131825989462
21.263432502746582,0.04162983223795891,-0.0003011583467014134,0.0462086626068222
21.31348752975464,0.04334736242890358,0.01382582075893879,0.0400570603863953
21.357882976531982,0.044435419142246246,0.018086928874254227,0.0416835359082728
21.407706260681152,0.04505671560764313,0.015638411045074463,0.0416833711769652
21.45843744277954,0.045141398906707764,0.010024621151387691,0.0431327907933073
21.50926399230957,0.04492849484086037,0.0038312231190502644,0.0441903452131734
21.563693284988403,0.04470546543598175,0.0005721193156205118,0.0410452041731009
21.613335371017456,0.04453442990779877,-0.0009788906900212169,0.0409732967003471
21.66380524635315,0.044435493648052216,-0.0013510503340512514,0.039197241625456
21.7133526802063,0.044396109879016876,-0.00111386738717556,0.0388756985823059
21.763819217681885,0.04439352825284004,-0.0006873623933643103,0.0418107874519475
21.81278967857361,0.0427064374089241,-0.014182875864207745,0.0545481563582353
21.85842490196228,0.04297763109207153,-0.0066426158882677555,0.0705331246120491
21.90779733657837,0.04382229223847389,0.002547014271840453,0.0866217551251085
21.957934856414795,0.047032684087753296,0.02867058478295803,0.104786868982173
22.009835243225098,0.05395868048071861,0.06891097128391266,0.122475797401403
22.057655334472656,0.05968116223812103,0.09377593547105789,0.135964421972107
22.107544898986816,0.06791649758815765,0.1233314797282219,0.15312802286489
22.157682180404663,0.07589293271303177,0.1378718465566635,0.170458239943255
22.20752453804016,0.08526668697595596,0.1597181260585785,0.184183535615609
22.263065576553345,0.0969327762722969,0.1754133254289627,0.196675131692638
22.30891489982605,0.10469545423984528,0.18195559084415436,0.201663473513159
22.35775876045227,0.11481963843107224,0.19193114340305328,0.213566318057318
22.413450241088867,0.12618853151798248,0.19055166840553284,0.22552737071766
22.463814735412598,0.13657379150390625,0.19736310839653015,0.237458240972467
22.513264179229736,0.1460193544626236,0.19344879686832428,0.2495439810737
22.563573122024536,0.15622112154960632,0.19768093526363373,0.256937745223898
22.613012313842773,0.16552942991256714,0.19257867336273193,0.269953612194337
22.663298845291138,0.17565372586250305,0.19656099379062653,0.282916016312324
22.713302850723267,0.18663349747657776,0.20555786788463593,0.297285852412017
22.75757932662964,0.19614161550998688,0.21686813235282898,0.311248395265893
22.808327674865723,0.2076132744550705,0.22326259315013885,0.314032769504386
22.858221769332886,0.21903914213180542,0.2267402559518814,0.328327087274461
22.907670259475708,0.23035350441932678,0.22796234488487244,0.343165619187619
22.957671403884888,0.24156107008457184,0.22786937654018402,0.357161649790638
23.0109806060791,0.2544984519481659,0.22277341783046722,0.37150759413715
23.057680130004883,0.2651260793209076,0.2380618005990982,0.378639407024863
23.110015392303467,0.2796330153942108,0.2397182583808899,0.394465955384214
23.15754508972168,0.2893535792827606,0.24135568737983704,0.410845393201885
23.207886219024658,0.3018646836280823,0.24713565409183502,0.428413472582722
23.25838851928711,0.3155776858329773,0.25988632440567017,0.444446144889135
23.30761408805847,0.3298523724079132,0.27186691761016846,0.451089954137609
23.35786008834839,0.34425270557403564,0.2800162732601166,0.466172243829125
23.413018465042114,0.35917505621910095,0.26529785990715027,0.479992717580931
23.463563442230225,0.37202754616737366,0.2619490325450897,0.492731660913279
23.513423681259155,0.3855225443840027,0.26490750908851624,0.505971059780219
23.559534072875977,0.39940550923347473,0.2696782648563385,0.5126531531672
23.60759711265564,0.4111621677875519,0.27851688861846924,0.526428320554408
23.657517910003662,0.4239031970500946,0.27001041173934937,0.541445711938952
23.708674430847168,0.43650057911872864,0.2649715840816498,0.557314444742262
23.759785890579224,0.4520875811576843,0.26352018117904663,0.573261871339323
23.80763268470764,0.46371743083000183,0.27338021993637085,0.587726382238573
23.8576500415802,0.47778117656707764,0.2783219516277313,0.604161353648955
23.9072847366333,0.49322018027305603,0.29307839274406433,0.620586991141095
23.957467079162598,0.5087217092514038,0.3012351989746094,0.636064229740757
24.007378578186035,0.5233235955238342,0.2991708815097809,0.652772414609556
24.05735492706299,0.5386699438095093,0.3048544228076935,0.665905146333851
24.107445240020752,0.5538380146026611,0.3057147264480591,0.683878471564063
24.163498163223267,0.5720618367195129,0.3061295449733734,0.700908469953664
24.213442087173462,0.5887342095375061,0.31666669249534607,0.717826734035214
24.2638201713562,0.604059636592865,0.3118380010128021,0.733858922358949
24.313536882400513,0.6198735237121582,0.31345313787460327,0.745546258334148
24.357372045516968,0.63365638256073,0.32479938864707947,0.760747587630859
24.40731906890869,0.6491068005561829,0.3198470175266266,0.775116546971299
24.45728373527527,0.6645842790603638,0.31825658679008484,0.789160785700748
24.514909267425537,0.6835722327232361,0.31845206022262573,0.802252645845284
24.560850143432617,0.700372040271759,0.3250347375869751,0.816598624088392
24.608623027801514,0.7132036089897156,0.32416054606437683,0.830653919560183
24.65855574607849,0.7273410558700562,0.3093179166316986,0.844941578899355
24.708736181259155,0.742127537727356,0.3066083490848541,0.85944351656837
24.758514404296875,0.7581940293312073,0.3148760199546814,0.872376687471493
24.80749797821045,0.7749795317649841,0.3253856599330902,0.879918670732696
24.85757875442505,0.7907005548477173,0.32228949666023254,0.891509767343611
24.907615184783936,0.8049793243408203,0.30928927659988403,0.904199734191633
24.961505651474,0.8206825256347656,0.2881830930709839,0.916357736021575
25.009681701660156,0.835724413394928,0.2933143377304077,0.927515142061739
25.05985140800476,0.8504255414009094,0.29302114248275757,0.926081059523003
25.109262228012085,0.8645239472389221,0.28818824887275696,0.937977168727035
25.159358501434326,0.8766043186187744,0.26896384358406067,0.949600355162838
25.207239627838135,0.8856582045555115,0.25539693236351013,0.961533185094523
25.259355783462524,0.89928138256073,0.24402672052383423,0.974510991426311
25.307435750961304,0.9103416800498962,0.2557488679885864,0.953178592329919
25.35750675201416,0.9229076504707336,0.2550155222415924,0.965119327522508
25.407695531845093,0.933052122592926,0.23469561338424683,0.977918958236769
25.459797143936157,0.9440718293190002,0.21243059635162354,0.992990971513443
25.514187335968018,0.954312801361084,0.20935752987861633,1.00874966090447
25.557735204696655,0.9633153080940247,0.2152733951807022,1.0234486071434
25.60862636566162,0.9743627309799194,0.21902911365032196,1.0361853535597
25.658172845840454,0.9869192242622375,0.23410829901695251,1.04909710791584
25.70994210243225,1.001638650894165,0.2391463816165924,1.06099472142924
25.757545471191406,1.011474609375,0.2419164776802063,1.06857345191172
25.80797576904297,1.024078607559204,0.24818983674049377,1.07748564402409
25.857625007629395,1.0364985466003418,0.2493579089641571,1.08299793127373
25.908106565475464,1.048003077507019,0.24298371374607086,1.08807482105248
25.958256483078003,1.0590039491653442,0.2352721095085144,1.09480523837493
26.00956654548645,1.0715662240982056,0.22401104867458344,1.10279440422396
26.063294887542725,1.0807067155838013,0.2070585936307907,1.11802214411578
26.10758948326111,1.0887864828109741,0.20621314644813538,1.12007821513227
26.16347575187683,1.1009266376495361,0.2053118348121643,1.12153986465301
26.213340044021606,1.1103037595748901,0.1976827085018158,1.12211944451882
26.26375436782837,1.1186598539352417,0.1852215975522995,1.12625542716616
26.31335973739624,1.1265758275985718,0.1743539571762085,1.13743428421332
26.363465785980225,1.1327261924743652,0.1534643918275833,1.13774917018994
26.413438081741333,1.1394333839416504,0.14598502218723297,1.13602808124195
26.463475227355957,1.1470731496810913,0.14870914816856384,1.13125328511967
26.513720273971558,1.1536107063293457,0.14109058678150177,1.12773986958864
26.563475370407104,1.1591726541519165,0.12898749113082886,1.13252792427961
26.613340616226196,1.1643186807632446,0.11852014064788818,1.13183151271016
26.663573026657104,1.1677069664001465,0.09793165326118469,1.13115894433329
26.713350534439087,1.171650767326355,0.0906231552362442,1.1308007955589
26.763447523117065,1.1748214960098267,0.07953567802906036,1.13146526558396
26.814287662506104,1.1773287057876587,0.06776390224695206,1.1212503727094
26.85964012145996,1.1796332597732544,0.059145357459783554,1.12054524725439
26.909707069396973,1.1819902658462524,0.05438657104969025,1.118753130511
26.95893359184265,1.1827492713928223,0.04242056608200073,1.11704403659086
27.009686708450317,1.1841787099838257,0.03468884900212288,1.11420576714368
27.063767910003662,1.184740662574768,0.025127578526735306,1.07221804048629
27.11002492904663,1.1845675706863403,0.013718446716666222,1.06617351362384
27.158751964569092,1.1815550327301025,-0.0166255421936512,1.06036439355091
27.208537817001343,1.1768985986709595,-0.047112833708524704,1.05372447934735
27.25837755203247,1.171242117881775,-0.07427605241537094,1.04670134393996
27.30818200111389,1.1660709381103516,-0.08563272655010223,1.05240640482592
27.357847452163696,1.1609255075454712,-0.09340684115886688,1.04615750899553
27.410640001296997,1.1576532125473022,-0.07410167902708054,1.04032276161749
27.458295106887817,1.154869556427002,-0.07325483858585358,1.03530587642452
27.51035761833191,1.1510525941848755,-0.068702332675457,1.03145608820587
27.558786153793335,1.1473705768585205,-0.07698877900838852,1.04958416425619
27.607996702194214,1.1433109045028687,-0.07866978645324707,1.05425109770699
27.65846586227417,1.1401294469833374,-0.07288952171802521,1.06147823305417
27.708162546157837,1.138774037361145,-0.0541485957801342,1.06831538314341
27.759499311447144,1.1391974687576294,-0.02600288763642311,1.07444469797811
27.81350874900818,1.1401156187057495,-0.008485347963869572,1.08929358949038
27.8633234500885,1.1409591436386108,0.0014337645843625069,1.09550347192233
27.91373586654663,1.143225073814392,0.019103409722447395,1.10321671587602
27.963372468948364,1.1464650630950928,0.03721770644187927,1.11262886526796
28.00944709777832,1.1499834060668945,0.050221722573041916,1.12628576292462
28.058839082717896,1.1528406143188477,0.05735719949007034,1.15150648581614
28.108956813812256,1.1560790538787842,0.06056039780378342,1.1669362318148
28.158794164657593,1.1617599725723267,0.08369031548500061,1.18103020219472
28.209014415740967,1.1700060367584229,0.1081208735704422,1.19774483458405
28.25833296775818,1.17692232131958,0.13022619485855103,1.21656857509124
28.3134925365448,1.1875156164169312,0.15172690153121948,1.24613193899389
28.3635311126709,1.1984508037567139,0.17835035920143127,1.26253852486486
28.413517475128174,1.2104192972183228,0.20228642225265503,1.27847440309502
28.459259510040283,1.2225755453109741,0.2180795967578888,1.29522848941053
28.513480186462402,1.2362067699432373,0.23967449367046356,1.31394680101898
28.563472986221313,1.2490590810775757,0.24586078524589539,1.29406094276967
28.613471031188965,1.2625519037246704,0.255250483751297,1.31269149927272
28.663280487060547,1.271550178527832,0.22394326329231262,1.33374182435608
28.713502168655396,1.2803738117218018,0.20530356466770172,1.35721511019076
28.763376712799072,1.2902332544326782,0.20213913917541504,1.3808657699588
28.813599586486816,1.3025994300842285,0.22034762799739838,1.36501483650284
28.863309860229492,1.3183966875076294,0.2585048973560333,1.39070193917716
28.91358232498169,1.3310225009918213,0.25465959310531616,1.41893859623523
28.963438749313354,1.3437869548797607,0.2548941373825073,1.44796508219046
29.0136239528656,1.3573799133300781,0.26143717765808105,1.47984326181844
29.063830375671387,1.3731120824813843,0.2826230823993683,1.48543022124567
29.113445043563843,1.3919471502304077,0.32002803683280945,1.51945830847369
29.16333270072937,1.409096360206604,0.32794567942619324,1.55575796654824
29.20881700515747,1.4244459867477417,0.3478284776210785,1.59522260316475
29.26430320739746,1.448961615562439,0.37763071060180664,1.63319132331759
29.313958406448364,1.4721065759658813,0.41099366545677185,1.70117013104694
29.36368489265442,1.497412919998169,0.4484204351902008,1.73762634713207
29.413912296295166,1.5271694660186768,0.5067031979560852,1.77612349349626
29.463820457458496,1.5577890872955322,0.5475593209266663,1.81084098622831
29.507972955703735,1.5841903686523438,0.5866532921791077,1.84802919886279
29.5636043548584,1.621395230293274,0.6030280590057373,1.90908469630892
29.60811758041382,1.6479389667510986,0.6247624754905701,1.94520356358315
29.663626432418823,1.687746286392212,0.6454210877418518,1.98451898481452
29.70764684677124,1.718429446220398,0.6879593729972839,2.02538811612145
29.764272928237915,1.7602972984313965,0.6929851770401001,2.06852249958323
29.81370997428894,1.7964192628860474,0.7038975358009338,2.15979721404
29.857613801956177,1.8269542455673218,0.7257018685340881,2.20799592115737
29.913520574569702,1.876237392425537,0.774696409702301,2.25754931221328
29.963595151901245,1.922796368598938,0.8357123732566833,2.30684830113645
30.0136456489563,1.9681850671768188,0.8624941110610962,2.36020717045579
30.05762553215027,2.0060787200927734,0.8931583762168884,2.50621235625144
30.10896134376526,2.052664279937744,0.9150102734565735,2.56459866830629
30.158915519714355,2.108466386795044,1.006333827972412,2.62390243995044
30.209872484207153,2.1792945861816406,1.0872619152069092,2.68077456119208
30.26124358177185,2.240722894668579,1.1415690183639526,2.74032831144005
30.307834148406982,2.2904648780822754,1.17808997631073,2.88321742770556
30.358711004257202,2.3479433059692383,1.1734156608581543,2.94300672338107
30.408141374588013,2.4118690490722656,1.2274441719055176,3.00016580814801
30.457635402679443,2.481015920639038,1.2978254556655884,3.05896270540219
30.50798487663269,2.549409866333008,1.3330116271972656,3.12430052655945
30.558589935302734,2.6157119274139404,1.3379297256469727,3.23572095886447
30.608428239822388,2.6817550659179688,1.340043544769287,3.29995603968324
30.658504009246826,2.750994920730591,1.3683487176895142,3.36495076460723
30.70788836479187,2.822038412094116,1.3980770111083984,3.42969745832278
30.75909733772278,2.8942601680755615,1.4261640310287476,3.49280506686251
30.808186054229736,2.966101884841919,1.438888669013977,3.57490128154335
30.8577663898468,3.0366265773773193,1.436335563659668,3.63737189380601
30.910897970199585,3.1192312240600586,1.4130709171295166,3.69595167203382
30.963854551315308,3.1896631717681885,1.409298062324524,3.75414138374293
31.014023303985596,3.257545232772827,1.3865998983383179,3.81190638585557
31.06376028060913,3.325469732284546,1.3740615844726562,3.87612725687552
31.11380887031555,3.392376661300659,1.3579498529434204,3.9307266796453
31.164026975631714,3.460261583328247,1.3565881252288818,3.98902720477645
31.214012384414673,3.5275373458862305,1.350331425666809,4.04251649573291
31.264362335205078,3.594155788421631,1.3415039777755737,4.10051734297974
31.311969995498657,3.6605095863342285,1.3341684341430664,4.15721480139771
31.360427141189575,3.7268424034118652,1.3296109437942505,4.2126128973251
31.408184051513672,3.7811429500579834,1.3423171043395996,4.26537698975511
31.458141565322876,3.846209764480591,1.3351269960403442,4.31825790718319
31.508307933807373,3.9121997356414795,1.3379534482955933,4.36958804788674
31.55834722518921,3.977444887161255,1.332721471786499,4.41917958787395
31.608209133148193,4.04152250289917,1.3205658197402954,4.46781600476407
31.657869815826416,4.1037139892578125,1.297541856765747,4.51685292288375
31.708211660385132,4.164334774017334,1.2716045379638672,4.56687259881818
31.759716987609863,4.234149932861328,1.225307583808899,4.61697850396851
31.807761907577515,4.284603118896484,1.240857720375061,4.66596430791745
31.857665538787842,4.343746185302734,1.2250542640686035,4.71618311282368
31.90762686729431,4.4030961990356445,1.2183520793914795,4.76347221845057
31.958085536956787,4.4621686935424805,1.2110246419906616,4.81453606142546
32.007795333862305,4.520452499389648,1.2005420923233032,4.85528282098979
32.05787515640259,4.578416347503662,1.1917860507965088,4.89476953408143
32.1074903011322,4.635017395019531,1.1748396158218384,4.94902995957214
32.15786051750183,4.688944339752197,1.1428561210632324,4.99512889488803
32.20832848548889,4.743615627288818,1.131778359413147,5.04118787649689
32.25857400894165,4.797913074493408,1.1199157238006592,5.08559628985966
32.308319091796875,4.852033615112305,1.112607717514038,5.13779690938603
32.358558893203735,4.905617713928223,1.1029200553894043,5.19351246374707
32.413161516189575,4.968476295471191,1.0809348821640015,5.24250078773109
32.46298551559448,5.023720741271973,1.0892550945281982,5.2813816687476
32.51395320892334,5.0777740478515625,1.084303617477417,5.33083875439817
32.563191175460815,5.130728244781494,1.0728435516357422,5.37507820820363
32.61343574523926,5.183164119720459,1.0619722604751587,5.41786677449122
32.66357183456421,5.233779430389404,1.0406543016433716,5.46260132590037
32.71360373497009,5.284921646118164,1.0326908826828003,5.50742918878057
32.76121640205383,5.3352861404418945,1.021172285079956,5.55228839990532
32.807764768600464,5.376959323883057,1.030876636505127,5.59180271311749
32.85894775390625,5.426485061645508,1.02141535282135,5.6341404437871
32.90766382217407,5.4760355949401855,1.0159380435943604,5.67719085528874
32.95773124694824,5.52572774887085,1.0137521028518677,5.72240811526261
33.010603189468384,5.583673000335693,0.9942218661308289,5.76355692329899
33.05748009681702,5.625522613525391,1.0143635272979736,5.79746586895511
33.11744213104248,5.681960105895996,0.9820833206176758,5.84016685907673
33.1631019115448,5.729038238525391,0.964717447757721,5.88344641166573
33.2080352306366,5.766765594482422,0.9598965644836426,5.92527124652843
33.25870728492737,5.811874866485596,0.943588137626648,5.96099468705089
33.307737588882446,5.857971668243408,0.9414506554603577,5.99836351069538
33.3575119972229,5.903482437133789,0.9344711899757385,6.0362354366052
33.407984018325806,5.949312686920166,0.9339272379875183,6.07583048976183
33.4634108543396,6.002106189727783,0.9107881784439087,6.11487445074286
33.5076642036438,6.039392948150635,0.9203757047653198,6.15317375767089
33.558547496795654,6.082220554351807,0.8999415636062622,6.18415199606988
33.60806608200073,6.124841213226318,0.8872677087783813,6.22193030867312
33.6578733921051,6.167027473449707,0.8751470446586609,6.26025425315025
33.70894718170166,6.2084221839904785,0.8617724180221558,6.29415369250726
33.76363205909729,6.256221294403076,0.8340686559677124,6.32676336169428
33.81396269798279,6.297433376312256,0.8292340040206909,6.35721392862671
33.863489389419556,6.337111949920654,0.8137540817260742,6.38991543830025
33.91420888900757,6.375687599182129,0.7959575057029724,6.41465574735834
33.959320306777954,6.413887023925781,0.7823849320411682,6.43440584541272
34.008056640625,6.444593906402588,0.7793835401535034,6.4367183298223
34.05818796157837,6.480218410491943,0.7574650645256042,6.44216617049282
34.10767865180969,6.512783527374268,0.7183524370193481,6.43247506379513
34.158119678497314,6.542552947998047,0.6733145117759705,6.41896090138386
34.207945346832275,6.5673604011535645,0.6044825315475464,6.39758191585388
34.25753712654114,6.586606979370117,0.5190988779067993,6.37342322208714
34.307478189468384,6.601761341094971,0.435147225856781,6.37594089618028
34.35754656791687,6.612496376037598,0.34835726022720337,6.35165902843354
34.40748357772827,6.621891021728516,0.28716546297073364,6.32498408884548
34.45833206176758,6.629816055297852,0.23680858314037323,6.30044629803198
34.51119256019592,6.635578632354736,0.17225739359855652,6.27295465900348
34.56369757652283,6.637441158294678,0.1183391883969307,6.26641063224223
34.60780358314514,6.635453224182129,0.06201309710741043,6.24420637105275
34.65782809257507,6.631959438323975,0.010159212164580822,6.21731174974895
34.71343970298767,6.627147197723389,-0.03115181438624859,6.19365808405214
34.763742208480835,6.621119499206543,-0.0667107030749321,6.16886470815737
34.8133499622345,6.612527370452881,-0.10857173055410385,6.16479881837002
34.86366868019104,6.602701187133789,-0.1431862711906433,6.14094634477109
34.913453340530396,6.592788219451904,-0.16460184752941132,6.11439119162177
34.963664531707764,6.58329963684082,-0.17414769530296326,6.08191079700787
35.01040959358215,6.57092809677124,-0.20361727476119995,6.04790847568018
35.06347465515137,6.556447982788086,-0.23757071793079376,6.02477631189363
35.11405658721924,6.539544105529785,-0.27737540006637573,5.98218008438507
35.163551568984985,6.521461009979248,-0.31034162640571594,5.9348953752245
35.2134063243866,6.499888896942139,-0.3585195541381836,5.88776195962007
35.26420044898987,6.476205348968506,-0.4037066102027893,5.83576884335808
35.3081488609314,6.453364372253418,-0.4611883759498596,5.81160763587921
35.3584988117218,6.42257833480835,-0.5270850658416748,5.7589426056601
35.40886306762695,6.391055583953857,-0.571090579032898,5.70495271729595
35.45855760574341,6.359435558319092,-0.5993812680244446,5.64779883373979
35.51387000083923,6.320744514465332,-0.6221734881401062,5.59378473436514
35.56362247467041,6.2829461097717285,-0.6751576066017151,5.55244764493
35.613709688186646,6.242551326751709,-0.7269697785377502,5.50541399086041
35.663501501083374,6.203195571899414,-0.7492502331733704,5.43952198772524
35.71373963356018,6.162048816680908,-0.7779087424278259,5.37964013785012
35.75790333747864,6.126533031463623,-0.8168231844902039,5.31580433044451
35.80822443962097,6.08104133605957,-0.8608183264732361,5.26733648753137
35.86337447166443,6.024767875671387,-0.8983753323554993,5.19328458713259
35.9137065410614,5.973924160003662,-0.9443963766098022,5.11420174893808
35.959017515182495,5.930624008178711,-0.9930127859115601,5.03886209838308
36.014180183410645,5.86706018447876,-1.027029037475586,4.95742543797662
36.06348752975464,5.808311939239502,-1.0847665071487427,4.90592049298298
36.113534688949585,5.746203422546387,-1.146063208580017,4.82368012224027
36.16366481781006,5.6844401359558105,-1.1793873310089111,4.73194959351972
36.213545083999634,5.622346878051758,-1.202642560005188,4.6398782725259
36.26405739784241,5.5567779541015625,-1.2448986768722534,4.53402124172034
36.31361436843872,5.487270832061768,-1.3013858795166016,4.44121345597879
36.35897874832153,5.424941062927246,-1.3913930654525757,4.30871693504596
36.40758919715881,5.346399784088135,-1.473331332206726,4.16818483598311
36.45761442184448,5.261626243591309,-1.5740901231765747,4.03048659403063
36.51384472846985,5.15425968170166,-1.678167462348938,3.89175006566809
36.56357669830322,5.054856300354004,-1.799355387687683,3.79975164658469
36.61353254318237,4.952925682067871,-1.8914974927902222,3.68196350396669
36.66362547874451,4.85129976272583,-1.9443538188934326,3.57371929866824
36.71366548538208,4.749390125274658,-1.9789518117904663,3.49151211757339
36.76089930534363,4.647697925567627,-1.9979989528656006,3.41155330950165
36.80766153335571,4.564338684082031,-2.031728506088257,3.3703321572401
36.86342406272888,4.450721263885498,-1.9726552963256836,3.31529408073387
36.913609981536865,4.357429027557373,-1.9271149635314941,3.26021314120209
36.95884990692139,4.282754421234131,-1.9118754863739014,3.22634546066005
37.01127338409424,4.18350887298584,-1.797441840171814,3.17543858254593
37.05747365951538,4.113412380218506,-1.7875555753707886,3.13578631707645
37.113404512405396,4.019730091094971,-1.6870900392532349,3.09104141594614
37.16359806060791,3.941237449645996,-1.6387118101119995,3.06035791536991
37.213470697402954,3.8662850856781006,-1.580896019935608,3.02968537547177
37.26345944404602,3.794963836669922,-1.5174617767333984,3.00327771859334
37.31389498710632,3.7251412868499756,-1.4678730964660645,2.96763629431005
37.36356210708618,3.6586544513702393,-1.4109139442443848,2.93297656992529
37.41378617286682,3.595673084259033,-1.3489625453948975,2.89877666914449
37.46352815628052,3.534134864807129,-1.30069100856781,2.85677304242831
37.51444458961487,3.472522020339966,-1.272345781326294,2.80982284482565
37.563575744628906,3.411912202835083,-1.2468746900558472,2.76039666628518
37.613698959350586,3.351802349090576,-1.2277504205703735,2.70318181831091
37.66378211975098,3.2899110317230225,-1.2307935953140259,2.64053228806102
37.713693380355835,3.2281594276428223,-1.2308014631271362,2.57917393541765
37.76107883453369,3.1651740074157715,-1.241074800491333,2.5162544338517
37.80769920349121,3.111624002456665,-1.2772170305252075,2.4681676441139
37.857892751693726,3.047274589538574,-1.2894096374511719,2.40687910182336
37.90911078453064,2.970674753189087,-1.2873456478118896,2.35116679943633
37.95860028266907,2.9157652854919434,-1.3191323280334473,2.26602367769962
38.00834274291992,2.852358102798462,-1.3060739040374756,2.12851019122802
38.06040573120117,2.776153802871704,-1.2948620319366455,2.04423373802224
38.10835123062134,2.713055372238159,-1.3945038318634033,1.97163666987648
38.15903186798096,2.6342813968658447,-1.4758236408233643,1.94157790047215
38.20780563354492,2.555497646331787,-1.5246235132217407,1.91771481957877
38.26413893699646,2.4686591625213623,-1.4899976253509521,1.9142388532012
38.31393766403198,2.4017703533172607,-1.4265427589416504,1.91401200697244
38.363584995269775,2.344330072402954,-1.3133071660995483,1.94026279080869
38.4136483669281,2.2938146591186523,-1.1912132501602173,1.9747926373071
38.463722229003906,2.2509002685546875,-1.0571163892745972,1.99766770223738
38.513774156570435,2.216529369354248,-0.9085463285446167,1.99380890377249
38.563507318496704,2.187638998031616,-0.7764431238174438,1.98786027735105
38.60877323150635,2.1643149852752686,-0.7145960927009583,1.97369978298906
38.66355109214783,2.131218194961548,-0.6432141065597534,1.94828111959054
38.70862126350403,2.1056320667266846,-0.6443098783493042,1.91883888647887
38.7581992149353,2.0737409591674805,-0.6465137004852295,1.9040202197014
38.80736207962036,2.0393874645233154,-0.6680285930633545,1.89345885423899
38.85835289955139,2.005690097808838,-0.6735160946846008,1.8961776835054
38.910380601882935,1.9691009521484375,-0.6452046632766724,1.8946896783175
38.95818090438843,1.946374773979187,-0.6205256581306458,1.89625505225942
39.00784707069397,1.923332929611206,-0.5592067837715149,1.900622219755
39.060213804244995,1.8998558521270752,-0.4836278259754181,1.89168991921697
39.108155965805054,1.884542465209961,-0.4512336254119873,1.88928920100682
39.161155223846436,1.8643312454223633,-0.4002954661846161,1.88737124182745
39.21089243888855,1.8483070135116577,-0.36808112263679504,1.8887963695574
39.26088523864746,1.8329087495803833,-0.3439408540725708,1.88395898380193
39.3105947971344,1.817405343055725,-0.3302895426750183,1.86133506682132
39.357712507247925,1.8054362535476685,-0.3206230700016022,1.85861032575558
39.408963441848755,1.7906713485717773,-0.313215970993042,1.79506799675579
39.45761251449585,1.7761051654815674,-0.3060726225376129,1.76179987620996
39.50846219062805,1.758271336555481,-0.33054831624031067,1.74832687601377
39.557650327682495,1.736403226852417,-0.3763886094093323,1.73691265304009
39.60716390609741,1.7140536308288574,-0.40640750527381897,1.72059563450295
39.657220125198364,1.6928038597106934,-0.41589558124542236,1.70986117822087
39.70747709274292,1.6725491285324097,-0.4138919711112976,1.71430091428936
39.763182401657104,1.651515007019043,-0.38479167222976685,1.73615232929914
39.81321620941162,1.636935830116272,-0.3468910753726959,1.79087751770901
39.86310887336731,1.6275501251220703,-0.2825799882411957,1.85964155012666
39.91313862800598,1.624519944190979,-0.1934661865234375,1.95641308229157
39.963202476501465,1.6315062046051025,-0.05973295494914055,2.00773052515739
40.01311111450195,1.649123191833496,0.10474924743175507,2.00479936492245
40.063329219818115,1.6716368198394775,0.24114222824573517,1.93516997132963
40.11304497718811,1.6894164085388184,0.28408172726631165,1.9461410340426
40.15826725959778,1.6946111917495728,0.23102006316184998,1.99812797279707
40.21315336227417,1.695391297340393,0.13129006326198578,2.04713890845597
40.263628005981445,1.6998846530914307,0.11632466316223145,2.09098536606654
40.31329584121704,1.7121005058288574,0.16850171983242035,2.08051732278535
40.35721969604492,1.7276134490966797,0.24295440316200256,2.10935834689795
40.40873193740845,1.7453843355178833,0.28757086396217346,2.13848450336688
40.45804691314697,1.7624813318252563,0.3114326000213623,2.18118082399861
40.51051688194275,1.7846720218658447,0.3396355211734772,2.22119756906833
40.5635142326355,1.8068180084228516,0.3805088400840759,2.26185677173306
40.613208055496216,1.8304088115692139,0.41616371273994446,2.30502861497695
40.6581027507782,1.8516415357589722,0.45577502250671387,2.35182076848145
40.708144426345825,1.879282832145691,0.498369961977005,2.40084010135533
40.75873422622681,1.909806251525879,0.5473319292068481,2.4512341223256
40.807971477508545,1.9420171976089478,0.5897092223167419,2.48520344704158
40.8635733127594,1.983157992362976,0.6363283395767212,2.53132030108519
40.9134795665741,2.0192418098449707,0.6689218878746033,2.58528114716546
40.95795464515686,2.048722267150879,0.693207323551178,2.6323359538704
41.008666038513184,2.0858216285705566,0.7183946967124939,2.68494322130593
41.05857706069946,2.1250829696655273,0.7501927018165588,2.71723375556279
41.108352184295654,2.1664881706237793,0.786980390548706,2.76588664489848
41.158050537109375,2.2079994678497314,0.8086757659912109,2.8146284621571
41.209187507629395,2.256516933441162,0.8107884526252747,2.86390566859354
41.25852036476135,2.2931947708129883,0.8487974405288696,2.9200218376259
41.308539390563965,2.3368966579437256,0.8638094067573547,2.9631608698237
41.35812544822693,2.382293224334717,0.8882372379302979,3.02099161335303
41.4080708026886,2.4285173416137695,0.9081012010574341,3.07601531281971
41.45774817466736,2.476787805557251,0.9381507039070129,3.13266778586748
41.50785517692566,2.5260066986083984,0.9623176455497742,3.18647614175738
41.55762815475464,2.5772595405578613,0.9948523044586182,3.23316096963869
41.60797643661499,2.6293959617614746,1.0200061798095703,3.28411619539326
41.658106088638306,2.680828332901001,1.0296365022659302,3.33578381445428
41.70811128616333,2.732877731323242,1.0413424968719482,3.39321725143048
41.75975203514099,2.7928214073181152,1.0236473083496094,3.44423830523393
41.807581186294556,2.8377277851104736,1.0600898265838623,3.48187144170338
41.85964560508728,2.89894700050354,1.043041467666626,3.5339200992949
41.90810561180115,2.942753314971924,1.0634406805038452,3.58099619716627
41.958436250686646,2.9953575134277344,1.065885305404663,3.62814792197114
42.00910472869873,3.0567619800567627,1.0489592552185059,3.6773013260173
42.05874800682068,3.1010639667510986,1.0714256763458252,3.69446993433669
42.109477043151855,3.162545919418335,1.0525035858154297,3.74126137553905
42.15909552574158,3.2041449546813965,1.0505485534667969,3.79028405601631
42.20918941497803,3.2605931758880615,1.0030558109283447,3.8428841974882
42.25911474227905,3.302867889404297,1.0243103504180908,3.89571712901549
42.30818557739258,3.353534698486328,1.0262982845306396,3.92302230887708
42.35778498649597,3.406452178955078,1.0472193956375122,3.97357894894305
42.40889096260071,3.459336042404175,1.0571585893630981,4.01980304641479
42.4583375453949,3.510453224182129,1.0494613647460938,4.06582888736215
42.51376032829285,3.570249557495117,1.0283854007720947,4.10099585800507
42.55833411216736,3.6128427982330322,1.0431880950927734,4.12272656537473
42.607733488082886,3.661618232727051,1.021826982498169,4.16444560832213
42.6580286026001,3.7085342407226562,0.9946589469909668,4.20641172206143
42.713804960250854,3.762202501296997,0.9512626528739929,4.24938996922232
42.763898611068726,3.810162305831909,0.9537991285324097,4.29155026830661
42.813490867614746,3.8579962253570557,0.9536128640174866,4.33993708060453
42.86354851722717,3.9053773880004883,0.9500024318695068,4.38601917170226
42.91351008415222,3.9525198936462402,0.9459955096244812,4.43577803460003
42.963743925094604,4.001285076141357,0.9568690657615662,4.48041954882781
43.014177322387695,4.051321029663086,0.9732020497322083,4.52465109820455
43.063496351242065,4.100184917449951,0.9731975793838501,4.5636968119559
43.11330223083496,4.149551868438721,0.9778147339820862,4.59572799710946
43.163472414016724,4.197836399078369,0.971487283706665,4.63498680379313
43.21338653564453,4.245131015777588,0.9600412249565125,4.67616038695106
43.2636284828186,4.291983604431152,0.9497700929641724,4.70964469583578
43.314135789871216,4.337055683135986,0.9291254878044128,4.75010527076307
43.35901498794556,4.375239849090576,0.9405043125152588,4.79025086702231
43.413530588150024,4.427502632141113,0.910439670085907,4.82167282581258
43.46348857879639,4.4733710289001465,0.9124464392662048,4.85507407372713
43.513466596603394,4.518595218658447,0.9079316854476929,4.88279876027047
43.55915570259094,4.555904865264893,0.9186620116233826,4.92818544690678
43.60798001289368,4.598787307739258,0.8993375897407532,4.95115598008984
43.65770745277405,4.641460418701172,0.8873125910758972,4.97873286711187
43.7082793712616,4.683682441711426,0.8754531741142273,4.99988593382924
43.76123309135437,4.731766700744629,0.8435052037239075,5.01931389283885
43.80914926528931,4.76490592956543,0.8405348658561707,5.05575903440886
43.86377286911011,4.807750701904297,0.7835596799850464,5.06433463416777
43.91363596916199,4.844429016113281,0.763201892375946,5.06640756149065
43.96383762359619,4.878626823425293,0.7303677201271057,5.05766540523422
44.010204792022705,4.907675743103027,0.669439971446991,5.04605662523469
44.06026792526245,4.9337263107299805,0.6097614169120789,5.04931139205167
44.107606649398804,4.952319622039795,0.5626004338264465,5.03258812330798
44.163761138916016,4.975377559661865,0.4823898673057556,5.00642984438337
44.213526010513306,4.99326753616333,0.4324207603931427,4.98945819871998
44.264185428619385,5.0071916580200195,0.3703678846359253,4.9663026398007
44.31400966644287,5.017280101776123,0.30281367897987366,4.974134455485
44.363630294799805,5.024118423461914,0.23648221790790558,4.95007759344979
44.41401290893555,5.029792785644531,0.1877492070198059,4.93525303251833
44.46325492858887,5.034050941467285,0.14686553180217743,4.90991148083551
44.51428937911987,5.037866115570068,0.11895053088665009,4.89289163570763
44.56466484069824,5.038600921630859,0.07695095986127853,4.89012497433643
44.608381271362305,5.037692546844482,0.04384452477097511,4.87639825069798
44.65794086456299,5.037336349487305,0.024686262011528015,4.85885556648308
44.713757276535034,5.035520076751709,-0.001453442731872201,4.84371047010936
44.75902009010315,5.032802581787109,-0.023733705282211304,4.82779982905288
44.80910301208496,5.0283589363098145,-0.046672459691762924,4.8319654636028
44.85924005508423,5.022946834564209,-0.07125503569841385,4.81817488158328
44.91074252128601,5.0182952880859375,-0.0793711468577385,4.80418804234054
44.9576096534729,5.013939380645752,-0.08959490060806274,4.77765978037983
45.00998330116272,5.007208347320557,-0.1002243310213089,4.75193955758001
45.06040811538696,4.999520301818848,-0.12166310846805573,4.75071938943218
45.110028982162476,4.988931655883789,-0.15765707194805145,4.71149485081041
45.157907485961914,4.980154037475586,-0.17841246724128723,4.68184827835175
45.214069843292236,4.965438365936279,-0.2106390744447708,4.64336001407409
45.26239347457886,4.950671672821045,-0.2439921349287033,4.6108191618445
45.31007266044617,4.93371057510376,-0.2816636264324188,4.57851322558807
45.357592821121216,4.917355537414551,-0.3252059519290924,4.53434621308055
45.407986879348755,4.896455764770508,-0.36453524231910706,4.494965078188
45.460970878601074,4.868412017822266,-0.4138352572917938,4.4507582596431
45.511162996292114,4.843520641326904,-0.44618290662765503,4.41210196069953
45.56104779243469,4.816075801849365,-0.4867631494998932,4.36997116100528
45.609532833099365,4.787009239196777,-0.523613452911377,4.33181511228315
45.66246819496155,4.757630825042725,-0.5481014251708984,4.29313986854266
45.709516525268555,4.726887226104736,-0.5740571618080139,4.24494591156774
45.7607626914978,4.695398330688477,-0.5953666567802429,4.20030496229265
45.81075358390808,4.662165641784668,-0.6223471760749817,4.13656977630591
45.85790681838989,4.633565902709961,-0.6549978256225586,4.08569190871076
45.909013748168945,4.596500873565674,-0.69523686170578,4.03684283113923
45.957552671432495,4.556736946105957,-0.7401992082595825,3.98946275066499
46.009674072265625,4.507710933685303,-0.7777066826820374,3.94124713901145
46.06150484085083,4.464328765869141,-0.8122325539588928,3.89459208919826
46.108577251434326,4.428084373474121,-0.8456331491470337,3.84473887889322
46.161152601242065,4.378233432769775,-0.8403891324996948,3.79358375734666
46.207385540008545,4.341497421264648,-0.8689897060394287,3.73948679271061
46.2616331577301,4.289484977722168,-0.8701837062835693,3.68359040044051
46.310972929000854,4.242722988128662,-0.8952295780181885,3.6295053960637
46.35812067985535,4.202633380889893,-0.9334757328033447,3.57157601340329
46.411070585250854,4.144832611083984,-0.9500264525413513,3.5135636674945
46.46101260185242,4.093808174133301,-0.9767423868179321,3.45910327505345
46.50744891166687,4.050965309143066,-1.010823369026184,3.40350851952472
46.56413650512695,3.990015745162964,-1.0160484313964844,3.34762513986946
46.614259243011475,3.9365344047546387,-1.0360205173492432,3.2942425016491
46.66349673271179,3.882887840270996,-1.0492647886276245,3.23805946511859
46.71456217765808,3.8277242183685303,-1.0696552991867065,3.17453298398256
46.763471364974976,3.773282527923584,-1.075561285018921,3.10810130086654
46.811668157577515,3.718153476715088,-1.0851457118988037,3.05549490392449
46.857332706451416,3.6701438426971436,-1.1269643306732178,2.99040056962562
46.908440828323364,3.611407518386841,-1.1536706686019897,2.92606898359901
46.95844745635986,3.5520575046539307,-1.1744133234024048,2.86627223057763
47.00925922393799,3.481407880783081,-1.1791768074035645,2.81161273396539
47.057998180389404,3.4296207427978516,-1.2210133075714111,2.77221042732006
47.10785531997681,3.3688805103302,-1.2255058288574219,2.70966057752974
47.16161251068115,3.300241470336914,-1.190491795539856,2.64936785639733
47.2083740234375,3.2501885890960693,-1.2144005298614502,2.58849115295455
47.25812649726868,3.1895456314086914,-1.2219610214233398,2.53044301959774
47.307498931884766,3.1283040046691895,-1.2311170101165771,2.513853409681
47.35802435874939,3.0668463706970215,-1.2382724285125732,2.4577015130922
47.410553216934204,2.9988203048706055,-1.1914231777191162,2.40302138934127
47.459502935409546,2.941714286804199,-1.170577883720398,2.34585256882528
47.50774359703064,2.893714666366577,-1.1837915182113647,2.28980528292336
47.55744767189026,2.8361167907714844,-1.178920030593872,2.27204427526612
47.608612298965454,2.77681303024292,-1.190353512763977,2.21458094858999
47.65822172164917,2.719806671142578,-1.1759477853775024,2.15736330729867
47.7085235118866,2.663705825805664,-1.1626533269882202,2.10611494898346
47.75782036781311,2.607762575149536,-1.1523023843765259,2.05544634039994
47.8074586391449,2.551118850708008,-1.1526790857315063,2.02472673655556
47.85828351974487,2.493229627609253,-1.1625324487686157,1.96008275036192
47.90844655036926,2.4373512268066406,-1.1505602598190308,1.90249698394582
47.95829439163208,2.381472587585449,-1.1457247734069824,1.85321493841858
48.00835180282593,2.3239669799804688,-1.1554005146026611,1.80511366419723
48.057538747787476,2.2668633460998535,-1.1569230556488037,1.78252529341898
48.107515811920166,2.209502696990967,-1.160988211631775,1.72857972122416
48.15807867050171,2.153964042663574,-1.1470102071762085,1.6751715080966
48.21359968185425,2.0924627780914307,-1.0932594537734985,1.6275586280141
48.25843071937561,2.0476677417755127,-1.1055501699447632,1.58728441828256
48.307310581207275,1.9945414066314697,-1.0951507091522217,1.57633851969527
48.35745668411255,1.940687894821167,-1.0957071781158447,1.54273446835634
48.413397550582886,1.8816457986831665,-1.0448235273361206,1.50440830896089
48.46450614929199,1.8346693515777588,-1.001527190208435,1.46369372988724
48.512990951538086,1.788985013961792,-0.9655999541282654,1.41686241358118
48.56401467323303,1.7416985034942627,-0.9571871757507324,1.40081851755521
48.613977909088135,1.6944186687469482,-0.9513618350028992,1.36040488155612
48.664050340652466,1.64907968044281,-0.9321385622024536,1.32070240459774
48.70770883560181,1.6107897758483887,-0.9433746933937073,1.27006619030275
48.75773787498474,1.565712332725525,-0.9322765469551086,1.2164336573439
48.80738830566406,1.5188041925430298,-0.9421094059944153,1.18033914275877
48.85771203041077,1.4706405401229858,-0.9565359354019165,1.13322517972631
48.9073007106781,1.4226734638214111,-0.9636597037315369,1.08875574749131
48.95726251602173,1.3750079870224,-0.9655988216400146,1.04746886276767
49.00748586654663,1.3262650966644287,-0.9762535691261292,1.0111429554323
49.057775020599365,1.2775776386260986,-0.9810415506362915,0.993473233083994
49.10733914375305,1.231131672859192,-0.9654213190078735,0.961673895870267
49.15728807449341,1.1880120038986206,-0.9291893839836121,0.929405647667524
49.207451581954956,1.1458492279052734,-0.9012544751167297,0.906861304506324
49.25952172279358,1.097671627998352,-0.8580525517463684,0.886107169501723
49.309213399887085,1.0585588216781616,-0.8266482949256897,0.875103591722118
49.363261699676514,1.020676851272583,-0.7983211874961853,0.858254249989618
49.41350030899048,0.9864245057106018,-0.7518316507339478,0.844358533349899
49.46329045295715,0.9527220129966736,-0.7204615473747253,0.830515642410771
49.5131413936615,0.9217297434806824,-0.6792535781860352,0.820705774189472
49.557636976242065,0.8957657217979431,-0.671398937702179,0.807167404013619
49.607885122299194,0.8667424917221069,-0.638247013092041,0.798395546221163
49.659332275390625,0.8338106870651245,-0.5995310544967651,0.78771839251257
49.708439111709595,0.811957061290741,-0.5829827189445496,0.779236503752393
49.764612674713135,0.783812940120697,-0.5319533944129944,0.769633133826906
49.81364870071411,0.7602113485336304,-0.507723867893219,0.761970530384673
49.863343715667725,0.7364127039909363,-0.4947282671928406,0.759353017354627
49.90917778015137,0.7187911868095398,-0.47745922207832336,0.759994516166525
49.95844912528992,0.6997777819633484,-0.4411868751049042,0.761692698928832
50.01021337509155,0.6788133382797241,-0.40040040016174316,0.769442456276043
50.058144092559814,0.6649174690246582,-0.383637398481369,0.777497016918055
50.10793900489807,0.6505352258682251,-0.3468472361564636,0.793780422344373
50.158241510391235,0.6390982866287231,-0.30087536573410034,0.814384044597118
50.208683252334595,0.6307964324951172,-0.24793531000614166,0.840855612352408
50.263500452041626,0.6250407695770264,-0.17818303406238556,0.866005405858613
50.31069588661194,0.6233356595039368,-0.12067385017871857,0.889057556429796
50.360015869140625,0.6245031952857971,-0.06328330188989639,0.924226471434789
50.408424615859985,0.6276386380195618,-0.015978891402482986,0.965254640149118
50.4586923122406,0.6339211463928223,0.04130997881293297,1.00501533007225
50.5135452747345,0.6446784734725952,0.10514653474092484,1.04340953675929
50.558486461639404,0.6547415852546692,0.15451210737228394,1.06538201187639
50.613139152526855,0.6736083626747131,0.22957782447338104,1.09721173417144
50.663172006607056,0.6909309029579163,0.27508842945098877,1.13198216409489
50.713478326797485,0.7089952826499939,0.3088245987892151,1.16351283653826
50.76308465003967,0.7271862626075745,0.33001646399497986,1.1898823857441
50.80743360519409,0.7447625398635864,0.3679671883583069,1.19652760028048
50.85960412025452,0.7699040174484253,0.39157435297966003,1.21067112420881
50.90880227088928,0.7860203981399536,0.3958756923675537,1.2179805558803
50.95882511138916,0.8048310875892639,0.3907372057437897,1.22808640595933
51.01045036315918,0.8253468871116638,0.36856281757354736,1.23671359654422
51.06101632118225,0.8417438268661499,0.3519473373889923,1.24200925463336
51.110881090164185,0.857772946357727,0.3391490876674652,1.24826137606142
51.15895700454712,0.869899570941925,0.3278101682662964,1.25174277365394
51.20890545845032,0.8846637010574341,0.31751590967178345,1.25537131411483
51.2587251663208,0.8991314768791199,0.3078894019126892,1.25769489018107
51.31014060974121,0.915026843547821,0.2888350188732147,1.25439596736624
51.36039614677429,0.9284631013870239,0.2805629372596741,1.24126271942047
51.40969681739807,0.940247654914856,0.26210904121398926,1.2207315589833
51.46021366119385,0.9492126703262329,0.22852995991706848,1.20555772781956
51.50969624519348,0.954874575138092,0.18215130269527435,1.19146577497513
51.5579833984375,0.9583432078361511,0.15081635117530823,1.14141121199899
51.60777974128723,0.9607424139976501,0.11007392406463623,1.07338485889587
51.657952547073364,0.9580284357070923,0.04264592379331589,1.00103965691555
51.70779275894165,0.9482793807983398,-0.054455652832984924,0.931630237400793
51.76355314254761,0.928252100944519,-0.18429133296012878,0.864721838469052
51.81430673599243,0.9056821465492249,-0.28997132182121277,0.810592933970609
51.863094329833984,0.8783996105194092,-0.3911775052547455,0.761504936120361
51.913208961486816,0.8510439991950989,-0.4516485631465912,0.726191402272273
51.96310520172119,0.8219776153564453,-0.5025700330734253,0.706440224596905
52.0136239528656,0.7938218116760254,-0.5253103375434875,0.686244503060001
52.063979387283325,0.7688969969749451,-0.5132343173027039,0.678004665562588
52.10826849937439,0.7485683560371399,-0.5130577683448792,0.661957038670768
52.15804052352905,0.7268860340118408,-0.4831409454345703,0.651658125723997
52.20774459838867,0.7065186500549316,-0.45622187852859497,0.648174940699668
52.257554054260254,0.6870474815368652,-0.4319992959499359,0.645699707343544
52.30780005455017,0.6684190630912781,-0.41097307205200195,0.644520113761838
52.35930371284485,0.6486188173294067,-0.37420856952667236,0.637676374775604
52.40756344795227,0.6352905035018921,-0.36156007647514343,0.631438621346925
52.45756793022156,0.6209809184074402,-0.3330574929714203,0.626863625829962
52.507723569869995,0.6066121459007263,-0.317604660987854,0.62700926997918
52.55747413635254,0.5924265384674072,-0.30576199293136597,0.632913870227298
52.60856103897095,0.580194890499115,-0.2823990285396576,0.640502791318865
52.65816044807434,0.5695749521255493,-0.25594562292099,0.645734357490107
52.70971179008484,0.5596020221710205,-0.21475061774253845,0.647606447075886
52.760568380355835,0.5523562431335449,-0.18686823546886444,0.650240194894081
52.80780339241028,0.5477197766304016,-0.16348671913146973,0.655094829320472
52.85759449005127,0.543184757232666,-0.135338693857193,0.659730958222359
52.90758037567139,0.5388616323471069,-0.11683516949415207,0.665238493040802
52.957531690597534,0.5342680215835571,-0.1078387051820755,0.673560485246154
53.007540225982666,0.530613124370575,-0.09402638673782349,0.683416692155877
53.05755424499512,0.5280677080154419,-0.07717643678188324,0.699581817648863
53.1074423789978,0.5272603034973145,-0.05248190462589264,0.716473277116237
53.15963363647461,0.5280803442001343,-0.022209538146853447,0.735700514964216
53.20790481567383,0.5302621722221375,0.0035996262449771166,0.757035941557221
53.25755453109741,0.5352955460548401,0.043388232588768005,0.781581740530555
53.30752515792847,0.5420622229576111,0.08062325417995453,0.803858081937358
53.35761380195618,0.5505454540252686,0.11736639589071274,0.82802780334144
53.40753507614136,0.561502993106842,0.15967027842998505,0.852491419381834
53.45858287811279,0.5740103721618652,0.19699420034885406,0.878371958887331
53.51144218444824,0.5905668139457703,0.23407547175884247,0.90442712400735
53.55852818489075,0.6032618284225464,0.2624577581882477,0.92246301902873
53.60763216018677,0.6185030937194824,0.28087690472602844,0.947441205163049
53.65809488296509,0.6333834528923035,0.2891243100166321,0.972257989553503
53.708059549331665,0.6491554975509644,0.30212438106536865,0.996503422504451
53.763633728027344,0.6705355048179626,0.32871103286743164,1.02264392791137
53.80920171737671,0.690790057182312,0.35861268639564514,1.03870780313934
53.85756969451904,0.7080670595169067,0.38398104906082153,1.06037704411649
53.90739417076111,0.7272937893867493,0.38565707206726074,1.08589447211919
53.96026873588562,0.7491236925125122,0.3768848180770874,1.10963784557552
54.00949716567993,0.7700979113578796,0.3937723934650421,1.13002189082839
54.0581796169281,0.7874966859817505,0.40839463472366333,1.14218601162582
54.10817217826843,0.809017539024353,0.4203491806983948,1.16220277247741
54.15795087814331,0.8301215767860413,0.4231230914592743,1.1804326323591
54.20785450935364,0.8514437079429626,0.4276382327079773,1.20019722487136
54.25777530670166,0.8722412586212158,0.42512190341949463,1.2202551423098
54.30748414993286,0.8933007121086121,0.4268065094947815,1.23499138491411
54.357717752456665,0.913931131362915,0.42333173751831055,1.24957190776376
54.407562017440796,0.9349128603935242,0.4251330494880676,1.27414277702509
54.457759380340576,0.9555261135101318,0.4221970736980438,1.28467567428714
54.50830268859863,0.9765215516090393,0.42455893754959106,1.29188258645362
54.5633327960968,1.0004221200942993,0.41291821002960205,1.27771282655187
54.613335371017456,1.019972562789917,0.40362662076950073,1.28218311991424
54.66351556777954,1.035728096961975,0.36726588010787964,1.27960400054961
54.71345901489258,1.048885703086853,0.32540392875671387,1.27553937788628
54.763341665267944,1.0611541271209717,0.29345059394836426,1.27920713958405
54.81350564956665,1.0718183517456055,0.2611730992794037,1.29060494791164
54.863343477249146,1.0817116498947144,0.23587675392627716,1.27138117211939
54.9133996963501,1.0933347940444946,0.23482075333595276,1.25346381463904
54.96195864677429,1.1031737327575684,0.21893231570720673,1.24639785412563
55.01427507400513,1.109673023223877,0.18287131190299988,1.26651601815471
55.05781316757202,1.1136269569396973,0.15525533258914948,1.31715277447473
55.11274170875549,1.1200151443481445,0.13445313274860382,1.37287640505551
55.15827775001526,1.1300225257873535,0.17476260662078857,1.4239060461652
55.20759677886963,1.149057388305664,0.26115089654922485,1.47583074438409
55.257981300354004,1.1746891736984253,0.365058958530426,1.52764767821107
55.308133602142334,1.203391432762146,0.4510449767112732,1.5714821241856
55.35818433761597,1.2336491346359253,0.5157548189163208,1.6295822921354
55.407597064971924,1.2656311988830566,0.5690205693244934,1.7025662035251
55.457887411117554,1.2997175455093384,0.6183648705482483,1.77849360012921
55.508734703063965,1.3376011848449707,0.6796109676361084,1.8523268061809
55.55886673927307,1.3796348571777344,0.7495460510253906,1.89635169448805
55.607906341552734,1.4251124858856201,0.8192307353019714,1.95389740388473
55.658021688461304,1.4722044467926025,0.8734594583511353,2.01204711353318
55.70875787734985,1.5192073583602905,0.9052643179893494,2.07063396302985
55.76391816139221,1.574589729309082,0.915748655796051,2.12249066940954
55.81361222267151,1.6227645874023438,0.9334477782249451,2.1629451648397
55.863324880599976,1.6708457469940186,0.9433296322822571,2.20834859536123
55.913649797439575,1.7186359167099,0.9470022320747375,2.2562908432105
55.96343636512756,1.7661364078521729,0.9469637870788574,2.29906034979743
56.013975381851196,1.8134325742721558,0.9453615546226501,2.34051898017663
56.063371419906616,1.860620379447937,0.9435641765594482,2.37871909423834
56.112672090530396,1.9077720642089844,0.9422090649604797,2.42677473774817
56.157835960388184,1.9472724199295044,0.9599581360816956,2.47194640011484
56.20765733718872,1.9944462776184082,0.9595809578895569,2.52182774129001
56.257824659347534,2.0429773330688477,0.97101229429245,2.56459513406565
56.30748224258423,2.0929689407348633,0.9891464710235596,2.59979507322292
56.35819888114929,2.143583059310913,1.004823088645935,2.64291867331562
56.42204928398132,2.2071242332458496,0.9491957426071167,2.68856541470776
56.4636116027832,2.2483506202697754,0.9686313271522522,2.73181649667584
56.5122332572937,2.295172929763794,0.9546816945075989,2.77968614567781
56.559834718704224,2.3418128490448,0.9449155926704407,2.8195354583789
56.61682486534119,2.390246629714966,0.95365971326828,2.87119578864257
56.66126728057861,2.438419818878174,0.9561507701873779,2.91648093015744
56.70780348777771,2.4796183109283447,0.9836937785148621,2.96591613218711
56.759852170944214,2.536147117614746,0.9662694334983826,3.0129625177363
56.8083918094635,2.5786759853363037,1.0018786191940308,3.05722658312458
56.858375549316406,2.6286826133728027,1.0065901279449463,3.11044805603189
56.90825438499451,2.679487466812134,1.0179160833358765,3.16079607298506
56.95903778076172,2.7307820320129395,1.0273199081420898,3.21549559664897
57.01179385185242,2.7913436889648438,1.022078275680542,3.26217436035675
57.058321952819824,2.835772752761841,1.0545574426651,3.30748879229352
57.10862588882446,2.88778018951416,1.0547820329666138,3.35313884585003
57.15782713890076,2.9383301734924316,1.0436556339263916,3.40697783632115
57.20781636238098,2.9894356727600098,1.0424481630325317,3.45548586508547
57.25851631164551,3.041720390319824,1.050838589668274,3.51222643966595
57.3074049949646,3.0946500301361084,1.0608494281768799,3.55611038718476
57.35751676559448,3.1478090286254883,1.068620204925537,3.61097224232334
57.40766787528992,3.200953960418701,1.073166847229004,3.66154854254475
57.458011865615845,3.2553205490112305,1.0864986181259155,3.7179380905923
57.508931398391724,3.3096728324890137,1.093210220336914,3.77758938956097
57.55849552154541,3.3631043434143066,1.0901145935058594,3.82283545933438
57.608110427856445,3.418623208999634,1.106728196144104,3.88147777985752
57.657978534698486,3.474091053009033,1.1139492988586426,3.94009409456638
57.70990252494812,3.538163423538208,1.0957313776016235,4.0029065945367
57.76044034957886,3.5954346656799316,1.114518165588379,4.05544344361166
57.8098304271698,3.652418613433838,1.12282133102417,4.10349044486947
57.85974740982056,3.7086422443389893,1.1219223737716675,4.15498805069725
57.90754270553589,3.755324602127075,1.1400407552719116,4.21146285181639
57.95796465873718,3.8108015060424805,1.1351487636566162,4.26111569350214
58.01090860366821,3.8768532276153564,1.1230342388153076,4.31494012798458
58.05764389038086,3.925659418106079,1.1587010622024536,4.35365371322442
58.1104052066803,3.9923815727233887,1.1391379833221436,4.40488232031088
58.15798377990723,4.039333820343018,1.1537106037139893,4.46434562571886
58.20738911628723,4.093447208404541,1.131636142730713,4.52024371158109
58.25731897354126,4.148505687713623,1.128046989440918,4.57439220652523
58.30751299858093,4.20449686050415,1.1319379806518555,4.62566267990383
58.35725951194763,4.261637210845947,1.1443172693252563,4.67733045891639
58.40756297111511,4.320069313049316,1.1617132425308228,4.73406560941668
58.457895278930664,4.377685070037842,1.1646660566329956,4.7861111833343
58.50814890861511,4.435233116149902,1.1670740842819214,4.84103348855241
58.56338953971863,4.5012288093566895,1.1383320093154907,4.88075851759268
58.61333680152893,4.558521747589111,1.140209436416626,4.93314252093105
58.659234046936035,4.613235950469971,1.1199431419372559,4.9831847427799
58.711217641830444,4.667549133300781,1.1054335832595825,5.03627313989011
58.75817131996155,4.713383674621582,1.1221413612365723,5.08597519032774
58.807968854904175,4.7684526443481445,1.121269702911377,5.12540702014717
58.85812163352966,4.823846817016602,1.1232637166976929,5.17404689077756
58.90908670425415,4.878091335296631,1.1144075393676758,5.22737862662449
58.959044456481934,4.932299613952637,1.1099870204925537,5.27336410566872
59.00857853889465,4.987340927124023,1.1137745380401611,5.32218227504036
59.059144496917725,5.041551113128662,1.1084554195404053,5.36515686094047
59.10782480239868,5.0945353507995605,1.0957928895950317,5.41308411554454
59.15872836112976,5.146938800811768,1.0837165117263794,5.45943448631484
59.20949697494507,5.209381103515625,1.0675745010375977,5.50737815603773
59.25873827934265,5.254340648651123,1.0891929864883423,5.55450179684426
59.30849647521973,5.306137561798096,1.0739092826843262,5.59398117060414
59.35772705078125,5.357438564300537,1.0620871782302856,5.63976415829282
59.4094455242157,5.416194438934326,1.0261178016662598,5.6809199377565
59.45888638496399,5.45913553237915,1.0451074838638306,5.72605552993367
59.507824420928955,5.5099897384643555,1.040205955505371,5.77125268756465
59.55727767944336,5.560053825378418,1.0311661958694458,5.80410117724498
59.607370138168335,5.6097636222839355,1.023014783859253,5.84891408127098
59.65779209136963,5.658073425292969,1.006140947341919,5.88754048152641
59.707568645477295,5.706350803375244,0.9969504475593567,5.92351068027795
59.760647773742676,5.761922836303711,0.9663999676704407,5.962991790997
59.80822420120239,5.801311016082764,0.9751565456390381,5.99938891294703
59.858704566955566,5.846746444702148,0.9540871977806091,6.03721974978154
59.90749001502991,5.890742301940918,0.9303389191627502,6.07351309206589
59.95800566673279,5.935593605041504,0.9238855838775635,6.10058075870488
60.009981632232666,5.987877368927002,0.9016657471656799,6.12659564446048
60.057984352111816,6.023763179779053,0.9022743701934814,6.14948194296542
60.107501745224,6.0638837814331055,0.8670133352279663,6.1640856374411
60.16317677497864,6.1096391677856445,0.821952760219574,6.16939593555698
60.213082790374756,6.146570205688477,0.7874255180358887,6.16961762922714
60.26337957382202,6.178327560424805,0.725290834903717,6.16628103013853
60.31343126296997,6.207096576690674,0.6649651527404785,6.16543182262451
60.35816931724548,6.2279839515686035,0.6186836957931519,6.15319708090504
60.40741801261902,6.250738620758057,0.5570558309555054,6.13632355847471
60.45871186256409,6.270367622375488,0.49363598227500916,6.12689426536526
60.51337552070618,6.288657188415527,0.4075884521007538,6.11860600087258
60.56318426132202,6.3010478019714355,0.3436371684074402,6.12269633839065
60.61300754547119,6.3123579025268555,0.296972393989563,6.12046653647551
60.66316342353821,6.3239641189575195,0.2712962031364441,6.11643867395362
60.70829796791077,6.333003997802734,0.25683602690696716,6.11640910032511
60.75993061065674,6.343175411224365,0.216677725315094,6.12129973350372
60.81318020820618,6.352187633514404,0.202410027384758,6.13388037876687
60.86320352554321,6.360546112060547,0.18806979060173035,6.13827875160777
60.91316318511963,6.3700995445251465,0.18944957852363586,6.14900232169116
60.96354961395264,6.379135608673096,0.1855434775352478,6.16033876895721
61.013739824295044,6.387526035308838,0.17821305990219116,6.17045467367808
61.05784034729004,6.39432954788208,0.17599338293075562,6.18457423371676
61.113102436065674,6.405371189117432,0.1810479462146759,6.19919864933897
61.163410902023315,6.414734363555908,0.1830347776412964,6.21427771207042
61.21359086036682,6.425114631652832,0.1928190290927887,6.2300146138937
61.263829469680786,6.436360836029053,0.20537453889846802,6.24513158804966
61.30895709991455,6.446030616760254,0.21806524693965912,6.26336122468561
61.35798382759094,6.456289291381836,0.21343852579593658,6.28003004858252
61.40737581253052,6.467655181884766,0.22156040370464325,6.2959364851502
61.460132360458374,6.48176383972168,0.22794219851493835,6.3122975364996
61.514129400253296,6.493405342102051,0.22947357594966888,6.32884131778363
61.56317377090454,6.506412506103516,0.24168001115322113,6.34989358589145
61.613391399383545,6.518777370452881,0.24329426884651184,6.36451598290064
61.66328048706055,6.531982898712158,0.2514937222003937,6.38104191812117
61.71343231201172,6.544265270233154,0.24853627383708954,6.3997805891438
61.760695457458496,6.557292938232422,0.2532615065574646,6.41546604971885
61.80817627906799,6.568828582763672,0.26577550172805786,6.43335191335174
61.85720205307007,6.582958221435547,0.274275004863739,6.44903252871521
61.90737962722778,6.597200870513916,0.2802417278289795,6.47116636694784
61.95735311508179,6.611388206481934,0.2833878695964813,6.48467256261026
62.00748300552368,6.625464916229248,0.2844182252883911,6.50319216120375
62.05807280540466,6.639439582824707,0.28424787521362305,6.51845529547309
62.10725021362305,6.6546807289123535,0.2950993776321411,6.5358443211338
62.157620429992676,6.6699957847595215,0.3010064959526062,6.55186203935372
62.20810627937317,6.6844706535339355,0.2980535924434662,6.57406465062612
62.26318144798279,6.7023491859436035,0.29948875308036804,6.59598068064438
62.31327533721924,6.717290878295898,0.29857850074768066,6.62429010727147
62.36308217048645,6.7331342697143555,0.305736780166626,6.64877280691596
62.408058166503906,6.747069358825684,0.32090261578559875,6.67732996890302
62.46321129798889,6.768561840057373,0.3396245539188385,6.70819152939548
62.51371479034424,6.788600444793701,0.3634825646877289,6.73694523332636
62.56317734718323,6.809016227722168,0.3806934356689453,6.76022008035564
62.61311721801758,6.82930850982666,0.3900480568408966,6.79037917941286
62.66335487365723,6.849299907684326,0.39333105087280273,6.82557414825719
62.713294506073,6.870704174041748,0.4069526493549347,6.86072399824446
62.76344275474548,6.893168926239014,0.42330390214920044,6.89574727329792
62.81326913833618,6.917712688446045,0.44990596175193787,6.92108991082537
62.85793852806091,6.939230918884277,0.48058006167411804,6.95352758852614
62.90738081932068,6.965301513671875,0.49992674589157104,6.99253770533191
62.95740795135498,6.992583274841309,0.5220463275909424,7.02672341107652
63.009424924850464,7.025667190551758,0.5367534756660461,7.06205295108402
63.057213306427,7.0483317375183105,0.54777991771698,7.09993622371178
63.108139753341675,7.075433731079102,0.5493335723876953,7.1329486028633
63.158348083496094,7.104416847229004,0.5659640431404114,7.1691908796232
63.20896029472351,7.135112762451172,0.5891650319099426,7.20730072597164
63.25731658935547,7.166494369506836,0.6083681583404541,7.24839147911984
63.30740165710449,7.197926044464111,0.620258092880249,7.2766440376566
63.35730028152466,7.230457305908203,0.6370489597320557,7.31405994723341
63.40743660926819,7.262809753417969,0.6445594429969788,7.35303766797958
63.45754623413086,7.2941060066223145,0.6408981680870056,7.38718924573485
63.50722098350525,7.3260722160339355,0.6450505256652832,7.42170268009112
63.557254791259766,7.359177589416504,0.6563383936882019,7.46068289293813
63.6130588054657,7.398336410522461,0.6562003493309021,7.4983574405922
63.663185834884644,7.433828353881836,0.6769883632659912,7.53295298160331
63.713170528411865,7.468777656555176,0.6845176815986633,7.56894183890412
63.76344919204712,7.502803325653076,0.6818932890892029,7.60101492535832
63.81324362754822,7.5362348556518555,0.6757256984710693,7.63219948898293
63.85950422286987,7.569385051727295,0.669857919216156,7.65951851286475
63.9073760509491,7.597105026245117,0.6794683933258057,7.68969158284878
63.95745348930359,7.630220890045166,0.6770439743995667,7.71817723275781
64.00761008262634,7.663413047790527,0.6761806011199951,7.74419810904367
64.05762577056885,7.696678638458252,0.6762325763702393,7.76632828300088
64.10745000839233,7.728660583496094,0.6651732921600342,7.78198405401591
64.1576189994812,7.759225845336914,0.6475995779037476,7.79769635273008
64.20766639709473,7.789186954498291,0.6324014663696289,7.8063923146869
64.25767993927002,7.81773042678833,0.611172616481781,7.81546319512055
64.30779552459717,7.843658447265625,0.5770763754844666,7.8359131636437
64.35820484161377,7.866415500640869,0.5309727191925049,7.83331589022995
64.40747499465942,7.888550281524658,0.49970757961273193,7.82793835993516
64.45861530303955,7.910378456115723,0.4774364233016968,7.82141886997038
64.50772070884705,7.929067611694336,0.4374987483024597,7.80458158226934
64.55967211723328,7.947306156158447,0.37705254554748535,7.80732952547849
64.60796618461609,7.957143783569336,0.33378875255584717,7.79109227792323
64.65779423713684,7.966587543487549,0.2776477336883545,7.77821193719973
64.70777988433838,7.975339889526367,0.23866690695285797,7.76120985581362
64.757817029953,7.981818675994873,0.19540715217590332,7.75636480806583
64.80806183815002,7.986153602600098,0.15291836857795715,7.76197186439827
64.85792517662048,7.988600254058838,0.11170025169849396,7.76346205955194
64.91294932365417,7.991711616516113,0.08565624058246613,7.76870544488469
64.96297335624695,7.995964527130127,0.08565574884414673,7.77174423161728
65.01299715042114,8.001168251037598,0.0930018201470375,7.77900327198205
65.06281852722168,8.00517749786377,0.08744151890277863,7.79371376363891
65.11293125152588,8.00979995727539,0.08958008885383606,7.80487841399643
65.16302156448364,8.015175819396973,0.096688412129879,7.81145741440257
65.21293592453003,8.02092456817627,0.10382349789142609,7.82298332893349
65.26333260536194,8.026774406433105,0.1088821217417717,7.82798517094663
65.3131012916565,8.034282684326172,0.1254633069038391,7.85641331907144
65.36291170120239,8.041255950927734,0.13052615523338318,7.86104013032361
65.41294145584106,8.049067497253418,0.1407734453678131,7.87288252546418
65.45819020271301,8.056180953979492,0.15358489751815796,7.88222945703063
65.50848293304443,8.063613891601562,0.151803657412529,7.88934274887016
65.55816078186035,8.070951461791992,0.15116240084171295,7.90525638326139
65.60814332962036,8.077658653259277,0.14474011957645416,7.91742605818175
65.65810346603394,8.08464241027832,0.14419284462928772,7.92589700288478
65.70814394950867,8.093927383422852,0.16281844675540924,7.93568057820478
65.75800466537476,8.102508544921875,0.16620436310768127,7.94504671874938
65.80790662765503,8.110331535339355,0.16354459524154663,7.96374504916722
65.85859608650208,8.118436813354492,0.16412821412086487,7.97677754526068
65.90745067596436,8.128063201904297,0.1774028092622757,7.98587372957398
65.95783019065857,8.13788890838623,0.18573172390460968,7.99536590892157
66.00768256187439,8.1469087600708,0.1844908595085144,8.0063067159202
66.05784487724304,8.15538501739502,0.17955006659030914,8.02063714894623
66.10738134384155,8.163589477539062,0.17448364198207855,8.02761127486934
66.15778160095215,8.173049926757812,0.18233050405979156,8.03728636487691
66.2093026638031,8.184152603149414,0.18344248831272125,8.04752173346239
66.25842452049255,8.19147777557373,0.18373684585094452,8.05763904210546
66.30815744400024,8.199837684631348,0.17819467186927795,8.06634980418884
66.35848355293274,8.207989692687988,0.17327332496643066,8.07316100018493
66.40814995765686,8.216107368469238,0.17005285620689392,8.08065164821747
66.45818185806274,8.224272727966309,0.16849474608898163,8.09020324541844
66.50803399085999,8.232507705688477,0.16809816658496857,8.09650934036944
66.55803203582764,8.240800857543945,0.16831070184707642,8.10209281040012
66.60758209228516,8.249130249023438,0.16871967911720276,8.10965467628564
66.65883612632751,8.257476806640625,0.16909243166446686,8.12002607856637
66.7089638710022,8.264491081237793,0.15786002576351166,8.12839197528258
66.75768113136292,8.271394729614258,0.1514347344636917,8.13274314886952
66.81052088737488,8.280427932739258,0.15172995626926422,8.15058663487569
66.8589837551117,8.286044120788574,0.1480698138475418,8.16149443722156
66.90830492973328,8.293103218078613,0.14677545428276062,8.168658830449
66.95783185958862,8.301048278808594,0.15284377336502075,8.18126465013929
67.00873804092407,8.30948257446289,0.16026294231414795,8.19117312483549
67.05783247947693,8.318095207214355,0.16608551144599915,8.20139913733633
67.10757541656494,8.326702117919922,0.1695271134376526,8.218671320088
67.15814733505249,8.335226058959961,0.17095120251178741,8.23267058445205
67.21307706832886,8.346724510192871,0.18167425692081451,8.24724076386289
67.26324915885925,8.358038902282715,0.19922174513339996,8.2636470750611
67.30790185928345,8.366520881652832,0.20368939638137817,8.27237631542864
67.3582751750946,8.376862525939941,0.2066309005022049,8.28726227660801
67.40794897079468,8.386530876159668,0.20202358067035675,8.30801421815422
67.45882487297058,8.396403312683105,0.2020098865032196,8.32273148180125
67.50835108757019,8.40717887878418,0.20898427069187164,8.33697530541465
67.55787658691406,8.419771194458008,0.2283661961555481,8.36058452549026
67.60904693603516,8.434680938720703,0.23744966089725494,8.37114242110496
67.65763735771179,8.445979118347168,0.25330838561058044,8.39469361753038
67.70756578445435,8.458807945251465,0.2555864453315735,8.40979114630876
67.76353669166565,8.473979949951172,0.2554420232772827,8.42568840826295
67.81345415115356,8.487855911254883,0.26395681500434875,8.43343878886327
67.85747003555298,8.499709129333496,0.2754887640476227,8.45627718174753
67.90759706497192,8.512596130371094,0.26932990550994873,8.47200264670859
67.9575822353363,8.52664852142334,0.2769695520401001,8.48462177178459
68.00746583938599,8.541533470153809,0.2868180274963379,8.49397492989524
68.05828666687012,8.554691314697266,0.2782067358493805,8.49629533640457
68.10764336585999,8.567397117614746,0.27072402834892273,8.49675971351521
68.15860223770142,8.579377174377441,0.25946053862571716,8.4913500046616
68.20858812332153,8.590340614318848,0.24485436081886292,8.47732130578562
68.26336121559143,8.600902557373047,0.21309448778629303,8.4640162487766
68.31355667114258,8.605133056640625,0.161106139421463,8.45540922030663
68.35880208015442,8.606474876403809,0.11885527521371841,8.43360599388213
68.40848445892334,8.607124328613281,0.07739965617656708,8.41951898605241
68.45905566215515,8.606582641601562,0.042192112654447556,8.3994963198823
68.50916266441345,8.604960441589355,0.010817809030413628,8.38016115616543
68.5592029094696,8.602034568786621,-0.01686021126806736,8.37523799910878
68.60850310325623,8.597611427307129,-0.04850451275706291,8.35667561526605
68.65847253799438,8.592316627502441,-0.07114566117525101,8.33879529716779
68.70936512947083,8.585762977600098,-0.08901450783014297,8.32345612064118
68.75757074356079,8.579291343688965,-0.11387158185243607,8.30682300775511
68.81334829330444,8.568750381469727,-0.14255954325199127,8.29727068912763
68.86350202560425,8.559309005737305,-0.1605737954378128,8.28252844469878
68.9133038520813,8.550064086914062,-0.16985340416431427,8.26281290132021
68.96395874023438,8.541169166564941,-0.17271515727043152,8.24768438033854
69.01323199272156,8.530885696411133,-0.18588539958000183,8.23087982879214
69.06347799301147,8.519551277160645,-0.2019057422876358,8.21957545454144
69.11326217651367,8.507834434509277,-0.2144509106874466,8.20035512486324
69.16378688812256,8.496133804321289,-0.22185121476650238,8.1846974408882
69.21346068382263,8.48291015625,-0.2387816607952118,8.16843100102008
69.26056337356567,8.468626022338867,-0.2571239471435547,8.14633285293585
69.30865693092346,8.456411361694336,-0.27389246225357056,8.13514941860015
69.36351704597473,8.439459800720215,-0.27828702330589294,8.11761247221316
69.40856957435608,8.42612361907959,-0.29772889614105225,8.10312636253048
69.4576370716095,8.410537719726562,-0.3046746253967285,8.09245058806465
69.50825190544128,8.39461898803711,-0.3125733435153961,8.08816552185716
69.55778574943542,8.379220962524414,-0.3121176064014435,8.09197394367595
69.60749316215515,8.36493968963623,-0.3032122254371643,8.09483042454858
69.6576178073883,8.352582931518555,-0.28184187412261963,8.10440456538527
69.70707869529724,8.3418607711792,-0.2563982307910919,8.12091582348218
69.75805306434631,8.333054542541504,-0.22518286108970642,8.13572735608304
69.80781149864197,8.32698917388916,-0.18413308262825012,8.15614601974657
69.86333227157593,8.322117805480957,-0.13743874430656433,8.1812633723503
69.91340517997742,8.319875717163086,-0.1004059687256813,8.20576199883017
69.96319437026978,8.320202827453613,-0.05763739347457886,8.23358644929549
70.00826072692871,8.322739601135254,-0.017101427540183067,8.26123376384552
70.05745649337769,8.327170372009277,0.02515791915357113,8.29180099700692
70.10728192329407,8.334500312805176,0.07522448897361755,8.32614492800693
70.15827488899231,8.344264030456543,0.1240270584821701,8.36115305708855
70.20737147331238,8.355978012084961,0.16950282454490662,8.397599575757
70.25892424583435,8.370132446289062,0.21677905321121216,8.4348299794914
70.30828142166138,8.385699272155762,0.25602734088897705,8.46511225560944
70.3571708202362,8.402710914611816,0.2918696105480194,8.50415891223748
70.40804934501648,8.42202377319336,0.33229872584342957,8.54127490957021
70.46177911758423,8.446287155151367,0.3659922182559967,8.58349055334735
70.50885367393494,8.465156555175781,0.402487576007843,8.6246563952692
70.558673620224,8.488590240478516,0.4315835237503052,8.65799911901988
70.6073956489563,8.513463020324707,0.4613172113895416,8.70059416260324
70.65838813781738,8.54077434539795,0.4991408586502075,8.74278182370397
70.71070122718811,8.574524879455566,0.5293155908584595,8.7808384658195
70.7579414844513,8.598999977111816,0.5581881999969482,8.81709643307887
70.80807971954346,8.629329681396484,0.5816832184791565,8.84711133687983
70.8578188419342,8.660623550415039,0.6032015681266785,8.88797546137634
70.90812754631042,8.690774917602539,0.6061018705368042,8.92782928046485
70.96078515052795,8.727222442626953,0.6093936562538147,8.96595577234029
71.01133346557617,8.760641098022461,0.6321882009506226,9.00433208584859
71.05914354324341,8.793070793151855,0.6374749541282654,9.03102868465603
71.10833287239075,8.8206205368042,0.6565037369728088,9.07113334383544
71.15984272956848,8.859508514404297,0.6543126702308655,9.11580373196604
71.20975112915039,8.894891738891602,0.6750156879425049,9.15232328564496
71.25946640968323,8.929808616638184,0.6830883026123047,9.18525701619791
71.30937647819519,8.965545654296875,0.6949897408485413,9.21074049247676
71.36066460609436,9.000258445739746,0.6934783458709717,9.24225302541334
71.41021156311035,9.033913612365723,0.6843966841697693,9.27598860223346
71.46060466766357,9.068726539611816,0.6886324286460876,9.30714286126023
71.51064419746399,9.102930068969727,0.6857308745384216,9.3345241946362
71.56071209907532,9.136399269104004,0.6783211827278137,9.34299468469656
71.6078872680664,9.164161682128906,0.685447633266449,9.38748504596151
71.65782356262207,9.195860862731934,0.6685169339179993,9.41295067179126
71.70795774459839,9.22882080078125,0.670438826084137,9.44795088742219
71.76396226882935,9.268330574035645,0.6663464903831482,9.48441777677893
71.81349468231201,9.302064895629883,0.6687530875205994,9.50951744121517
71.86320686340332,9.335588455200195,0.6685630083084106,9.53937490299919
71.9125566482544,9.367265701293945,0.6534510254859924,9.56827349368678
71.95850801467896,9.394088745117188,0.6612176895141602,9.60024346657582
72.01067209243774,9.432111740112305,0.6505230665206909,9.6256410920148
72.05734610557556,9.4599609375,0.6676453948020935,9.65171215383635
72.10778665542603,9.492094039916992,0.661195695400238,9.67904152122589
72.15743565559387,9.524190902709961,0.6582241058349609,9.71462479239313
72.20775103569031,9.557089805603027,0.6626344323158264,9.74572127428314
72.25797200202942,9.589120864868164,0.6574057936668396,9.77631036385086
72.30758023262024,9.621232032775879,0.6560611724853516,9.81758489621058
72.35751938819885,9.654189109802246,0.661794900894165,9.84787917339169
72.40767359733582,9.687615394592285,0.6688544154167175,9.87983405015591
72.4576907157898,9.721214294433594,0.6744140982627869,9.9005118968754
72.51042127609253,9.76196575164795,0.6790000200271606,9.92966981781656
72.55780029296875,9.789767265319824,0.6856303811073303,9.96931720933938
72.60757946968079,9.82103157043457,0.6652564406394958,9.98966710115341
72.65835165977478,9.852420806884766,0.6551855206489563,10.0164801633779
72.70916223526001,9.884885787963867,0.6574705839157104,10.0415257124153
72.76112985610962,9.921795845031738,0.638921856880188,10.0758055947653
72.80775022506714,9.947473526000977,0.6416115164756775,10.1018364731153
72.85871148109436,9.97769832611084,0.6308527588844299,10.1309450903999
72.91056895256042,10.01437759399414,0.6243841648101807,10.158400663286
72.95718550682068,10.040759086608887,0.6376647353172302,10.1866427619096
73.01083397865295,10.076676368713379,0.6210358738899231,10.2131828887337
73.05750823020935,10.102229118347168,0.6286719441413879,10.2398256711835
73.11335396766663,10.137517929077148,0.6116054654121399,10.2688484585401
73.16329979896545,10.167879104614258,0.6091510057449341,10.2950724276585
73.21314406394958,10.198298454284668,0.6081339120864868,10.3190144659177
73.26321220397949,10.228782653808594,0.6080197095870972,10.3382735052917
73.31329321861267,10.257614135742188,0.5944520235061646,10.3603052389735
73.36270761489868,10.285216331481934,0.5768151879310608,10.3766545339282
73.4085841178894,10.307976722717285,0.5758435130119324,10.4056513869907
73.4585018157959,10.335075378417969,0.5661230087280273,10.4314111760227
73.51116800308228,10.366774559020996,0.5503162145614624,10.4494470076735
73.55761456489563,10.389823913574219,0.5605478882789612,10.4790231413108
73.60757088661194,10.416152954101562,0.549839198589325,10.4918521136727
73.65758728981018,10.442482948303223,0.5446000099182129,10.5136128719484
73.7076301574707,10.468356132507324,0.5367628931999207,10.5325909053905
73.75766158103943,10.494660377502441,0.5365659594535828,10.5510650901546
73.80794858932495,10.520698547363281,0.5332233905792236,10.5699866674208
73.85809350013733,10.544530868530273,0.513002336025238,10.5827166502307
73.90735197067261,10.567835807800293,0.4979831874370575,10.5983269990135
73.95859026908875,10.590532302856445,0.4831126034259796,10.6044215024088
74.00809621810913,10.612377166748047,0.46762314438819885,10.6057927228067
74.058109998703,10.632636070251465,0.4449186623096466,10.6023219705411
74.10987949371338,10.65450382232666,0.40900301933288574,10.6001479811205
74.159823179245,10.669568061828613,0.3651479482650757,10.5831325255092
74.2080590724945,10.680357933044434,0.33422034978866577,10.5651310047858
74.26023125648499,10.690943717956543,0.2612925171852112,10.5492954384258
74.30741000175476,10.696455001831055,0.22078754007816315,10.5398632871709
74.35762667655945,10.701107025146484,0.17057815194129944,10.524872731199
74.40752649307251,10.7047119140625,0.1324002891778946,10.5171864005162
74.45785665512085,10.707108497619629,0.09901507198810577,10.5069521453167
74.51428127288818,10.708833694458008,0.06726669520139694,10.4989137854366
74.563392162323,10.708727836608887,0.039485327899456024,10.5045747295491
74.61313605308533,10.707755088806152,0.016141124069690704,10.5006847018605
74.66335678100586,10.706698417663574,0.00150895188562572,10.4946347936027
74.71345567703247,10.707616806030273,0.008729696273803711,10.4878788755783
74.7633695602417,10.708436012268066,0.01156377699226141,10.4819519674568
74.81334590911865,10.707053184509277,-0.0044896844774484634,10.4798992495577
74.85764336585999,10.704666137695312,-0.02305964194238186,10.4739787589589
74.90723085403442,10.70250415802002,-0.030522041022777557,10.4715255626747
74.95737385749817,10.700331687927246,-0.03624716028571129,10.4673575976496
75.00766682624817,10.697522163391113,-0.04459395259618759,10.4600099523471
75.05728149414062,10.694453239440918,-0.05160839110612869,10.463607130073
75.10726070404053,10.691357612609863,-0.05600765347480774,10.4638211819791
75.15749144554138,10.688344955444336,-0.05801156908273697,10.4573184952406
75.20774364471436,10.68543529510498,-0.05840843915939331,10.4530565047888
75.25984811782837,10.682154655456543,-0.05680657550692558,10.452301294113
75.30862045288086,10.678496360778809,-0.0688711404800415,10.4460588936913
75.35789656639099,10.674296379089355,-0.07488834857940674,10.444636215974
75.40779566764832,10.670929908752441,-0.07205653190612793,10.4427335407281
75.45813512802124,10.666754722595215,-0.07777688652276993,10.4384277695494
75.50986409187317,10.662126541137695,-0.07705376297235489,10.4420390645381
75.5576605796814,10.65821647644043,-0.08441799134016037,10.4525414643129
75.60728025436401,10.654097557067871,-0.08357380330562592,10.4537921263621
75.65759944915771,10.652321815490723,-0.0638037621974945,10.4539780303636
75.71334528923035,10.65097427368164,-0.04557831957936287,10.4599564590053
75.7635235786438,10.649040222167969,-0.04298907145857811,10.4600378142149
75.81350874900818,10.648279190063477,-0.03163815289735794,10.4618284010681
75.86324143409729,10.646759033203125,-0.031439121812582016,10.4641098921363
75.90816521644592,10.646096229553223,-0.026349423453211784,10.46549442416
75.95799899101257,10.64468765258789,-0.02784130349755287,10.4726273159997
76.01029133796692,10.643463134765625,-0.02390388585627079,10.4757568938855
76.06310629844666,10.6416654586792,-0.028948070481419563,10.4765989075899
76.11317253112793,10.640682220458984,-0.02494497410953045,10.4780632203459
76.16308975219727,10.640552520751953,-0.01594899594783783,10.4822090376982
76.21346020698547,10.640823364257812,-0.0074646128341555595,10.4859353035129
76.26310276985168,10.64118480682373,-0.001679125358350575,10.4898430533875
76.31334638595581,10.6414794921875,0.0012682708911597729,10.4839288923316
76.36315870285034,10.641658782958984,0.0021486268378794193,10.4875971939459
76.41326689720154,10.640036582946777,-0.011980347335338593,10.4935783059217
76.46334171295166,10.638792037963867,-0.016796519979834557,10.496745443946
76.51322531700134,10.63829231262207,-0.013928232714533806,10.4949029300931
76.55939865112305,10.638254165649414,-0.008636457845568657,10.4946589206135
76.60750889778137,10.638382911682129,-0.004703405778855085,10.4930501061212
76.65835452079773,10.638592720031738,-0.0011993743246421218,10.4932861377839
76.70918941497803,10.638795852661133,0.000839735206682235,10.4948772998235
76.75878691673279,10.637543678283691,-0.010251997970044613,10.4850274560784
76.80865669250488,10.636149406433105,-0.016910968348383904,10.4674468668389
76.8589768409729,10.634211540222168,-0.026276253163814545,10.4523018669816
76.91131639480591,10.630814552307129,-0.04039156809449196,10.4354933628334
76.9579598903656,10.62677001953125,-0.061089836061000824,10.4156234835978
77.00902223587036,10.620732307434082,-0.08559457212686539,10.3922672279403
77.05885410308838,10.612878799438477,-0.11548160016536713,10.3782348401851
77.10855174064636,10.602324485778809,-0.1554240584373474,10.356068364298
77.15825080871582,10.591341018676758,-0.18150594830513,10.3444811147834
77.20838713645935,10.5787353515625,-0.2120053619146347,10.32870925997
77.26123332977295,10.565056800842285,-0.2182140350341797,10.3160868245141
77.30847549438477,10.55583381652832,-0.22297409176826477,10.3083314509099
77.35846161842346,10.544739723205566,-0.22399890422821045,10.294343091671
77.40748167037964,10.533598899841309,-0.2249823808670044,10.2808003328107
77.45824933052063,10.521111488342285,-0.23714135587215424,10.2652939932382
77.51029896736145,10.506532669067383,-0.23974519968032837,10.2545475996539
77.55877161026001,10.495443344116211,-0.2531396150588989,10.2441975811418
77.60948467254639,10.480834007263184,-0.24856528639793396,10.2309354673686
77.658123254776,10.4699068069458,-0.25768864154815674,10.2159777770092
77.70850038528442,10.457498550415039,-0.2549547553062439,10.19995716289
77.75818705558777,10.444795608520508,-0.2567724883556366,10.185487509341
77.80796194076538,10.431164741516113,-0.26502084732055664,10.1716608593876
77.85824680328369,10.417065620422363,-0.2735888957977295,10.1554891593233
77.90851259231567,10.40282917022705,-0.27978432178497314,10.1436308485151
77.96346545219421,10.384631156921387,-0.2920071482658386,10.1298337184416
78.0135760307312,10.369309425354004,-0.29702994227409363,10.1119778043092
78.05896663665771,10.357175827026367,-0.2998129427433014,10.0941883034618
78.11305594444275,10.339249610900879,-0.3007848560810089,10.0799859687246
78.1590507030487,10.32431411743164,-0.29930976033210754,10.0641402692456
78.20779013633728,10.311114311218262,-0.31061986088752747,10.04807112997
78.26367735862732,10.291824340820312,-0.3165535032749176,10.0389916060788
78.31369471549988,10.274799346923828,-0.32563409209251404,10.014259289119
78.36178088188171,10.259428024291992,-0.3175658881664276,9.99890492030801
78.40765857696533,10.246289253234863,-0.3222864270210266,9.98314626673657
78.45768094062805,10.230034828186035,-0.3257244825363159,9.96861425689604
78.50843739509583,10.213361740112305,-0.33101293444633484,9.95287078236994
78.55741095542908,10.195178985595703,-0.34702256321907043,9.951325645958
78.60784435272217,10.17686653137207,-0.3564484715461731,9.93574569785313
78.6575756072998,10.16076946258545,-0.34380364418029785,9.91826901359269
78.70957255363464,10.142864227294922,-0.32427504658699036,9.90111972009745
78.76016592979431,10.126845359802246,-0.32248756289482117,9.88389055475892
78.80780816078186,10.113099098205566,-0.3305204212665558,9.86752461363708
78.8578884601593,10.096460342407227,-0.3336244523525238,9.85007222059207
78.90761208534241,10.079694747924805,-0.33646032214164734,9.83314187721013
78.9581036567688,10.061570167541504,-0.3498353362083435,9.81941647828148
79.00955176353455,10.040461540222168,-0.3509169816970825,9.80161773066464
79.05772256851196,10.026025772094727,-0.3550807237625122,9.78718875393614
79.10767698287964,10.009254455566406,-0.349368155002594,9.7723631944515
79.15765738487244,9.991418838500977,-0.35533657670021057,9.75534922309295
79.20769810676575,9.973540306091309,-0.35807156562805176,9.74055904249596
79.25990295410156,9.952027320861816,-0.359748899936676,9.72142232192558
79.30885863304138,9.937047004699707,-0.3654053211212158,9.70530412585967
79.35854959487915,9.919990539550781,-0.35776054859161377,9.6847253676607
79.40863871574402,9.902142524719238,-0.36045387387275696,9.66519787181006
79.45820164680481,9.883038520812988,-0.3717823326587677,9.64568473247354
79.5099847316742,9.860052108764648,-0.3778785765171051,9.62902362209518
79.55846309661865,9.843379974365234,-0.39187711477279663,9.60933253427168
79.60750269889832,9.824856758117676,-0.3849582076072693,9.59268792223629
79.65753865242004,9.806588172912598,-0.38000431656837463,9.57480033272206
79.70774221420288,9.787630081176758,-0.3823675811290741,9.55888269375352
79.75751066207886,9.76823616027832,-0.38714608550071716,9.54605246438726
79.80865430831909,9.748642921447754,-0.39155226945877075,9.53240683472633
79.85844922065735,9.729008674621582,-0.3945115804672241,9.51449027157364
79.90867590904236,9.710746765136719,-0.3845102787017822,9.49586936135159
79.95898365974426,9.692654609680176,-0.37838050723075867,9.47515009451244
80.0072546005249,9.673783302307129,-0.380715548992157,9.45894466131559
80.05733752250671,9.654415130615234,-0.3859635889530182,9.4494029091413
80.10725784301758,9.63481330871582,-0.39091500639915466,9.42505604680585
80.15758347511292,9.61649227142334,-0.38281145691871643,9.39578829319164
80.2074065208435,9.598319053649902,-0.37798428535461426,9.36706876165258
80.25742602348328,9.578047752380371,-0.3924729526042938,9.33418603763484
80.30750608444214,9.555859565734863,-0.41596031188964844,9.28957111112157
80.35745787620544,9.532848358154297,-0.4363997280597687,9.2557518575298
80.40753245353699,9.507048606872559,-0.4725320041179657,9.21539251334843
80.46356463432312,9.473773956298828,-0.5115417242050171,9.17401057086565
80.51342940330505,9.444328308105469,-0.5413824319839478,9.12978263626567
80.56313848495483,9.415085792541504,-0.5576969385147095,9.10200111615269
80.60739421844482,9.389680862426758,-0.5852803587913513,9.05473181267406
80.66354966163635,9.353466987609863,-0.5950498580932617,9.00990660114373
80.70944499969482,9.320438385009766,-0.6205771565437317,8.96178539684306
80.75875520706177,9.291929244995117,-0.6530809998512268,8.91890002870033
80.80747079849243,9.256241798400879,-0.6822686791419983,8.88128463694922
80.85903906822205,9.219253540039062,-0.7098138928413391,8.83214344698331
80.90767693519592,9.18196964263916,-0.7286086082458496,8.78140801133292
80.95885992050171,9.143567085266113,-0.7496733069419861,8.73030181460836
81.00881123542786,9.104093551635742,-0.7705723643302917,8.68172098316042
81.05876016616821,9.063002586364746,-0.7967689037322998,8.64525967414985
81.10755181312561,9.020600318908691,-0.8225879073143005,8.59282178193975
81.15778684616089,8.97785758972168,-0.840696394443512,8.53904112437023
81.2077009677887,8.93394947052002,-0.8617151975631714,8.49215480566653
81.26387548446655,8.881549835205078,-0.8691048622131348,8.43855496272551
81.31387948989868,8.836235046386719,-0.8826685547828674,8.38957043646032
81.36336636543274,8.791094779968262,-0.8894460797309875,8.33529272328091
81.41330361366272,8.746232032775879,-0.891359269618988,8.28023475317671
81.46092557907104,8.699908256530762,-0.9045314788818359,8.22598745431507
81.50770115852356,8.658905982971191,-0.9477007389068604,8.16960152207
81.56542634963989,8.59998607635498,-0.9658499956130981,8.11573804372321
81.61337852478027,8.548717498779297,-0.988113284111023,8.05246973388689
81.6633083820343,8.497617721557617,-1.000144124031067,7.99605370904037
81.7135877609253,8.445210456848145,-1.018186092376709,7.93979666661347
81.76385474205017,8.39192008972168,-1.0358294248580933,7.8812100565396
81.81354570388794,8.336703300476074,-1.0620179176330566,7.82842082989664
81.86312341690063,8.282050132751465,-1.0726169347763062,7.7666087722408
81.90959429740906,8.226703643798828,-1.085058331489563,7.69779995810159
81.9612147808075,8.170782089233398,-1.0969613790512085,7.63931463739746
82.01145315170288,8.113022804260254,-1.119032621383667,7.57468124794933
82.05975723266602,8.054094314575195,-1.1412875652313232,7.50679033975348
82.10936617851257,7.994843482971191,-1.1571109294891357,7.43576899364628
82.15919399261475,7.934023380279541,-1.1794519424438477,7.35242609808295
82.2114360332489,7.872231960296631,-1.200347661972046,7.27782668474903
82.26125884056091,7.806825160980225,-1.2422734498977661,7.20069558752842
82.30931210517883,7.740774631500244,-1.2716325521469116,7.13576386289834
82.35940313339233,7.671902179718018,-1.3124998807907104,7.05492878198932
82.40922260284424,7.60292387008667,-1.3370697498321533,6.98172379970745
82.4595696926117,7.533096790313721,-1.3590859174728394,6.89815736331555
82.51041054725647,7.462800979614258,-1.3759026527404785,6.82393248898018
82.55766677856445,7.402639389038086,-1.4227441549301147,6.74864346330442
82.60745739936829,7.331149578094482,-1.434122085571289,6.67127614828819
82.65823101997375,7.258095741271973,-1.4553594589233398,6.58821189545861
82.70813965797424,7.1828999519348145,-1.4846364259719849,6.51479934623441
82.76125407218933,7.092738628387451,-1.4971379041671753,6.43891727813226
82.80926704406738,7.027970790863037,-1.5416795015335083,6.3652651773741
82.8633222579956,6.939209938049316,-1.5161070823669434,6.28942509034258
82.91329073905945,6.862122058868408,-1.524671196937561,6.20937736476246
82.95744729042053,6.798263072967529,-1.55260169506073,6.13001345530887
83.0134289264679,6.709008693695068,-1.527035117149353,6.04739693195453
83.06351065635681,6.629590034484863,-1.549965739250183,5.95681921838615
83.11335945129395,6.550262928009033,-1.562260389328003,5.85925787681477
83.16346764564514,6.469947814941406,-1.5779975652694702,5.7647281408292
83.21331810951233,6.387221336364746,-1.6067944765090942,5.66590180104814
83.25869798660278,6.315489292144775,-1.6739106178283691,5.56800334203595
83.30757880210876,6.228211879730225,-1.7136220932006836,5.46304835197182
83.3579490184784,6.137765884399414,-1.7642351388931274,5.35673620378685
83.40775275230408,6.044709205627441,-1.8147387504577637,5.24901013592047
83.45803689956665,5.949615478515625,-1.8619064092636108,5.14096328467887
83.50767731666565,5.852057456970215,-1.9103786945343018,5.03233346567353
83.5606472492218,5.736923694610596,-1.9185274839401245,4.93409860324224
83.60772657394409,5.654049873352051,-1.974827766418457,4.82654459812928
83.65782523155212,5.55549955368042,-1.985708236694336,4.73131194096089
83.70802688598633,5.45621395111084,-1.9990789890289307,4.64134928228457
83.75843524932861,5.355952262878418,-2.0146310329437256,4.56059447538019
83.80815863609314,5.255352973937988,-2.0265591144561768,4.47215302578002
83.8578188419342,5.156120300292969,-2.0219757556915283,4.39091691945225
83.90798902511597,5.058510780334473,-2.006688356399536,4.31136707073234
83.9577956199646,4.961703777313232,-1.9913291931152344,4.23050221091477
84.00810432434082,4.865115642547607,-1.9804329872131348,4.15021694055238
84.05754280090332,4.769769668579102,-1.9631339311599731,4.06251508312862
84.10781860351562,4.6756696701049805,-1.9431447982788086,3.97607788675978
84.15776228904724,4.581997871398926,-1.9278591871261597,3.88187294241546
84.20752763748169,4.488281726837158,-1.9190407991409302,3.78612379908137
84.2584924697876,4.392998695373535,-1.9270321130752563,3.69089392534081
84.30761790275574,4.296029090881348,-1.9448564052581787,3.58275825728892
84.35827803611755,4.198269367218018,-1.961641788482666,3.48251338620231
84.41035604476929,4.082709789276123,-1.9506303071975708,3.38794194880095
84.45763516426086,3.9984140396118164,-2.008409023284912,3.29122383687178
84.50838565826416,3.8987808227539062,-2.0141963958740234,3.19238968566978
84.5574038028717,3.799375534057617,-2.0170719623565674,3.08629725845163
84.60738277435303,3.6994385719299316,-2.0229032039642334,2.99182028810838
84.65939545631409,3.581270933151245,-2.004058361053467,2.89436486637822
84.7084059715271,3.494912624359131,-2.061417818069458,2.80124949800899
84.75961327552795,3.377876043319702,-2.0135891437530518,2.70692479110477
84.80755305290222,3.293309450149536,-2.0531466007232666,2.59116828793862
84.85770416259766,3.192518949508667,-2.0511131286621094,2.49738735886608
84.90753030776978,3.089704751968384,-2.067870616912842,2.40119542125818
84.95766854286194,2.9856553077697754,-2.086287498474121,2.30635128959875
85.00913429260254,2.8650741577148438,-2.0557520389556885,2.22009034175934
85.05782008171082,2.7785725593566895,-2.0970206260681152,2.11484453194801
85.10756349563599,2.676909923553467,-2.084141969680786,2.02925516017598
85.15964078903198,2.5573644638061523,-2.0484812259674072,1.94553996946238
85.20783686637878,2.4720346927642822,-2.0820231437683105,1.86815283042154
85.25780010223389,2.3729333877563477,-2.054194450378418,1.79098297272583
85.30787205696106,2.2748143672943115,-2.031099319458008,1.696931767426
85.3601222038269,2.1617491245269775,-1.968280553817749,1.62315173572333
85.40762305259705,2.080886125564575,-1.9915655851364136,1.55402879026549
85.45790791511536,1.9858160018920898,-1.9676756858825684,1.48919892687528
85.51042699813843,1.876869797706604,-1.9026544094085693,1.42492514912619
85.55975031852722,1.7851183414459229,-1.8732655048370361,1.33430484176258
85.61412048339844,1.697829246520996,-1.8197050094604492,1.27536347561644
85.66417789459229,1.6115193367004395,-1.7807810306549072,1.21416283398468
85.71429252624512,1.5263510942459106,-1.747901201248169,1.15449804358598
85.764475107193,1.4416122436523438,-1.72488272190094,1.10057223158676
85.81128787994385,1.3583552837371826,-1.6989057064056396,1.00848544636511
85.85806345939636,1.2905877828598022,-1.7017333507537842,0.949674092909909
85.90744948387146,1.2097090482711792,-1.6796778440475464,0.890360080566399
85.96159863471985,1.1144262552261353,-1.6422665119171143,0.832707785964685
86.01051330566406,1.0332189798355103,-1.6328295469284058,0.775430833213587
86.06050562858582,0.9562098383903503,-1.5932668447494507,0.677298131982316
86.10744333267212,0.893905758857727,-1.5856072902679443,0.626715569055516
86.16044044494629,0.8053701519966125,-1.5409685373306274,0.581464304326382
86.20738196372986,0.7404181957244873,-1.5729674100875854,0.551214022637006
86.2576379776001,0.6653249263763428,-1.5531443357467651,0.524012537046763
86.31104946136475,0.5831385850906372,-1.471333384513855,0.462844201203329
86.3580424785614,0.5286644697189331,-1.438133955001831,0.43978007736863
86.40824580192566,0.46534669399261475,-1.3790233135223389,0.423808203120912
86.46157336235046,0.3946331739425659,-1.2895925045013428,0.413047939542018
86.50878095626831,0.3463653028011322,-1.2652544975280762,0.413383808205991
86.56394076347351,0.2862435579299927,-1.145269513130188,0.385817522855189
86.61329579353333,0.23890554904937744,-1.0652399063110352,0.396464459119786
86.66152048110962,0.19574663043022156,-0.9835259318351746,0.403598072712339
86.70841073989868,0.1623210310935974,-0.9367315173149109,0.406711750481029
86.76422238349915,0.12103475630283356,-0.8238649964332581,0.405450017017693
86.81353282928467,0.08970734477043152,-0.7445346713066101,0.347193402767076
86.86347818374634,0.06131312996149063,-0.6736012101173401,0.346776883770545
86.91406464576721,0.030350660905241966,-0.652413547039032,0.348938020220797
86.96327710151672,-0.0002472096821293235,-0.6354328393936157,0.350141674411371
87.01391410827637,-0.011527343653142452,-0.4679059684276581,0.348766407446324
87.05794262886047,-0.012722762301564217,-0.3226112723350525,0.309875065906526
87.11346411705017,-0.0019126238767057657,-0.09002260863780975,0.308117006627581
87.16353702545166,0.006885339040309191,0.013312559574842453,0.308716306109517
87.20825099945068,0.012909484095871449,0.058610931038856506,0.310287400408855
87.2609121799469,0.016489407047629356,0.05620093643665314,0.311481348022903
87.30814957618713,0.016589246690273285,0.03825024887919426,0.295870735076026
87.35869073867798,0.018588433042168617,0.04070364683866501,0.294794392221093
87.4136233329773,0.019094135612249374,0.0241168811917305,0.294674186102142
87.459796667099,0.01814231649041176,0.007095161825418472,0.292867800405493
87.51379179954529,0.015605702064931393,-0.016084464266896248,0.292881960641171
87.56340408325195,0.015507076866924763,-0.009665582329034805,0.277106430635177
87.60898184776306,0.014591186307370663,-0.014503072947263718,0.277328609725982
87.65745306015015,0.0162555780261755,0.0065077925100922585,0.277580337409834
87.70780658721924,0.014799147844314575,-0.010859450325369835,0.276964769170627
87.76115989685059,0.016430554911494255,0.0104351956397295,0.275089476265318
87.80835747718811,0.014585507102310658,-0.009878887794911861,0.259858845982531
87.85833406448364,0.01571900025010109,0.006344050168991089,0.259767875794325
87.90853500366211,0.015983479097485542,0.0035088621079921722,0.260168776636691
87.95873188972473,0.017243994399905205,0.014179220423102379,0.25913229338956
88.01178455352783,0.016195831820368767,-0.002939596539363265,0.257690376783537
88.05862975120544,0.017364542931318283,0.008761479519307613,0.2415646558269
88.10856294631958,0.015175431035459042,-0.01517089270055294,0.239856925228382
88.15892624855042,0.017033468931913376,0.009940181858837605,0.238654586774099
88.21336364746094,0.014917830936610699,-0.01591743715107441,0.237741146005954
88.263507604599,0.01840241253376007,0.020325861871242523,0.235180234777387
88.31348752975464,0.015077210031449795,-0.016452815383672714,0.224492230907065
88.36339569091797,0.01842728815972805,0.018965693190693855,0.224246937885465
88.41336059570312,0.015037705190479755,-0.01776530034840107,0.223389696604106
88.46317172050476,0.018372004851698875,0.018057355657219887,0.221194385154431
88.51336455345154,0.014991894364356995,-0.018236365169286728,0.219997089831489
88.56368064880371,0.018343616276979446,0.01790972426533699,0.209412449271318
88.61332440376282,0.014979205094277859,-0.018203498795628548,0.208023632746907
88.66347455978394,0.0183413028717041,0.01800960674881935,0.206584799542532
88.71316862106323,0.014981974847614765,-0.01810437999665737,0.205497397511391
88.76346492767334,0.01834542118012905,0.01807940937578678,0.202472275268866
88.81335544586182,0.014985459856688976,-0.018067441880702972,0.190474622425582
88.85874223709106,0.01740873232483864,0.010104776360094547,0.187591486983823
88.90802812576294,0.017260132357478142,0.0014020669041201472,0.18665328458594
88.95863318443298,0.018852300941944122,0.016647785902023315,0.184594349564105
89.00718855857849,0.01787261851131916,-0.0010996885830536485,0.18273644819918
89.06332778930664,0.01961573027074337,0.01649581827223301,0.171442348664016
89.1132001876831,0.01527492981404066,-0.026595747098326683,0.17037297786354
89.16329288482666,0.018135998398065567,0.009109427221119404,0.16779822544486
89.21348476409912,0.014624007977545261,-0.02461688593029976,0.165407312256477
89.26333808898926,0.018027346581220627,0.01448551844805479,0.164670364457592
89.31334662437439,0.016478246077895164,-0.005493361968547106,0.149235058059541
89.36310362815857,0.019504599273204803,0.022296763956546783,0.147781356278381
89.41345381736755,0.018843822181224823,0.006785552948713303,0.146317693011672
89.46313548088074,0.02088741399347782,0.021325699985027313,0.145280863987352
89.51349234580994,0.017483627423644066,-0.015726953744888306,0.144193128537615
89.55812168121338,0.01881367899477482,0.002152135828509927,0.141723332097949
89.60787796974182,0.017369525507092476,-0.013374391943216324,0.140400990184464
89.65811777114868,0.018379664048552513,0.0032963906414806843,0.137720873742608
89.7081196308136,0.017291126772761345,-0.00994076207280159,0.135717618491092
89.75836944580078,0.01847517490386963,0.0066976407542824745,0.133263473248246
89.80807447433472,0.01743253320455551,-0.007548130117356777,0.12655333740575
89.86321783065796,0.01930573396384716,0.013981192372739315,0.124679880411414
89.91355538368225,0.016806578263640404,-0.013137095607817173,0.122171065948756
89.96329617500305,0.019333545118570328,0.013857773505151272,0.118432222453988
90.01327800750732,0.016809899359941483,-0.01340029388666153,0.118163433339095
90.05876541137695,0.018622541800141335,0.007639424875378609,0.112689497472615
90.10747528076172,0.017504366114735603,-0.007567529566586018,0.111873077023478
90.15756464004517,0.019948361441493034,0.01902395486831665,0.109899797180512
90.21038675308228,0.018051752820611,-0.009435906074941158,0.108520521359051
90.2614917755127,0.021496718749403954,0.02390333265066147,0.106042701179844
90.30884313583374,0.019021950662136078,-0.006637623067945242,0.0959115727947808
90.36326956748962,0.021305158734321594,0.018916409462690353,0.0934574808528667
90.40782976150513,0.020132435485720634,0.0012560306349769235,0.0922895795591742
90.45860314369202,0.021650658920407295,0.015988880768418312,0.0910499066794405
90.51108384132385,0.018224362283945084,-0.022243347018957138,0.0901873208401423
90.55857682228088,0.02023954503238201,0.00399355310946703,0.0898939945075781
90.60723614692688,0.018509641289711,-0.015647264197468758,0.0886366672418562
90.65831708908081,0.019945427775382996,0.0063917976804077625,0.0859760458706607
90.70907592773438,0.018511665984988213,-0.011921841651201248,0.0843639615459417
90.75827383995056,0.020072588697075844,0.009590987116098404,0.082343604191184
90.80748295783997,0.018654758110642433,-0.00988183543086052,0.0832268377102238
90.85799431800842,0.020180590450763702,0.01054215244948864,0.0798798983519969
90.90793228149414,0.018716271966695786,-0.009671158157289028,0.0786284329817595
90.95775699615479,0.020204372704029083,0.010376828722655773,0.0767772268768848
91.00889992713928,0.018717080354690552,-0.009947757236659527,0.0755805790868127
91.05750346183777,0.020195191726088524,0.010133893229067326,0.0772212176014992
91.11107420921326,0.017766762524843216,-0.018098732456564903,0.0755075674485377
91.158944606781,0.020186934620141983,0.010058638639748096,0.0733131905514501
91.20989489555359,0.017762623727321625,-0.018109075725078583,0.0720733150428949
91.25977087020874,0.021123815327882767,0.018059173598885536,0.0695569633546058
91.30996036529541,0.017762716859579086,-0.018088355660438538,0.0708799824597487
91.36004567146301,0.02282542921602726,0.03195415064692497,0.0685871097910783
91.40970158576965,0.01902102492749691,-0.01392245665192604,0.0675953003426156
91.45972537994385,0.02160617522895336,0.014570851810276508,0.0659617998586958
91.50942373275757,0.017774514853954315,-0.023814760148525238,0.0658798399265614
91.56016659736633,0.022633997723460197,0.02695254050195217,0.0626672358795779
91.607754945755,0.019920647144317627,-0.007145138457417488,0.0617761606920262
91.65762090682983,0.020615695044398308,0.005762055516242981,0.0608426253699812
91.71054863929749,0.021078281104564667,0.0035755319986492395,0.0602774299281963
91.75826954841614,0.02285531535744667,0.018064584583044052,0.0594431359632618
91.80860042572021,0.02236456237733364,0.004695487674325705,0.0570524985555178
91.85830307006836,0.023062970489263535,0.010546545498073101,0.0564202661095239
91.90846872329712,0.022165168076753616,-0.00295464345254004,0.0557945648844334
91.95743012428284,0.02274908497929573,0.005078010726720095,0.0554331999951069
92.00791025161743,0.021894486621022224,-0.00589741813018918,0.0556792454809067
92.05735158920288,0.021241020411252975,-0.007415220141410828,0.0597438986568602
92.10751128196716,0.01903523877263069,-0.023824384436011314,0.0587069309339893
92.15746974945068,0.0191668551415205,-0.010921885259449482,0.0577191105457979
92.21317338943481,0.017910070717334747,-0.017952069640159607,0.0578887821454472
92.25754904747009,0.019277988001704216,0.00038695253897458315,0.0577460758658143
92.30874705314636,0.01876991242170334,-0.006030438933521509,0.0633752502027979
92.35751676559448,0.019699905067682266,0.00590934231877327,0.0603595736022721
92.40775680541992,0.01907161809504032,-0.0036504678428173065,0.059703077684704
92.45845365524292,0.021197227761149406,0.017742585390806198,0.058361751772297
92.50820899009705,0.020570630207657814,0.0022847556974738836,0.0575376405677086
92.55777645111084,0.021804040297865868,0.014404374174773693,0.0634091209569105
92.60813546180725,0.0206211619079113,-0.004014093894511461,0.0620947949527505
92.65814781188965,0.021603621542453766,0.008690999820828438,0.0601513010185909
92.71024465560913,0.019649650901556015,-0.013957194052636623,0.0601513010185909
92.76085066795349,0.02210109680891037,0.012782790698111057,0.0601513010185909
92.80778551101685,0.020256325602531433,-0.008312887512147427,0.0601513010185909
92.8577630519867,0.021358925849199295,0.0070436494424939156,0.0601513010185909
92.90784883499146,0.020250709727406502,-0.007847548462450504,0.0601513010185909
92.95905375480652,0.021373223513364792,0.007476352620869875,0.0601513010185909
93.0086076259613,0.020269280299544334,-0.007555267307907343,0.0601513010185909
93.05845522880554,0.021388176828622818,0.007623524405062199,0.0601513010185909
93.10799264907837,0.0202783215790987,-0.00751275010406971,0.0601513010185909
93.15897917747498,0.021392064169049263,0.007609173189848661,0.0601513010185909
93.20886039733887,0.02027888596057892,-0.007547046989202499,0.0601513010185909
93.25797247886658,0.02139105089008808,0.0075764404609799385,0.0601513010185909
93.30790543556213,0.02027749828994274,-0.007569541223347187,0.0601513010185909
93.35795950889587,0.0213899128139019,0.00756487250328064,0.0601513010185909
93.40795874595642,0.02027679793536663,-0.007573086768388748,0.0601513010185909
93.45888876914978,0.02138960175216198,0.007565769832581282,0.0601513010185909
93.51338052749634,0.0195726677775383,-0.013560608960688114,0.0601513010185909
93.56333565711975,0.022093771025538445,0.013558700680732727,0.0601513010185909
93.61331987380981,0.017871884629130363,-0.027436697855591774,0.0601513010185909
93.6632821559906,0.020836329087615013,0.009404389187693596,0.0601513010185909
93.71349024772644,0.01739088073372841,-0.023925945162773132,0.0601513010185909
93.76336741447449,0.020825659856200218,0.015142472460865974,0.0601513010185909
93.81321477890015,0.01758301444351673,-0.018920639529824257,0.0601513010185909
93.8634102344513,0.021047694608569145,0.018372612074017525,0.0601513010185909
93.91334629058838,0.01775279827415943,-0.017388973385095596,0.0601513010185909
93.963383436203,0.02114563249051571,0.018735170364379883,0.0601513010185909
94.01383781433105,0.017791587859392166,-0.017628813162446022,0.0601513010185909
94.06349062919617,0.021147964522242546,0.018309734761714935,0.0601513010185909
94.11332631111145,0.017777757719159126,-0.018008604645729065,0.0601513010185909
94.16351294517517,0.021131319925189018,0.018060412257909775,0.0601513010185909
94.2132077217102,0.017764786258339882,-0.018129609525203705,0.0601513010185909
94.2633364200592,0.021123701706528664,0.01802928000688553,0.0601513010185909
94.31349539756775,0.01776167005300522,-0.018113480880856514,0.0601513010185909
94.36343050003052,0.021123407408595085,0.018060754984617233,0.0601513010185909
94.41324472427368,0.01776265911757946,-0.01808469370007515,0.0601513010185909
94.46316909790039,0.02112465351819992,0.018079979345202446,0.0601513010185909
94.51368880271912,0.01776365004479885,-0.01807515323162079,0.0601513010185909
94.56321907043457,0.021125245839357376,0.018082618713378906,0.0601513010185909
94.60756778717041,0.018702678382396698,-0.010088905692100525,0.0601513010185909
94.65730619430542,0.02018650248646736,0.010093467310070992,0.0601513010185909
94.70773267745972,0.018702620640397072,-0.01009118091315031,0.0601513010185909
94.7597587108612,0.021125182509422302,0.018078813329339027,0.0601513010185909
94.807448387146,0.018702540546655655,-0.010092065669596195,0.0601513010185909
94.85751271247864,0.02018635720014572,0.010091524571180344,0.0601513010185909
94.90730738639832,0.018702516332268715,-0.010092037729918957,0.0601513010185909
94.95821833610535,0.020186351612210274,0.010091686621308327,0.0601513010185909
95.00745844841003,0.018702520057559013,-0.010091866366565228,0.0601513010185909
95.05788898468018,0.02018635906279087,0.0100918123498559,0.0601513010185909
95.10740876197815,0.01870252564549446,-0.010091797448694706,0.0601513010185909
95.15803337097168,0.02018636278808117,0.01009183656424284,0.0601513010185909
95.20776510238647,0.01870252750813961,-0.01009179838001728,0.0601513010185909
95.25864744186401,0.02018636278808117,0.010091825388371944,0.0601513010185909
95.30724573135376,0.01870252750813961,-0.010091811418533325,0.0601513010185909
95.35752463340759,0.02018636278808117,0.010091816075146198,0.0601513010185909
95.40739274024963,0.01870252750813961,-0.010091816075146198,0.0601513010185909
95.45747470855713,0.02018636278808117,0.010091813281178474,0.0601513010185909
95.50756502151489,0.01870252750813961,-0.010091817006468773,0.0601513010185909
95.55816411972046,0.02018636278808117,0.010091814212501049,0.0601513010185909
95.6097195148468,0.017763745039701462,-0.018078874796628952,0.0601513010185909
95.65773630142212,0.02018636278808117,0.010091815143823624,0.0601513010185909
95.70987796783447,0.017763745039701462,-0.018078874796628952,0.0601513010185909
95.76372790336609,0.02112514339387417,0.018078874796628952,0.0601513010185909
95.81339144706726,0.017763745039701462,-0.018078874796628952,0.0601513010185909
95.85921049118042,0.02112514339387417,0.018078874796628952,0.0601513010185909
95.90797281265259,0.01870252750813961,-0.010091815143823624,0.0601513010185909
95.96294856071472,0.02112514339387417,0.018078874796628952,0.0601513010185909
96.01331400871277,0.017763745039701462,-0.018078874796628952,0.0601513010185909
96.06319189071655,0.02112514339387417,0.018078874796628952,0.0601513010185909
96.11310648918152,0.017763745039701462,-0.018078874796628952,0.0601513010185909
96.16309094429016,0.02112514339387417,0.018078874796628952,0.0601513010185909
96.21321129798889,0.017763745039701462,-0.018078874796628952,0.0601513010185909
96.26393604278564,0.02112514339387417,0.018078874796628952,0.0601513010185909
96.31029272079468,0.017763745039701462,-0.018078874796628952,0.0601513010185909
96.35929799079895,0.02112514339387417,0.018078874796628952,0.0601513010185909
96.40794348716736,0.01870252750813961,-0.010091815143823624,0.0601513010185909
96.45762300491333,0.02018636278808117,0.010091815143823624,0.0601513010185909
96.50832724571228,0.01870252750813961,-0.010091815143823624,0.0601513010185909
96.56349992752075,0.02112514339387417,0.018078874796628952,0.0601513010185909
96.6108603477478,0.017763745039701462,-0.018078874796628952,0.0601513010185909
96.65848755836487,0.02018636278808117,0.010091815143823624,0.0601513010185909
96.70746326446533,0.01870252750813961,-0.010091815143823624,0.0601513010185909
96.75952863693237,0.02112514339387417,0.018078874796628952,0.0601513010185909
96.80778408050537,0.01870252750813961,-0.010091815143823624,0.0601513010185909
96.85753583908081,0.02018636278808117,0.010091815143823624,0.0601513010185909
96.90769910812378,0.01870252750813961,-0.010091815143823624,0.0601513010185909
96.96015524864197,0.019424257799983025,0.004201231990009546,0.0601513010185909
97.01034712791443,0.016506223008036613,-0.022233949974179268,0.0601513010185909
97.05735445022583,0.018238835036754608,0.0011023193364962935,0.0601513010185909
97.1089289188385,0.017178500071167946,-0.011037466116249561,0.0601513010185909
97.15892505645752,0.018407464027404785,0.006387615576386452,0.0601513010185909
97.20908117294312,0.0167175754904747,-0.013265456072986126,0.0601513010185909
97.26342344284058,0.01930513046681881,0.014249063096940517,0.0601513010185909
97.31319522857666,0.016815518960356712,-0.012902837246656418,0.0601513010185909
97.363028049469,0.019343923777341843,0.01400924101471901,0.0601513010185909
97.41325759887695,0.0168178528547287,-0.013328280299901962,0.0601513010185909
97.46317911148071,0.019330093637108803,0.013629435561597347,0.0601513010185909
97.51317167282104,0.01680120639503002,-0.013577615842223167,0.0601513010185909
97.56323671340942,0.01931712217628956,0.013508421368896961,0.0601513010185909
97.61311793327332,0.016793588176369667,-0.013608753681182861,0.0601513010185909
