timestep,speed,acceleration,target_speed
13.120420455932617,0.003936955239623785,-0.0027955803088843822,0.0157331874915606
13.169958591461182,0.0029960242100059986,-0.00894610770046711,0.0168133725264534
13.219110250473022,0.0016640899702906609,-0.017662975937128067,0.00880753345793064
13.27225136756897,0.0009644582751207054,-0.012872871942818165,0.00874786746696092
13.323628425598145,0.0005153378006070852,-0.012351819314062595,0.00948458953008622
13.372732639312744,0.0010543750831857324,-0.00206747860647738,0.0107671560487209
13.42406177520752,0.0022417765576392412,0.007936863228678703,0.0117937822381297
13.472532272338867,0.0029026733245700598,0.009862695820629597,0.00838274844294859
13.517861604690552,0.004052093252539635,0.01678437367081642,0.00782090441691219
13.567952394485474,0.004790763836354017,0.014527450315654278,0.00857176001659916
13.618411302566528,0.0038155061192810535,0.0011682468466460705,0.0104416042798922
13.668393611907959,0.003097919747233391,-0.004845164716243744,0.0111749405418236
13.725694417953491,0.00398832093924284,0.0056322612799704075,0.00656070390495635
13.772009134292603,0.0066583468578755856,0.025175457820296288,0.00690933610305375
13.822715520858765,0.007401402574032545,0.01965852826833725,0.00766460720356269
13.87424612045288,0.006722502876073122,0.006532794795930386,0.00857940900571936
13.922324419021606,0.006092939525842667,-0.0009506359347142279,0.00781845171156287
13.972285747528076,0.00566847063601017,-0.0038496903143823147,0.0081552126196985
14.022627830505371,0.0054552326910197735,-0.003954452928155661,0.00823268638701591
14.069896936416626,0.005397595465183258,-0.003104342380538583,0.00600801826995944
14.118109464645386,0.006336297374218702,0.006631257012486458,0.0070188507028557
14.168177127838135,0.007090089377015829,0.00856076180934906,0.00717052975232941
14.218243598937988,0.006261200178414583,-0.0012758132070302963,0.00720515709154557
14.272836208343506,0.0056264568120241165,-0.005323253571987152,0.00449462868441712
14.322837352752686,0.006728701293468475,0.006496083922684193,0.00416730747993797
14.374486207962036,0.00678557064384222,0.0031637120991945267,0.00489749677133567
14.424028158187866,0.005995479878038168,-0.004209797363728285,0.00604709510180211
14.468894720077515,0.005599350668489933,-0.006036206614226103,0.00570743451364968
14.518953800201416,0.005362241994589567,-0.00544903427362442,0.00418119487494008
14.56960678100586,0.006247055716812611,0.004809943493455648,0.0041548497628093
14.618993997573853,0.007004072889685631,0.007494387682527304,0.00699489239919393
14.668854713439941,0.006201712414622307,-0.0017097587697207928,0.00658198817115354
14.718616008758545,0.00660100020468235,0.0032985354773700237,0.00523420448377312
14.773799419403076,0.008165380917489529,0.013202479109168053,0.00349327017917123
14.820863723754883,0.007401747163385153,0.0008416094933636487,0.00445789538027574
14.870256423950195,0.006083076819777489,-0.009685762226581573,0.00835623435458272
14.924387693405151,0.005368929821997881,-0.01132209226489067,0.0122527123589819
14.969074487686157,0.006071235053241253,-0.0009749264572747052,0.00377996890252823
15.025707244873047,0.009255124256014824,0.024469103664159775,0.00361196130779149
15.073562383651733,0.01010625995695591,0.020070483908057213,0.00658600173666555
15.123481512069702,0.00815967284142971,-0.0041845086961984634,0.0113515677028198
15.172167539596558,0.0061170803382992744,-0.018291424959897995,0.0171472307498355
15.222233533859253,0.006420546676963568,-0.007446745876222849,0.00485812664384974
15.272656917572021,0.008898233994841576,0.01585247740149498,0.00580688544298469
15.322527647018433,0.00971696525812149,0.014657172374427319,0.00526106729060897
15.373632192611694,0.009205393493175507,0.004829105455428362,0.00876473381497735
15.422379732131958,0.007398221176117659,-0.012239502742886543,0.0111203071829139
15.472919225692749,0.006972447503358126,-0.009455766528844833,0.00614408062997409
15.523003816604614,0.008979100733995438,0.011008797213435173,0.00684625659404623
15.573971509933472,0.00957420002669096,0.010026811622083187,0.00708783714319937
15.624597072601318,0.009009442292153835,0.0016436994774267077,0.00702959127761625
15.669970273971558,0.008571909740567207,-0.0023961656261235476,0.00702097325179561
15.719179391860962,0.008353677578270435,-0.003376666223630309,0.00954025158760152
15.769567966461182,0.008224071003496647,-0.003024769015610218,0.00828457021531505
15.8197603225708,0.008201004937291145,-0.001990619581192732,0.00856562629195672
15.869505643844604,0.008229918777942657,-0.0009693080792203546,0.00897814445943474
15.920039892196655,0.008272443898022175,-0.000252182362601161,0.00892469686067123
15.974998950958252,0.008313924074172974,0.00016756399418227375,0.00781138987819343
16.023770809173584,0.008333783596754074,0.00025386232300661504,0.00754525348312804
16.06840443611145,0.008341152220964432,0.00022921750496607274,0.00843846580925158
16.123921155929565,0.008343047462403774,0.00013702285650651902,0.00949165029943414
16.16826105117798,0.008341225795447826,7.64033684390597e-05,0.0102845308643935
16.219088554382324,0.009266997687518597,0.008437180891633034,0.0104015166624371
16.269187927246094,0.010899504646658897,0.017670603469014168,0.0110117543157297
16.319895029067993,0.011724126525223255,0.01552040409296751,0.0121128337832862
16.369256019592285,0.011816078796982765,0.01108844019472599,0.0146315658155086
16.41952657699585,0.011678478680551052,0.005580669268965721,0.0158607447236353
16.469287157058716,0.011454104445874691,0.0016099702334031463,0.0117746252541906
16.519318342208862,0.012187453918159008,0.007869115099310875,0.0129448932772482
16.569742441177368,0.01276759896427393,0.007960602641105652,0.0149632960590141
16.619337558746338,0.011829315684735775,-0.0024807597510516644,0.0166542165746558
16.669311046600342,0.01214982196688652,0.0022277876269072294,0.0185049683070643
16.71932029724121,0.013494635000824928,0.01172690000385046,0.0150483583008421
16.76936984062195,0.014180900529026985,0.012329643592238426,0.015547996549684
16.819490432739258,0.014386842958629131,0.008979097940027714,0.0161540210132321
16.869304895401,0.014328624121844769,0.004930209834128618,0.0179175794788685
16.91946053504944,0.01417528372257948,0.0017691453685984015,0.0204236680295369
16.96925926208496,0.01495534647256136,0.008325466886162758,0.0193811314841001
17.019370079040527,0.01648714952170849,0.0168254803866148,0.0223188518716849
17.073830366134644,0.017254028469324112,0.014644378796219826,0.0252456222596504
17.123839616775513,0.01865801028907299,0.02079196274280548,0.0265441527848973
17.17397713661194,0.01993856206536293,0.022353602573275566,0.0322420770188025
17.22227191925049,0.021672597154974937,0.02796167880296707,0.0320731143786802
17.273964881896973,0.02435891143977642,0.038680657744407654,0.0360077422441539
17.32398533821106,0.026141367852687836,0.036950625479221344,0.0384396646728864
17.37411117553711,0.026564262807369232,0.025408010929822922,0.0430213938025148
17.41858172416687,0.0273003950715065,0.023767108097672462,0.0459858480295257
17.46777653694153,0.029385462403297424,0.03159064054489136,0.0454923648499107
17.518205881118774,0.032241933047771454,0.042239390313625336,0.047108609009646
17.56809377670288,0.0344739593565464,0.04255697876214981,0.0503491251063825
17.618099212646484,0.03601687029004097,0.038659658282995224,0.0506657270918694
17.66907501220703,0.037399545311927795,0.033848732709884644,0.0536821579142121
17.718688249588013,0.03853863105177879,0.030321262776851654,0.044312792493025
17.76963448524475,0.04075368121266365,0.03652219474315643,0.047724751362774
17.81832456588745,0.04173226282000542,0.028207888826727867,0.0473425210886988
17.868613481521606,0.04061597213149071,0.008275452069938183,0.0489053078999019
17.918136835098267,0.039636872708797455,-0.0026075192727148533,0.0481075108900642
17.968585729599,0.039931342005729675,0.0019506190437823534,0.0407377354895149
18.018086910247803,0.04126400500535965,0.011466947384178638,0.0427173829893498
18.068838834762573,0.04194757342338562,0.012153035961091518,0.0423369204665735
18.118257761001587,0.042155615985393524,0.008889532648026943,0.0438032055000047
18.168189764022827,0.042100924998521805,0.004903797525912523,0.048308945662917
18.218435525894165,0.041950684040784836,0.0017772699939087033,0.0372666757848669
18.268285036087036,0.042732756584882736,0.008345874957740307,0.0365840932458646
18.318190097808838,0.04333658888936043,0.00842929258942604,0.0383619446616921
18.36840009689331,0.042404431849718094,-0.002152589149773121,0.0376368669391669
18.41846227645874,0.04179288446903229,-0.006015528459101915,0.0382015219538011
18.468307971954346,0.04149632900953293,-0.005896000191569328,0.0306213458731691
18.518173456192017,0.04142025113105774,-0.0041206637397408485,0.0321291008215849
18.568172216415405,0.04053109511733055,-0.010577475652098656,0.0346784613826264
18.620869636535645,0.0387747548520565,-0.018516400828957558,0.034660673913653
18.668320178985596,0.038287121802568436,-0.01631246879696846,0.0362340395614994
18.718595027923584,0.03910079970955849,-0.0022489046677947044,0.0301189148503154
18.768317461013794,0.040896832942962646,0.01253135409206152,0.0316282419388223
18.818405628204346,0.04188452288508415,0.01514092180877924,0.0328368891070301
18.869378089904785,0.04224012792110443,0.011820077896118164,0.0342917247502394
18.918297290802002,0.04129442945122719,-0.0014630305813625455,0.0363204767053479
18.96828842163086,0.03948924317955971,-0.014826196245849133,0.030908886430507
19.018360376358032,0.0394761748611927,-0.007747048512101173,0.0317131256527602
19.068780422210693,0.03988247737288475,-0.002739670919254422,0.034371065307757
19.11921453475952,0.03906428813934326,-0.007964125834405422,0.0363547275192837
19.168102502822876,0.03866561874747276,-0.007852666079998016,0.0384042774869587
19.218338012695312,0.039490602910518646,0.0029074111953377724,0.0324506816039149
19.268449068069458,0.040248483419418335,0.006361092906445265,0.033713624139914
19.31838297843933,0.03947249799966812,-0.0021849789191037416,0.0352770504892088
19.37349224090576,0.03890607878565788,-0.005312608554959297,0.0381503742656271
19.418371438980103,0.03873559460043907,-0.004929746966809034,0.0384145230406595
19.468262434005737,0.03867992013692856,-0.003384032053872943,0.0340224980367671
19.518186569213867,0.039646342396736145,0.006677880417555571,0.0347246330390046
19.568291902542114,0.04041871428489685,0.008732284419238567,0.0342938348152406
19.623969316482544,0.03946445882320404,-0.0022798385471105576,0.0357385447685187
19.672991275787354,0.03896695002913475,-0.005210543517023325,0.0373762570971144
19.723405599594116,0.038732897490262985,-0.004930691793560982,0.0336900759890154
19.773428678512573,0.038679156452417374,-0.0033696438185870647,0.0353671739860664
19.82287883758545,0.038717690855264664,-0.0017212686361745,0.0374819665889139
19.874298334121704,0.038784123957157135,-0.0005179709987714887,0.0413538457647673
19.92274308204651,0.038842976093292236,0.000144400677527301,0.0445665602889319
19.96812129020691,0.0398043729364872,0.008776891976594925,0.0378556517259449
20.01811933517456,0.042390625923871994,0.026481740176677704,0.0390791268809587
20.07250428199768,0.04373852536082268,0.022348182275891304,0.0414581862069678
20.123281717300415,0.042986106127500534,0.007576237432658672,0.0441250904726899
20.1681911945343,0.04240630567073822,0.00031594219035468996,0.0471042224230481
20.2182514667511,0.04187728837132454,-0.0038986944127827883,0.0392427283151915
20.269442081451416,0.04252001643180847,0.0038681798614561558,0.039262131085634
20.317877054214478,0.0431269146502018,0.005770059768110514,0.0400054338133865
20.369377851486206,0.042257390916347504,-0.003261956386268139,0.0410192281277301
20.419483184814453,0.04171544313430786,-0.006142402999103069,0.0427630888714324
20.467912435531616,0.04147109016776085,-0.0055686431005597115,0.0393200850935644
20.522429704666138,0.04276464134454727,0.00818905420601368,0.0403923762864931
20.568730354309082,0.04311085119843483,0.007442922331392765,0.0432329563835717
20.618463277816772,0.04323883727192879,0.006686164997518063,0.0439131825989462
20.668018102645874,0.044345878064632416,0.012560879811644554,0.0462086626068222
20.71794819831848,0.04484470933675766,0.011380931362509727,0.0400570603863953
20.767768621444702,0.04493940994143486,0.007551037706434727,0.0416835359082728
20.817939281463623,0.044834837317466736,0.003716351231560111,0.0416833711769652
20.873960256576538,0.04464591667056084,0.000616657140199095,0.0431327907933073
20.92292618751526,0.04451984912157059,-0.0006046929047442973,0.0441903452131734
20.972776889801025,0.04444427043199539,-0.0009463477181270719,0.0410452041731009
21.022742986679077,0.04441223666071892,-0.0008145900792442262,0.0409732967003471
21.07291030883789,0.044408056885004044,-0.0005203828914090991,0.039197241625456
21.124406814575195,0.04441692680120468,-0.00024326329003088176,0.0388756985823059
21.173160076141357,0.043093837797641754,-0.011537999846041203,0.0418107874519475
21.22288155555725,0.041660211980342865,-0.0179916825145483,0.0545481563582353
21.27269172668457,0.04238835349678993,-0.00398547388613224,0.0705331246120491
21.322821378707886,0.046423159539699554,0.03112710453569889,0.0866217551251085
21.374322175979614,0.05409599468111992,0.08144686371088028,0.104786868982173
21.423328161239624,0.06396102160215378,0.1285376399755478,0.122475797401403
21.472805500030518,0.07430873066186905,0.16048339009284973,0.135964421972107
21.52279806137085,0.08427215367555618,0.17665506899356842,0.15312802286489
21.57287287712097,0.09226071834564209,0.16991601884365082,0.170458239943255
21.624150276184082,0.09957963973283768,0.161871537566185,0.184183535615609
21.67311930656433,0.10870033502578735,0.17214272916316986,0.196675131692638
21.722866535186768,0.11962263286113739,0.19221891462802887,0.201663473513159
21.77291512489319,0.13003014028072357,0.1991020143032074,0.213566318057318
21.82290482521057,0.13782303035259247,0.18185371160507202,0.22552737071766
21.869542598724365,0.1433362513780594,0.16862592101097107,0.237458240972467
21.918158769607544,0.1515645831823349,0.16957174241542816,0.2495439810737
21.967991828918457,0.16192878782749176,0.18664348125457764,0.256937745223898
22.018156051635742,0.17341826856136322,0.20556801557540894,0.269953612194337
22.07337498664856,0.1862829029560089,0.20964783430099487,0.282916016312324
22.12413263320923,0.1965952217578888,0.20997756719589233,0.297285852412017
22.173136949539185,0.20616675913333893,0.20328274369239807,0.311248395265893
22.222877502441406,0.21594208478927612,0.20201407372951508,0.314032769504386
22.272868633270264,0.2279839962720871,0.21993711590766907,0.328327087274461
22.322874784469604,0.23797817528247833,0.2113482654094696,0.343165619187619
22.374056816101074,0.24711114168167114,0.2018829584121704,0.357161649790638
22.42386555671692,0.2587008774280548,0.21636439859867096,0.37150759413715
22.472813367843628,0.2711257040500641,0.23032647371292114,0.378639407024863
22.522979021072388,0.2844012677669525,0.24643436074256897,0.394465955384214
22.57285976409912,0.296002060174942,0.2408078908920288,0.410845393201885
22.624152660369873,0.30769696831703186,0.24050019681453705,0.428413472582722
22.673277378082275,0.32098251581192017,0.2526073455810547,0.444446144889135
22.722813606262207,0.3351198136806488,0.2664438784122467,0.451089954137609
22.772825956344604,0.3495461046695709,0.276967316865921,0.466172243829125
22.822777032852173,0.36260294914245605,0.27152252197265625,0.479992717580931
22.87429714202881,0.3753897547721863,0.2673412263393402,0.492731660913279
22.92378258705139,0.38750380277633667,0.25846919417381287,0.505971059780219
22.97285771369934,0.3999193012714386,0.25665098428726196,0.5126531531672
23.02283477783203,0.4133482575416565,0.26339268684387207,0.526428320554408
23.072861194610596,0.42600706219673157,0.2603130042552948,0.541445711938952
23.12426447868347,0.4374317526817322,0.24893108010292053,0.557314444742262
23.173402547836304,0.4495756924152374,0.2488371878862381,0.573261871339323
23.22294807434082,0.4643247127532959,0.27007997035980225,0.587726382238573
23.27302384376526,0.4811951220035553,0.29920119047164917,0.604161353648955
23.318299531936646,0.4944570064544678,0.3116864264011383,0.620586991141095
23.369312524795532,0.5096855759620667,0.31062284111976624,0.636064229740757
23.418833017349243,0.5239003896713257,0.3021513819694519,0.652772414609556
23.469415187835693,0.5385183691978455,0.30142855644226074,0.665905146333851
23.51767897605896,0.5546068549156189,0.31235870718955994,0.683878471564063
23.567745208740234,0.5705597996711731,0.31662312150001526,0.700908469953664
23.619212865829468,0.5860803127288818,0.31707435846328735,0.717826734035214
23.667895555496216,0.6015236973762512,0.31551074981689453,0.733858922358949
23.71868371963501,0.6167084574699402,0.31381306052207947,0.745546258334148
23.769296169281006,0.6329169273376465,0.32070663571357727,0.760747587630859
23.818639278411865,0.6487651467323303,0.3208155333995819,0.775116546971299
23.873876094818115,0.6672593355178833,0.3178991377353668,0.789160785700748
23.922606945037842,0.6822784543037415,0.3123796284198761,0.802252645845284
23.97240114212036,0.6962852478027344,0.3012492060661316,0.816598624088392
24.022403240203857,0.7111625671386719,0.30247578024864197,0.830653919560183
24.07262897491455,0.726052463054657,0.30213963985443115,0.844941578899355
24.11946201324463,0.7383780479431152,0.3068408966064453,0.85944351656837
24.172657251358032,0.7567358016967773,0.3076626658439636,0.872376687471493
24.21774125099182,0.7691494226455688,0.31123849749565125,0.879918670732696
24.26899480819702,0.7845872640609741,0.3119714856147766,0.891509767343611
24.31954264640808,0.798919677734375,0.3038681149482727,0.904199734191633
24.36947011947632,0.8126530051231384,0.2943834662437439,0.916357736021575
24.418781280517578,0.8261774778366089,0.2870868444442749,0.927515142061739
24.468347311019897,0.8406488299369812,0.2912692129611969,0.926081059523003
24.517708778381348,0.8559354543685913,0.2988375425338745,0.937977168727035
24.569324254989624,0.8686014413833618,0.28064629435539246,0.949600355162838
24.618945360183716,0.8784162998199463,0.24895216524600983,0.961533185094523
24.669456005096436,0.8890289068222046,0.2373635172843933,0.974510991426311
24.717644453048706,0.9016385078430176,0.24585208296775818,0.953178592329919
24.768204927444458,0.9154702425003052,0.2603815793991089,0.965119327522508
24.81794047355652,0.9251927733421326,0.2311466485261917,0.977918958236769
24.867861032485962,0.9296134114265442,0.17637154459953308,0.992990971513443
24.918274879455566,0.9368856549263,0.16806192696094513,1.00874966090447
24.967820644378662,0.9487040638923645,0.19821345806121826,1.0234486071434
25.018465280532837,0.9639870524406433,0.24429018795490265,1.0361853535597
25.06774067878723,0.9809168577194214,0.28338637948036194,1.04909710791584
25.117892265319824,0.9969562888145447,0.2999315857887268,1.06099472142924
25.168010711669922,1.0110596418380737,0.29364725947380066,1.06857345191172
25.21792221069336,1.022765874862671,0.27135708928108215,1.07748564402409
25.268161296844482,1.0323512554168701,0.24037574231624603,1.08299793127373
25.317713499069214,1.0408990383148193,0.2150307446718216,1.08807482105248
25.369175910949707,1.050455927848816,0.20764358341693878,1.09480523837493
25.41784906387329,1.059967041015625,0.20162531733512878,1.10279440422396
25.46792244911194,1.069343090057373,0.19821304082870483,1.11802214411578
25.51772427558899,1.079869270324707,0.2050570696592331,1.12007821513227
25.568329095840454,1.0910550355911255,0.21425357460975647,1.12153986465301
25.61900806427002,1.1015698909759521,0.21334286034107208,1.12211944451882
25.66788601875305,1.1104618310928345,0.20025567710399628,1.12625542716616
25.72242259979248,1.1187052726745605,0.17129908502101898,1.13743428421332
25.768701553344727,1.1227717399597168,0.1489543616771698,1.13774917018994
25.82302689552307,1.1308040618896484,0.145649254322052,1.13602808124195
25.87436842918396,1.1382426023483276,0.14708787202835083,1.13125328511967
25.923312187194824,1.1443558931350708,0.13770891726016998,1.12773986958864
25.972879648208618,1.1484085321426392,0.1149972677230835,1.13252792427961
26.018236875534058,1.1503727436065674,0.09346257150173187,1.13183151271016
26.0680992603302,1.15310800075531,0.07961244881153107,1.13115894433329
26.119307279586792,1.157430648803711,0.0835803896188736,1.1308007955589
26.16804337501526,1.1618589162826538,0.08553683012723923,1.13146526558396
26.218284606933594,1.165149211883545,0.07791554182767868,1.1212503727094
26.268024444580078,1.168735384941101,0.07687283307313919,1.12054524725439
26.318544387817383,1.1709364652633667,0.06183205172419548,1.118753130511
26.367996215820312,1.1708508729934692,0.03762458264827728,1.11704403659086
26.41814637184143,1.1711032390594482,0.024493779987096786,1.11420576714368
26.468146085739136,1.1716541051864624,0.020170530304312706,1.07221804048629
26.518121004104614,1.1727542877197266,0.02058698609471321,1.06617351362384
26.568254470825195,1.1684210300445557,-0.0273373294621706,1.06036439355091
26.61927890777588,1.1582725048065186,-0.09727785736322403,1.05372447934735
26.668140411376953,1.1500276327133179,-0.12323666363954544,1.04670134393996
26.718109369277954,1.145819067955017,-0.10636244714260101,1.05240640482592
26.768153429031372,1.1443263292312622,-0.07650282979011536,1.04615750899553
26.818285703659058,1.144768476486206,-0.04118449240922928,1.04032276161749
26.869714736938477,1.1453286409378052,-0.022823501378297806,1.03530587642452
26.9178946018219,1.1429787874221802,-0.0330716110765934,1.03145608820587
26.968583583831787,1.139039397239685,-0.05273234099149704,1.04958416425619
27.019158363342285,1.1341813802719116,-0.07037431746721268,1.05425109770699
27.068817853927612,1.1330286264419556,-0.048599954694509506,1.06147823305417
27.11913776397705,1.136582374572754,-0.000420752156060189,1.06831538314341
27.16820788383484,1.1412073373794556,0.036724742501974106,1.07444469797811
27.21849012374878,1.14481782913208,0.04990476742386818,1.08929358949038
27.26901912689209,1.1462414264678955,0.04090316221117973,1.09550347192233
27.317782640457153,1.1481781005859375,0.04194879159331322,1.10321671587602
27.369139671325684,1.1518622636795044,0.05484187230467796,1.11262886526796
27.42223596572876,1.1559721231460571,0.06122772395610809,1.12628576292462
27.472155570983887,1.1604188680648804,0.07338502258062363,1.15150648581614
27.52224850654602,1.1660878658294678,0.09011471271514893,1.1669362318148
27.57276749610901,1.1749125719070435,0.12685956060886383,1.18103020219472
27.623685598373413,1.1866545677185059,0.17142081260681152,1.19774483458405
27.672718286514282,1.1981158256530762,0.19478261470794678,1.21656857509124
27.722607374191284,1.2080883979797363,0.19727730751037598,1.24613193899389
27.77257204055786,1.216949462890625,0.1901831179857254,1.26253852486486
27.822855710983276,1.2291890382766724,0.21554358303546906,1.27847440309502
27.87358260154724,1.2428513765335083,0.23939794301986694,1.29522848941053
27.918036460876465,1.2530498504638672,0.24602027237415314,1.31394680101898
27.96773076057434,1.2649283409118652,0.2441515177488327,1.29406094276967
28.01812434196472,1.2771122455596924,0.24662937223911285,1.31269149927272
28.06843090057373,1.2850509881973267,0.20788463950157166,1.33374182435608
28.11807870864868,1.2884972095489502,0.15614043176174164,1.35721511019076
28.168144941329956,1.2976361513137817,0.17160281538963318,1.3808657699588
28.21803569793701,1.3137229681015015,0.23579448461532593,1.36501483650284
28.267963647842407,1.333512783050537,0.3016340434551239,1.39070193917716
28.318037748336792,1.3476874828338623,0.290268212556839,1.41893859623523
28.368128299713135,1.3557764291763306,0.2426178753376007,1.44796508219046
28.418080806732178,1.3674074411392212,0.24267536401748657,1.47984326181844
28.468553066253662,1.3845731019973755,0.2879539132118225,1.48543022124567
28.51800274848938,1.4069676399230957,0.355490505695343,1.51945830847369
28.56865096092224,1.4278160333633423,0.37905874848365784,1.55575796654824
28.61806011199951,1.4451463222503662,0.369706928730011,1.59522260316475
28.668761253356934,1.465559482574463,0.3904011845588684,1.63319132331759
28.718326807022095,1.4900232553482056,0.4341021776199341,1.70117013104694
28.768078088760376,1.5172926187515259,0.48320406675338745,1.73762634713207
28.81818723678589,1.5512464046478271,0.5704670548439026,1.77612349349626
28.868255615234375,1.589149832725525,0.6470863223075867,1.81084098622831
28.918285608291626,1.6231969594955444,0.6644325852394104,1.84802919886279
28.968255281448364,1.6534277200698853,0.6428608298301697,1.90908469630892
29.018229722976685,1.680037021636963,0.6031883358955383,1.94520356358315
29.06839346885681,1.7107954025268555,0.6176662445068359,1.98451898481452
29.119842529296875,1.747219443321228,0.6664103269577026,2.02538811612145
29.16851830482483,1.7839735746383667,0.6994050145149231,2.06852249958323
29.217886447906494,1.8213798999786377,0.7242140769958496,2.15979721404
29.27295184135437,1.8660060167312622,0.737709105014801,2.20799592115737
29.318073511123657,1.9020986557006836,0.802605390548706,2.25754931221328
29.372753858566284,1.9613924026489258,0.890460193157196,2.30684830113645
29.422569274902344,2.0087549686431885,0.9182294011116028,2.36020717045579
29.472432374954224,2.0522618293762207,0.9027385711669922,2.50621235625144
29.522334337234497,2.0932071208953857,0.8748286962509155,2.56459866830629
29.5723397731781,2.1550889015197754,1.038581132888794,2.62390243995044
29.622377157211304,2.2268683910369873,1.201503872871399,2.68077456119208
29.672433376312256,2.29036808013916,1.2316359281539917,2.74032831144005
29.71841049194336,2.333833932876587,1.1892600059509277,2.88321742770556
29.767990350723267,2.3824996948242188,1.110921025276184,2.94300672338107
29.818371295928955,2.4443395137786865,1.1855850219726562,3.00016580814801
29.873716592788696,2.538477659225464,1.36641526222229,3.05896270540219
29.922362804412842,2.6091959476470947,1.3897353410720825,3.12430052655945
29.972267389297485,2.6663291454315186,1.2940561771392822,3.23572095886447
30.02226734161377,2.718317747116089,1.2016429901123047,3.29995603968324
30.07248878479004,2.7838096618652344,1.2611324787139893,3.36495076460723
30.12339949607849,2.857668876647949,1.3555941581726074,3.42969745832278
30.17300009727478,2.9301819801330566,1.4006240367889404,3.49280506686251
30.218430995941162,2.9854440689086914,1.4030895233154297,3.57490128154335
30.269039392471313,3.0509281158447266,1.3751945495605469,3.63737189380601
30.318528175354004,3.1189446449279785,1.3842377662658691,3.69595167203382
30.368363857269287,3.190676212310791,1.4134125709533691,3.75414138374293
30.422428131103516,3.273081064224243,1.4031131267547607,3.81190638585557
30.47243571281433,3.337346315383911,1.3630245923995972,3.87612725687552
30.52253818511963,3.3966124057769775,1.2992058992385864,3.9307266796453
30.572307109832764,3.457033634185791,1.273396611213684,3.98902720477645
30.6178777217865,3.5082600116729736,1.2862526178359985,4.04251649573291
30.66809868812561,3.5743231773376465,1.3108997344970703,4.10051734297974
30.71783995628357,3.6416642665863037,1.3355441093444824,4.15721480139771
30.76786160469055,3.709350824356079,1.3529789447784424,4.2126128973251
30.817873239517212,3.775956630706787,1.3538378477096558,4.26537698975511
30.868045568466187,3.8396799564361572,1.3308404684066772,4.31825790718319
30.918113708496094,3.9007155895233154,1.2962898015975952,4.36958804788674
30.968109607696533,3.960631847381592,1.2669401168823242,4.41917958787395
31.019342184066772,4.020422458648682,1.2483842372894287,4.46781600476407
31.067943811416626,4.0805463790893555,1.2398384809494019,4.51685292288375
31.118277072906494,4.140171527862549,1.2296254634857178,4.56687259881818
31.168166875839233,4.199435710906982,1.2219561338424683,4.61697850396851
31.222306489944458,4.270456314086914,1.2118666172027588,4.66596430791745
31.268331289291382,4.317328929901123,1.207231879234314,4.71618311282368
31.3222336769104,4.38411808013916,1.1695730686187744,4.76347221845057
31.36966300010681,4.430013179779053,1.172759771347046,4.81453606142546
31.418562650680542,4.487916469573975,1.17365562915802,4.85528282098979
31.468323230743408,4.545825481414795,1.1791869401931763,4.89476953408143
31.51857018470764,4.6045708656311035,1.184011697769165,4.94902995957214
31.56868839263916,4.658196449279785,1.1461029052734375,4.99512889488803
31.618645191192627,4.71067476272583,1.1182355880737305,5.04118787649689
31.668447494506836,4.765549659729004,1.1188209056854248,5.08559628985966
31.718650817871094,4.820940971374512,1.1231635808944702,5.13779690938603
31.768720388412476,4.875670909881592,1.1194159984588623,5.19351246374707
31.81865906715393,4.929778099060059,1.1135923862457275,5.24250078773109
31.868573427200317,4.985672950744629,1.1251587867736816,5.2813816687476
31.91867423057556,5.042811393737793,1.140460729598999,5.33083875439817
31.968554973602295,5.096528053283691,1.1194745302200317,5.37507820820363
32.01898717880249,5.146650314331055,1.0815978050231934,5.41786677449122
32.06900382041931,5.197422981262207,1.0639312267303467,5.46260132590037
32.11940121650696,5.249058246612549,1.0600125789642334,5.50742918878057
32.16859555244446,5.301394462585449,1.0630767345428467,5.55228839990532
32.21863675117493,5.353227615356445,1.0597926378250122,5.59180271311749
32.268460273742676,5.403611660003662,1.0466228723526,5.6341404437871
32.31862163543701,5.453267574310303,1.0331082344055176,5.67719085528874
32.368565797805786,5.501786708831787,1.0149850845336914,5.72240811526261
32.418355226516724,5.5496721267700195,1.0004703998565674,5.76355692329899
32.468377113342285,5.598607540130615,0.9998844861984253,5.79746586895511
32.51852822303772,5.648299694061279,1.0053834915161133,5.84016685907673
32.5683331489563,5.696545600891113,0.9950253963470459,5.88344641166573
32.61962532997131,5.742594242095947,0.9730780124664307,5.92527124652843
32.668341875076294,5.788753509521484,0.9607809782028198,5.96099468705089
32.7182252407074,5.835270404815674,0.9561794996261597,5.99836351069538
32.76841855049133,5.881217002868652,0.947774350643158,6.0362354366052
32.818500995635986,5.926710605621338,0.9404770731925964,6.07583048976183
32.86989116668701,5.971359729766846,0.927105188369751,6.11487445074286
32.91817617416382,6.015235900878906,0.9155924916267395,6.15317375767089
32.96808910369873,6.0602335929870605,0.9161249995231628,6.18415199606988
33.018003702163696,6.103916645050049,0.9050477743148804,6.22193030867312
33.068140506744385,6.145751953125,0.8841306567192078,6.26025425315025
33.11849904060364,6.186753273010254,0.8651542067527771,6.29415369250726
33.168559074401855,6.228524208068848,0.8609675765037537,6.32676336169428
33.21822547912598,6.271174907684326,0.8640204668045044,6.35721392862671
33.26832365989685,6.312282085418701,0.8526862263679504,6.38991543830025
33.318429946899414,6.351385116577148,0.8304080367088318,6.41465574735834
33.375009536743164,6.3970723152160645,0.8042526841163635,6.43440584541272
33.419118881225586,6.425723552703857,0.7795233130455017,6.4367183298223
33.46884560585022,6.457852840423584,0.7289661765098572,6.44216617049282
33.518625020980835,6.485257148742676,0.6596888899803162,6.43247506379513
33.56827521324158,6.508552551269531,0.5864253640174866,6.41896090138386
33.61998105049133,6.529616355895996,0.47766900062561035,6.39758191585388
33.66824746131897,6.539013385772705,0.3990287780761719,6.37342322208714
33.72301697731018,6.549631595611572,0.29892221093177795,6.37594089618028
33.7727837562561,6.55595588684082,0.23148490488529205,6.35165902843354
33.823071241378784,6.565459251403809,0.21914640069007874,6.32498408884548
33.87294816970825,6.574431419372559,0.20297522842884064,6.30044629803198
33.923142194747925,6.577690601348877,0.14680592715740204,6.27295465900348
33.967841386795044,6.576132774353027,0.08424005657434464,6.26641063224223
34.018044233322144,6.5711588859558105,0.01080235280096531,6.24420637105275
34.06811189651489,6.568078517913818,-0.014854812063276768,6.21731174974895
34.11875653266907,6.568570613861084,-0.005098947789520025,6.19365808405214
34.167977809906006,6.5671772956848145,-0.016297511756420135,6.16886470815737
34.22227382659912,6.559834957122803,-0.06759597361087799,6.16479881837002
34.272148847579956,6.549075126647949,-0.12832008302211761,6.14094634477109
34.322253942489624,6.541334629058838,-0.13669967651367188,6.11439119162177
34.37241816520691,6.534953594207764,-0.1347244381904602,6.08191079700787
34.422468185424805,6.525879859924316,-0.15551221370697021,6.04790847568018
34.47222852706909,6.5119428634643555,-0.20788511633872986,6.02477631189363
34.522350788116455,6.492898941040039,-0.27989885210990906,5.98218008438507
34.57233643531799,6.473785400390625,-0.32125261425971985,5.9348953752245
34.62249255180359,6.4530744552612305,-0.36187678575515747,5.88776195962007
34.67231845855713,6.427210330963135,-0.42837581038475037,5.83576884335808
34.7223424911499,6.397689342498779,-0.49647778272628784,5.81160763587921
34.76814246177673,6.372236251831055,-0.5475807785987854,5.7589426056601
34.81818509101868,6.343059062957764,-0.5622289776802063,5.70495271729595
34.86800837516785,6.3158416748046875,-0.562047004699707,5.64779883373979
34.922324895858765,6.27623987197876,-0.6138582229614258,5.59378473436514
34.97231698036194,6.2378106117248535,-0.6811283230781555,5.55244764493
35.02244997024536,6.198094844818115,-0.7302088737487793,5.50541399086041
35.07216930389404,6.1606764793396,-0.7406943440437317,5.43952198772524
35.12248349189758,6.123212814331055,-0.7496615052223206,5.37964013785012
35.17214608192444,6.081734657287598,-0.788395345211029,5.31580433044451
35.21799659729004,6.044884204864502,-0.8400388360023499,5.26733648753137
35.27238130569458,5.98637580871582,-0.9082995057106018,5.19328458713259
35.32242131233215,5.936673641204834,-0.9481638669967651,5.11420174893808
35.37366819381714,5.886091709136963,-0.9800202250480652,5.03886209838308
35.42227530479431,5.830846786499023,-1.0386426448822021,4.95742543797662
35.472631216049194,5.770020961761475,-1.1180639266967773,4.90592049298298
35.518736124038696,5.718968868255615,-1.1796891689300537,4.82368012224027
35.57238984107971,5.647426605224609,-1.1877707242965698,4.73194959351972
35.62379503250122,5.587034702301025,-1.2064038515090942,4.6398782725259
35.67242503166199,5.521430015563965,-1.25784432888031,4.53402124172034
35.722445487976074,5.450632572174072,-1.33113431930542,4.44121345597879
35.77254867553711,5.372299671173096,-1.4367821216583252,4.30871693504596
35.82257342338562,5.290089130401611,-1.5288792848587036,4.16818483598311
35.87244915962219,5.201308727264404,-1.6406697034835815,4.03048659403063
35.92248344421387,5.102618217468262,-1.7877416610717773,3.89175006566809
35.97234892845154,4.997973442077637,-1.9218724966049194,3.79975164658469
36.02232480049133,4.890824794769287,-2.0227572917938232,3.68196350396669
36.06828808784485,4.81014347076416,-2.0315842628479004,3.57371929866824
36.11931085586548,4.716300964355469,-1.9845280647277832,3.49151211757339
36.17364168167114,4.60134744644165,-1.9703090190887451,3.41155330950165
36.2199981212616,4.505565643310547,-1.9592716693878174,3.3703321572401
36.26926302909851,4.434935569763184,-1.9056158065795898,3.31529408073387
36.31920790672302,4.357011318206787,-1.7761398553848267,3.26021314120209
36.36932063102722,4.283933162689209,-1.6660652160644531,3.22634546066005
36.41899061203003,4.208041191101074,-1.6206151247024536,3.17543858254593
36.46932125091553,4.133077621459961,-1.5824975967407227,3.13578631707645
36.5195894241333,4.059552192687988,-1.5510196685791016,3.09104141594614
36.56948232650757,3.9867799282073975,-1.5226244926452637,3.06035791536991
36.61940670013428,3.9164724349975586,-1.4878042936325073,3.02968537547177
36.669766664505005,3.8487377166748047,-1.4433444738388062,3.00327771859334
36.7195041179657,3.78532075881958,-1.3833411931991577,2.96763629431005
36.76921558380127,3.725456476211548,-1.3174588680267334,2.93297656992529
36.819908618927,3.6680195331573486,-1.2604641914367676,2.89877666914449
36.873806953430176,3.5968878269195557,-1.2368277311325073,2.85677304242831
36.91988706588745,3.5479202270507812,-1.2417919635772705,2.80982284482565
36.97000026702881,3.4773950576782227,-1.2171714305877686,2.76039666628518
37.01962161064148,3.428891658782959,-1.226582407951355,2.70318181831091
37.069610834121704,3.365955114364624,-1.2485119104385376,2.64053228806102
37.12015891075134,3.2873690128326416,-1.2883315086364746,2.57917393541765
37.16953945159912,3.232316732406616,-1.3274152278900146,2.5162544338517
37.21966195106506,3.165480852127075,-1.3390594720840454,2.4681676441139
37.26969933509827,3.0987112522125244,-1.3504750728607178,2.40687910182336
37.3196542263031,3.031290292739868,-1.3573986291885376,2.35116679943633
37.37030839920044,2.953468084335327,-1.3395311832427979,2.26602367769962
37.41808772087097,2.901552438735962,-1.3350905179977417,2.12851019122802
37.467917919158936,2.8358755111694336,-1.338416576385498,2.04423373802224
37.51785850524902,2.7561888694763184,-1.4635180234909058,1.97163666987648
37.56828212738037,2.66375994682312,-1.6258057355880737,1.94157790047215
37.61993193626404,2.561232805252075,-1.6694549322128296,1.91771481957877
37.667696714401245,2.50514817237854,-1.585524320602417,1.9142388532012
37.71789884567261,2.4538419246673584,-1.3650449514389038,1.91401200697244
37.76870632171631,2.415205717086792,-1.1375066041946411,1.94026279080869
37.81874322891235,2.3789660930633545,-0.9814143180847168,1.9747926373071
37.86988568305969,2.345759630203247,-0.8594964742660522,1.99766770223738
37.91778016090393,2.3184618949890137,-0.7383108735084534,1.99380890377249
37.96769452095032,2.2949326038360596,-0.6365794539451599,1.98786027735105
38.02027702331543,2.2630743980407715,-0.5973299145698547,1.97369978298906
38.072495460510254,2.2300682067871094,-0.6281492710113525,1.94828111959054
38.122828006744385,2.193748712539673,-0.6722186207771301,1.91883888647887
38.174394369125366,2.1547486782073975,-0.7205066084861755,1.9040202197014
38.217862606048584,2.122244358062744,-0.7568488717079163,1.89345885423899
38.26962065696716,2.083331346511841,-0.7690395712852478,1.8961776835054
38.31785869598389,2.0490047931671143,-0.7396642565727234,1.8946896783175
38.36794948577881,2.022144079208374,-0.6594193577766418,1.89625505225942
38.420116901397705,1.9989087581634521,-0.537951648235321,1.900622219755
38.46786952018738,1.9853813648223877,-0.474558562040329,1.89168991921697
38.519723653793335,1.9693641662597656,-0.4167811870574951,1.88928920100682
38.567972898483276,1.9509516954421997,-0.403146892786026,1.88737124182745
38.619908809661865,1.9246885776519775,-0.42236360907554626,1.8887963695574
38.66953682899475,1.9073604345321655,-0.428575724363327,1.88395898380193
38.717963457107544,1.8897889852523804,-0.3975276052951813,1.86133506682132
38.76838254928589,1.8752003908157349,-0.35958603024482727,1.85861032575558
38.82069230079651,1.85347580909729,-0.365795373916626,1.79506799675579
38.86782693862915,1.8381617069244385,-0.37362605333328247,1.76179987620996
38.920329570770264,1.8063709735870361,-0.45726829767227173,1.74832687601377
38.96850657463074,1.7775545120239258,-0.5497429370880127,1.73691265304009
39.02066946029663,1.7403039932250977,-0.5779553055763245,1.72059563450295
39.07223725318909,1.7183928489685059,-0.5237951278686523,1.70986117822087
39.12354612350464,1.7027922868728638,-0.4402411878108978,1.71430091428936
39.16828417778015,1.6924587488174438,-0.382577508687973,1.73615232929914
39.22177743911743,1.6780312061309814,-0.31964439153671265,1.79087751770901
39.26754426956177,1.6714965105056763,-0.26790693402290344,1.85964155012666
39.32225060462952,1.6758897304534912,-0.10321114957332611,1.95641308229157
39.3754563331604,1.6966016292572021,0.10755407065153122,2.00773052515739
39.42230844497681,1.730918526649475,0.34364473819732666,2.00479936492245
39.4678430557251,1.759451985359192,0.4675661027431488,1.93516997132963
39.51801657676697,1.7789192199707031,0.42563942074775696,1.9461410340426
39.56833481788635,1.7662862539291382,0.1413261592388153,1.99812797279707
39.61804747581482,1.7361465692520142,-0.15193799138069153,2.04713890845597
39.66798448562622,1.7231004238128662,-0.18071483075618744,2.09098536606654
39.717955589294434,1.7396275997161865,0.03428294509649277,2.08051732278535
39.768118143081665,1.7757261991500854,0.31434398889541626,2.10935834689795
39.818381547927856,1.8081778287887573,0.43911921977996826,2.13848450336688
39.86877989768982,1.8239750862121582,0.3888973295688629,2.18118082399861
39.918174028396606,1.8326185941696167,0.303524911403656,2.22119756906833
39.967973947525024,1.8427789211273193,0.27027982473373413,2.26185677173306
40.0186972618103,1.8624695539474487,0.3264801502227783,2.30502861497695
40.06788206100464,1.890900731086731,0.4289357364177704,2.35182076848145
40.11914420127869,1.9234354496002197,0.5207965970039368,2.40084010135533
40.16801977157593,1.9565496444702148,0.5815537571907043,2.4512341223256
40.21812319755554,1.9898616075515747,0.6194859743118286,2.48520344704158
40.268651723861694,2.0233802795410156,0.6450487971305847,2.53132030108519
40.31805086135864,2.055774450302124,0.6492025852203369,2.58528114716546
40.36905479431152,2.086798906326294,0.6435800194740295,2.6323359538704
40.417781591415405,2.1211750507354736,0.6685870289802551,2.68494322130593
40.468016147613525,2.159694194793701,0.7155869603157043,2.71723375556279
40.51776456832886,2.201009511947632,0.7665917277336121,2.76588664489848
40.568199157714844,2.241528034210205,0.7872825264930725,2.8146284621571
40.61762738227844,2.2793641090393066,0.7814276814460754,2.86390566859354
40.66772270202637,2.3186984062194824,0.7907342910766602,2.9200218376259
40.717865228652954,2.3609800338745117,0.8203240036964417,2.9631608698237
40.76812219619751,2.4058456420898438,0.8580210208892822,3.02099161335303
40.81796669960022,2.4516849517822266,0.8881336450576782,3.07601531281971
40.86917328834534,2.4984588623046875,0.9146341681480408,3.13266778586748
40.91756820678711,2.5464603900909424,0.9400008916854858,3.18647614175738
40.96782183647156,2.59568452835083,0.9658830761909485,3.23316096963869
41.01768612861633,2.6463544368743896,0.9925653338432312,3.28411619539326
41.0678813457489,2.695584297180176,0.9949500560760498,3.33578381445428
41.11923003196716,2.7432608604431152,0.9868499040603638,3.39321725143048
41.167722940444946,2.7923576831817627,0.9929720163345337,3.44423830523393
41.21771454811096,2.8432507514953613,1.011757493019104,3.48187144170338
41.26777458190918,2.896157741546631,1.038575530052185,3.5339200992949
41.317718744277954,2.9470949172973633,1.035711646080017,3.58099619716627
41.369300842285156,2.9950544834136963,1.013460397720337,3.62814792197114
41.41781520843506,3.0437469482421875,1.0057909488677979,3.6773013260173
41.467814445495605,3.094061851501465,1.0149716138839722,3.69446993433669
41.517799615859985,3.145557165145874,1.0283558368682861,3.74126137553905
41.567819595336914,3.1927003860473633,0.9977948069572449,3.79028405601631
41.61928629875183,3.236496925354004,0.9585723876953125,3.8428841974882
41.66788053512573,3.283487558364868,0.9597519636154175,3.89571712901549
41.71787452697754,3.3345720767974854,0.9945712089538574,3.92302230887708
41.767855167388916,3.3901028633117676,1.0497912168502808,3.97357894894305
41.81798434257507,3.4428839683532715,1.0554414987564087,4.01980304641479
41.868507385253906,3.490532875061035,1.0228828191757202,4.06582888736215
41.917959451675415,3.5387909412384033,1.0080804824829102,4.10099585800507
41.96786594390869,3.5878171920776367,1.0051465034484863,4.12272656537473
42.01783800125122,3.6365253925323486,0.9996942281723022,4.16444560832213
42.06802797317505,3.6839637756347656,0.9866157174110413,4.20641172206143
42.117549419403076,3.7298710346221924,0.965708315372467,4.24938996922232
42.167619943618774,3.7749292850494385,0.9478574395179749,4.29155026830661
42.2177791595459,3.8218889236450195,0.9530933499336243,4.33993708060453
42.26769971847534,3.87031626701355,0.9663345217704773,4.38601917170226
42.31799817085266,3.919243097305298,0.9793661832809448,4.43577803460003
42.367899656295776,3.9693961143493652,0.9966488480567932,4.48041954882781
42.41792392730713,4.02095365524292,1.0190956592559814,4.52465109820455
42.46789240837097,4.0723066329956055,1.0284905433654785,4.5636968119559
42.518189907073975,4.120964527130127,1.0132931470870972,4.59572799710946
42.56798434257507,4.168058395385742,0.9920989871025085,4.63498680379313
42.6178252696991,4.212667465209961,0.9577261805534363,4.67616038695106
42.66803002357483,4.255818843841553,0.9283407926559448,4.70964469583578
42.717811822891235,4.300942420959473,0.925973117351532,4.75010527076307
42.767807960510254,4.346588134765625,0.9273518323898315,4.79025086702231
42.8179407119751,4.392333030700684,0.9301819205284119,4.82167282581258
42.867966651916504,4.4392523765563965,0.9409528970718384,4.85507407372713
42.917967796325684,4.484900951385498,0.935111403465271,4.88279876027047
42.967803955078125,4.527444839477539,0.9076219797134399,4.92818544690678
43.01833176612854,4.567485332489014,0.8705673813819885,4.95115598008984
43.06793737411499,4.608212947845459,0.8573863506317139,4.97873286711187
43.11811423301697,4.650444984436035,0.8574040532112122,4.99988593382924
43.16834378242493,4.690237998962402,0.8385654091835022,5.01931389283885
43.21781778335571,4.726873397827148,0.8003996014595032,5.05575903440886
43.268205642700195,4.7625885009765625,0.7741369605064392,5.06433463416777
43.322470903396606,4.804443836212158,0.7408272624015808,5.06640756149065
43.372371196746826,4.834981441497803,0.6927189826965332,5.05766540523422
43.42232012748718,4.85989236831665,0.6169076561927795,5.04605662523469
43.472392559051514,4.878929615020752,0.524926483631134,5.04931139205167
43.522343158721924,4.893803119659424,0.43646928668022156,5.03258812330798
43.57243466377258,4.909648895263672,0.39331454038619995,5.00642984438337
43.62234377861023,4.924676418304443,0.3576318025588989,4.98945819871998
43.67208003997803,4.934990406036377,0.2974933683872223,4.9663026398007
43.7220733165741,4.941815376281738,0.23449483513832092,4.974134455485
43.77186727523804,4.94626522064209,0.17722563445568085,4.95007759344979
43.81784772872925,4.952658176422119,0.1752329170703888,4.93525303251833
43.867921113967896,4.962585926055908,0.18418706953525543,4.90991148083551
43.917644023895264,4.969627380371094,0.16724909842014313,4.89289163570763
43.96785569190979,4.972222328186035,0.11902578920125961,4.89012497433643
44.017996072769165,4.970186233520508,0.055586036294698715,4.87639825069798
44.068848609924316,4.968409061431885,0.02080867998301983,4.85885556648308
44.11773419380188,4.968773365020752,0.016523607075214386,4.84371047010936
44.16785764694214,4.96982479095459,0.01802230440080166,4.82779982905288
44.21770000457764,4.969230651855469,0.0049717966467142105,4.8319654636028
44.26800084114075,4.965670585632324,-0.027006126940250397,4.81817488158328
44.31795406341553,4.96235466003418,-0.040570102632045746,4.80418804234054
44.36788868904114,4.9611663818359375,-0.034726060926914215,4.77765978037983
44.417906284332275,4.959016799926758,-0.038655269891023636,4.75193955758001
44.46930122375488,4.953488826751709,-0.07083162665367126,4.75071938943218
44.51844072341919,4.941863536834717,-0.1384601593017578,4.71149485081041
44.56797909736633,4.930003643035889,-0.1758473515510559,4.68184827835175
44.61782193183899,4.918856143951416,-0.19893133640289307,4.64336001407409
44.66797995567322,4.903825759887695,-0.24153253436088562,4.6108191618445
44.71805167198181,4.886322498321533,-0.28863969445228577,4.57851322558807
44.76813459396362,4.865801811218262,-0.3401845693588257,4.53434621308055
44.818175077438354,4.8443145751953125,-0.37853655219078064,4.494965078188
44.868027210235596,4.822085857391357,-0.40848466753959656,4.4507582596431
44.918163537979126,4.797914981842041,-0.4426727592945099,4.41210196069953
44.96813607215881,4.771048069000244,-0.48522868752479553,4.36997116100528
45.018146991729736,4.742999076843262,-0.5186253786087036,4.33181511228315
45.06820774078369,4.714182376861572,-0.5470456480979919,4.29313986854266
45.118733644485474,4.6840596199035645,-0.5729272365570068,4.24494591156774
45.16784596443176,4.654768466949463,-0.5820080041885376,4.20030496229265
45.217859745025635,4.624415397644043,-0.5981317162513733,4.13656977630591
45.26843547821045,4.591339588165283,-0.628832995891571,4.08569190871076
45.318092584609985,4.553316593170166,-0.6904067993164062,4.03684283113923
45.36839056015015,4.510372638702393,-0.762852668762207,3.98946275066499
45.41803598403931,4.467925548553467,-0.8024200201034546,3.94124713901145
45.47211313247681,4.418748378753662,-0.8147175312042236,3.89459208919826
45.52204394340515,4.378959655761719,-0.8119820356369019,3.84473887889322
45.572200298309326,4.3412556648254395,-0.7930665612220764,3.79358375734666
45.61838245391846,4.310497760772705,-0.7917673587799072,3.73948679271061
45.66790318489075,4.26731538772583,-0.8303802609443665,3.68359040044051
45.71814179420471,4.217845439910889,-0.9021015167236328,3.6295053960637
45.76797389984131,4.16648006439209,-0.9584851861000061,3.57157601340329
45.818320989608765,4.116221904754639,-0.983712375164032,3.5135636674945
45.86866855621338,4.06732177734375,-0.988332986831665,3.45910327505345
45.918620347976685,4.018560409545898,-0.991270124912262,3.40350851952472
45.968737840652466,3.96879506111145,-1.000785231590271,3.34762513986946
46.018041372299194,3.918534994125366,-1.010309100151062,3.2942425016491
46.06870079040527,3.8672122955322266,-1.0254677534103394,3.23805946511859
46.11897945404053,3.814312219619751,-1.0467363595962524,3.17453298398256
46.16877484321594,3.7607786655426025,-1.0643773078918457,3.10810130086654
46.2188777923584,3.706268072128296,-1.0837340354919434,3.05549490392449
46.26880192756653,3.6494083404541016,-1.1147242784500122,2.99040056962562
46.31829524040222,3.591348886489868,-1.1413248777389526,2.92606898359901
46.36832022666931,3.5332837104797363,-1.1585458517074585,2.86627223057763
46.41835689544678,3.4744374752044678,-1.1748994588851929,2.81161273396539
46.46801710128784,3.415409803390503,-1.1861004829406738,2.77221042732006
46.5180082321167,3.3565080165863037,-1.1918377876281738,2.70966057752974
46.56841206550598,3.3006129264831543,-1.1683300733566284,2.64936785639733
46.61828303337097,3.2470321655273438,-1.1400747299194336,2.58849115295455
46.668325424194336,3.190014362335205,-1.15093994140625,2.53044301959774
46.71828746795654,3.1296401023864746,-1.1833869218826294,2.513853409681
46.76795315742493,3.0676255226135254,-1.2155057191848755,2.4577015130922
46.818443059921265,3.0107522010803223,-1.1875953674316406,2.40302138934127
46.86974024772644,2.960181713104248,-1.1271162033081055,2.34585256882528
46.91882276535034,2.9080288410186768,-1.103107213973999,2.28980528292336
46.9680552482605,2.852350950241089,-1.118436574935913,2.27204427526612
47.018017530441284,2.792187213897705,-1.1622860431671143,2.21458094858999
47.06878900527954,2.735415458679199,-1.1549228429794312,2.15736330729867
47.11793851852417,2.6832451820373535,-1.1211397647857666,2.10611494898346
47.16884398460388,2.6286544799804688,-1.1183639764785767,2.05544634039994
47.21787190437317,2.5725250244140625,-1.1298292875289917,2.02472673655556
47.26875710487366,2.514397621154785,-1.1521388292312622,1.96008275036192
47.318849086761475,2.4590773582458496,-1.1388630867004395,1.90249698394582
47.36863303184509,2.405473232269287,-1.1238349676132202,1.85321493841858
47.418821811676025,2.3478305339813232,-1.144801139831543,1.80511366419723
47.468064308166504,2.289900302886963,-1.1583484411239624,1.78252529341898
47.518489599227905,2.2332425117492676,-1.1566323041915894,1.72857972122416
47.568363904953,2.1811633110046387,-1.1152747869491577,1.6751715080966
47.618239879608154,2.132345199584961,-1.0702412128448486,1.6275586280141
47.668259620666504,2.080141067504883,-1.0694258213043213,1.58728441828256
47.71808838844299,2.024590015411377,-1.0960371494293213,1.57633851969527
47.76869511604309,1.968890905380249,-1.1094131469726562,1.54273446835634
47.8191602230072,1.92061185836792,-1.0551395416259766,1.50440830896089
47.869436740875244,1.8791720867156982,-0.972244918346405,1.46369372988724
47.918615102767944,1.8374279737472534,-0.9261648058891296,1.41686241358118
47.96818423271179,1.792323350906372,-0.9257606863975525,1.40081851755521
48.019378423690796,1.7418022155761719,-0.9698500633239746,1.36040488155612
48.06936049461365,1.6916823387145996,-0.9857414364814758,1.32070240459774
48.11809992790222,1.6464314460754395,-0.9613505601882935,1.27006619030275
48.16889548301697,1.6014997959136963,-0.9430312514305115,1.2164336573439
48.2180449962616,1.5547595024108887,-0.9497437477111816,1.18033914275877
48.26826810836792,1.5033851861953735,-0.9895753264427185,1.13322517972631
48.318135261535645,1.451490879058838,-1.0149853229522705,1.08875574749131
48.36815309524536,1.4021424055099487,-1.010536551475525,1.04746886276767
48.418025970458984,1.3544968366622925,-0.9947122931480408,1.0111429554323
48.46806573867798,1.3076980113983154,-0.978687584400177,0.993473233083994
48.518038749694824,1.26206374168396,-0.9588490724563599,0.961673895870267
48.568010568618774,1.2207587957382202,-0.9097948670387268,0.929405647667524
48.618969678878784,1.1830533742904663,-0.8550618886947632,0.906861304506324
48.66802215576172,1.144317388534546,-0.8302307724952698,0.886107169501723
48.71807098388672,1.1042866706848145,-0.8253580927848816,0.875103591722118
48.76796793937683,1.065085530281067,-0.8135525584220886,0.858254249989618
48.818270683288574,1.0303984880447388,-0.7691212892532349,0.844358533349899
48.86895990371704,0.9993075728416443,-0.7159474492073059,0.830515642410771
48.91792345046997,0.969316303730011,-0.6743512749671936,0.820705774189472
48.96811580657959,0.940326988697052,-0.6416856050491333,0.807167404013619
49.01801776885986,0.912233829498291,-0.6139503717422485,0.798395546221163
49.06810426712036,0.8853134512901306,-0.5882691144943237,0.78771839251257
49.11902356147766,0.8595690727233887,-0.5625562071800232,0.779236503752393
49.16796660423279,0.834312915802002,-0.5446147918701172,0.769633133826906
49.21805119514465,0.8096842169761658,-0.5265406370162964,0.761970530384673
49.26798152923584,0.7864969968795776,-0.505809485912323,0.759353017354627
49.322043657302856,0.7605880498886108,-0.4732118546962738,0.759994516166525
49.37310552597046,0.7416239976882935,-0.4382603168487549,0.761692698928832
49.418147563934326,0.7289122939109802,-0.3998255431652069,0.769442456276043
49.46777677536011,0.7150034308433533,-0.35447293519973755,0.777497016918055
49.51795959472656,0.7024813294410706,-0.3141080439090729,0.793780422344373
49.56819796562195,0.6923607587814331,-0.2713640630245209,0.814384044597118
49.61804747581482,0.6848279237747192,-0.22328096628189087,0.840855612352408
49.66792011260986,0.6813011169433594,-0.1622762829065323,0.866005405858613
49.71794009208679,0.6813231706619263,-0.09706208854913712,0.889057556429796
49.767897844314575,0.6844744682312012,-0.032568566501140594,0.924226471434789
49.81815457344055,0.688616156578064,0.01249039638787508,0.965254640149118
49.868080377578735,0.694053590297699,0.05321436747908592,1.00501533007225
49.91804003715515,0.7048462629318237,0.12147291004657745,1.04340953675929
49.96796536445618,0.7211472392082214,0.2061748504638672,1.06538201187639
50.01799416542053,0.7405937910079956,0.2812342643737793,1.09721173417144
50.06915235519409,0.7577759027481079,0.30499738454818726,1.13198216409489
50.123740911483765,0.7737904787063599,0.28955167531967163,1.16351283653826
50.17275810241699,0.7871342897415161,0.28244835138320923,1.1898823857441
50.22275185585022,0.8033042550086975,0.30236735939979553,1.19652760028048
50.27275204658508,0.8212058544158936,0.32651564478874207,1.21067112420881
50.31814646720886,0.8336742520332336,0.3225705921649933,1.2179805558803
50.36842346191406,0.8460770845413208,0.2940707504749298,1.22808640595933
50.41803693771362,0.8565686941146851,0.26222503185272217,1.23671359654422
50.46846103668213,0.8673589825630188,0.24668970704078674,1.24200925463336
50.51807713508606,0.8789535760879517,0.24235880374908447,1.24826137606142
50.568177700042725,0.8900481462478638,0.2358999401330948,1.25174277365394
50.6181378364563,0.9009352922439575,0.2304268777370453,1.25537131411483
50.66835618019104,0.9117998480796814,0.22697320580482483,1.25769489018107
50.71839928627014,0.921798050403595,0.21697132289409637,1.25439596736624
50.7683892250061,0.9311702847480774,0.2073790580034256,1.24126271942047
50.8186776638031,0.9396276473999023,0.1920863687992096,1.2207315589833
50.86832404136658,0.9445186853408813,0.15412746369838715,1.20555772781956
50.918389558792114,0.9447196125984192,0.0926651880145073,1.19146577497513
50.968162536621094,0.940657913684845,0.02289883978664875,1.14141121199899
51.01805233955383,0.9360910058021545,-0.02157030813395977,1.07338485889587
51.06826615333557,0.9287008047103882,-0.07621970772743225,1.00103965691555
51.11841821670532,0.9109950661659241,-0.1936279684305191,0.931630237400793
51.17286944389343,0.8754173517227173,-0.38302430510520935,0.864721838469052
51.21867632865906,0.8466072678565979,-0.49939993023872375,0.810592933970609
51.26830983161926,0.8115872740745544,-0.5809850096702576,0.761504936120361
51.318357706069946,0.7801777720451355,-0.6032069325447083,0.726191402272273
51.368505001068115,0.751592218875885,-0.5934618711471558,0.706440224596905
51.418426275253296,0.7278123497962952,-0.5480122566223145,0.686244503060001
51.46850776672363,0.7096698880195618,-0.4759789705276489,0.678004665562588
51.51813626289368,0.6950525641441345,-0.40557751059532166,0.661957038670768
51.568604707717896,0.6813324093818665,-0.35646161437034607,0.651658125723997
51.618377923965454,0.6662023067474365,-0.3391647934913635,0.648174940699668
51.66836333274841,0.6503695249557495,-0.3317561745643616,0.645699707343544
51.71838617324829,0.636207103729248,-0.31440937519073486,0.644520113761838
51.76791429519653,0.6237627863883972,-0.28950145840644836,0.637676374775604
51.81848502159119,0.6131379008293152,-0.2605172395706177,0.631438621346925
51.8681902885437,0.6031432747840881,-0.23828035593032837,0.626863625829962
51.9182550907135,0.592160701751709,-0.2338283360004425,0.62700926997918
51.96840476989746,0.5801374316215515,-0.23796488344669342,0.632913870227298
52.018030643463135,0.5695682168006897,-0.2279701828956604,0.640502791318865
52.06911563873291,0.5618992447853088,-0.1983320564031601,0.645734357490107
52.11920213699341,0.5577087998390198,-0.15245585143566132,0.647606447075886
52.167898416519165,0.5551794767379761,-0.11336871981620789,0.650240194894081
52.2180380821228,0.5517701506614685,-0.09674878418445587,0.655094829320472
52.26844048500061,0.5473594665527344,-0.09452873468399048,0.659730958222359
52.31825494766235,0.5421887636184692,-0.09907139837741852,0.665238493040802
52.36781883239746,0.5375117659568787,-0.09674069285392761,0.673560485246154
52.41801738739014,0.5352288484573364,-0.07560618221759796,0.683416692155877
52.47238326072693,0.5355044603347778,-0.03861376270651817,0.699581817648863
52.51887893676758,0.5364141464233398,-0.01829838939011097,0.716473277116237
52.572202920913696,0.540474534034729,0.023294469341635704,0.735700514964216
52.622111320495605,0.5468330979347229,0.06542976200580597,0.757035941557221
52.67217135429382,0.5540376901626587,0.0972139984369278,0.781581740530555
52.72223424911499,0.5624540448188782,0.12679016590118408,0.803858081937358
52.77218246459961,0.5731498599052429,0.16329456865787506,0.82802780334144
52.8221173286438,0.5853894352912903,0.1970963329076767,0.852491419381834
52.872416973114014,0.5992891788482666,0.23134715855121613,0.878371958887331
52.92232608795166,0.6130101680755615,0.24931982159614563,0.90442712400735
52.97233724594116,0.6267723441123962,0.26157477498054504,0.92246301902873
53.022427558898926,0.6423783302307129,0.28433454036712646,0.947441205163049
53.07248616218567,0.6581969857215881,0.2984467148780823,0.972257989553503
53.11966133117676,0.6711392998695374,0.30941304564476013,0.996503422504451
53.16831970214844,0.6880189776420593,0.323257178068161,1.02264392791137
53.21844696998596,0.7061427235603333,0.3424026370048523,1.03870780313934
53.26812958717346,0.7258809208869934,0.36635035276412964,1.06037704411649
53.3183159828186,0.74528968334198,0.37691637873649597,1.08589447211919
53.369401693344116,0.7630565166473389,0.3705589175224304,1.10963784557552
53.41834330558777,0.7816622853279114,0.37570783495903015,1.13002189082839
53.468592166900635,0.8021532297134399,0.3921230733394623,1.14218601162582
53.517956256866455,0.8224384188652039,0.4003683626651764,1.16220277247741
53.56796932220459,0.8414613008499146,0.39431753754615784,1.1804326323591
53.61790704727173,0.8594880700111389,0.38423123955726624,1.20019722487136
53.66785788536072,0.8772776126861572,0.37511780858039856,1.2202551423098
53.71793723106384,0.8957958817481995,0.3777630031108856,1.23499138491411
53.76796054840088,0.9161781072616577,0.39251431822776794,1.24957190776376
53.817936182022095,0.9363773465156555,0.39993876218795776,1.27414277702509
53.86797595024109,0.9562780857086182,0.40208086371421814,1.28467567428714
53.918245792388916,0.9768475890159607,0.4097697138786316,1.29188258645362
53.96831202507019,0.9970265626907349,0.4088843762874603,1.27771282655187
54.01792120933533,1.0136834383010864,0.3798985779285431,1.28218311991424
54.069042444229126,1.0245484113693237,0.3140616714954376,1.27960400054961
54.118032932281494,1.0311590433120728,0.2442135363817215,1.27553937788628
54.16810965538025,1.0377511978149414,0.20098081231117249,1.27920713958405
54.21802473068237,1.0450735092163086,0.18195752799510956,1.29060494791164
54.268128633499146,1.0554431676864624,0.1953442096710205,1.27138117211939
54.31799912452698,1.0697649717330933,0.2351428121328354,1.25346381463904
54.369932651519775,1.081576943397522,0.23217035830020905,1.24639785412563
54.41798973083496,1.0846680402755737,0.16299815475940704,1.26651601815471
54.46819996833801,1.083152413368225,0.08595360815525055,1.31715277447473
54.51877975463867,1.0856980085372925,0.07859747111797333,1.37287640505551
54.568055629730225,1.1038721799850464,0.20238471031188965,1.4239060461652
54.618592977523804,1.138244867324829,0.40296754240989685,1.47583074438409
54.66797471046448,1.179774284362793,0.5772192478179932,1.52764767821107
54.717955112457275,1.2203158140182495,0.6727556586265564,1.5714821241856
54.773011445999146,1.2635852098464966,0.6966837048530579,1.6295822921354
54.823097467422485,1.2934174537658691,0.6584805250167847,1.7025662035251
54.874348402023315,1.3224295377731323,0.6327571868896484,1.77849360012921
54.92347955703735,1.3603954315185547,0.6923742294311523,1.8523268061809
54.97275757789612,1.4098122119903564,0.8189184069633484,1.89635169448805
55.0227837562561,1.4646475315093994,0.9354453086853027,1.95389740388473
55.07296109199524,1.5145750045776367,0.9626678228378296,2.01204711353318
55.11894655227661,1.550270915031433,0.945030689239502,2.07063396302985
55.16819429397583,1.5930001735687256,0.9162338972091675,2.12249066940954
55.222928524017334,1.6472184658050537,0.9196272492408752,2.1629451648397
55.272674322128296,1.6964229345321655,0.9522757530212402,2.20834859536123
55.3229763507843,1.7419779300689697,0.9389641284942627,2.2562908432105
55.374398946762085,1.7835508584976196,0.9013842344284058,2.29906034979743
55.423635482788086,1.8265846967697144,0.8924938440322876,2.34051898017663
55.473007678985596,1.8710380792617798,0.8969670534133911,2.37871909423834
55.52288746833801,1.9169718027114868,0.9122551679611206,2.42677473774817
55.573078632354736,1.961695671081543,0.9097298383712769,2.47194640011484
55.623210191726685,2.006772518157959,0.9132803678512573,2.52182774129001
55.67297053337097,2.0535356998443604,0.9284393191337585,2.56459513406565
55.723023891448975,2.1024839878082275,0.9555757641792297,2.59979507322292
55.77302622795105,2.151787042617798,0.973409116268158,2.64291867331562
55.8231303691864,2.197507858276367,0.9540767073631287,2.68856541470776
55.874351024627686,2.240947961807251,0.926036536693573,2.73181649667584
55.923585653305054,2.2855029106140137,0.9190188646316528,2.77968614567781
55.96806073188782,2.3234639167785645,0.9369468688964844,2.8195354583789
56.018091678619385,2.372220277786255,0.9592018723487854,2.87119578864257
56.06930470466614,2.421542167663574,0.9781458973884583,2.91648093015744
56.11936807632446,2.4729318618774414,1.0067108869552612,2.96591613218711
56.17641997337341,2.534283399581909,1.0186337232589722,3.0129625177363
56.22408080101013,2.584129571914673,1.0165574550628662,3.05722658312458
56.27282500267029,2.63134765625,0.9926674365997314,3.11044805603189
56.32253313064575,2.6770646572113037,0.9679221510887146,3.16079607298506
56.37260460853577,2.7257089614868164,0.978052020072937,3.21549559664897
56.42283225059509,2.7777137756347656,1.0100916624069214,3.26217436035675
56.47295355796814,2.831371784210205,1.042061448097229,3.30748879229352
56.52358627319336,2.884139060974121,1.0531667470932007,3.35313884585003
56.57381224632263,2.9352641105651855,1.0471322536468506,3.40697783632115
56.6235876083374,2.9840283393859863,1.0241032838821411,3.45548586508547
56.668678998947144,3.02358341217041,1.020787239074707,3.51222643966595
56.71935224533081,3.074932813644409,1.0319498777389526,3.55611038718476
56.76983165740967,3.13049054145813,1.074872374534607,3.61097224232334
56.81939172744751,3.1878440380096436,1.1095162630081177,3.66154854254475
56.86960768699646,3.2428665161132812,1.114736557006836,3.7179380905923
56.91956400871277,3.2975265979766846,1.1138256788253784,3.77758938956097
56.96943736076355,3.3507821559906006,1.1024272441864014,3.82283545933438
57.019694089889526,3.4051594734191895,1.1067407131195068,3.88147777985752
57.069828033447266,3.460712432861328,1.1159347295761108,3.94009409456638
57.11982989311218,3.5164103507995605,1.1250406503677368,4.0029065945367
57.16989707946777,3.585933208465576,1.1488425731658936,4.05544344361166
57.2196090221405,3.6333374977111816,1.1695905923843384,4.10349044486947
57.26965093612671,3.690734386444092,1.167843222618103,4.15498805069725
57.3200900554657,3.756427049636841,1.142127513885498,4.21146285181639
57.36967444419861,3.80035662651062,1.1359307765960693,4.26111569350214
57.4181342124939,3.85432505607605,1.1211814880371094,4.31494012798458
57.46815729141235,3.909710168838501,1.1270033121109009,4.35365371322442
57.51815700531006,3.96854305267334,1.155895471572876,4.40488232031088
57.56813669204712,4.025206565856934,1.1527314186096191,4.46434562571886
57.62053656578064,4.089395999908447,1.1230242252349854,4.52024371158109
57.667943477630615,4.133902549743652,1.128749966621399,4.57439220652523
57.71804189682007,4.1894989013671875,1.1294596195220947,4.62566267990383
57.767831802368164,4.245849609375,1.1394239664077759,4.67733045891639
57.81794261932373,4.305083751678467,1.1664409637451172,4.73406560941668
57.87036371231079,4.374970436096191,1.1720151901245117,4.7861111833343
57.91979694366455,4.421280384063721,1.1761016845703125,4.84103348855241
57.97270917892456,4.486928939819336,1.1427791118621826,4.88075851759268
58.02259564399719,4.5423760414123535,1.1388994455337524,4.93314252093105
58.06888699531555,4.585221767425537,1.1224281787872314,4.9831847427799
58.11778688430786,4.6365156173706055,1.09365713596344,5.03627313989011
58.16788601875305,4.69087028503418,1.1013121604919434,5.08597519032774
58.2179434299469,4.748388767242432,1.1303454637527466,5.12540702014717
58.267902135849,4.807488441467285,1.15996253490448,5.17404689077756
58.31790256500244,4.864248752593994,1.1559159755706787,5.22737862662449
58.36784243583679,4.916866779327393,1.1227214336395264,5.27336410566872
58.417959213256836,4.968473434448242,1.095015525817871,5.32218227504036
58.46761441230774,5.0209221839904785,1.0861589908599854,5.36515686094047
58.517791748046875,5.074408054351807,1.087630033493042,5.41308411554454
58.56778311729431,5.127427577972412,1.084904432296753,5.45943448631484
58.61962532997131,5.180177688598633,1.0811941623687744,5.50737815603773
58.66761040687561,5.232821941375732,1.0781512260437012,5.55450179684426
58.7181613445282,5.285460472106934,1.0762816667556763,5.59398117060414
58.77026104927063,5.348538875579834,1.0720959901809692,5.63976415829282
58.81791114807129,5.389930248260498,1.0669021606445312,5.6809199377565
58.86952090263367,5.438266277313232,1.0325831174850464,5.72605552993367
58.917614698410034,5.485382556915283,1.0063077211380005,5.77125268756465
58.972389221191406,5.545958518981934,1.0162086486816406,5.80410117724498
59.02242708206177,5.59733772277832,1.0269513130187988,5.84891408127098
59.07249665260315,5.644070625305176,0.9939801692962646,5.88754048152641
59.1235089302063,5.688655853271484,0.9599630236625671,5.92351068027795
59.17249584197998,5.734009742736816,0.9455175995826721,5.962991790997
59.222445011138916,5.780235767364502,0.9436058402061462,5.99938891294703
59.27254772186279,5.827123641967773,0.9475744962692261,6.03721974978154
59.3225793838501,5.873055934906006,0.941396176815033,6.07351309206589
59.37327265739441,5.917692184448242,0.9276840686798096,6.10058075870488
59.42539405822754,5.960387706756592,0.9032996296882629,6.12659564446048
59.47264313697815,6.0015034675598145,0.8764828443527222,6.14948194296542
59.52255940437317,6.039440155029297,0.8335118889808655,6.1640856374411
59.572598457336426,6.075919151306152,0.7976685166358948,6.16939593555698
59.62264561653137,6.108933925628662,0.7459163069725037,6.16961762922714
59.67267441749573,6.137060165405273,0.6759661436080933,6.16628103013853
59.71780729293823,6.156688213348389,0.6179382801055908,6.16543182262451
59.76800870895386,6.179141998291016,0.5549073815345764,6.15319708090504
59.81786322593689,6.200383186340332,0.5065293312072754,6.13632355847471
59.8679883480072,6.218838214874268,0.4535383880138397,6.12689426536526
59.917964220047,6.232329368591309,0.38095349073410034,6.11860600087258
59.96825122833252,6.2425456047058105,0.31339406967163086,6.12269633839065
60.01842975616455,6.252216815948486,0.26746538281440735,6.12046653647551
60.069008111953735,6.262307167053223,0.2444184273481369,6.11643867395362
60.11796689033508,6.274385929107666,0.24597840011119843,6.11640910032511
60.16772246360779,6.287838935852051,0.25752902030944824,6.12129973350372
60.217795610427856,6.3010735511779785,0.261527419090271,6.13388037876687
60.26886343955994,6.312894344329834,0.25299736857414246,6.13827875160777
60.32251453399658,6.328700065612793,0.2618151605129242,6.14900232169116
60.36775732040405,6.3397345542907715,0.26777127385139465,6.16033876895721
60.41773343086243,6.35193395614624,0.25966399908065796,6.17045467367808
60.46783924102783,6.363992214202881,0.2549547851085663,6.18457423371676
60.51826333999634,6.376297473907471,0.2528029680252075,6.19919864933897
60.56816864013672,6.38858699798584,0.25263041257858276,6.21427771207042
60.61810302734375,6.402038097381592,0.2614997625350952,6.2300146138937
60.66791534423828,6.416110038757324,0.27161359786987305,6.24513158804966
60.71806836128235,6.430391788482666,0.27929747104644775,6.26336122468561
60.76802682876587,6.444648265838623,0.2837035655975342,6.28003004858252
60.818265199661255,6.458786487579346,0.2854292690753937,6.2959364851502
60.868120193481445,6.472801208496094,0.2855108082294464,6.3122975364996
60.917943716049194,6.486726760864258,0.284870445728302,6.32884131778363
60.968064308166504,6.500604152679443,0.2841109335422516,6.34989358589145
61.01814651489258,6.515392780303955,0.2919396758079529,6.36451598290064
61.068260192871094,6.53181791305542,0.30927571654319763,6.38104191812117
61.118494510650635,6.548079490661621,0.3171606957912445,6.3997805891438
61.16809558868408,6.562877655029297,0.3105756640434265,6.41546604971885
61.21819233894348,6.576788425445557,0.29977351427078247,6.43335191335174
61.26756572723389,6.590316295623779,0.2903420329093933,6.44903252871521
61.31767511367798,6.603786945343018,0.2842511534690857,6.47116636694784
61.367685317993164,6.618284702301025,0.28977397084236145,6.48467256261026
61.41779375076294,6.634552955627441,0.3067645728588104,6.50319216120375
61.46771264076233,6.650760650634766,0.3152387738227844,6.51845529547309
61.517661809921265,6.666492938995361,0.317881315946579,6.5358443211338
61.56768488883972,6.68206787109375,0.31701093912124634,6.55186203935372
61.618013858795166,6.696382999420166,0.30675408244132996,6.57406465062612
61.668007612228394,6.710038661956787,0.29551222920417786,6.59598068064438
61.71807670593262,6.725340366363525,0.30397096276283264,6.62429010727147
61.76800012588501,6.74302339553833,0.3262064456939697,6.64877280691596
61.81828689575195,6.76257848739624,0.3564677834510803,6.67732996890302
61.8697988986969,6.7841796875,0.3891719877719879,6.70819152939548
61.918053150177,6.8053178787231445,0.4051947593688965,6.73694523332636
61.968111753463745,6.826694011688232,0.4178667962551117,6.76022008035564
62.01795816421509,6.849118232727051,0.43356072902679443,6.79037917941286
62.06868124008179,6.870999336242676,0.4375304877758026,6.82557414825719
62.11813497543335,6.8921661376953125,0.4356271028518677,6.86072399824446
62.167712688446045,6.915896415710449,0.4567699730396271,6.89574727329792
62.21783661842346,6.9423699378967285,0.48939990997314453,6.92108991082537
62.27310109138489,6.975403308868408,0.5216353535652161,6.95352758852614
62.323020935058594,7.001489639282227,0.5234813094139099,6.99253770533191
62.373438596725464,7.0248188972473145,0.503281831741333,7.02672341107652
62.41809678077698,7.044270038604736,0.5023082494735718,7.06205295108402
62.46776056289673,7.0716872215271,0.526451051235199,7.09993622371178
62.51808428764343,7.10221529006958,0.5649557709693909,7.1329486028633
62.56773805618286,7.1340718269348145,0.5982966423034668,7.1691908796232
62.61834716796875,7.166112422943115,0.6196914911270142,7.20730072597164
62.668200969696045,7.1968674659729,0.621341347694397,7.24839147911984
62.71806979179382,7.226434707641602,0.6143898963928223,7.2766440376566
62.76805925369263,7.257415771484375,0.6223864555358887,7.31405994723341
62.818310260772705,7.2903852462768555,0.6425427198410034,7.35303766797958
62.86966395378113,7.323376178741455,0.6535505056381226,7.38718924573485
62.918007612228394,7.354964256286621,0.6493033170700073,7.42170268009112
62.96803617477417,7.38658332824707,0.6482371091842651,7.46068289293813
63.018115520477295,7.418488502502441,0.6485677361488342,7.4983574405922
63.068443775177,7.450348377227783,0.6496588587760925,7.53295298160331
63.1179895401001,7.484249591827393,0.6673228740692139,7.56894183890412
63.167564153671265,7.519435405731201,0.6865920424461365,7.60101492535832
63.21818542480469,7.553924083709717,0.6927539110183716,7.63219948898293
63.272536277770996,7.593069076538086,0.6772985458374023,7.65951851286475
63.322646141052246,7.625002384185791,0.6666029095649719,7.68969158284878
63.36986064910889,7.653588771820068,0.6308318972587585,7.71817723275781
63.4178900718689,7.675501346588135,0.6081844568252563,7.74419810904367
63.468868255615234,7.704925537109375,0.6066386103630066,7.76632828300088
63.51868033409119,7.737149715423584,0.6273499131202698,7.78198405401591
63.568782567977905,7.768100738525391,0.626205325126648,7.79769635273008
63.61790347099304,7.794670104980469,0.591661810874939,7.8063923146869
63.66808009147644,7.817991256713867,0.544625997543335,7.81546319512055
63.718039989471436,7.838911533355713,0.4978935122489929,7.8359131636437
63.76791524887085,7.858264923095703,0.45654386281967163,7.83331589022995
63.81793189048767,7.878137588500977,0.4382523000240326,7.82793835993516
63.86792874336243,7.898343086242676,0.42615699768066406,7.82141886997038
63.91804599761963,7.914626121520996,0.38736021518707275,7.80458158226934
63.96808934211731,7.925985813140869,0.3235909044742584,7.80732952547849
64.01801776885986,7.932040691375732,0.2431531846523285,7.79109227792323
64.06848955154419,7.936855316162109,0.1878477782011032,7.77821193719973
64.11958765983582,7.943456172943115,0.1672762930393219,7.76120985581362
64.16784715652466,7.949693202972412,0.15090066194534302,7.75636480806583
64.21798992156982,7.953018665313721,0.11611326783895493,7.76197186439827
64.26812720298767,7.954592704772949,0.08421272784471512,7.76346205955194
64.31818437576294,7.958917140960693,0.08758764714002609,7.76870544488469
64.36940455436707,7.966281890869141,0.11310283839702606,7.77174423161728
64.41818022727966,7.975220680236816,0.1405559778213501,7.77900327198205
64.46777844429016,7.983721733093262,0.15238505601882935,7.79371376363891
64.51816916465759,7.991404056549072,0.1543850600719452,7.80487841399643
64.56819653511047,7.999629497528076,0.15977957844734192,7.81145741440257
64.61804032325745,8.008116722106934,0.1650359332561493,7.82298332893349
64.66821312904358,8.016670227050781,0.16869613528251648,7.82798517094663
64.717782497406,8.024258613586426,0.16219429671764374,7.85641331907144
64.76791286468506,8.030142784118652,0.1451272964477539,7.86104013032361
64.81789422035217,8.038922309875488,0.16222797334194183,7.87288252546418
64.86793899536133,8.051252365112305,0.19619570672512054,7.88222945703063
64.91832304000854,8.061820983886719,0.20293395221233368,7.88934274887016
64.96854519844055,8.0709867477417,0.19613805413246155,7.90525638326139
65.01843857765198,8.078385353088379,0.17716734111309052,7.91742605818175
65.07234764099121,8.087404251098633,0.16801968216896057,7.92589700288478
65.12390613555908,8.09751033782959,0.18344321846961975,7.93568057820478
65.16777753829956,8.105644226074219,0.19106483459472656,7.94504671874938
65.21796917915344,8.114859580993652,0.18940846621990204,7.96374504916722
65.26791572570801,8.123374938964844,0.18300484120845795,7.97677754526068
65.31808400154114,8.132469177246094,0.1848755031824112,7.98587372957398
65.3693482875824,8.143098831176758,0.1978643834590912,7.99536590892157
65.41789293289185,8.153592109680176,0.20335760712623596,8.0063067159202
65.46780776977539,8.16269588470459,0.19590921700000763,8.02063714894623
65.51805448532104,8.170984268188477,0.18514509499073029,8.02761127486934
65.56830215454102,8.179868698120117,0.18453845381736755,8.03728636487691
65.61953568458557,8.189428329467773,0.18815751373767853,8.04752173346239
65.67224907875061,8.199886322021484,0.18270984292030334,8.05763904210546
65.72227740287781,8.20815658569336,0.17688815295696259,8.06634980418884
65.77274084091187,8.216275215148926,0.17222808301448822,8.07316100018493
65.82284593582153,8.225727081298828,0.1809072196483612,8.08065164821747
65.87436747550964,8.234014511108398,0.1747753769159317,8.09020324541844
65.92334580421448,8.241435050964355,0.16556605696678162,8.09650934036944
65.97265148162842,8.249208450317383,0.16277776658535004,8.10209281040012
66.02204990386963,8.255961418151855,0.15205037593841553,8.10965467628564
66.07207298278809,8.262810707092285,0.14753882586956024,8.12002607856637
66.12220811843872,8.270589828491211,0.1520179957151413,8.12839197528258
66.17213869094849,8.278924942016602,0.15900401771068573,8.13274314886952
66.21946454048157,8.284868240356445,0.15607601404190063,8.15058663487569
66.26817727088928,8.290910720825195,0.14268600940704346,8.16149443722156
66.31793427467346,8.298929214477539,0.15364804863929749,8.168658830449
66.37272810935974,8.31177806854248,0.18163087964057922,8.18126465013929
66.42262768745422,8.3214693069458,0.1872224062681198,8.19117312483549
66.46826004981995,8.328653335571289,0.18583624064922333,8.20139913733633
66.51825022697449,8.336188316345215,0.1720481663942337,8.218671320088
66.56826734542847,8.343667984008789,0.16583606600761414,8.23267058445205
66.6181206703186,8.353586196899414,0.1809624433517456,8.24724076386289
66.668039560318,8.364889144897461,0.20072367787361145,8.2636470750611
66.71775245666504,8.376724243164062,0.21667243540287018,8.27237631542864
66.76780247688293,8.388572692871094,0.22633758187294006,8.28726227660801
66.81790828704834,8.399283409118652,0.22209122776985168,8.30801421815422
66.86965560913086,8.409043312072754,0.21344493329524994,8.32273148180125
66.91792154312134,8.420424461364746,0.22202597558498383,8.33697530541465
66.97271084785461,8.435407638549805,0.23570358753204346,8.36058452549026
67.01772260665894,8.444950103759766,0.23820768296718597,8.37114242110496
67.06814813613892,8.458250999450684,0.25293251872062683,8.39469361753038
67.1179826259613,8.472650527954102,0.26777416467666626,8.40979114630876
67.16812014579773,8.487011909484863,0.2788523733615875,8.42568840826295
67.2179753780365,8.501574516296387,0.28456419706344604,8.43343878886327
67.26804804801941,8.514741897583008,0.2784414291381836,8.45627718174753
67.31810164451599,8.52637004852295,0.2604043185710907,8.47200264670859
67.36860537528992,8.53776741027832,0.25152692198753357,8.48462177178459
67.41811084747314,8.551778793334961,0.2651759386062622,8.49397492989524
67.46788382530212,8.56616497039795,0.276243656873703,8.49629533640457
67.51812434196472,8.579635620117188,0.2745615541934967,8.49675971351521
67.56828927993774,8.590397834777832,0.251392126083374,8.4913500046616
67.61806297302246,8.597671508789062,0.20930804312229156,8.47732130578562
67.66809964179993,8.60133171081543,0.1549370437860489,8.4640162487766
67.71825170516968,8.601571083068848,0.09468681365251541,8.45540922030663
67.76801061630249,8.59865951538086,0.03299463540315628,8.43360599388213
67.81815671920776,8.595606803894043,-0.002583837602287531,8.41951898605241
67.86939978599548,8.592812538146973,-0.02561096101999283,8.3994963198823
67.91867280006409,8.589078903198242,-0.04419820383191109,8.38016115616543
67.96796941757202,8.585579872131348,-0.055994778871536255,8.37523799910878
68.0192379951477,8.57925033569336,-0.08617666363716125,8.35667561526605
68.06834363937378,8.572290420532227,-0.10665510594844818,8.33879529716779
68.11938738822937,8.566758155822754,-0.10913547873497009,8.32345612064118
68.16807818412781,8.560194969177246,-0.11981558799743652,8.30682300775511
68.21810579299927,8.55197811126709,-0.13900549709796906,8.29727068912763
68.26800274848938,8.542094230651855,-0.16461186110973358,8.28252844469878
68.3181164264679,8.532302856445312,-0.1767716258764267,8.26281290132021
68.36778092384338,8.524260520935059,-0.17178036272525787,8.24768438033854
68.41805219650269,8.515246391296387,-0.17753373086452484,8.23087982879214
68.4683530330658,8.50450611114502,-0.19431571662425995,8.21957545454144
68.5183093547821,8.491995811462402,-0.21929064393043518,8.20035512486324
68.56822919845581,8.47948932647705,-0.23175789415836334,8.1846974408882
68.61963105201721,8.467745780944824,-0.23579657077789307,8.16843100102008
68.66783046722412,8.454299926757812,-0.2513777017593384,8.14633285293585
68.71848177909851,8.440930366516113,-0.25888511538505554,8.13514941860015
68.7694001197815,8.427095413208008,-0.2694496214389801,8.11761247221316
68.81782174110413,8.411764144897461,-0.28611037135124207,8.10312636253048
68.86941719055176,8.396919250488281,-0.29233336448669434,8.09245058806465
68.91843366622925,8.382560729980469,-0.2923048138618469,8.08816552185716
68.96805572509766,8.369474411010742,-0.28121665120124817,8.09197394367595
69.01979565620422,8.358205795288086,-0.26052388548851013,8.09483042454858
69.06841802597046,8.349614143371582,-0.22497273981571198,8.10440456538527
69.11879324913025,8.344446182250977,-0.17720717191696167,8.12091582348218
69.16794657707214,8.340619087219238,-0.1382303088903427,8.13572735608304
69.21815228462219,8.338712692260742,-0.09755498170852661,8.15614601974657
69.26787543296814,8.339579582214355,-0.05175112932920456,8.1812633723503
69.31838083267212,8.341370582580566,-0.017167644575238228,8.20576199883017
69.36893486976624,8.344888687133789,0.019369810819625854,8.23358644929549
69.41858291625977,8.35113525390625,0.062351714819669724,8.26123376384552
69.46843910217285,8.360196113586426,0.11232790350914001,8.29180099700692
69.51852059364319,8.371522903442383,0.15854378044605255,8.32614492800693
69.57220935821533,8.385576248168945,0.19479884207248688,8.36115305708855
69.6225311756134,8.399261474609375,0.22831149399280548,8.397599575757
69.6678397655487,8.412161827087402,0.2623523473739624,8.4348299794914
69.71779918670654,8.429939270019531,0.30199867486953735,8.46511225560944
69.76774883270264,8.449182510375977,0.3383159935474396,8.50415891223748
69.81782269477844,8.468877792358398,0.36233294010162354,8.54127490957021
69.86776685714722,8.48903751373291,0.38278356194496155,8.58349055334735
69.91778492927551,8.511397361755371,0.4120432734489441,8.6246563952692
69.96773648262024,8.535579681396484,0.44489818811416626,8.65799911901988
70.01809597015381,8.56240463256836,0.48623573780059814,8.70059416260324
70.06899738311768,8.590400695800781,0.5188191533088684,8.74278182370397
70.1227195262909,8.623839378356934,0.540410578250885,8.7808384658195
70.1721408367157,8.652347564697266,0.5557845830917358,8.81709643307887
70.21773672103882,8.674304008483887,0.5568822026252747,8.84711133687983
70.27212262153625,8.70634937286377,0.550682544708252,8.88797546137634
70.3221447467804,8.735116004943848,0.5650945901870728,8.92782928046485
70.37204480171204,8.764342308044434,0.5761242508888245,8.96595577234029
70.41783952713013,8.789156913757324,0.5962626338005066,9.00433208584859
70.4679000377655,8.821471214294434,0.6205910444259644,9.03102868465603
70.51791906356812,8.85518741607666,0.6484704613685608,9.07113334383544
70.57228779792786,8.894948959350586,0.6562796831130981,9.11580373196604
70.62208104133606,8.926822662353516,0.653549313545227,9.15232328564496
70.67220377922058,8.95966911315918,0.6594294309616089,9.18525701619791
70.72231793403625,8.993070602416992,0.6672430038452148,9.21074049247676
70.77215456962585,9.025352478027344,0.6621094942092896,9.24225302541334
70.82217621803284,9.054865837097168,0.6364639401435852,9.27598860223346
70.87232542037964,9.08491039276123,0.6275469064712524,9.30714286126023
70.92217969894409,9.11705207824707,0.6384039521217346,9.3345241946362
70.9677894115448,9.143783569335938,0.6533859968185425,9.34299468469656
71.0181257724762,9.176690101623535,0.6593968272209167,9.38748504596151
71.06825470924377,9.20529842376709,0.626068115234375,9.41295067179126
71.11788582801819,9.232758522033691,0.6034121513366699,9.44795088742219
71.1684901714325,9.264833450317383,0.6242572665214539,9.48441777677893
71.21821236610413,9.298534393310547,0.6493213176727295,9.50951744121517
71.26814341545105,9.333747863769531,0.6772617697715759,9.53937490299919
71.3180000782013,9.368708610534668,0.6895701289176941,9.56827349368678
71.36775660514832,9.400873184204102,0.6753392815589905,9.60024346657582
71.4178478717804,9.430450439453125,0.6455870270729065,9.6256410920148
71.46856617927551,9.459561347961426,0.626625657081604,9.65171215383635
71.5183482170105,9.490180015563965,0.6256802082061768,9.67904152122589
71.56884503364563,9.520720481872559,0.6245104074478149,9.71462479239313
71.6187264919281,9.55123233795166,0.623587429523468,9.74572127428314
71.66874146461487,9.583602905273438,0.639869749546051,9.77631036385086
71.71894216537476,9.617398262023926,0.6581657528877258,9.81758489621058
71.76862692832947,9.65038013458252,0.6640766859054565,9.84787917339169
71.81894612312317,9.684748649597168,0.6795697212219238,9.87983405015591
71.87018299102783,9.725500106811523,0.6819509863853455,9.9005118968754
71.91904425621033,9.751771926879883,0.6786392331123352,9.92966981781656
71.96872854232788,9.781903266906738,0.650609016418457,9.96931720933938
72.0187714099884,9.810124397277832,0.6227601170539856,9.98966710115341
72.06907439231873,9.842059135437012,0.6360054612159729,10.0164801633779
72.11835622787476,9.875633239746094,0.654142439365387,10.0415257124153
72.16816020011902,9.907621383666992,0.6527488231658936,10.0758055947653
72.2181670665741,9.93758773803711,0.6350544095039368,10.1018364731153
72.26840305328369,9.96721363067627,0.6242930293083191,10.1309450903999
72.31828927993774,9.998250007629395,0.6275112628936768,10.158400663286
72.36961555480957,10.029973983764648,0.6359902024269104,10.1866427619096
72.41817021369934,10.06223201751709,0.643958330154419,10.2131828887337
72.46833300590515,10.093518257141113,0.6412234902381897,10.2398256711835
72.51843523979187,10.123249053955078,0.6263309121131897,10.2688484585401
72.56821513175964,10.1519775390625,0.6108968257904053,10.2950724276585
72.61958909034729,10.181514739990234,0.607897162437439,10.3190144659177
72.66843700408936,10.211692810058594,0.6110567450523376,10.3382735052917
72.71819424629211,10.241325378417969,0.6074904203414917,10.3603052389735
72.76831364631653,10.269482612609863,0.5939592123031616,10.3766545339282
72.8184380531311,10.295974731445312,0.57174152135849,10.4056513869907
72.86803221702576,10.320622444152832,0.5441820025444031,10.4314111760227
72.91816139221191,10.34644889831543,0.5392463803291321,10.4494470076735
72.96818208694458,10.374629974365234,0.55324786901474,10.4790231413108
73.01816916465759,10.402992248535156,0.5630411505699158,10.4918521136727
73.06862926483154,10.43126106262207,0.5681833028793335,10.5136128719484
73.11966800689697,10.457488059997559,0.5530162453651428,10.5325909053905
73.16799569129944,10.481205940246582,0.5257747769355774,10.5510650901546
73.2179844379425,10.50400447845459,0.5011112093925476,10.5699866674208
73.26806902885437,10.526473045349121,0.4850202798843384,10.5827166502307
73.31860399246216,10.55024242401123,0.485428124666214,10.5983269990135
73.36929440498352,10.573065757751465,0.47589075565338135,10.6044215024088
73.41886782646179,10.59402847290039,0.4570295214653015,10.6057927228067
73.46849989891052,10.613410949707031,0.4310489296913147,10.6023219705411
73.5180516242981,10.628999710083008,0.3849261403083801,10.6001479811205
73.56884217262268,10.640851974487305,0.32717379927635193,10.5831325255092
73.62091183662415,10.651930809020996,0.2636766731739044,10.5651310047858
73.66862154006958,10.657143592834473,0.2198421061038971,10.5492954384258
73.71872019767761,10.660330772399902,0.1575920581817627,10.5398632871709
73.7685616016388,10.661104202270508,0.10163683444261551,10.524872731199
73.81867003440857,10.66236686706543,0.07313486933708191,10.5171864005162
73.86987280845642,10.665338516235352,0.06274160742759705,10.5069521453167
73.91863536834717,10.667268753051758,0.058379631489515305,10.4989137854366
73.96884655952454,10.668813705444336,0.04691655561327934,10.5045747295491
74.01790690422058,10.669770240783691,0.03674047440290451,10.5006847018605
74.06887865066528,10.672638893127441,0.04665660113096237,10.4946347936027
74.11937546730042,10.67687702178955,0.06194110959768295,10.4878788755783
74.1680736541748,10.67963981628418,0.05846484377980232,10.4819519674568
74.21797323226929,10.679339408874512,0.031471237540245056,10.4798992495577
74.26802968978882,10.677242279052734,0.002653093310073018,10.4739787589589
74.31833744049072,10.67569637298584,-0.010357786901295185,10.4715255626747
74.3689341545105,10.674836158752441,-0.012851931154727936,10.4673575976496
74.41786122322083,10.674519538879395,-0.010151617228984833,10.4600099523471
74.46790933609009,10.673596382141113,-0.01445249654352665,10.463607130073
74.51767611503601,10.671173095703125,-0.028620265424251556,10.4638211819791
74.56790685653687,10.668938636779785,-0.03441628813743591,10.4573184952406
74.61809277534485,10.668137550354004,-0.026810185983777046,10.4530565047888
74.66817593574524,10.667251586914062,-0.024152744561433792,10.452301294113
74.71803450584412,10.665075302124023,-0.03252619877457619,10.4460588936913
74.76797318458557,10.662175178527832,-0.04313640296459198,10.444636215974
74.81790542602539,10.659003257751465,-0.051589835435152054,10.4427335407281
74.8683032989502,10.655832290649414,-0.05665505304932594,10.4384277695494
74.917964220047,10.653704643249512,-0.050386328250169754,10.4420390645381
74.96831345558167,10.651485443115234,-0.049820177257061005,10.4525414643129
75.01780080795288,10.648707389831543,-0.05131237208843231,10.4537921263621
75.06770253181458,10.648835182189941,-0.028520258143544197,10.4539780303636
75.12417483329773,10.651073455810547,0.0010268939658999443,10.4599564590053
75.168541431427,10.651219367980957,0.0010324722388759255,10.4600378142149
75.21839570999146,10.65036392211914,-0.005986419040709734,10.4618284010681
75.26793622970581,10.649894714355469,-0.0072152758948504925,10.4641098921363
75.3180718421936,10.649725914001465,-0.005626510828733444,10.46549442416
75.36980128288269,10.648805618286133,-0.011720014736056328,10.4726273159997
75.41782450675964,10.647252082824707,-0.01902863197028637,10.4757568938855
75.46828079223633,10.647512435913086,-0.008151840418577194,10.4765989075899
75.51813220977783,10.64905071258545,0.007000092417001724,10.4780632203459
75.56821465492249,10.649980545043945,0.011385359801352024,10.4822090376982
75.61941599845886,10.649453163146973,0.0015031187795102596,10.4859353035129
75.66854739189148,10.647876739501953,-0.011281810700893402,10.4898430533875
75.72249555587769,10.646917343139648,-0.013066710904240608,10.4839288923316
75.77250623703003,10.648030281066895,0.001938850968144834,10.4875971939459
75.82249426841736,10.648199081420898,0.0012937759747728705,10.4935783059217
75.87302494049072,10.647530555725098,-0.00439064297825098,10.496745443946
75.91812014579773,10.648138046264648,0.0028727203607559204,10.4949029300931
75.96836113929749,10.6495943069458,0.012971783988177776,10.4946589206135
76.01834106445312,10.650330543518066,0.013465107418596745,10.4930501061212
76.06879830360413,10.649618148803711,0.0013221980771049857,10.4932861377839
76.1183853149414,10.64698600769043,-0.020786259323358536,10.4948772998235
76.1682403087616,10.644424438476562,-0.03224498778581619,10.4850274560784
76.21872544288635,10.643342971801758,-0.027678117156028748,10.4674468668389
76.26948881149292,10.642276763916016,-0.026060013100504875,10.4523018669816
76.32263493537903,10.635472297668457,-0.07064203917980194,10.4354933628334
76.36930346488953,10.627548217773438,-0.11422321945428848,10.4156234835978
76.41992378234863,10.614914894104004,-0.15886899828910828,10.3922672279403
76.47409582138062,10.603426933288574,-0.1886369287967682,10.3782348401851
76.52284288406372,10.591201782226562,-0.21216683089733124,10.356068364298
76.5739803314209,10.58032512664795,-0.21468113362789154,10.3444811147834
76.62406778335571,10.569884300231934,-0.21398858726024628,10.32870925997
76.67407321929932,10.558978080749512,-0.21716703474521637,10.3160868245141
76.72392439842224,10.54781436920166,-0.22106143832206726,10.3083314509099
76.77418494224548,10.5365571975708,-0.22412241995334625,10.294343091671
76.82371282577515,10.526637077331543,-0.21444952487945557,10.2808003328107
76.86992597579956,10.516868591308594,-0.2086506187915802,10.2652939932382
76.91952061653137,10.507518768310547,-0.2194531410932541,10.2545475996539
76.97422528266907,10.491156578063965,-0.24612021446228027,10.2441975811418
77.02379417419434,10.477824211120605,-0.2551685869693756,10.2309354673686
77.06878519058228,10.468097686767578,-0.2526751458644867,10.2159777770092
77.12012052536011,10.454609870910645,-0.2412482500076294,10.19995716289
77.17017889022827,10.442453384399414,-0.24432896077632904,10.185487509341
77.22392439842224,10.42892837524414,-0.2567555010318756,10.1716608593876
77.27402067184448,10.413379669189453,-0.28099751472473145,10.1554891593233
77.32400870323181,10.397526741027832,-0.2967163622379303,10.1436308485151
77.37408661842346,10.382573127746582,-0.29918286204338074,10.1298337184416
77.4191837310791,10.372014999389648,-0.2887713313102722,10.1119778043092
77.47027373313904,10.357233047485352,-0.2718318700790405,10.0941883034618
77.5201690196991,10.342814445495605,-0.28129908442497253,10.0799859687246
77.56864666938782,10.329769134521484,-0.29883357882499695,10.0641402692456
77.62041592597961,10.309137344360352,-0.32170894742012024,10.04807112997
77.66994380950928,10.291634559631348,-0.3350212872028351,10.0389916060788
77.71968102455139,10.2786226272583,-0.3335026204586029,10.014259289119
77.7701416015625,10.26265811920166,-0.30277788639068604,9.99890492030801
77.81889462471008,10.250265121459961,-0.3094855546951294,9.98314626673657
77.87040519714355,10.229701042175293,-0.3252076804637909,9.96861425689604
77.91837525367737,10.215630531311035,-0.3372756838798523,9.95287078236994
77.96826124191284,10.198251724243164,-0.34256961941719055,9.951325645958
78.01811289787292,10.181382179260254,-0.3442857265472412,9.93574569785313
78.06902289390564,10.165362358093262,-0.3350359797477722,9.91826901359269
78.12305855751038,10.149796485900879,-0.3024093806743622,9.90111972009745
78.1725845336914,10.135712623596191,-0.29704394936561584,9.88389055475892
78.22511029243469,10.11859130859375,-0.3184646964073181,9.86752461363708
78.26822781562805,10.103951454162598,-0.3365976810455322,9.85007222059207
78.31838703155518,10.086081504821777,-0.3471960723400116,9.83314187721013
78.3687698841095,10.067800521850586,-0.35796067118644714,9.81941647828148
78.41810846328735,10.048304557800293,-0.3737996816635132,9.80161773066464
78.46892952919006,10.030165672302246,-0.37032678723335266,9.78718875393614
78.51825761795044,10.013389587402344,-0.36019909381866455,9.7723631944515
78.57249164581299,9.99258041381836,-0.35596999526023865,9.75534922309295
78.61932039260864,9.979130744934082,-0.35187017917633057,9.74055904249596
78.66796088218689,9.962637901306152,-0.345706582069397,9.72142232192558
78.7183952331543,9.94529914855957,-0.3497905135154724,9.70530412585967
78.76808714866638,9.927213668823242,-0.35676634311676025,9.6847253676607
78.81824946403503,9.908997535705566,-0.36319366097450256,9.66519787181006
78.86992406845093,9.885775566101074,-0.3769511282444,9.64568473247354
78.91810965538025,9.869829177856445,-0.38704511523246765,9.62902362209518
78.96819996833801,9.849891662597656,-0.3946400582790375,9.60933253427168
79.01832842826843,9.830056190490723,-0.39840462803840637,9.59268792223629
79.06819725036621,9.810378074645996,-0.39944183826446533,9.57480033272206
79.11795783042908,9.791764259338379,-0.3906039595603943,9.55888269375352
79.16767692565918,9.773941993713379,-0.3804227411746979,9.54605246438726
79.21826410293579,9.755282402038574,-0.38079896569252014,9.53240683472633
79.26863813400269,9.736966133117676,-0.3771306276321411,9.51449027157364
79.31809997558594,9.719978332519531,-0.364665687084198,9.49586936135159
79.37115859985352,9.699124336242676,-0.3604322075843811,9.47515009451244
79.41798424720764,9.684006690979004,-0.3692901134490967,9.45894466131559
79.46800541877747,9.664462089538574,-0.3809647858142853,9.4494029091413
79.51807403564453,9.643664360046387,-0.3988780975341797,9.42505604680585
79.56840133666992,9.622147560119629,-0.4139362573623657,9.39578829319164
79.61936140060425,9.600702285766602,-0.4236389398574829,9.36706876165258
79.66780591011047,9.578360557556152,-0.436382532119751,9.33418603763484
79.7176866531372,9.554743766784668,-0.4551061689853668,9.28957111112157
79.76917433738708,9.529481887817383,-0.4790446162223816,9.2557518575298
79.81754899024963,9.501738548278809,-0.5150282382965088,9.21539251334843
79.86794424057007,9.471649169921875,-0.5534859299659729,9.17401057086565
79.91805720329285,9.441010475158691,-0.5820093154907227,9.12978263626567
79.96754956245422,9.40853500366211,-0.6145381331443787,9.10200111615269
80.022292137146,9.367486953735352,-0.6508989334106445,9.05473181267406
80.07224369049072,9.336806297302246,-0.6375998258590698,9.00990660114373
80.12226748466492,9.306718826293945,-0.628558337688446,8.96178539684306
80.17358207702637,9.273235321044922,-0.650551438331604,8.91890002870033
80.22212195396423,9.235751152038574,-0.6958041191101074,8.88128463694922
80.27258777618408,9.197039604187012,-0.7312444448471069,8.83214344698331
80.32260632514954,9.160355567932129,-0.7356379628181458,8.78140801133292
80.37267065048218,9.123297691345215,-0.7434986233711243,8.73030181460836
80.42241859436035,9.083301544189453,-0.7720786929130554,8.68172098316042
80.4724931716919,9.041115760803223,-0.8061316609382629,8.64525967414985
80.52228140830994,8.99681568145752,-0.8440300226211548,8.59282178193975
80.57226943969727,8.955127716064453,-0.843061625957489,8.53904112437023
80.6241512298584,8.914872169494629,-0.8337388634681702,8.49215480566653
80.67278933525085,8.871233940124512,-0.8566297292709351,8.43855496272551
80.72217464447021,8.825536727905273,-0.885088324546814,8.38957043646032
80.77388095855713,8.778451919555664,-0.9140352010726929,8.33529272328091
80.8220419883728,8.73161792755127,-0.9282697439193726,8.28023475317671
80.87419557571411,8.684709548950195,-0.9385454058647156,8.22598745431507
80.9242639541626,8.637222290039062,-0.9491684436798096,8.16960152207
80.97227835655212,8.58823299407959,-0.968316376209259,8.11573804372321
81.02336192131042,8.536520004272461,-1.002001404762268,8.05246973388689
81.07206511497498,8.484220504760742,-1.025550365447998,7.99605370904037
81.12272667884827,8.431463241577148,-1.0443609952926636,7.93979666661347
81.16787052154541,8.388616561889648,-1.0611426830291748,7.8812100565396
81.22316527366638,8.321878433227539,-1.0941556692123413,7.82842082989664
81.27403378486633,8.262991905212402,-1.1351765394210815,7.7666087722408
81.32026982307434,8.208454132080078,-1.1214712858200073,7.69779995810159
81.36829018592834,8.166239738464355,-1.108177900314331,7.63931463739746
81.41979026794434,8.111407279968262,-1.1137017011642456,7.57468124794933
81.46832156181335,8.05197525024414,-1.1550365686416626,7.50679033975348
81.51855683326721,7.988814353942871,-1.207371711730957,7.43576899364628
81.56828808784485,7.925371170043945,-1.2409178018569946,7.35242609808295
81.61890935897827,7.862489223480225,-1.2566760778427124,7.27782668474903
81.66831111907959,7.797577381134033,-1.2855201959609985,7.20069558752842
81.71857047080994,7.729306697845459,-1.3275212049484253,7.13576386289834
81.76811051368713,7.659850120544434,-1.3630881309509277,7.05492878198932
81.81838774681091,7.59105110168457,-1.3768408298492432,6.98172379970745
81.86958050727844,7.522581100463867,-1.3862528800964355,6.89815736331555
81.91806602478027,7.452910900115967,-1.3986918926239014,6.82393248898018
81.9684386253357,7.382223129272461,-1.417721152305603,6.74864346330442
82.01748728752136,7.308670520782471,-1.450021743774414,6.67127614828819
82.06767058372498,7.234991073608398,-1.4703576564788818,6.58821189545861
82.11924314498901,7.161684036254883,-1.4796655178070068,6.51479934623441
82.16767001152039,7.086994171142578,-1.4984008073806763,6.43891727813226
82.21736431121826,7.011272430419922,-1.5151301622390747,6.3652651773741
82.26745080947876,6.9366068840026855,-1.518226146697998,6.28942509034258
82.31770825386047,6.861591815948486,-1.5227810144424438,6.20937736476246
82.36746144294739,6.786433219909668,-1.5266228914260864,6.13001345530887
82.41783881187439,6.710330486297607,-1.537453532218933,6.04739693195453
82.46785759925842,6.6326375007629395,-1.556235909461975,5.95681921838615
82.51798462867737,6.553315162658691,-1.581315517425537,5.85925787681477
82.56774425506592,6.4703826904296875,-1.626715898513794,5.7647281408292
82.61781167984009,6.383587837219238,-1.6837674379348755,5.66590180104814
82.66791534423828,6.294424057006836,-1.7374944686889648,5.56800334203595
82.71814131736755,6.204563617706299,-1.773830771446228,5.46304835197182
82.76850867271423,6.114346504211426,-1.8008346557617188,5.35673620378685
82.81829047203064,6.022153854370117,-1.8322813510894775,5.24901013592047
82.86847352981567,5.927418231964111,-1.873246669769287,5.14096328467887
82.91823029518127,5.8294758796691895,-1.9225742816925049,5.03233346567353
82.96854639053345,5.729454040527344,-1.9694403409957886,4.93409860324224
83.0184907913208,5.6297125816345215,-1.9928736686706543,4.82654459812928
83.06815004348755,5.533040523529053,-1.9832005500793457,4.73131194096089
83.12262606620789,5.41709566116333,-1.9751098155975342,4.64134928228457
83.172048330307,5.319150924682617,-1.981196403503418,4.56059447538019
83.22228503227234,5.226866245269775,-1.9364341497421265,4.47215302578002
83.27243113517761,5.139273166656494,-1.874527931213379,4.39091691945225
83.32239437103271,5.050168514251709,-1.8514500856399536,4.31136707073234
83.37379789352417,4.957951545715332,-1.8616732358932495,4.23050221091477
83.42242860794067,4.865096569061279,-1.8715614080429077,4.15021694055238
83.47245049476624,4.772772789001465,-1.8733820915222168,4.06251508312862
83.52235198020935,4.680866718292236,-1.8712451457977295,3.97607788675978
83.57244300842285,4.589207649230957,-1.8680530786514282,3.88187294241546
83.62021613121033,4.496316909790039,-1.8768293857574463,3.78612379908137
83.66841387748718,4.419754505157471,-1.9041235446929932,3.69089392534081
83.71803593635559,4.322301387786865,-1.9372944831848145,3.58275825728892
83.76817584037781,4.222031116485596,-1.9814121723175049,3.48251338620231
83.81814503669739,4.117502689361572,-2.041991710662842,3.38794194880095
83.86957716941833,4.01202392578125,-2.083159923553467,3.29122383687178
83.91804575920105,3.9100730419158936,-2.0793254375457764,3.19238968566978
83.96755838394165,3.8117034435272217,-2.0493555068969727,3.08629725845163
84.01774668693542,3.7142605781555176,-2.0254716873168945,2.99182028810838
84.06884431838989,3.6148345470428467,-2.0277259349823,2.89436486637822
84.11885213851929,3.512885808944702,-2.0485692024230957,2.80124949800899
84.16862058639526,3.409623861312866,-2.0712075233459473,2.70692479110477
84.2180426120758,3.3078036308288574,-2.071154832839966,2.59116828793862
84.26844334602356,3.2046959400177,-2.087259292602539,2.49738735886608
84.31825995445251,3.0961294174194336,-2.137855291366577,2.40119542125818
84.3684356212616,2.988800048828125,-2.1548972129821777,2.30635128959875
84.42269396781921,2.8663856983184814,-2.114640474319458,2.22009034175934
84.47278618812561,2.7682712078094482,-2.0661139488220215,2.11484453194801
84.52284502983093,2.676461696624756,-1.9848108291625977,2.02925516017598
84.56800150871277,2.6009159088134766,-1.9702634811401367,1.94553996946238
84.61790251731873,2.50187087059021,-1.9904639720916748,1.86815283042154
84.667959690094,2.3995845317840576,-2.0300893783569336,1.79098297272583
84.72279500961304,2.2777481079101562,-2.0398917198181152,1.696931767426
84.7727952003479,2.182633399963379,-1.9958083629608154,1.62315173572333
84.8181791305542,2.1102519035339355,-1.9467508792877197,1.55402879026549
84.86784243583679,2.022169351577759,-1.8879495859146118,1.48919892687528
84.9179151058197,1.9325408935546875,-1.8659018278121948,1.42492514912619
84.96783542633057,1.8420051336288452,-1.8572267293930054,1.33430484176258
85.01804423332214,1.7538949251174927,-1.8320473432540894,1.27536347561644
85.06800293922424,1.6653125286102295,-1.8243221044540405,1.21416283398468
85.11793851852417,1.5764305591583252,-1.8170583248138428,1.15449804358598
85.16913342475891,1.4927736520767212,-1.771092176437378,1.10057223158676
85.219229221344,1.4129421710968018,-1.7139886617660522,1.00848544636511
85.26928615570068,1.3363808393478394,-1.65202796459198,0.949674092909909
85.31934523582458,1.2565622329711914,-1.6487361192703247,0.890360080566399
85.36786484718323,1.17082679271698,-1.6862977743148804,0.832707785964685
85.41793632507324,1.0885237455368042,-1.6810431480407715,0.775430833213587
85.46797895431519,1.0106306076049805,-1.6425799131393433,0.677298131982316
85.51796627044678,0.9370849132537842,-1.584700584411621,0.626715569055516
85.56828451156616,0.8599696159362793,-1.5862674713134766,0.581464304326382
85.61928653717041,0.7777556777000427,-1.6191809177398682,0.551214022637006
85.667959690094,0.7024743556976318,-1.5816175937652588,0.524012537046763
85.71809720993042,0.636614203453064,-1.4838335514068604,0.462844201203329
85.7679033279419,0.5794008374214172,-1.3559496402740479,0.43978007736863
85.81794691085815,0.5230989456176758,-1.2784686088562012,0.423808203120912
85.87348866462708,0.4520588517189026,-1.2423732280731201,0.413047939542018
85.92213797569275,0.3971591889858246,-1.1908360719680786,0.413383808205991
85.9678852558136,0.3602433204650879,-1.1061315536499023,0.385817522855189
86.01816630363464,0.3224407434463501,-0.9722166061401367,0.396464459119786
86.06868195533752,0.2837520241737366,-0.9050124287605286,0.403598072712339
86.11830854415894,0.24263933300971985,-0.8760514259338379,0.406711750481029
86.16786789894104,0.20708981156349182,-0.8144717216491699,0.405450017017693
86.21817374229431,0.1771083027124405,-0.7320723533630371,0.347193402767076
86.2678701877594,0.15060651302337646,-0.6570483446121216,0.346776883770545
86.31826162338257,0.11626476794481277,-0.6825786828994751,0.348938020220797
86.36908292770386,0.07410403341054916,-0.7496348023414612,0.350141674411371
86.41823148727417,0.03889297693967819,-0.7323973774909973,0.348766407446324
86.4684853553772,0.013577228412032127,-0.643127977848053,0.309875065906526
86.51822829246521,-0.004419940989464521,-0.5330851078033447,0.308117006627581
86.56850528717041,-0.007657167501747608,-0.337004691362381,0.308716306109517
86.61943006515503,-0.0017814404563978314,-0.1651841700077057,0.310287400408855
86.66829347610474,-0.00018335205095354468,-0.08415082842111588,0.311481348022903
86.71834564208984,0.006127827800810337,-0.0004143005353398621,0.295870735076026
86.76860523223877,0.012706381268799305,0.05182507634162903,0.294794392221093
86.81834244728088,0.019215648993849754,0.08382795751094818,0.294674186102142
86.86839532852173,0.022400863468647003,0.07236681878566742,0.292867800405493
86.91841840744019,0.022533642128109932,0.04686178267002106,0.292881960641171
86.96853995323181,0.021112240850925446,0.013382283970713615,0.277106430635177
87.01877188682556,0.02001149207353592,0.004462315700948238,0.277328609725982
87.06896638870239,0.020087819546461105,-0.0016864227363839746,0.277580337409834
87.11970901489258,0.01736465096473694,-0.019578788429498672,0.276964769170627
87.1682620048523,0.0163591168820858,-0.021976474672555923,0.275089476265318
87.21787643432617,0.014738480560481548,-0.02445385232567787,0.259858845982531
87.26781606674194,0.014385558664798737,-0.018616963177919388,0.259767875794325
87.31774640083313,0.016177188605070114,0.006402405444532633,0.260168776636691
87.36782193183899,0.017090460285544395,0.005943539552390575,0.25913229338956
87.41835522651672,0.016644716262817383,0.005066729616373777,0.257690376783537
87.46763396263123,0.017171410843729973,0.0021559507586061954,0.2415646558269
87.5178849697113,0.015608932822942734,-0.007069789804518223,0.239856925228382
87.56814765930176,0.018167654052376747,0.015536459162831306,0.238654586774099
87.6195662021637,0.01776956208050251,0.003757901256904006,0.237741146005954
87.66798114776611,0.016923194751143456,-0.0018136703874915838,0.235180234777387
87.71796345710754,0.016843589022755623,-0.004176848568022251,0.224492230907065
87.76806092262268,0.016403283923864365,-0.0034301592968404293,0.224246937885465
87.81807851791382,0.01757708378136158,0.005777769722044468,0.223389696604106
87.86922812461853,0.017109066247940063,-0.0001546929415781051,0.221194385154431
87.91788005828857,0.017709897831082344,0.005787745583802462,0.219997089831489
87.96778512001038,0.018243469297885895,0.00635357853025198,0.209412449271318
88.01770448684692,0.018237654119729996,0.004999496508389711,0.208023632746907
88.06887459754944,0.019288234412670135,0.011113968677818775,0.206584799542532
88.1182758808136,0.01885101944208145,0.002043195767328143,0.205497397511391
88.16775751113892,0.01825534552335739,-0.00214134668931365,0.202472275268866
88.2175304889679,0.017192455008625984,-0.01197152677923441,0.190474622425582
88.26775574684143,0.01716158352792263,-0.003699184861034155,0.187591486983823
88.31799936294556,0.018871037289500237,0.008518352173268795,0.18665328458594
88.36923265457153,0.018480822443962097,0.003326129401102662,0.184594349564105
88.41756463050842,0.01836814358830452,-0.00011527071183081716,0.18273644819918
88.46778154373169,0.018051493912935257,-0.0012784877326339483,0.171442348664016
88.51780343055725,0.01902456022799015,0.006753338035196066,0.17037297786354
88.56804823875427,0.02048943005502224,0.016603752970695496,0.16779822544486
88.61907911300659,0.020460383966565132,0.007249191869050264,0.165407312256477
88.6678409576416,0.019796129316091537,0.0016855280846357346,0.164670364457592
88.71795558929443,0.01883707381784916,-0.010113655589520931,0.149235058059541
88.77192759513855,0.018347952514886856,-0.003817724296823144,0.147781356278381
88.8409857749939,0.019750749692320824,0.0061504533514380455,0.146317693011672
88.87316679954529,0.01842188648879528,-0.006887768395245075,0.145280863987352
88.91880655288696,0.018997613340616226,0.001782624633051455,0.144193128537615
88.96826696395874,0.019553516060113907,0.0028888683300465345,0.141723332097949
89.01827621459961,0.019402865320444107,0.003041778225451708,0.140400990184464
89.06931161880493,0.019705824553966522,0.0016887219389900565,0.137720873742608
89.11923480033875,0.019403235986828804,0.001148572308011353,0.135717618491092
89.16777729988098,0.019641581922769547,5.504109867615625e-05,0.133263473248246
89.21790552139282,0.019330352544784546,0.00010292832303093746,0.12655333740575
89.26787948608398,0.020515283569693565,0.007980741560459137,0.124679880411414
89.3181734085083,0.020934000611305237,0.00925503857433796,0.122171065948756
89.36983442306519,0.020330768078565598,-0.0015910319052636623,0.118432222453988
89.41800618171692,0.019460655748844147,-0.005202140659093857,0.118163433339095
89.46793937683105,0.019441261887550354,-0.00574186397716403,0.112689497472615
89.51873898506165,0.01907920092344284,-0.0037632505409419537,0.111873077023478
89.56844639778137,0.02031601406633854,0.0060651227831840515,0.109899797180512
89.61887979507446,0.019886111840605736,0.0003120211185887456,0.108520521359051
89.67271685600281,0.019529568031430244,-0.0024373841006308794,0.106042701179844
89.72256255149841,0.019384611397981644,-0.0025805861223489046,0.0959115727947808
89.77259802818298,0.019340571016073227,-0.001886557089164853,0.0934574808528667
89.82288241386414,0.020687159150838852,0.010443460196256638,0.0922895795591742
89.87305665016174,0.020827418193221092,0.006173285655677319,0.0910499066794405
89.91798615455627,0.021095406264066696,0.00713519100099802,0.0901873208401423
89.96810483932495,0.0212312750518322,0.004087699111551046,0.0898939945075781
90.01810503005981,0.02192411571741104,0.010278179310262203,0.0886366672418562
90.06877660751343,0.021731283515691757,0.0009558969177305698,0.0859760458706607
90.11937975883484,0.020854627713561058,-0.002489138627424836,0.0843639615459417
90.16786217689514,0.021937282755970955,0.004399800673127174,0.082343604191184
90.21795916557312,0.021196581423282623,-0.001850013853982091,0.0832268377102238
90.27313733100891,0.020648356527090073,-0.0067298682406544685,0.0798798983519969
90.32305264472961,0.020875971764326096,-0.0011054392671212554,0.0786284329817595
90.37413239479065,0.020485935732722282,-0.004844421520829201,0.0767772268768848
90.42309832572937,0.02089615724980831,0.0014353785663843155,0.0755805790868127
90.472332239151,0.020577745512127876,-0.002768557285889983,0.0772212176014992
90.52241563796997,0.02099151909351349,0.0027066513430327177,0.0755075674485377
90.57264256477356,0.020646721124649048,-0.002210726495832205,0.0733131905514501
90.62232542037964,0.021029118448495865,0.0027984215412288904,0.0720733150428949
90.67254281044006,0.020660001784563065,-0.002343666972592473,0.0695569633546058
90.71878099441528,0.020774060860276222,0.00020609257626347244,0.0708799824597487
90.76827192306519,0.020908938720822334,-7.173032645368949e-05,0.0685871097910783
90.81819200515747,0.020766708999872208,9.542491898173466e-05,0.0675953003426156
90.86804986000061,0.020903190597891808,-0.00012564538337755948,0.0659617998586958
90.91820549964905,0.020763322710990906,8.137463009916246e-05,0.0658798399265614
90.96825313568115,0.021830732002854347,0.008297177031636238,0.0626672358795779
91.01813387870789,0.0214694831520319,0.0009424480958841741,0.0617761606920262
91.06832909584045,0.020952658727765083,-0.0021915712859481573,0.0608426253699812
91.11800932884216,0.02087571658194065,-0.0031452164985239506,0.0602774299281963
91.16806387901306,0.020653273910284042,-0.00236598402261734,0.0594431359632618
91.21810507774353,0.020788881927728653,-0.0016072283033281565,0.0570524985555178
91.26804733276367,0.02068207785487175,-0.000550854136236012,0.0564202661095239
91.32285904884338,0.020610196515917778,-0.0025514059234410524,0.0557945648844334
91.3722448348999,0.02100767008960247,0.0027107957284897566,0.0554331999951069
91.42229104042053,0.020651226863265038,-0.002298227045685053,0.0556792454809067
91.47273993492126,0.02102736197412014,0.002697606571018696,0.0597438986568602
91.52290081977844,0.020656101405620575,-0.002420645672827959,0.0587069309339893
91.56809997558594,0.020770231261849403,0.00015539460582658648,0.0577191105457979
91.62377882003784,0.020650813356041908,-0.0025192182511091232,0.0578887821454472
91.672203540802,0.021019740030169487,0.0025094919838011265,0.0577460758658143
91.72233581542969,0.020647646859288216,-0.0025397788267582655,0.0633752502027979
91.77282810211182,0.02101818472146988,0.0025096216704696417,0.0603595736022721
91.82235550880432,0.019312329590320587,-0.014014446176588535,0.059703077684704
91.87252759933472,0.020910043269395828,0.007453389000147581,0.058361751772297
91.91865539550781,0.020852018147706985,0.0019814837723970413,0.0575376405677086
91.96799397468567,0.020651869475841522,0.0033530942164361477,0.0634091209569105
92.01858901977539,0.021152110770344734,0.0021622562780976295,0.0620947949527505
92.0693051815033,0.019810177385807037,-0.006599246058613062,0.0601513010185909
92.122318983078,0.02024284563958645,-0.002115091076120734,0.0601513010185909
92.17205309867859,0.020923225209116936,0.005158388055860996,0.0601513010185909
92.22197890281677,0.020711591467261314,0.00028733539511449635,0.0601513010185909
92.27233600616455,0.021131549030542374,0.004585463088005781,0.0601513010185909
92.32234120368958,0.01941351406276226,-0.012864748015999794,0.0601513010185909
92.37214756011963,0.019641559571027756,-0.003609942039474845,0.0601513010185909
92.42243766784668,0.018732326105237007,-0.011525260284543037,0.0601513010185909
92.4724793434143,0.020837901160120964,0.012869358994066715,0.0601513010185909
92.52230429649353,0.02030790224671364,0.00011128096957691014,0.0601513010185909
92.57201790809631,0.02165917120873928,0.014012834057211876,0.0601513010185909
92.6223840713501,0.02056870609521866,-0.0035345808137208223,0.0601513010185909
92.67226910591125,0.02160574123263359,0.009400063194334507,0.0601513010185909
92.72212481498718,0.019062591716647148,-0.01869216002523899,0.0601513010185909
92.7721209526062,0.019991371780633926,0.0006494648987427354,0.0601513010185909
92.82217907905579,0.018328921869397163,-0.01712973788380623,0.0601513010185909
92.87351846694946,0.019846204668283463,0.006133305374532938,0.0601513010185909
92.92227745056152,0.01847606711089611,-0.011585078202188015,0.0601513010185909
92.9721450805664,0.02007441222667694,0.010081963613629341,0.0601513010185909
93.02218890190125,0.01867193914949894,-0.009468997828662395,0.0601513010185909
93.07218790054321,0.020199263468384743,0.010801059193909168,0.0601513010185909
93.12335896492004,0.01873011887073517,-0.0095533337444067,0.0601513010185909
93.17259669303894,0.020212119445204735,0.010400292463600636,0.0601513010185909
93.21997141838074,0.018719971179962158,-0.00997121725231409,0.0601513010185909
93.2679488658905,0.01917731575667858,0.00043604723759926856,0.0601513010185909
93.31834077835083,0.019725551828742027,-0.00045220457832328975,0.0601513010185909
93.36847376823425,0.01916656643152237,0.00035945448325946927,0.0601513010185909
93.41775727272034,0.019720042124390602,-0.0004575927450787276,0.0601513010185909
93.46797394752502,0.01916489563882351,0.0003858725249301642,0.0601513010185909
93.5183436870575,0.020649423822760582,0.007990442216396332,0.0601513010185909
93.5680136680603,0.020801343023777008,0.009674145840108395,0.0601513010185909
93.61928677558899,0.02140733413398266,0.006766888778656721,0.0601513010185909
93.67216229438782,0.021710442379117012,0.011041450314223766,0.0601513010185909
93.72240781784058,0.020481575280427933,-0.006384471897035837,0.0601513010185909
93.77217507362366,0.021485337987542152,0.007435350213199854,0.0601513010185909
93.82225847244263,0.0202981848269701,-0.008222837932407856,0.0601513010185909
93.87342119216919,0.02137329801917076,0.006885206792503595,0.0601513010185909
93.91797971725464,0.020085571333765984,-0.00926680862903595,0.0601513010185909
93.96829032897949,0.018964281305670738,-0.009267285466194153,0.0601513010185909
94.0179090499878,0.019338199868798256,-0.007613290101289749,0.0601513010185909
94.06904125213623,0.018818508833646774,-0.003627680940553546,0.0601513010185909
94.11913108825684,0.019490474835038185,-0.0019309722119942307,0.0601513010185909
94.16767263412476,0.01905278116464615,0.0004106830747332424,0.0601513010185909
94.21783757209778,0.01969103515148163,0.0002282167406519875,0.0601513010185909
94.26789546012878,0.019180363044142723,0.0011404950637370348,0.0601513010185909
94.31812620162964,0.019750315696001053,0.00013771041994914412,0.0601513010185909
94.36808586120605,0.019193308427929878,0.0007281929720193148,0.0601513010185909
94.41799092292786,0.02066873572766781,0.008125228807330132,0.0601513010185909
94.46776366233826,0.020811142399907112,0.00968139711767435,0.0601513010185909
94.51786494255066,0.021410230547189713,0.006717874202877283,0.0601513010185909
94.5679497718811,0.020034760236740112,-0.004128754138946533,0.0601513010185909
94.61792755126953,0.019632888957858086,-0.008054310455918312,0.0601513010185909
94.66791868209839,0.019052395597100258,-0.006836769636720419,0.0601513010185909
94.71796154975891,0.019275378435850143,-0.00484834099188447,0.0601513010185909
94.76794600486755,0.01906474120914936,-0.0020577488467097282,0.0601513010185909
94.81804370880127,0.019441135227680206,-0.0007993474137037992,0.0601513010185909
94.86781311035156,0.01924714632332325,0.0004969713627360761,0.0601513010185909
94.91791439056396,0.019577255472540855,0.0003737136721611023,0.0601513010185909
94.96830773353577,0.01932379975914955,0.000740321702323854,0.0601513010185909
95.01822352409363,0.01960624009370804,0.00015117164002731442,0.0601513010185909
95.06842231750488,0.01932406798005104,0.0003850773209705949,0.0601513010185909
95.11963033676147,0.019594239071011543,-0.0001565023703733459,0.0601513010185909
95.16839265823364,0.019310368224978447,0.00018759466183837503,0.0601513010185909
95.21808958053589,0.019583825021982193,-0.000249438890023157,0.0601513010185909
95.26814723014832,0.019304396584630013,0.0001662276772549376,0.0601513010185909
95.32236552238464,0.01907178945839405,-0.005070601124316454,0.0601513010185909
95.37340521812439,0.019814105704426765,0.005034194327890873,0.0601513010185909
95.42224073410034,0.01907273754477501,-0.005048682913184166,0.0601513010185909
95.47226738929749,0.0211500097066164,0.016531281173229218,0.0601513010185909
95.52235054969788,0.02051670290529728,0.0015071131056174636,0.0601513010185909
95.57230520248413,0.021763037890195847,0.01403830572962761,0.0601513010185909
95.62343144416809,0.019262736663222313,-0.015581898391246796,0.0601513010185909
95.67223405838013,0.0201511662453413,0.0022012603003531694,0.0601513010185909
95.72242283821106,0.01842484436929226,-0.016693497076630592,0.0601513010185909
95.77244424819946,0.019886953756213188,0.0059683313593268394,0.0601513010185909
95.8223340511322,0.01848147250711918,-0.011957044713199139,0.0601513010185909
95.87356638908386,0.020063232630491257,0.00973091833293438,0.0601513010185909
95.92315697669983,0.018656985834240913,-0.009708479046821594,0.0601513010185909
95.96773552894592,0.019160808995366096,0.0009902757592499256,0.0601513010185909
96.01814937591553,0.019739925861358643,0.00011852334864670411,0.0601513010185909
96.06896257400513,0.019189847633242607,0.0007702483562752604,0.0601513010185909
96.11791038513184,0.01974029652774334,-0.00023485736164730042,0.0601513010185909
96.16782808303833,0.019177937880158424,0.0004636165394913405,0.0601513010185909
96.21829271316528,0.01972665637731552,-0.0004319514555390924,0.0601513010185909
96.26937484741211,0.018238618969917297,-0.00804516114294529,0.0601513010185909
96.31812143325806,0.018085457384586334,-0.009716526605188847,0.0601513010185909
96.36931085586548,0.0174795500934124,-0.006791635416448116,0.0601513010185909
96.41918110847473,0.018851863220334053,0.004060169216245413,0.0601513010185909
96.46915888786316,0.01925305649638176,0.008007984608411789,0.0601513010185909
96.51980447769165,0.0198341254144907,0.006813444662839174,0.0601513010185909
96.56908202171326,0.019612079486250877,0.004841603338718414,0.0601513010185909
96.61926937103271,0.019823534414172173,0.0020600243005901575,0.0601513010185909
96.6683337688446,0.01944766566157341,0.0008047838346101344,0.0601513010185909
96.71939992904663,0.019641906023025513,-0.0004917830810882151,0.0601513010185909
96.76937317848206,0.019311854615807533,-0.00037014836561866105,0.0601513010185909
96.81915760040283,0.019565271213650703,-0.0007384882774204016,0.0601513010185909
96.86999297142029,0.01979289948940277,0.004726711194962263,0.0601513010185909
96.91970777511597,0.01956487074494362,-0.0003852196387015283,0.0601513010185909
96.96955180168152,0.019294658675789833,0.00015610271657351404,0.0601513010185909
97.01932692527771,0.019578510895371437,-0.000187986675882712,0.0601513010185909
97.06930613517761,0.019305048510432243,0.0002491647901479155,0.0601513010185909
97.11931705474854,0.019584480673074722,-0.00016637155204080045,0.0601513010185909
97.16985726356506,0.019307395443320274,0.0002341243962291628,0.0601513010185909
97.21981954574585,0.01958460360765457,-0.00019257482199463993,0.0601513010185909
97.2738630771637,0.01981615275144577,0.005048713646829128,0.0601513010185909
97.32400131225586,0.019073784351348877,-0.005047709681093693,0.0601513010185909
97.3741238117218,0.01981542259454727,0.005042675416916609,0.0601513010185909
97.41950345039368,0.019583117216825485,-0.0002096637908834964,0.0601513010185909
97.46969389915466,0.019305557012557983,0.0002045062428805977,0.0601513010185909
97.51831340789795,0.019583100453019142,-0.00020772423886228353,0.0601513010185909
97.56791973114014,0.019305618479847908,0.00020627095364034176,0.0601513010185909
97.61741495132446,0.01958317682147026,-0.00020654992840718478,0.0601513010185909
97.6678991317749,0.019305678084492683,0.0002068511093966663,0.0601513010185909
97.71790885925293,0.019583212211728096,-0.00020639171998482198,0.0601513010185909
97.7676932811737,0.019305692985653877,0.0002067839086521417,0.0601513010185909
97.81770038604736,0.019583214074373245,-0.00020653496903833002,0.0601513010185909
97.87042260169983,0.019815407693386078,0.005045927595347166,0.0601513010185909
97.91770625114441,0.019583208486437798,-0.00020662543829530478,0.0601513010185909
97.96875810623169,0.01930568367242813,0.00020660459995269775,0.0601513010185909
98.01779389381409,0.01958320662379265,-0.00020663872419390827,0.0601513010185909
98.06936168670654,0.01930568367242813,0.0002066089364234358,0.0601513010185909
98.11993741989136,0.019073486328125,-0.0050459131598472595,0.0601513010185909
98.1680703163147,0.01930568367242813,0.00020661905000451952,0.0601513010185909
98.21754813194275,0.01958320662379265,-0.00020662121823988855,0.0601513010185909
98.26758551597595,0.01930568367242813,0.0002066226297756657,0.0601513010185909
98.31894302368164,0.01958320662379265,-0.0002066201122943312,0.0601513010185909
98.37128925323486,0.01981540396809578,0.005045908037573099,0.0601513010185909
98.41799020767212,0.01958320662379265,-0.0002066208835458383,0.0601513010185909
98.46794533729553,0.01930568367242813,0.00020662159658968449,0.0601513010185909
98.51810050010681,0.01958320662379265,-0.00020662142196670175,0.0601513010185909
98.56790113449097,0.01930568367242813,0.00020662132010329515,0.0601513010185909
98.620370388031,0.019073486328125,-0.0050459071062505245,0.0601513010185909
98.66817450523376,0.018376749008893967,-0.008209217339754105,0.0601513010185909
98.71842455863953,0.017947973683476448,-0.009469661861658096,0.0601513010185909
98.76863765716553,0.01762002520263195,-0.0069707706570625305,0.0601513010185909
98.81820607185364,0.017785565927624702,-0.004135019611567259,0.0601513010185909
98.86833357810974,0.017757439985871315,-0.0014574665110558271,0.0601513010185909
98.91813397407532,0.018010077998042107,-0.00015851491480134428,0.0601513010185909
98.96802353858948,0.017953259870409966,0.0007034501759335399,0.0601513010185909
99.01806735992432,0.018136437982320786,0.0005995153915137053,0.0601513010185909
99.06811690330505,0.01801316998898983,0.0006441549048759043,0.0601513010185909
99.11984968185425,0.018150612711906433,0.00021056564582977444,0.0601513010185909
99.16775298118591,0.018003782257437706,0.00022901766351424158,0.0601513010185909
99.21802806854248,0.018133968114852905,-9.426123142475262e-05,0.0601513010185909
99.26799082756042,0.01798892393708229,6.018584099365398e-05,0.0601513010185909
99.31804347038269,0.018124213442206383,-0.00015597227320540696,0.0601513010185909
99.37469434738159,0.018238982185721397,0.002484940690919757,0.0601513010185909
99.42319416999817,0.017868230119347572,-0.0025441378820687532,0.0601513010185909
99.4730544090271,0.018239816650748253,0.002515110420063138,0.0601513010185909
99.51813650131226,0.018124228343367577,-0.00010437172022648156,0.0601513010185909
99.56781029701233,0.01798594743013382,0.0001063930758391507,0.0601513010185909
99.61916589736938,0.018124980852007866,-9.937084541888908e-05,0.0601513010185909
99.66777157783508,0.017986321821808815,0.00010646219743648544,0.0601513010185909
99.717689037323,0.018125083297491074,-0.00010141573147848248,0.0601513010185909
99.76768207550049,0.017986278980970383,0.00010411793482489884,0.0601513010185909
99.81816291809082,0.01812499202787876,-0.00010320139699615538,0.0601513010185909
99.86982131004333,0.017986195161938667,0.00010309173376299441,0.0601513010185909
99.9185996055603,0.018124934285879135,-0.00010360499436501414,0.0601513010185909
99.96811890602112,0.01798616535961628,0.00010307051707059145,0.0601513010185909
100.01814794540405,0.018124926835298538,-0.00010345767077524215,0.0601513010185909
100.06888628005981,0.01798616722226143,0.00010324630420655012,0.0601513010185909
100.11981678009033,0.018124932423233986,-0.00010332121019018814,0.0601513010185909
100.16791939735413,0.017986174672842026,0.00010332615056540817,0.0601513010185909
100.2181384563446,0.018124938011169434,-0.00010328875941922888,0.0601513010185909
100.26866912841797,0.017986176535487175,0.00010332899546483532,0.0601513010185909
100.32675909996033,0.01787007786333561,-0.002522943541407585,0.0601513010185909
100.37350511550903,0.018241036683321,0.002522957744076848,0.0601513010185909
100.4233877658844,0.01787007786333561,-0.002522953087463975,0.0601513010185909
100.47279262542725,0.018241036683321,0.002522952388972044,0.0601513010185909
100.52438879013062,0.01787007600069046,-0.002522955182939768,0.0601513010185909
100.57285118103027,0.0169061329215765,-0.00896059162914753,0.0601513010185909
100.61760401725769,0.01741863787174225,-0.0009505135240033269,0.0601513010185909
100.66854238510132,0.01700681447982788,-0.006226882804185152,0.0601513010185909
100.71799278259277,0.01637772098183632,-0.006117360200732946,0.0601513010185909
100.76770782470703,0.016549913212656975,-0.004809773061424494,0.0601513010185909
100.81747198104858,0.016302410513162613,-0.0023195159155875444,0.0601513010185909
100.86764574050903,0.016658635810017586,-0.0011120553826913238,0.0601513010185909
100.91797685623169,0.016457464545965195,0.0002541039139032364,0.0601513010185909
100.96770668029785,0.01864587515592575,0.017063215374946594,0.0601513010185909
101.01905846595764,0.02073748968541622,0.027624402195215225,0.0601513010185909
101.06758666038513,0.021830905228853226,0.023763880133628845,0.0601513010185909
101.11761546134949,0.021825948730111122,0.01543803047388792,0.0601513010185909
101.16752934455872,0.020781947299838066,-0.0012923524482175708,0.0601513010185909
101.2177734375,0.019592734053730965,-0.007489031180739403,0.0601513010185909
101.26749444007874,0.018470296636223793,-0.01687338948249817,0.0601513010185909
101.31789517402649,0.016411378979682922,-0.02354552038013935,0.0601513010185909
101.36737084388733,0.015966689214110374,-0.02001934126019478,0.0601513010185909
101.41933226585388,0.01562787964940071,-0.012138347141444683,0.0601513010185909
101.46743249893188,0.017071576789021492,0.0026456359773874283,0.0601513010185909
101.52282977104187,0.018166178837418556,0.011149450205266476,0.0601513010185909
101.57297825813293,0.018143031746149063,0.005333581008017063,0.0601513010185909
101.62287855148315,0.01991671696305275,0.019238092005252838,0.0601513010185909
101.67295122146606,0.01958320662379265,0.006613731849938631,0.0601513010185909
101.722891330719,0.020349420607089996,0.01221988070756197,0.0601513010185909
101.76923942565918,0.019077304750680923,-0.0047493730671703815,0.0601513010185909
101.81806540489197,0.017916403710842133,-0.008104130625724792,0.0601513010185909
101.87430167198181,0.017201924696564674,-0.014765684492886066,0.0601513010185909
101.92414665222168,0.016952183097600937,-0.008441038429737091,0.0601513010185909
101.97232818603516,0.017149148508906364,-0.004703716840595007,0.0601513010185909
102.0192973613739,0.01764102280139923,0.0017166793113574386,0.0601513010185909
102.06916999816895,0.01901542954146862,0.011649332009255886,0.0601513010185909
102.11961507797241,0.019724426791071892,0.012458824552595615,0.0601513010185909
102.16797494888306,0.018085669726133347,-0.007673409767448902,0.0601513010185909
102.21814227104187,0.016620110720396042,-0.01344788633286953,0.0601513010185909
102.26801228523254,0.016366278752684593,-0.012494179420173168,0.0601513010185909
102.31988382339478,0.017848458141088486,0.009306205436587334,0.0601513010185909
102.36938214302063,0.01802000030875206,0.005088714882731438,0.0601513010185909
102.42018723487854,0.017434509471058846,0.001917024259455502,0.0601513010185909
102.46783590316772,0.018722951412200928,0.011789425276219845,0.0601513010185909
102.5181713104248,0.01965014822781086,0.014228900894522667,0.0601513010185909
102.56782627105713,0.01905468851327896,0.0026867720298469067,0.0601513010185909
102.61794424057007,0.0192611925303936,0.0056805978529155254,0.0601513010185909
102.66780304908752,0.018828289583325386,-0.003654038067907095,0.0601513010185909
102.71799063682556,0.016957402229309082,-0.014171742834150791,0.0601513010185909
102.76773118972778,0.016432827338576317,-0.015020061284303665,0.0601513010185909
102.81790041923523,0.016852691769599915,-0.0020427361596375704,0.0601513010185909
102.86997056007385,0.017246870324015617,-0.0034082611091434956,0.0601513010185909
102.91803050041199,0.016945961862802505,-0.00305218156427145,0.0601513010185909
102.96809577941895,0.01866551861166954,0.011459078639745712,0.0601513010185909
103.01810479164124,0.019623398780822754,0.014268085360527039,0.0601513010185909
103.06784558296204,0.019048793241381645,0.0028713808860629797,0.0601513010185909
103.11827993392944,0.019265873357653618,0.005872948560863733,0.0601513010185909
103.16794657707214,0.018836092203855515,-0.003514663316309452,0.0601513010185909
103.2179741859436,0.016964247450232506,-0.014095626771450043,0.0601513010185909
103.26999688148499,0.015843762084841728,-0.0192214734852314,0.0601513010185909
103.31884217262268,0.015925874933600426,-0.010460329242050648,0.0601513010185909
103.36956930160522,0.01628020405769348,-0.006004525348544121,0.0601513010185909
103.41802287101746,0.01618891768157482,-0.001828214037232101,0.0601513010185909
103.46810007095337,0.016644662246108055,-4.863999129156582e-05,0.0601513010185909
103.51815843582153,0.016489829868078232,0.0012493612011894584,0.0601513010185909
103.56806230545044,0.01775951124727726,0.009322583675384521,0.0601513010185909
103.62294864654541,0.018525904044508934,0.012339305132627487,0.0601513010185909
103.6679036617279,0.018530940636992455,0.007423754315823317,0.0601513010185909
103.72077012062073,0.017250018194317818,-0.005369753111153841,0.0601513010185909
103.76842546463013,0.01673114113509655,-0.007810367736965418,0.0601513010185909
103.81941390037537,0.016418645158410072,-0.007094630505889654,0.0601513010185909
103.86780571937561,0.016358520835638046,-0.004715569783002138,0.0601513010185909
103.91798639297485,0.01642312854528427,-0.0023262188769876957,0.0601513010185909
103.96812462806702,0.016521792858839035,-0.0006313883350230753,0.0601513010185909
104.01807022094727,0.016606057062745094,0.0002728401741478592,0.0601513010185909
104.06890058517456,0.016659561544656754,0.000576927384827286,0.0601513010185909
104.1185257434845,0.016684355214238167,0.0005372763844206929,0.0601513010185909
104.16787028312683,0.016689706593751907,0.00036328815622255206,0.0601513010185909
104.21801042556763,0.01668523997068405,0.0001831584086176008,0.0601513010185909
104.26823782920837,0.016677912324666977,5.310953565640375e-05,0.0601513010185909
104.31815767288208,0.01667151041328907,-1.7637808923609555e-05,0.0601513010185909
104.36815595626831,0.016667377203702927,-4.251475547789596e-05,0.0601513010185909
104.41774892807007,0.0175943486392498,0.008375197649002075,0.0601513010185909
104.468017578125,0.01830018125474453,0.009235082194209099,0.0601513010185909
104.52229189872742,0.018612882122397423,0.00897744856774807,0.0601513010185909
104.57239270210266,0.01818993128836155,0.0009426700416952372,0.0601513010185909
104.62232184410095,0.01711035519838333,-0.007777603343129158,0.0601513010185909
104.67235398292542,0.015187334269285202,-0.020688410848379135,0.0601513010185909
104.71795558929443,0.014698286540806293,-0.016934193670749664,0.0601513010185909
104.76802444458008,0.014630262739956379,-0.011909780092537403,0.0601513010185909
104.8180422782898,0.015542336739599705,0.0023869466967880726,0.0601513010185909
104.86940503120422,0.01661318726837635,0.00723023759201169,0.0601513010185909
104.91936922073364,0.016728706657886505,0.007699865847826004,0.0601513010185909
104.96863746643066,0.01804329641163349,0.013534615747630596,0.0601513010185909
