timestep,speed,acceleration,target_speed
13.22723388671875,0.004279182758182287,0.001600432675331831,0.0157331874915606
13.279125928878784,0.0037004745099693537,-0.0048185596242547035,0.0168133725264534
13.327059030532837,0.002990405075252056,-0.009003164246678352,0.00880753345793064
13.376810550689697,0.0011943504214286804,-0.020441614091396332,0.00874786746696092
13.426635265350342,-0.0003719734668266028,-0.02435198798775673,0.00948458953008622
13.478586435317993,-0.0009554947610013187,-0.01734909787774086,0.0107671560487209
13.528501987457275,0.0008530381019227207,0.004314254503697157,0.0117937822381297
13.576753616333008,0.002161493059247732,0.013549513183534145,0.00838274844294859
13.626770496368408,0.003071731189265847,0.015152469277381897,0.00782090441691219
13.676790237426758,0.0033721940126270056,0.011400886811316013,0.00857176001659916
13.72715425491333,0.0033258888870477676,0.006473359651863575,0.0104416042798922
13.777361392974854,0.003145906375721097,0.002487891586497426,0.0111749405418236
13.83298373222351,0.0029304635245352983,-0.0002372321323491633,0.00656070390495635
13.877107858657837,0.004164731130003929,0.010504432953894138,0.00690933610305375
13.92861819267273,0.004008059855550528,0.0030496176332235336,0.00766460720356269
13.982918977737427,0.003213896881788969,-0.004309632815420628,0.00857940900571936
14.032700777053833,0.004450052510946989,0.007704190444201231,0.00781845171156287
14.08079743385315,0.005518640391528606,0.012873719446361065,0.0081552126196985
14.131219625473022,0.0059831109829247,0.011302875354886055,0.00823268638701591
14.181072473526001,0.006055242847651243,0.007329857442528009,0.00600801826995944
14.231368064880371,0.00593970762565732,0.003499102545902133,0.0070188507028557
14.282600164413452,0.005778291262686253,0.0008492483175359666,0.00717052975232941
14.3318932056427,0.005644611082971096,-0.0005241633043624461,0.00720515709154557
14.377514123916626,0.005574298556894064,-0.0009228324051946402,0.00449462868441712
14.432384252548218,0.005524824373424053,-0.0008573643863201141,0.00416730747993797
14.480109691619873,0.0055181123316287994,-0.0005655859131366014,0.00489749677133567
14.527189254760742,0.005524009931832552,-0.000328617898048833,0.00604709510180211
14.57775616645813,0.005535862408578396,-0.00010531321458984166,0.00570743451364968
14.630770444869995,0.005548406857997179,3.5065295378444716e-05,0.00418119487494008
14.681163549423218,0.005554815288633108,7.053387525957078e-05,0.0041548497628093
14.727636575698853,0.005557392258197069,6.800860137445852e-05,0.00699489239919393
14.778308868408203,0.005558357108384371,4.3593699956545606e-05,0.00658198817115354
14.831448793411255,0.005557794589549303,2.1770945750176907e-05,0.00523420448377312
14.881640195846558,0.005556900519877672,6.137978743936401e-06,0.00349327017917123
14.932513236999512,0.005556127522140741,-2.294422756676795e-06,0.00445789538027574
14.983110427856445,0.005555632524192333,-5.203306045586942e-06,0.00835623435458272
15.032516717910767,0.005555399693548679,-4.916306806990178e-06,0.0122527123589819
15.08138108253479,0.00725623220205307,0.013874288648366928,0.00377996890252823
15.131251096725464,0.008513793349266052,0.018031006678938866,0.00361196130779149
15.181251764297485,0.007294024340808392,0.0006440112483687699,0.00658600173666555
15.231342792510986,0.006047249771654606,-0.009248580783605576,0.0113515677028198
15.281252145767212,0.007074992172420025,0.003134354716166854,0.0171472307498355
15.331974267959595,0.008099802769720554,0.009797276929020882,0.00485812664384974
15.382899522781372,0.010304084047675133,0.023637965321540833,0.00580688544298469
15.43317437171936,0.009995502419769764,0.011044797487556934,0.00526106729060897
15.477977991104126,0.007975376211106777,-0.009717348031699657,0.00876473381497735
15.540249586105347,0.005368911661207676,-0.022635670378804207,0.0111203071829139
15.578417539596558,0.006229536607861519,-0.00931914709508419,0.00614408062997409
15.628471612930298,0.009341374039649963,0.01917893998324871,0.00684625659404623
15.679885387420654,0.009583791717886925,0.012630888260900974,0.00708783714319937
15.733959436416626,0.009100537747144699,0.003833826631307602,0.00702959127761625
15.78415322303772,0.008670962415635586,-0.0010223982390016317,0.00702097325179561
15.826854467391968,0.008433441631495953,-0.0026189670898020267,0.00954025158760152
15.876873970031738,0.00827137753367424,-0.0028215839993208647,0.00828457021531505
15.927016019821167,0.00955559778958559,0.00940125621855259,0.00856562629195672
15.977801084518433,0.009675358422100544,0.005390425678342581,0.00897814445943474
16.027101278305054,0.008879206143319607,-0.002922442276030779,0.00892469686067123
16.081094980239868,0.008317170664668083,-0.005676846951246262,0.00781138987819343
16.13132643699646,0.009836915880441666,0.009076426737010479,0.00754525348312804
16.18115496635437,0.011075246147811413,0.015007617883384228,0.00843846580925158
16.226835012435913,0.010214176960289478,0.0023791298735886812,0.00949165029943414
16.276510000228882,0.008922474458813667,-0.008556119166314602,0.0102845308643935
16.326355457305908,0.009536655619740486,0.0007875051232986152,0.0104015166624371
16.376307487487793,0.010712392628192902,0.009557374753057957,0.0110117543157297
16.42664122581482,0.011328181251883507,0.010485105216503143,0.0121128337832862
16.476858377456665,0.011526123620569706,0.007812064606696367,0.0146315658155086
16.532474517822266,0.01146695576608181,0.003765542758628726,0.0158607447236353
16.582178354263306,0.011335252784192562,0.0012385023292154074,0.0117746252541906
16.62683653831482,0.012570200487971306,0.011492974124848843,0.0129448932772482
16.676496744155884,0.012588226236402988,0.005857585463672876,0.0149632960590141
16.727131366729736,0.011709367856383324,-0.003281639888882637,0.0166542165746558
16.77664566040039,0.012496156617999077,0.005281698424369097,0.0185049683070643
16.826585054397583,0.013692020438611507,0.012405735440552235,0.0150483583008421
16.877028226852417,0.014257312752306461,0.011801570653915405,0.015547996549684
16.92673635482788,0.014389545656740665,0.0080930907279253,0.0161540210132321
16.976667165756226,0.014299241825938225,0.0041513992473483086,0.0179175794788685
17.02677059173584,0.014140874147415161,0.0012636486208066344,0.0204236680295369
17.07651448249817,0.013999932445585728,-0.00033197563607245684,0.0193811314841001
17.126816272735596,0.015242518857121468,0.010571246966719627,0.0223188518716849
17.176481008529663,0.016641082242131233,0.017141489312052727,0.0252456222596504
17.227222681045532,0.01724233105778694,0.01491699367761612,0.0265441527848973
17.27729344367981,0.01866411417722702,0.021092873066663742,0.0322420770188025
17.326388359069824,0.019950438290834427,0.022578509524464607,0.0320731143786802
17.376357078552246,0.021683450788259506,0.028088532388210297,0.0360077422441539
17.42636275291443,0.02303125150501728,0.027245232835412025,0.0384396646728864
17.477707147598267,0.02470172569155693,0.030401473864912987,0.0430213938025148
17.526509523391724,0.02595263160765171,0.027882330119609833,0.0459858480295257
17.57622218132019,0.027539962902665138,0.03014073148369789,0.0454923648499107
17.626173973083496,0.028737885877490044,0.02731667459011078,0.047108609009646
17.677513599395752,0.03030053712427616,0.029611079022288322,0.0503491251063825
17.726171493530273,0.031493011862039566,0.026957232505083084,0.0506657270918694
17.777642726898193,0.0330599769949913,0.02942904643714428,0.0536821579142121
17.826385021209717,0.034259650856256485,0.02690376527607441,0.044312792493025
17.878459692001343,0.03617580607533455,0.02990737371146679,0.047724751362774
17.927836894989014,0.03570178896188736,0.015461878851056099,0.0473425210886988
17.976292848587036,0.03449888527393341,-3.101558468188159e-05,0.0489053078999019
18.02811598777771,0.034982163459062576,0.004884036723524332,0.0481075108900642
18.07826852798462,0.03610198199748993,0.010806296952068806,0.0407377354895149
18.126628637313843,0.03643294423818588,0.009898475371301174,0.0427173829893498
18.17823338508606,0.03652796149253845,0.0060132164508104324,0.0423369204665735
18.229047775268555,0.03642813116312027,0.002831552177667618,0.0438032055000047
18.276731967926025,0.036319270730018616,0.0009979198221117258,0.048308945662917
18.327810049057007,0.03753618523478508,0.011169711127877235,0.0372666757848669
18.37639021873474,0.04023785516619682,0.028737911954522133,0.0365840932458646
18.426751136779785,0.03958743438124657,0.00985692348331213,0.0383619446616921
18.47782015800476,0.03738556057214737,-0.011108927428722382,0.0376368669391669
18.52847719192505,0.03761701658368111,-0.0028280378319323063,0.0382015219538011
18.579092025756836,0.038449063897132874,0.004735132679343224,0.0306213458731691
18.626502752304077,0.038860950618982315,0.00651470897719264,0.0321291008215849
18.67833709716797,0.037422358989715576,-0.00846049003303051,0.0346784613826264
18.72680950164795,0.03636471554636955,-0.014264950528740883,0.034660673913653
18.777831077575684,0.03702973574399948,-0.002240263856947422,0.0362340395614994
18.828097105026245,0.03831033036112785,0.008553487248718739,0.0301189148503154
18.87648892402649,0.04035814478993416,0.022117646411061287,0.0316282419388223
18.928263425827026,0.04055897518992424,0.011902092956006527,0.0328368891070301
18.97659993171692,0.039894718676805496,0.0025082998909056187,0.0342917247502394
19.02812361717224,0.039245955646038055,-0.0035103994887322187,0.0363204767053479
19.077924489974976,0.038866076618433,-0.005038861650973558,0.030908886430507
19.126962423324585,0.04004637524485588,0.00726964371278882,0.0317131256527602
19.1775324344635,0.04014096409082413,0.003918683156371117,0.034371065307757
19.228352308273315,0.039241522550582886,-0.004465960431843996,0.0363547275192837
19.27662754058838,0.038891129195690155,-0.005833657458424568,0.0384042774869587
19.3332302570343,0.04037611931562424,0.00916547141969204,0.0324506816039149
19.383445501327515,0.04162940755486488,0.01517657283693552,0.033713624139914
19.431200981140137,0.04047150909900665,-0.0005882091936655343,0.0352770504892088
19.47687554359436,0.03948473185300827,-0.008443004451692104,0.0381503742656271
19.52768349647522,0.04009786620736122,0.0008472010376863182,0.0384145230406595
19.578561782836914,0.04143605753779411,0.010232605040073395,0.0340224980367671
19.626572847366333,0.043220266699790955,0.02196544222533703,0.0347246330390046
19.67904043197632,0.043345239013433456,0.01126604713499546,0.0342938348152406
19.72856879234314,0.04250318184494972,0.0002433713962091133,0.0357385447685187
19.77824068069458,0.04190099984407425,-0.0045075309462845325,0.0373762570971144
19.828702688217163,0.041576799005270004,-0.005206082947552204,0.0336900759890154
19.876734495162964,0.0414750762283802,-0.004297769628465176,0.0353671739860664
19.926878690719604,0.041468825191259384,-0.0026234257966279984,0.0374819665889139
19.97651720046997,0.04152404144406319,-0.0011452205944806337,0.0413538457647673
20.02718448638916,0.04158920422196388,-0.00018266426923219115,0.0445665602889319
20.0770583152771,0.042974427342414856,0.011762965470552444,0.0378556517259449
20.12700390815735,0.04578186944127083,0.029910728335380554,0.0390791268809587
20.176374673843384,0.04651463404297829,0.022416288033127785,0.0414581862069678
20.228070974349976,0.045765746384859085,0.007644346449524164,0.0441250904726899
20.278441190719604,0.04494531452655792,-0.0018866704776883125,0.0471042224230481
20.328500509262085,0.04451568052172661,-0.00445046229287982,0.0392427283151915
20.377960205078125,0.04567296430468559,0.0070698619820177555,0.039262131085634
20.42820143699646,0.045522287487983704,0.0012478478020057082,0.0400054338133865
20.47836184501648,0.04477813467383385,-0.005002778954803944,0.0410192281277301
20.529136419296265,0.04436459392309189,-0.006193182896822691,0.0427630888714324
20.577095985412598,0.04422701522707939,-0.005247829481959343,0.0393200850935644
20.62725591659546,0.04554223641753197,0.008187048137187958,0.0403923762864931
20.677228689193726,0.045711565762758255,0.005045950412750244,0.0432329563835717
20.726842880249023,0.04495836794376373,-0.0027969100046902895,0.0439131825989462
20.776880741119385,0.045823175460100174,0.006175020709633827,0.0462086626068222
20.827539443969727,0.04705400764942169,0.01321122795343399,0.0400570603863953
20.87712788581848,0.047625765204429626,0.012334167957305908,0.0416835359082728
20.92724084854126,0.04641556739807129,-0.003129500662907958,0.0416833711769652
20.978082418441772,0.04620566591620445,-0.002329074777662754,0.0431327907933073
21.026163578033447,0.046868350356817245,0.003725354326888919,0.0441903452131734
21.081026315689087,0.04729987308382988,0.005154706537723541,0.0410452041731009
21.130688905715942,0.047418396919965744,0.004004499409347773,0.0409732967003471
21.180747032165527,0.04741133749485016,0.0023448520805686712,0.039197241625456
21.227858304977417,0.04736614227294922,0.0011931662447750568,0.0388756985823059
21.276259183883667,0.04596676304936409,-0.011266845278441906,0.0418107874519475
21.326215028762817,0.04447292163968086,-0.0182945616543293,0.0545481563582353
21.376463890075684,0.045165278017520905,-0.0044434694573283195,0.0705331246120491
21.427054166793823,0.0491851381957531,0.030737217515707016,0.0866217551251085
21.47624397277832,0.05552135035395622,0.06971639394760132,0.104786868982173
21.52640676498413,0.0626126378774643,0.09890677034854889,0.122475797401403
21.576417446136475,0.07091018557548523,0.12688657641410828,0.135964421972107
21.62636137008667,0.07884988188743591,0.13971808552742004,0.15312802286489
21.676466464996338,0.08548582345247269,0.1373317539691925,0.170458239943255
21.727017641067505,0.09258715063333511,0.1406661719083786,0.184183535615609
21.78252339363098,0.10038285702466965,0.13544681668281555,0.196675131692638
21.83106780052185,0.10778236389160156,0.14053887128829956,0.201663473513159
21.881129026412964,0.11433551460504532,0.13631565868854523,0.213566318057318
21.930931329727173,0.12001712620258331,0.12705039978027344,0.22552737071766
21.980984926223755,0.1252918541431427,0.11835464090108871,0.237458240972467
22.03086495399475,0.13217687606811523,0.12632182240486145,0.2495439810737
22.076587915420532,0.1389923244714737,0.14152705669403076,0.256937745223898
22.126555919647217,0.14773154258728027,0.15583683550357819,0.269953612194337
22.17659330368042,0.1553259938955307,0.1543966680765152,0.282916016312324
22.227118492126465,0.1627185046672821,0.1531413048505783,0.297285852412017
22.27920174598694,0.1721004694700241,0.15519045293331146,0.311248395265893
22.326945543289185,0.18048647046089172,0.17416273057460785,0.314032769504386
22.376588582992554,0.19046075642108917,0.18493545055389404,0.328327087274461
22.426562309265137,0.19826877117156982,0.1734822541475296,0.343165619187619
22.476590394973755,0.20671358704566956,0.17387676239013672,0.357161649790638
22.52666163444519,0.2171175628900528,0.1892525553703308,0.37150759413715
22.576804637908936,0.22722522914409637,0.19500769674777985,0.378639407024863
22.626781225204468,0.23756857216358185,0.20144516229629517,0.394465955384214
22.67671799659729,0.24735607206821442,0.19983920454978943,0.410845393201885
22.72667622566223,0.2573627233505249,0.2017383575439453,0.428413472582722
22.778053998947144,0.2695747911930084,0.22108687460422516,0.444446144889135
22.826566457748413,0.28233322501182556,0.23573392629623413,0.451089954137609
22.876402139663696,0.2943873107433319,0.23906736075878143,0.466172243829125
22.93167734146118,0.3076951205730438,0.23149746656417847,0.479992717580931
22.977709531784058,0.3169940412044525,0.23243962228298187,0.492731660913279
23.02785563468933,0.32796740531921387,0.228742316365242,0.505971059780219
23.076371431350708,0.3389156460762024,0.2263326495885849,0.5126531531672
23.126457452774048,0.3512357473373413,0.23665806651115417,0.526428320554408
23.17656421661377,0.36238181591033936,0.23143620789051056,0.541445711938952
23.226532697677612,0.37396758794784546,0.23404152691364288,0.557314444742262
23.276278734207153,0.38732263445854187,0.24927456676959991,0.573261871339323
23.3264057636261,0.40025007724761963,0.2539294958114624,0.587726382238573
23.376635313034058,0.4133451282978058,0.25918206572532654,0.604161353648955
23.426654815673828,0.42719802260398865,0.2681853473186493,0.620586991141095
23.476418256759644,0.44138315320014954,0.27614742517471313,0.636064229740757
23.527008056640625,0.45695760846138,0.2928221523761749,0.652772414609556
23.57644248008728,0.47256094217300415,0.30186834931373596,0.665905146333851
23.626649856567383,0.4872205853462219,0.2999962866306305,0.683878471564063
23.67642879486084,0.49991923570632935,0.28255292773246765,0.700908469953664
23.72688865661621,0.5135363340377808,0.28153491020202637,0.717826734035214
23.777055025100708,0.5293443202972412,0.29785460233688354,0.733858922358949
23.827088356018066,0.5463335514068604,0.31676146388053894,0.745546258334148
23.877042770385742,0.5623950362205505,0.319752961397171,0.760747587630859
23.9270498752594,0.5769727230072021,0.3100792169570923,0.775116546971299
23.9765682220459,0.5907189846038818,0.29785796999931335,0.789160785700748
24.027926683425903,0.6054888963699341,0.2996133863925934,0.802252645845284
24.076677083969116,0.620367705821991,0.300339013338089,0.816598624088392
24.127042293548584,0.6358836889266968,0.3068653345108032,0.830653919560183
24.176616668701172,0.6511263251304626,0.30749526619911194,0.844941578899355
24.226654052734375,0.6667373180389404,0.3118877708911896,0.85944351656837
24.27661418914795,0.6832680106163025,0.3216263949871063,0.872376687471493
24.32664942741394,0.6988940238952637,0.31930235028266907,0.879918670732696
24.376582622528076,0.7145082354545593,0.31898725032806396,0.891509767343611
24.426592111587524,0.7282099723815918,0.30168336629867554,0.904199734191633
24.47658348083496,0.7421029210090637,0.29512855410575867,0.916357736021575
24.526538610458374,0.7564622759819031,0.29363787174224854,0.927515142061739
24.57650637626648,0.7717626094818115,0.3011836111545563,0.926081059523003
24.626505613327026,0.7869815826416016,0.3039083480834961,0.937977168727035
24.67654252052307,0.7999876141548157,0.28727224469184875,0.949600355162838
24.72654676437378,0.812380313873291,0.2737327516078949,0.961533185094523
24.7765371799469,0.825404703617096,0.2705017030239105,0.974510991426311
24.82651400566101,0.840285062789917,0.28407567739486694,0.953178592329919
24.876575469970703,0.8569303154945374,0.3058471977710724,0.965119327522508
24.92653751373291,0.8663216829299927,0.2558295726776123,0.977918958236769
24.976561069488525,0.8738342523574829,0.21718156337738037,0.992990971513443
25.028433561325073,0.8883501887321472,0.23146453499794006,1.00874966090447
25.077131509780884,0.9019578695297241,0.2687574326992035,1.0234486071434
25.127551317214966,0.9183648228645325,0.2936592698097229,1.0361853535597
25.17649483680725,0.935115396976471,0.31240352988243103,1.04909710791584
25.226995944976807,0.9511069059371948,0.3166007101535797,1.06099472142924
25.276617288589478,0.9657066464424133,0.30836087465286255,1.06857345191172
25.328873872756958,0.9816955327987671,0.2897717356681824,1.07748564402409
25.37632155418396,0.9916602373123169,0.27668866515159607,1.08299793127373
25.427099466323853,1.003688931465149,0.2645779848098755,1.08807482105248
25.477004766464233,1.0153285264968872,0.2531479001045227,1.09480523837493
25.527021408081055,1.0275288820266724,0.25179994106292725,1.10279440422396
25.576704740524292,1.0395808219909668,0.24867668747901917,1.11802214411578
25.626656532287598,1.0521749258041382,0.25216326117515564,1.12007821513227
25.67689871788025,1.0658323764801025,0.26246994733810425,1.12153986465301
25.726829767227173,1.0786741971969604,0.26117393374443054,1.12211944451882
25.77664852142334,1.0888739824295044,0.23881390690803528,1.12625542716616
25.826478242874146,1.0969518423080444,0.2090180218219757,1.13743428421332
25.88087821006775,1.107020378112793,0.19168327748775482,1.13774917018994
25.926435232162476,1.1168686151504517,0.21099263429641724,1.13602808124195
25.976561546325684,1.127896785736084,0.21514756977558136,1.13125328511967
26.026365041732788,1.1370996236801147,0.2035311460494995,1.12773986958864
26.076555490493774,1.1439381837844849,0.17713306844234467,1.13252792427961
26.126214504241943,1.1502782106399536,0.15863165259361267,1.13183151271016
26.17643404006958,1.1574441194534302,0.15392760932445526,1.13115894433329
26.22671914100647,1.1653021574020386,0.15645702183246613,1.1308007955589
26.276511669158936,1.1722580194473267,0.14983387291431427,1.13146526558396
26.326550483703613,1.1793018579483032,0.14771254360675812,1.1212503727094
26.376525402069092,1.1858795881271362,0.14167267084121704,1.12054524725439
26.426533460617065,1.190171241760254,0.11921922862529755,1.118753130511
26.476704359054565,1.1939300298690796,0.10281551629304886,1.11704403659086
26.526917934417725,1.1984424591064453,0.09881127625703812,1.11420576714368
26.57692265510559,1.2035800218582153,0.1012423112988472,1.07221804048629
26.626990795135498,1.2091052532196045,0.10569486767053604,1.06617351362384
26.676774740219116,1.2067945003509521,0.04080181568861008,1.06036439355091
26.726794719696045,1.2011957168579102,-0.018816804513335228,1.05372447934735
26.778310775756836,1.1988955736160278,-0.02546693943440914,1.04670134393996
26.826802253723145,1.2001399993896484,-0.006219040602445602,1.05240640482592
26.8770649433136,1.203188419342041,0.02099919691681862,1.04615750899553
26.93113684654236,1.209332823753357,0.059078190475702286,1.04032276161749
26.976550579071045,1.2122005224227905,0.0627494528889656,1.03530587642452
27.02647042274475,1.2122032642364502,0.036451272666454315,1.03145608820587
27.076606512069702,1.210618019104004,0.009591027162969112,1.04958416425619
27.126972913742065,1.209276795387268,-0.004617976490408182,1.05425109770699
27.177000522613525,1.2124360799789429,0.025150906294584274,1.06147823305417
27.22831416130066,1.2202855348587036,0.07376649975776672,1.06831538314341
27.276807069778442,1.225027322769165,0.08841754496097565,1.07444469797811
27.32655167579651,1.2293472290039062,0.08752809464931488,1.08929358949038
27.376686573028564,1.2325115203857422,0.07806525379419327,1.09550347192233
27.426779747009277,1.2364071607589722,0.07921435683965683,1.10321671587602
27.47683620452881,1.240218162536621,0.07808190584182739,1.11262886526796
27.526755332946777,1.2445716857910156,0.08276262134313583,1.12628576292462
27.576839923858643,1.248626470565796,0.08209165930747986,1.15150648581614
27.630967140197754,1.2538701295852661,0.08532466739416122,1.1669362318148
27.6810200214386,1.2627763748168945,0.1228841170668602,1.18103020219472
27.730945587158203,1.2728673219680786,0.15380974113941193,1.19774483458405
27.7813138961792,1.281025767326355,0.1566723734140396,1.21656857509124
27.831071853637695,1.2890828847885132,0.15833863615989685,1.24613193899389
27.88109278678894,1.2973982095718384,0.1613321304321289,1.26253852486486
27.931036472320557,1.3092302083969116,0.1917685717344284,1.27847440309502
27.9810209274292,1.3201959133148193,0.20184379816055298,1.29522848941053
28.027904748916626,1.3281170129776,0.20085403323173523,1.31394680101898
28.08096218109131,1.337991714477539,0.18442919850349426,1.29406094276967
28.126300811767578,1.3460320234298706,0.190817728638649,1.31269149927272
28.17656373977661,1.3486888408660889,0.13252894580364227,1.33374182435608
28.228577852249146,1.352189540863037,0.10259350389242172,1.35721511019076
28.276447296142578,1.3592774868011475,0.12853732705116272,1.3808657699588
28.327088117599487,1.3729935884475708,0.1900162696838379,1.36501483650284
28.376446962356567,1.3896173238754272,0.24815483391284943,1.39070193917716
28.427071809768677,1.3982118368148804,0.213934987783432,1.41893859623523
28.478606939315796,1.4050966501235962,0.1710631102323532,1.44796508219046
28.531304359436035,1.4156955480575562,0.18807154893875122,1.47984326181844
28.581243991851807,1.4309743642807007,0.23515965044498444,1.48543022124567
28.631076097488403,1.4505672454833984,0.2974451184272766,1.51945830847369
28.681251764297485,1.463664174079895,0.2808980345726013,1.55575796654824
28.726332664489746,1.4751662015914917,0.2845053970813751,1.59522260316475
28.776590585708618,1.492031455039978,0.3089725375175476,1.63319132331759
28.8265540599823,1.512945294380188,0.35608670115470886,1.70117013104694
28.876654148101807,1.5364152193069458,0.4040684700012207,1.73762634713207
28.931212902069092,1.5713971853256226,0.490124374628067,1.77612349349626
28.981353759765625,1.5985358953475952,0.5085253715515137,1.81084098622831
29.02659821510315,1.6172846555709839,0.4958467185497284,1.84802919886279
29.076539278030396,1.6369487047195435,0.45723217725753784,1.90908469630892
29.12669062614441,1.6591448783874512,0.45716598629951477,1.94520356358315
29.176618337631226,1.6880818605422974,0.5115519165992737,1.98451898481452
29.22701072692871,1.7194056510925293,0.5602474808692932,2.02538811612145
29.27802300453186,1.7484617233276367,0.5707332491874695,2.06852249958323
29.328007459640503,1.7762491703033447,0.5683801174163818,2.15979721404
29.378192901611328,1.8039495944976807,0.5662979483604431,2.20799592115737
29.426862239837646,1.8423149585723877,0.6568078994750977,2.25754931221328
29.478392124176025,1.8909116983413696,0.7254101037979126,2.30684830113645
29.52800178527832,1.9224311113357544,0.7474706768989563,2.36020717045579
29.576898097991943,1.9562851190567017,0.7223253846168518,2.50621235625144
29.628010034561157,1.990882158279419,0.7165049314498901,2.56459866830629
29.67894148826599,2.0568041801452637,0.9058282971382141,2.62390243995044
29.73155975341797,2.115920066833496,1.0113170146942139,2.68077456119208
29.78300642967224,2.162811756134033,0.9778599739074707,2.74032831144005
29.830992937088013,2.2024002075195312,0.9021097421646118,2.88321742770556
29.880836725234985,2.2423055171966553,0.8606390357017517,2.94300672338107
29.930903911590576,2.3045244216918945,1.017027497291565,3.00016580814801
29.98094344139099,2.3681044578552246,1.1146457195281982,3.05896270540219
30.028024673461914,2.413639783859253,1.1234651803970337,3.12430052655945
30.08101725578308,2.4700944423675537,1.0408358573913574,3.23572095886447
30.130909204483032,2.5190672874450684,1.0160318613052368,3.29995603968324
30.18095874786377,2.5818798542022705,1.113256573677063,3.36495076460723
30.231107711791992,2.644658327102661,1.1668423414230347,3.42969745832278
30.28096294403076,2.703986883163452,1.1722921133041382,3.49280506686251
30.330966472625732,2.7607474327087402,1.1557115316390991,3.57490128154335
30.380946397781372,2.8160650730133057,1.1346276998519897,3.63737189380601
30.43100094795227,2.8759424686431885,1.1594313383102417,3.69595167203382
30.480989456176758,2.937889337539673,1.1895523071289062,3.75414138374293
30.532383918762207,2.998548984527588,1.1969190835952759,3.81190638585557
30.581321716308594,3.0577614307403564,1.1901490688323975,3.87612725687552
30.630971908569336,3.1161022186279297,1.179357647895813,3.9307266796453
30.68102741241455,3.175771713256836,1.1838921308517456,3.98902720477645
30.73092007637024,3.2349464893341064,1.1820526123046875,4.04251649573291
30.781092166900635,3.2951457500457764,1.1896005868911743,4.10051734297974
30.83096742630005,3.356266736984253,1.2012474536895752,4.15721480139771
30.881012439727783,3.417776346206665,1.2112289667129517,4.2126128973251
30.93100070953369,3.4793343544006348,1.2175827026367188,4.26537698975511
30.98110795021057,3.542483329772949,1.2344167232513428,4.31825790718319
31.036207914352417,3.6033425331115723,1.2253432273864746,4.36958804788674
31.08272886276245,3.6637508869171143,1.217156171798706,4.41917958787395
31.131209135055542,3.724393844604492,1.2140636444091797,4.46781600476407
31.17688488960266,3.7753798961639404,1.23771333694458,4.51685292288375
31.228150844573975,3.836400270462036,1.2388473749160767,4.56687259881818
31.276894092559814,3.898860454559326,1.2518187761306763,4.61697850396851
31.326921701431274,3.9614691734313965,1.2595717906951904,4.66596430791745
31.377944946289062,4.023248672485352,1.257807731628418,4.71618311282368
31.426576614379883,4.084480285644531,1.2525205612182617,4.76347221845057
31.47654151916504,4.145444393157959,1.2472831010818481,4.81453606142546
31.531635761260986,4.216219902038574,1.2192548513412476,4.85528282098979
31.581265926361084,4.278860569000244,1.231490969657898,4.89476953408143
31.63162589073181,4.336024284362793,1.1935654878616333,4.94902995957214
31.676358699798584,4.383039474487305,1.1910690069198608,4.99512889488803
31.726603031158447,4.44227409362793,1.1982667446136475,5.04118787649689
31.77797222137451,4.505149841308594,1.2307159900665283,5.08559628985966
31.826522827148438,4.568532943725586,1.2529104948043823,5.13779690938603
31.87798237800598,4.6296772956848145,1.247742772102356,5.19351246374707
31.9265718460083,4.689929962158203,1.2389216423034668,5.24250078773109
31.976555347442627,4.7518439292907715,1.247644305229187,5.2813816687476
32.026437282562256,4.8141608238220215,1.2548151016235352,5.33083875439817
32.077868938446045,4.873171329498291,1.2312281131744385,5.37507820820363
32.131462812423706,4.9410858154296875,1.1897212266921997,5.41786677449122
32.17656421661377,4.989988327026367,1.203908920288086,5.46260132590037
32.23111176490784,5.05568790435791,1.155959963798523,5.50742918878057
32.28165245056152,5.1157546043396,1.1736756563186646,5.55228839990532
32.33284616470337,5.174109935760498,1.1688663959503174,5.59180271311749
32.38114619255066,5.231959819793701,1.1628103256225586,5.6341404437871
32.42653965950012,5.279202461242676,1.1718491315841675,5.67719085528874
32.4771523475647,5.33455228805542,1.1532255411148071,5.72240811526261
32.527015924453735,5.392089366912842,1.161303162574768,5.76355692329899
32.5782630443573,5.46250581741333,1.1704301834106445,5.79746586895511
32.6282958984375,5.521094799041748,1.1687262058258057,5.84016685907673
32.677608489990234,5.564360618591309,1.1415637731552124,5.88344641166573
32.72855067253113,5.623666763305664,1.0757474899291992,5.92527124652843
32.776832818984985,5.670933246612549,1.1152318716049194,5.96099468705089
32.82818412780762,5.735982894897461,1.1021103858947754,5.99836351069538
32.8763370513916,5.7836713790893555,1.135643482208252,6.0362354366052
32.92831563949585,5.844712734222412,1.0808906555175781,6.07583048976183
32.97831463813782,5.897026062011719,1.0665829181671143,6.11487445074286
33.03281259536743,5.947817802429199,1.0447795391082764,6.15317375767089
33.07900643348694,6.000692367553711,1.0492801666259766,6.18415199606988
33.12662315368652,6.045318603515625,1.074286699295044,6.22193030867312
33.17959117889404,6.103662014007568,1.028206706047058,6.26025425315025
33.22673988342285,6.147170543670654,1.0517208576202393,6.29415369250726
33.27812051773071,6.197537422180176,1.039238452911377,6.32676336169428
33.32825517654419,6.256147861480713,1.0142279863357544,6.35721392862671
33.376230239868164,6.297110557556152,1.019858956336975,6.38991543830025
33.42828106880188,6.3502631187438965,0.9595861434936523,6.41465574735834
33.47636270523071,6.389415740966797,0.9692888855934143,6.43440584541272
33.5268030166626,6.433888912200928,0.9419668316841125,6.4367183298223
33.583248138427734,6.485328674316406,0.9066641330718994,6.44216617049282
33.631083726882935,6.522934913635254,0.8426647782325745,6.43247506379513
33.68075609207153,6.553546905517578,0.7495377063751221,6.41896090138386
33.73349380493164,6.5809526443481445,0.6689594388008118,6.39758191585388
33.780831813812256,6.606217384338379,0.6034034490585327,6.37342322208714
33.83336639404297,6.629387378692627,0.5471971035003662,6.37594089618028
33.880943059921265,6.6502814292907715,0.49520328640937805,6.35165902843354
33.933465003967285,6.673779487609863,0.48563748598098755,6.32498408884548
33.98074293136597,6.69667387008667,0.47377172112464905,6.30044629803198
34.03332567214966,6.713571548461914,0.4181228578090668,6.27295465900348
34.080798387527466,6.726382732391357,0.3531981110572815,6.26641063224223
34.13091683387756,6.737773895263672,0.3033238351345062,6.24420637105275
34.1833438873291,6.752694129943848,0.3021828830242157,6.21731174974895
34.230918884277344,6.767475605010986,0.2989549934864044,6.19365808405214
34.28335785865784,6.778094291687012,0.26338449120521545,6.16886470815737
34.330713510513306,6.785836219787598,0.21984221041202545,6.16479881837002
34.38113880157471,6.790828704833984,0.17177501320838928,6.14094634477109
34.42905807495117,6.79970121383667,0.17515645921230316,6.11439119162177
34.47719407081604,6.806127071380615,0.17028386890888214,6.08191079700787
34.52657198905945,6.810804843902588,0.13934804499149323,6.04790847568018
34.57651114463806,6.810375213623047,0.07900485396385193,6.02477631189363
34.62624764442444,6.806180953979492,0.01376118790358305,5.98218008438507
34.676413774490356,6.800803184509277,-0.03448107838630676,5.9348953752245
34.73107600212097,6.793152809143066,-0.07732752710580826,5.88776195962007
34.78088116645813,6.782636642456055,-0.13053104281425476,5.83576884335808
34.826895236968994,6.770757675170898,-0.186828151345253,5.81160763587921
34.880866050720215,6.750289440155029,-0.25864532589912415,5.7589426056601
34.930866956710815,6.736185073852539,-0.2661670744419098,5.70495271729595
34.98107409477234,6.722634792327881,-0.2678615152835846,5.64779883373979
35.03116297721863,6.703677177429199,-0.3128660321235657,5.59378473436514
35.08353137969971,6.679106712341309,-0.38393858075141907,5.55244764493
35.126927614212036,6.65641975402832,-0.4461762309074402,5.50541399086041
35.18090224266052,6.6274237632751465,-0.4617605209350586,5.43952198772524
35.230886936187744,6.602761745452881,-0.4738594591617584,5.37964013785012
35.28085732460022,6.5723395347595215,-0.5278255939483643,5.31580433044451
35.33078670501709,6.53795862197876,-0.5907487869262695,5.26733648753137
35.380876541137695,6.502203941345215,-0.639069676399231,5.19328458713259
35.43085241317749,6.4682745933532715,-0.6531804203987122,5.11420174893808
35.48096203804016,6.4295244216918945,-0.7018263339996338,5.03886209838308
35.530972719192505,6.385291576385498,-0.7740740776062012,4.95742543797662
35.580827474594116,6.336748123168945,-0.8514087796211243,4.90592049298298
35.63066577911377,6.286540508270264,-0.9106050133705139,4.82368012224027
35.68079471588135,6.241602420806885,-0.9031531810760498,4.73194959351972
35.72630953788757,6.200991153717041,-0.9441885948181152,4.6398782725259
35.78083825111389,6.136748790740967,-1.0072004795074463,4.53402124172034
35.83071160316467,6.073067665100098,-1.1124759912490845,4.44121345597879
35.880733013153076,6.007357597351074,-1.1904950141906738,4.30871693504596
35.931355714797974,5.9406514167785645,-1.2456779479980469,4.16818483598311
35.97630858421326,5.878294944763184,-1.3550949096679688,4.03048659403063
36.02702450752258,5.795869827270508,-1.4839282035827637,3.89175006566809
36.07620048522949,5.7043986320495605,-1.6345301866531372,3.79975164658469
36.12623977661133,5.6103363037109375,-1.742456078529358,3.68196350396669
36.180922985076904,5.512087821960449,-1.6918668746948242,3.57371929866824
36.22774624824524,5.445648670196533,-1.6862099170684814,3.49151211757339
36.27772092819214,5.36832857131958,-1.640541434288025,3.41155330950165
36.32642388343811,5.289556503295898,-1.626731514930725,3.3703321572401
36.3763542175293,5.2092604637146,-1.6290696859359741,3.31529408073387
36.426384925842285,5.135369777679443,-1.5751302242279053,3.26021314120209
36.47677707672119,5.065914154052734,-1.5108730792999268,3.22634546066005
36.530508041381836,4.983700275421143,-1.451720118522644,3.17543858254593
36.576910972595215,4.925102233886719,-1.459902048110962,3.13578631707645
36.62643384933472,4.856227874755859,-1.4361717700958252,3.09104141594614
36.67663550376892,4.785074234008789,-1.4419032335281372,3.06035791536991
36.73099207878113,4.6986846923828125,-1.4451704025268555,3.02968537547177
36.77675819396973,4.639246940612793,-1.4617973566055298,3.00327771859334
36.82623648643494,4.57279109954834,-1.4162812232971191,2.96763629431005
36.87626123428345,4.507085800170898,-1.3855472803115845,2.93297656992529
36.92641830444336,4.438361644744873,-1.3916294574737549,2.89877666914449
36.97635221481323,4.368212699890137,-1.4051141738891602,2.85677304242831
37.02782320976257,4.298120021820068,-1.4127624034881592,2.80982284482565
37.07631492614746,4.226905345916748,-1.4271793365478516,2.76039666628518
37.12637686729431,4.153130531311035,-1.4567716121673584,2.70318181831091
37.17636227607727,4.078790664672852,-1.4776999950408936,2.64053228806102
37.22621965408325,4.002614974975586,-1.5067600011825562,2.57917393541765
37.27642774581909,3.9242827892303467,-1.5408412218093872,2.5162544338517
37.32651400566101,3.8451967239379883,-1.5670846700668335,2.4681676441139
37.37649464607239,3.764838695526123,-1.5938081741333008,2.40687910182336
37.426589488983154,3.6874327659606934,-1.5835015773773193,2.35116679943633
37.47638964653015,3.611490488052368,-1.5683544874191284,2.26602367769962
37.531485080718994,3.522209405899048,-1.5356935262680054,2.12851019122802
37.58079242706299,3.4378960132598877,-1.5951793193817139,2.04423373802224
37.63097810745239,3.339717388153076,-1.7416342496871948,1.97163666987648
37.680806159973145,3.240008592605591,-1.8382762670516968,1.94157790047215
37.730958700180054,3.1496875286102295,-1.8207019567489624,1.91771481957877
37.77711892127991,3.0868330001831055,-1.7398178577423096,1.9142388532012
37.83086133003235,3.01336669921875,-1.5050301551818848,1.91401200697244
37.88082027435303,2.9559104442596436,-1.3626599311828613,1.94026279080869
37.930843114852905,2.900299549102783,-1.2623610496520996,1.9747926373071
37.976659059524536,2.857154607772827,-1.2041345834732056,1.99766770223738
38.02678847312927,2.8106141090393066,-1.1009923219680786,1.99380890377249
38.07603740692139,2.764411687850952,-1.0389152765274048,1.98786027735105
38.126880168914795,2.7115159034729004,-1.0569466352462769,1.97369978298906
38.1766619682312,2.6520121097564697,-1.1188149452209473,1.94828111959054
38.227126359939575,2.5905675888061523,-1.1697145700454712,1.91883888647887
38.27760887145996,2.5283286571502686,-1.207518458366394,1.9040202197014
38.32693028450012,2.465627908706665,-1.2337387800216675,1.89345885423899
38.376293420791626,2.407200813293457,-1.2129210233688354,1.8961776835054
38.426387548446655,2.3549387454986572,-1.1516385078430176,1.8946896783175
38.47630310058594,2.3077452182769775,-1.0745846033096313,1.89625505225942
38.52651238441467,2.2631494998931885,-1.008340835571289,1.900622219755
38.57639479637146,2.218888521194458,-0.9660624265670776,1.89168991921697
38.626524448394775,2.1752383708953857,-0.9348419904708862,1.88928920100682
38.67632746696472,2.13073468208313,-0.9238979816436768,1.88737124182745
38.72631525993347,2.085953950881958,-0.9183128476142883,1.8887963695574
38.77663516998291,2.0429434776306152,-0.9001203775405884,1.88395898380193
38.826539278030396,2.002866744995117,-0.865380048751831,1.86133506682132
38.876731395721436,1.9635026454925537,-0.8402256965637207,1.85861032575558
38.926488637924194,1.9206433296203613,-0.8544993996620178,1.79506799675579
38.97684121131897,1.878119707107544,-0.856953501701355,1.76179987620996
39.02663230895996,1.828820824623108,-0.9189561605453491,1.74832687601377
39.076481103897095,1.7748265266418457,-0.9888871312141418,1.73691265304009
39.12664079666138,1.7267099618911743,-0.9806953072547913,1.72059563450295
39.17652487754822,1.6869406700134277,-0.9101154208183289,1.70986117822087
39.22640132904053,1.6522397994995117,-0.82865971326828,1.71430091428936
39.27695655822754,1.619278073310852,-0.766412615776062,1.73615232929914
39.326350688934326,1.5874686241149902,-0.7190443277359009,1.79087751770901
39.377153158187866,1.5601617097854614,-0.6523641347885132,1.85964155012666
39.426596879959106,1.544813871383667,-0.5129878520965576,1.95641308229157
39.47649264335632,1.5406566858291626,-0.3418327271938324,2.00773052515739
39.52772521972656,1.5479705333709717,-0.14479778707027435,2.00479936492245
39.577134132385254,1.5547153949737549,-0.038142863661050797,1.93516997132963
39.62669396400452,1.5434024333953857,-0.12312401831150055,1.9461410340426
39.67650389671326,1.5031447410583496,-0.40822675824165344,1.99812797279707
39.72660493850708,1.4580525159835815,-0.6023967266082764,2.04713890845597
39.77732229232788,1.437734603881836,-0.5144464373588562,2.09098536606654
39.82665014266968,1.442649245262146,-0.26559603214263916,2.08051732278535
39.87676692008972,1.4565386772155762,-0.0506412647664547,2.10935834689795
39.92652678489685,1.4576106071472168,-0.031403981149196625,2.13848450336688
39.97631502151489,1.4476768970489502,-0.1002516970038414,2.18118082399861
40.02674436569214,1.4372138977050781,-0.14325806498527527,2.22119756906833
40.07641625404358,1.434210181236267,-0.10671276599168777,2.26185677173306
40.12639331817627,1.4400296211242676,-0.015466232784092426,2.30502861497695
40.17759346961975,1.450784683227539,0.07734733074903488,2.35182076848145
40.228676319122314,1.4650145769119263,0.14988340437412262,2.40084010135533
40.2769570350647,1.4758787155151367,0.1908467561006546,2.4512341223256
40.33294153213501,1.4912664890289307,0.2207825928926468,2.48520344704158
40.37778568267822,1.5044677257537842,0.2583257555961609,2.53132030108519
40.42768836021423,1.5193806886672974,0.2746965289115906,2.58528114716546
40.4779269695282,1.5360803604125977,0.301815927028656,2.6323359538704
40.52760648727417,1.5570396184921265,0.35214945673942566,2.68494322130593
40.57758951187134,1.5806312561035156,0.4026496708393097,2.71723375556279
40.62666368484497,1.6062747240066528,0.44993266463279724,2.76588664489848
40.68166208267212,1.6323883533477783,0.44127145409584045,2.8146284621571
40.72799205780029,1.6527988910675049,0.4663839638233185,2.86390566859354
40.783071994781494,1.6828858852386475,0.48349374532699585,2.9200218376259
40.83400321006775,1.7139739990234375,0.538741409778595,2.9631608698237
40.881805181503296,1.7468773126602173,0.5851380825042725,3.02099161335303
40.92652630805969,1.7742880582809448,0.6199206113815308,3.07601531281971
40.97643065452576,1.809175968170166,0.6562260389328003,3.13266778586748
41.026496171951294,1.8475253582000732,0.705895185470581,3.18647614175738
41.07633590698242,1.8879565000534058,0.7517433762550354,3.23316096963869
41.12638878822327,1.9288203716278076,0.7825588583946228,3.28411619539326
41.17635440826416,1.9692902565002441,0.7979781031608582,3.33578381445428
41.22658181190491,2.0091304779052734,0.8023509383201599,3.39321725143048
41.27650785446167,2.0510950088500977,0.8237224817276001,3.44423830523393
41.32656502723694,2.095595598220825,0.8561255931854248,3.48187144170338
41.37636613845825,2.142491340637207,0.8952174186706543,3.5339200992949
41.42663931846619,2.1869490146636963,0.8962979316711426,3.58099619716627
41.4770290851593,2.231384515762329,0.9002757668495178,3.62814792197114
41.53349184989929,2.285695791244507,0.9052422642707825,3.6773013260173
41.581774950027466,2.333517074584961,0.9244221448898315,3.69446993433669
41.6315598487854,2.379852294921875,0.9236953258514404,3.74126137553905
41.68098831176758,2.4213812351226807,0.8846517205238342,3.79028405601631
41.73079013824463,2.464759349822998,0.8777480721473694,3.8428841974882
41.781527042388916,2.51581072807312,0.9351097941398621,3.89571712901549
41.83087754249573,2.5703976154327393,0.9960670471191406,3.92302230887708
41.88104963302612,2.627436876296997,1.0522758960723877,3.97357894894305
41.93094182014465,2.678500175476074,1.0368388891220093,4.01980304641479
41.98099899291992,2.7276103496551514,1.0139652490615845,4.06582888736215
42.03148579597473,2.779994487762451,1.027025580406189,4.10099585800507
42.0809485912323,2.8334357738494873,1.0422890186309814,4.12272656537473
42.13092589378357,2.886911630630493,1.0517005920410156,4.16444560832213
42.18077230453491,2.9350953102111816,1.0142425298690796,4.20641172206143
42.23128128051758,2.984380006790161,1.002507209777832,4.24938996922232
42.281006813049316,3.037515640258789,1.025970458984375,4.29155026830661
42.331037282943726,3.093214750289917,1.0598368644714355,4.33993708060453
42.38108777999878,3.1499602794647217,1.0882140398025513,4.38601917170226
42.426995277404785,3.1988768577575684,1.136409878730774,4.43577803460003
42.4818115234375,3.266266107559204,1.1320338249206543,4.48041954882781
42.526530265808105,3.317692279815674,1.1872553825378418,4.52465109820455
42.58100414276123,3.385770320892334,1.162939429283142,4.5636968119559
42.626272201538086,3.4350545406341553,1.1897741556167603,4.59572799710946
42.67646265029907,3.490154504776001,1.1596996784210205,4.63498680379313
42.72657632827759,3.5445151329040527,1.1394715309143066,4.67616038695106
42.77699112892151,3.59975266456604,1.1329572200775146,4.70964469583578
42.82644605636597,3.657670736312866,1.1521049737930298,4.75010527076307
42.8765070438385,3.715899705886841,1.1636463403701782,4.79025086702231
42.92660307884216,3.7725701332092285,1.1585155725479126,4.82167282581258
42.97662830352783,3.829587459564209,1.1592901945114136,4.85507407372713
43.027098178863525,3.886256456375122,1.155895709991455,4.88279876027047
43.07654309272766,3.9406626224517822,1.1352072954177856,4.92818544690678
43.1265435218811,3.9931774139404297,1.1081947088241577,4.95115598008984
43.176899909973145,4.048970699310303,1.1208494901657104,4.97873286711187
43.228307485580444,4.114010334014893,1.1050529479980469,4.99988593382924
43.27635741233826,4.15896463394165,1.1141141653060913,5.01931389283885
43.32643795013428,4.208926677703857,1.073492169380188,5.05575903440886
43.376434564590454,4.256843566894531,1.034519076347351,5.06433463416777
43.42653822898865,4.308960914611816,1.047129511833191,5.06640756149065
43.476576805114746,4.359368324279785,1.035631775856018,5.05766540523422
43.526551723480225,4.403698444366455,0.9806135892868042,5.04605662523469
43.57643008232117,4.441545009613037,0.8952102065086365,5.04931139205167
43.62650918960571,4.475223064422607,0.811821460723877,5.03258812330798
43.67653942108154,4.510511875152588,0.7766457796096802,5.00642984438337
43.726595878601074,4.5465898513793945,0.7593265771865845,4.98945819871998
43.7766170501709,4.578098773956299,0.7101393938064575,4.9663026398007
43.82651972770691,4.606547832489014,0.6581916213035583,4.974134455485
43.87657332420349,4.632099151611328,0.6023333668708801,4.95007759344979
43.92626166343689,4.662024021148682,0.6085050702095032,4.93525303251833
43.97660827636719,4.693360328674316,0.6184384822845459,4.90991148083551
44.026938915252686,4.721102714538574,0.5954469442367554,4.89289163570763
44.07676124572754,4.743392467498779,0.5372017621994019,4.89012497433643
44.126962661743164,4.762961387634277,0.482442170381546,4.87639825069798
44.17741394042969,4.785275459289551,0.4731820523738861,4.85885556648308
44.22745895385742,4.809926986694336,0.484528511762619,4.84371047010936
44.27807688713074,4.83254861831665,0.4733045995235443,4.82779982905288
44.32676911354065,4.8524699211120605,0.44571539759635925,4.8319654636028
44.37797832489014,4.8697710037231445,0.4077654182910919,4.81817488158328
44.427839517593384,4.889324188232422,0.40593430399894714,4.80418804234054
44.47796416282654,4.908784866333008,0.4006209075450897,4.77765978037983
44.5266330242157,4.926026344299316,0.3802846074104309,4.75193955758001
44.5763463973999,4.938152313232422,0.3250674307346344,4.75071938943218
44.626508951187134,4.945633888244629,0.2560918927192688,4.71149485081041
44.67677879333496,4.955397605895996,0.23590277135372162,4.68184827835175
44.72697854042053,4.962838172912598,0.20001263916492462,4.64336001407409
44.77772903442383,4.966990947723389,0.1542716771364212,4.6108191618445
44.827348947525024,4.96794319152832,0.09979429095983505,4.57851322558807
44.87696409225464,4.966349124908447,0.04747571423649788,4.53434621308055
44.92705535888672,4.964139938354492,0.011376949958503246,4.494965078188
44.976999044418335,4.960981369018555,-0.01875939778983593,4.4507582596431
45.02886748313904,4.954685211181641,-0.05898486077785492,4.41210196069953
45.076311349868774,4.947736740112305,-0.09775934368371964,4.36997116100528
45.12629294395447,4.93800687789917,-0.137266144156456,4.33181511228315
45.17617225646973,4.927953720092773,-0.1634390950202942,4.29313986854266
45.23083734512329,4.916707992553711,-0.1743389219045639,4.24494591156774
45.28233027458191,4.905976295471191,-0.1903269737958908,4.20030496229265
45.330769538879395,4.891022682189941,-0.23399852216243744,4.13656977630591
45.380615234375,4.8733344078063965,-0.2812962532043457,4.08569190871076
45.43065690994263,4.849681854248047,-0.357931524515152,4.03684283113923
45.48066806793213,4.824141979217529,-0.4176945984363556,3.98946275066499
45.52736568450928,4.804447650909424,-0.4430621862411499,3.94124713901145
45.57756328582764,4.782880783081055,-0.44030648469924927,3.89459208919826
45.630778312683105,4.756424427032471,-0.44295501708984375,3.84473887889322
45.68117809295654,4.731509208679199,-0.46454861760139465,3.79358375734666
45.73098707199097,4.704097270965576,-0.4975135028362274,3.73948679271061
45.78235697746277,4.67529821395874,-0.5279861688613892,3.68359040044051
45.83064556121826,4.6428070068359375,-0.5762431621551514,3.6295053960637
45.88074803352356,4.60806131362915,-0.6225802898406982,3.57157601340329
45.93068790435791,4.5727715492248535,-0.654548704624176,3.5135636674945
45.97989559173584,4.536121845245361,-0.6849449872970581,3.45910327505345
46.02635169029236,4.504941463470459,-0.7183401584625244,3.40350851952472
46.07654094696045,4.467676162719727,-0.7335683703422546,3.34762513986946
46.12651205062866,4.428065776824951,-0.7631499767303467,3.2942425016491
46.176400661468506,4.385949611663818,-0.8002387285232544,3.23805946511859
46.227861404418945,4.34290075302124,-0.8296680450439453,3.17453298398256
46.27676200866699,4.29986047744751,-0.8472362756729126,3.10810130086654
46.32678818702698,4.254555702209473,-0.8775966763496399,3.05549490392449
46.37636947631836,4.206820011138916,-0.914574384689331,2.99040056962562
46.42667841911316,4.158202171325684,-0.9435474276542664,2.92606898359901
46.477986335754395,4.108283042907715,-0.9721289873123169,2.86627223057763
46.52819776535034,4.048985958099365,-0.9817326068878174,2.81161273396539
46.57666301727295,4.004889488220215,-1.0249698162078857,2.77221042732006
46.62681484222412,3.9539284706115723,-1.0277998447418213,2.70966057752974
46.676525831222534,3.90559983253479,-1.0091547966003418,2.64936785639733
46.72663474082947,3.8560423851013184,-1.0098143815994263,2.58849115295455
46.77771878242493,3.8014426231384277,-1.0515097379684448,2.53044301959774
46.82652974128723,3.7440361976623535,-1.0970141887664795,2.513853409681
46.87672996520996,3.685098886489868,-1.1372764110565186,2.4577015130922
46.92693305015564,3.634578227996826,-1.0881847143173218,2.40302138934127
46.97656059265137,3.586205005645752,-1.0491846799850464,2.34585256882528
47.026989698410034,3.532581090927124,-1.0675594806671143,2.28980528292336
47.07655692100525,3.47489595413208,-1.1099522113800049,2.27204427526612
47.126503705978394,3.4139621257781982,-1.1616259813308716,2.21458094858999
47.17626404762268,3.35915207862854,-1.1382566690444946,2.15736330729867
47.2265510559082,3.3060262203216553,-1.1170811653137207,2.10611494898346
47.27767634391785,3.2484848499298096,-1.1396806240081787,2.05544634039994
47.326249837875366,3.187570333480835,-1.1792885065078735,2.02472673655556
47.3764967918396,3.1265010833740234,-1.2030487060546875,1.96008275036192
47.42700505256653,3.0692906379699707,-1.1851301193237305,1.90249698394582
47.476465463638306,3.010584592819214,-1.190624713897705,1.85321493841858
47.526623487472534,2.949244260787964,-1.2131028175354004,1.80511366419723
47.57648038864136,2.8873074054718018,-1.23118257522583,1.78252529341898
47.626479625701904,2.8253586292266846,-1.2421071529388428,1.72857972122416
47.676607847213745,2.7689895629882812,-1.2008640766143799,1.6751715080966
47.72659683227539,2.7119953632354736,-1.1868215799331665,1.6275586280141
47.776678800582886,2.650447130203247,-1.213600754737854,1.58728441828256
47.826459884643555,2.587615489959717,-1.238394856452942,1.57633851969527
47.876402854919434,2.52653169631958,-1.238576054573059,1.54273446835634
47.92664647102356,2.4727883338928223,-1.177288293838501,1.50440830896089
47.97639060020447,2.421882152557373,-1.122147560119629,1.46369372988724
48.02728867530823,2.3681223392486572,-1.112328052520752,1.41686241358118
48.07694935798645,2.310023784637451,-1.1411395072937012,1.40081851755521
48.12707543373108,2.24741268157959,-1.1944411993026733,1.36040488155612
48.17638540267944,2.1887319087982178,-1.1901658773422241,1.32070240459774
48.22751569747925,2.133861541748047,-1.1604957580566406,1.27006619030275
48.276493072509766,2.07816481590271,-1.1502734422683716,1.2164336573439
48.326316118240356,2.018221378326416,-1.179298996925354,1.18033914275877
48.37665820121765,1.9544123411178589,-1.2265632152557373,1.13322517972631
48.42657399177551,1.8929433822631836,-1.2332953214645386,1.08875574749131
48.47657227516174,1.8328912258148193,-1.22871732711792,1.04746886276767
48.5266637802124,1.7735567092895508,-1.2192596197128296,1.0111429554323
48.57667899131775,1.7152743339538574,-1.2054635286331177,0.993473233083994
48.62646961212158,1.658758521080017,-1.1823776960372925,0.961673895870267
48.67655372619629,1.6063978672027588,-1.1340994834899902,0.929405647667524
48.73087191581726,1.546270489692688,-1.0777344703674316,0.906861304506324
48.78084087371826,1.4925358295440674,-1.0756725072860718,0.886107169501723
48.82725167274475,1.4491944313049316,-1.0807905197143555,0.875103591722118
48.87631130218506,1.3991574048995972,-1.0552743673324585,0.858254249989618
48.930896282196045,1.3437997102737427,-0.9961773157119751,0.844358533349899
48.98077917098999,1.296014666557312,-0.979361355304718,0.830515642410771
49.030845403671265,1.2522873878479004,-0.9357272982597351,0.820705774189472
49.08092713356018,1.208145022392273,-0.9142582416534424,0.807167404013619
49.13065218925476,1.164185643196106,-0.8992462158203125,0.798395546221163
49.18088150024414,1.1203824281692505,-0.8890441656112671,0.78771839251257
49.230751752853394,1.078158974647522,-0.8699904084205627,0.779236503752393
49.28082633018494,1.036989450454712,-0.850429356098175,0.769633133826906
49.33073973655701,0.9978227615356445,-0.8224973678588867,0.761970530384673
49.380844831466675,0.9581072926521301,-0.8107364177703857,0.759353017354627
49.43081021308899,0.919068455696106,-0.7977262139320374,0.759994516166525
49.48092007637024,0.8839830160140991,-0.7579131126403809,0.761692698928832
49.530773639678955,0.8515293002128601,-0.7137212753295898,0.769442456276043
49.57610559463501,0.8249903917312622,-0.6990485787391663,0.777497016918055
49.62607264518738,0.7946637868881226,-0.6660538911819458,0.793780422344373
49.67780065536499,0.7652914524078369,-0.6389099955558777,0.814384044597118
49.731253147125244,0.7346316576004028,-0.5803864002227783,0.840855612352408
49.78097176551819,0.7125145196914673,-0.5245387554168701,0.866005405858613
49.83096623420715,0.6956205368041992,-0.449245810508728,0.889057556429796
49.87647008895874,0.6835696697235107,-0.40111982822418213,0.924226471434789
49.92665672302246,0.66852867603302,-0.3647487461566925,0.965254640149118
49.97718620300293,0.6541801691055298,-0.3352687358856201,1.00501533007225
50.026779890060425,0.6438388228416443,-0.28430357575416565,1.04340953675929
50.07655310630798,0.6366949677467346,-0.2290574461221695,1.06538201187639
50.12674403190613,0.6318956017494202,-0.17666999995708466,1.09721173417144
50.17709016799927,0.6256549954414368,-0.15875345468521118,1.13198216409489
50.22751545906067,0.6178039312362671,-0.15929529070854187,1.16351283653826
50.27827978134155,0.6116255521774292,-0.13219015300273895,1.1898823857441
50.32686233520508,0.6107321381568909,-0.095341756939888,1.19652760028048
50.37649655342102,0.610487699508667,-0.0601840540766716,1.21067112420881
50.42691254615784,0.6055846810340881,-0.07862125337123871,1.2179805558803
50.476810455322266,0.5981944799423218,-0.10655245929956436,1.22808640595933
50.526832818984985,0.5911937952041626,-0.12027784436941147,1.23671359654422
50.576799154281616,0.5861161351203918,-0.11247369647026062,1.24200925463336
50.62680530548096,0.5829821228981018,-0.09277842193841934,1.24826137606142
50.67701315879822,0.5807774066925049,-0.0737958773970604,1.25174277365394
50.72655463218689,0.5787996649742126,-0.0606682151556015,1.25537131411483
50.77706813812256,0.5753493309020996,-0.06534971296787262,1.25769489018107
50.826884746551514,0.5728734135627747,-0.05828907713294029,1.25439596736624
50.87664318084717,0.5711093544960022,-0.0497252531349659,1.24126271942047
50.92660117149353,0.5688965916633606,-0.048061732202768326,1.2207315589833
50.97647714614868,0.5636582374572754,-0.07278135418891907,1.20555772781956
51.02653980255127,0.5553211569786072,-0.1115381121635437,1.19146577497513
51.076655864715576,0.5470045208930969,-0.13343451917171478,1.14141121199899
51.12637114524841,0.5399585962295532,-0.1367345005273819,1.07338485889587
51.17661499977112,0.528548538684845,-0.1771085113286972,1.00103965691555
51.22703289985657,0.5079255700111389,-0.2759968340396881,0.931630237400793
51.276853799819946,0.47941264510154724,-0.39738625288009644,0.864721838469052
51.32650303840637,0.44864553213119507,-0.4863716959953308,0.810592933970609
51.376615047454834,0.41906270384788513,-0.5305382013320923,0.761504936120361
51.42664194107056,0.39399299025535583,-0.5197908282279968,0.726191402272273
51.477200984954834,0.3747285306453705,-0.4673230051994324,0.706440224596905
51.527206897735596,0.3591430187225342,-0.4074562191963196,0.686244503060001
51.577208042144775,0.3474729657173157,-0.3389922082424164,0.678004665562588
51.62691307067871,0.337202787399292,-0.28832077980041504,0.661957038670768
51.676570892333984,0.32734885811805725,-0.25357457995414734,0.651658125723997
51.72653102874756,0.3164234757423401,-0.24220308661460876,0.648174940699668
51.7770733833313,0.3050568401813507,-0.23763136565685272,0.645699707343544
51.82666325569153,0.29536694288253784,-0.2207668423652649,0.644520113761838
51.87673759460449,0.28857508301734924,-0.187099426984787,0.637676374775604
51.92658543586731,0.28249475359916687,-0.1625962257385254,0.631438621346925
51.97758960723877,0.2756030559539795,-0.1541842520236969,0.626863625829962
52.030842542648315,0.26665550470352173,-0.15257689356803894,0.62700926997918
52.076348304748535,0.25976449251174927,-0.15963226556777954,0.632913870227298
52.12622666358948,0.2539869546890259,-0.14146240055561066,0.640502791318865
52.176116704940796,0.2510160803794861,-0.10888714343309402,0.645734357490107
52.226945877075195,0.2492932230234146,-0.07972440123558044,0.647606447075886
52.27640914916992,0.24779166281223297,-0.060540661215782166,0.650240194894081
52.3264479637146,0.24601075053215027,-0.05120482295751572,0.655094829320472
52.37631011009216,0.24248474836349487,-0.06026420742273331,0.659730958222359
52.42627668380737,0.2398395836353302,-0.05654970929026604,0.665238493040802
52.476322174072266,0.23925098776817322,-0.038431815803050995,0.673560485246154
52.5263237953186,0.23970767855644226,-0.0194984283298254,0.683416692155877
52.576133251190186,0.24047458171844482,-0.005756866652518511,0.699581817648863
52.626131772994995,0.24248376488685608,0.013244629837572575,0.716473277116237
52.676159143447876,0.24703453481197357,0.04543815180659294,0.735700514964216
52.726136922836304,0.2534126937389374,0.07884912937879562,0.757035941557221
52.77733755111694,0.26166099309921265,0.11448769271373749,0.781581740530555
52.826058864593506,0.2711825370788574,0.14568094909191132,0.803858081937358
52.876166105270386,0.2808971405029297,0.16586285829544067,0.82802780334144
52.93157410621643,0.2935013771057129,0.18702004849910736,0.852491419381834
52.981250286102295,0.30532214045524597,0.20633994042873383,0.878371958887331
53.03295683860779,0.31728166341781616,0.2189880758523941,0.90442712400735
53.08179831504822,0.33075278997421265,0.23898176848888397,0.92246301902873
53.13254356384277,0.3452083170413971,0.2585683763027191,0.947441205163049
53.18278169631958,0.3582151234149933,0.258375346660614,0.972257989553503
53.230942726135254,0.37323373556137085,0.2752739489078522,0.996503422504451
53.2828266620636,0.39002934098243713,0.2991311848163605,1.02264392791137
53.33137369155884,0.40584081411361694,0.30508676171302795,1.03870780313934
53.38256359100342,0.42385342717170715,0.32713279128074646,1.06037704411649
53.432905197143555,0.4402584433555603,0.3264514207839966,1.08589447211919
53.48104238510132,0.4565050005912781,0.3255528211593628,1.10963784557552
53.5310492515564,0.4747284948825836,0.3410252034664154,1.13002189082839
53.582669734954834,0.4943688213825226,0.3612446188926697,1.14218601162582
53.63288354873657,0.5145533680915833,0.3775651454925537,1.16220277247741
53.68251705169678,0.533051609992981,0.3735789656639099,1.1804326323591
53.73287796974182,0.5500777959823608,0.35981521010398865,1.20019722487136
53.78340196609497,0.5680747032165527,0.35980358719825745,1.2202551423098
53.833235025405884,0.588828444480896,0.38183411955833435,1.23499138491411
53.88262963294983,0.6114025712013245,0.40910130739212036,1.24957190776376
53.93310618400574,0.6312448978424072,0.40286096930503845,1.27414277702509
53.98672389984131,0.650258481502533,0.3934524655342102,1.28467567428714
54.032829999923706,0.6709676384925842,0.40165117383003235,1.29188258645362
54.0833466053009,0.691358745098114,0.4033719599246979,1.27771282655187
54.13137078285217,0.7111175060272217,0.3995167016983032,1.28218311991424
54.1794068813324,0.7237123250961304,0.3389110565185547,1.27960400054961
54.22805428504944,0.7342102527618408,0.31495505571365356,1.27553937788628
54.277968883514404,0.7468948364257812,0.2925751209259033,1.27920713958405
54.326876401901245,0.7610325217247009,0.29156285524368286,1.29060494791164
54.37858009338379,0.7796859741210938,0.3016641139984131,1.27138117211939
54.42702054977417,0.7952439785003662,0.3320220410823822,1.25346381463904
54.482471227645874,0.8118619322776794,0.304182231426239,1.24639785412563
54.53263258934021,0.8189725279808044,0.23867501318454742,1.26651601815471
54.58363318443298,0.8261237144470215,0.2012062668800354,1.31715277447473
54.63078951835632,0.8416948318481445,0.24675674736499786,1.37287640505551
54.68330001831055,0.8721721172332764,0.3929080367088318,1.4239060461652
54.73067545890808,0.9134288430213928,0.5645105838775635,1.47583074438409
54.7832510471344,0.9536871314048767,0.657413899898529,1.52764767821107
54.8282904624939,0.9900221824645996,0.6827632188796997,1.5714821241856
54.876444816589355,1.0177663564682007,0.6876693367958069,1.6295822921354
54.92841577529907,1.0538463592529297,0.6490910053253174,1.7025662035251
54.98250198364258,1.0888036489486694,0.669331431388855,1.77849360012921
55.03138184547424,1.130719780921936,0.7367013096809387,1.8523268061809
55.08109927177429,1.1801724433898926,0.8367750644683838,1.89635169448805
55.13106918334961,1.2300238609313965,0.8983510136604309,1.95389740388473
55.180710315704346,1.2729195356369019,0.8792935609817505,2.01204711353318
55.2309296131134,1.3119173049926758,0.8384869694709778,2.07063396302985
55.283679485321045,1.3528505563735962,0.830460786819458,2.12249066940954
55.33368277549744,1.3977742195129395,0.8572222590446472,2.1629451648397
55.380791425704956,1.4435839653015137,0.879369854927063,2.20834859536123
55.431021213531494,1.4874491691589355,0.8768799901008606,2.2562908432105
55.47816705703735,1.5296252965927124,0.8623366355895996,2.29906034979743
55.52881598472595,1.572636365890503,0.8608071804046631,2.34051898017663
55.57699227333069,1.6094545125961304,0.8832599520683289,2.37871909423834
55.62687063217163,1.6539322137832642,0.8916234970092773,2.42677473774817
55.6769073009491,1.6986700296401978,0.8986430764198303,2.47194640011484
55.72696805000305,1.744767189025879,0.9145225882530212,2.52182774129001
55.77651119232178,1.7922250032424927,0.9345516562461853,2.56459513406565
55.827062129974365,1.8401916027069092,0.9504842758178711,2.59979507322292
55.8766348361969,1.888156533241272,0.9600175619125366,2.64291867331562
55.92707180976868,1.9345685243606567,0.9525617957115173,2.68856541470776
55.98087930679321,1.988145112991333,0.9279704093933105,2.73181649667584
56.0308792591095,2.0349514484405518,0.93019700050354,2.77968614567781
56.080705404281616,2.082137107849121,0.9344602227210999,2.8195354583789
56.13061738014221,2.131195306777954,0.9522200226783752,2.87119578864257
56.177021980285645,2.1719624996185303,0.9769640564918518,2.91648093015744
56.22725820541382,2.2226102352142334,0.9989513754844666,2.96591613218711
56.27691960334778,2.275559663772583,1.029911994934082,3.0129625177363
56.32679843902588,2.3294360637664795,1.0556262731552124,3.05722658312458
56.37718486785889,2.382049798965454,1.060107946395874,3.11044805603189
56.42633008956909,2.432908535003662,1.049232006072998,3.16079607298506
56.476632595062256,2.485440731048584,1.0579830408096313,3.21549559664897
56.52868890762329,2.5478744506835938,1.0522345304489136,3.26217436035675
56.57660126686096,2.593949317932129,1.0886638164520264,3.30748879229352
56.62694430351257,2.6472301483154297,1.0850602388381958,3.35313884585003
56.676674365997314,2.7006642818450928,1.086418867111206,3.40697783632115
56.727999210357666,2.7543575763702393,1.0880701541900635,3.45548586508547
56.778921604156494,2.8194222450256348,1.0905239582061768,3.51222643966595
56.82740783691406,2.86706280708313,1.1269450187683105,3.55611038718476
56.87639880180359,2.9223291873931885,1.1245075464248657,3.61097224232334
56.92764377593994,2.9783666133880615,1.131340503692627,3.66154854254475
56.976752042770386,3.0349767208099365,1.1386938095092773,3.7179380905923
57.02624297142029,3.0924019813537598,1.1505664587020874,3.77758938956097
57.07650685310364,3.150893449783325,1.1659190654754639,3.82283545933438
57.130796670913696,3.2210869789123535,1.171281099319458,3.88147777985752
57.180771827697754,3.279524087905884,1.1680606603622437,3.94009409456638
57.23060441017151,3.3357486724853516,1.1490368843078613,4.0029065945367
57.28075432777405,3.394240379333496,1.1566225290298462,4.05544344361166
57.33067607879639,3.4566023349761963,1.1918104887008667,4.10349044486947
57.38066840171814,3.5178725719451904,1.2029904127120972,4.15498805069725
57.43072581291199,3.5773797035217285,1.1960633993148804,4.21146285181639
57.48075604438782,3.6357946395874023,1.183475375175476,4.26111569350214
57.530930280685425,3.695423126220703,1.1860426664352417,4.31494012798458
57.57687568664551,3.7449610233306885,1.2066413164138794,4.35365371322442
57.62789344787598,3.804825782775879,1.2112987041473389,4.40488232031088
57.67626929283142,3.8644235134124756,1.210856556892395,4.46434562571886
57.72636866569519,3.9230833053588867,1.2033458948135376,4.52024371158109
57.77628207206726,3.983919620513916,1.2179988622665405,4.57439220652523
57.826361417770386,4.047481536865234,1.247840404510498,4.62566267990383
57.87640142440796,4.110961437225342,1.2639200687408447,4.67733045891639
57.92684531211853,4.171924114227295,1.252936840057373,4.73406560941668
57.97626733779907,4.231929779052734,1.2401254177093506,4.7861111833343
58.026320695877075,4.293641567230225,1.2468029260635376,4.84103348855241
58.076842308044434,4.355834007263184,1.2533504962921143,4.88075851759268
58.1262092590332,4.417459964752197,1.2528939247131348,4.93314252093105
58.17651391029358,4.476025104522705,1.226631760597229,4.9831847427799
58.22740650177002,4.534171104431152,1.209994912147522,5.03627313989011
58.27760601043701,4.5939154624938965,1.2123769521713257,5.08597519032774
58.32611894607544,4.656073093414307,1.23362135887146,5.12540702014717
58.37626910209656,4.718881130218506,1.2502089738845825,5.17404689077756
58.42666840553284,4.778345108032227,1.2319684028625488,5.22737862662449
58.47667860984802,4.835671424865723,1.2056934833526611,5.27336410566872
58.52842998504639,4.903806209564209,1.177610993385315,5.32218227504036
58.576037645339966,4.953059673309326,1.1987050771713257,5.36515686094047
58.6262092590332,5.011491298675537,1.194298505783081,5.41308411554454
58.6762433052063,5.071036338806152,1.2014310359954834,5.45943448631484
58.72656297683716,5.130631446838379,1.204926609992981,5.50737815603773
58.777742862701416,5.189424514770508,1.2008225917816162,5.55450179684426
58.82619047164917,5.247742652893066,1.1946907043457031,5.59398117060414
58.87630796432495,5.305863380432129,1.1894924640655518,5.63976415829282
58.92644500732422,5.362627983093262,1.174729347229004,5.6809199377565
58.977787733078,5.4193434715271,1.1666733026504517,5.72605552993367
59.0278685092926,5.475630760192871,1.1573694944381714,5.77125268756465
59.07655382156372,5.531067848205566,1.1452255249023438,5.80410117724498
59.12669491767883,5.587513446807861,1.146909475326538,5.84891408127098
59.17772173881531,5.64272403717041,1.1360381841659546,5.88754048152641
59.22644400596619,5.69712495803833,1.1244351863861084,5.92351068027795
59.27798128128052,5.750638961791992,1.1094645261764526,5.962991790997
59.32615947723389,5.803107261657715,1.0924092531204224,5.99938891294703
59.37708044052124,5.855221271514893,1.0794576406478882,6.03721974978154
59.426636934280396,5.907379627227783,1.072036623954773,6.07351309206589
59.47690272331238,5.959737777709961,1.0691343545913696,6.10058075870488
59.52802872657776,6.0109686851501465,1.0575165748596191,6.12659564446048
59.576337575912476,6.059571743011475,1.0290793180465698,6.14948194296542
59.62627673149109,6.106200695037842,0.9967853426933289,6.1640856374411
59.676382303237915,6.150829792022705,0.960817277431488,6.16939593555698
59.726563930511475,6.192767143249512,0.9172924757003784,6.16961762922714
59.777873277664185,6.230357646942139,0.8552911877632141,6.16628103013853
59.825993061065674,6.263426780700684,0.7820305228233337,6.16543182262451
59.876349687576294,6.294198513031006,0.7203846573829651,6.15319708090504
59.926636934280396,6.326079368591309,0.6931841373443604,6.13632355847471
59.9761917591095,6.356118202209473,0.6591466069221497,6.12689426536526
60.03161811828613,6.38588285446167,0.584721565246582,6.11860600087258
60.08066201210022,6.409067153930664,0.5361176133155823,6.12269633839065
60.130772829055786,6.431924819946289,0.5044692158699036,6.12046653647551
60.182401180267334,6.456971168518066,0.5031531453132629,6.11643867395362
60.22749352455139,6.4795002937316895,0.5248896479606628,6.11640910032511
60.27808976173401,6.504734516143799,0.5188454389572144,6.12129973350372
60.32774758338928,6.528900146484375,0.5081338286399841,6.13388037876687
60.37765026092529,6.553310394287109,0.5036078691482544,6.13827875160777
60.42797040939331,6.57799768447876,0.5030327439308167,6.14900232169116
60.478065967559814,6.601558208465576,0.49281853437423706,6.16033876895721
60.527029275894165,6.6251301765441895,0.48795053362846375,6.17045467367808
60.57728981971741,6.6482439041137695,0.4803272783756256,6.18457423371676
60.62819314002991,6.6739935874938965,0.4578459858894348,6.19919864933897
60.6782910823822,6.695786952972412,0.4486140310764313,6.21427771207042
60.72656965255737,6.712714195251465,0.4410758316516876,6.2300146138937
60.7777955532074,6.733160018920898,0.4316236674785614,6.24513158804966
60.83081841468811,6.758118629455566,0.4258941411972046,6.26336122468561
60.88067388534546,6.7785749435424805,0.41840168833732605,6.28003004858252
60.93061900138855,6.799738883972168,0.42011532187461853,6.2959364851502
60.9807243347168,6.820032596588135,0.41368192434310913,6.3122975364996
61.030866861343384,6.839487552642822,0.4033490717411041,6.32884131778363
61.080822229385376,6.8568830490112305,0.3805064558982849,6.34989358589145
61.13070058822632,6.874671459197998,0.3705885708332062,6.36451598290064
61.18054938316345,6.893331050872803,0.3713812828063965,6.38104191812117
61.2264347076416,6.9094367027282715,0.38292890787124634,6.3997805891438
61.27838492393494,6.930457592010498,0.3680563271045685,6.41546604971885
61.3263521194458,6.945841312408447,0.37482407689094543,6.43335191335174
61.37590932846069,6.962208271026611,0.3569033741950989,6.44903252871521
61.42601180076599,6.977492809295654,0.33896902203559875,6.47116636694784
61.475937366485596,6.993176460266113,0.3313066065311432,6.48467256261026
61.52796030044556,7.010651588439941,0.3417302668094635,6.50319216120375
61.57598090171814,7.027248382568359,0.3388499319553375,6.51845529547309
61.626052141189575,7.0431060791015625,0.33258169889450073,6.5358443211338
61.67650079727173,7.058006286621094,0.3202577829360962,6.55186203935372
61.72654914855957,7.071749687194824,0.3039337992668152,6.57406465062612
61.77706813812256,7.0850443840026855,0.29068636894226074,6.59598068064438
61.82605266571045,7.100992202758789,0.30558738112449646,6.62429010727147
61.876254081726074,7.118663311004639,0.3266644775867462,6.64877280691596
61.92629671096802,7.136317729949951,0.339163601398468,6.67732996890302
61.9762806892395,7.1536760330200195,0.34436601400375366,6.70819152939548
62.02711343765259,7.170706748962402,0.3449477553367615,6.73694523332636
62.076338052749634,7.188826084136963,0.3548814356327057,6.76022008035564
62.12629199028015,7.208250045776367,0.3709137439727783,6.79037917941286
62.1764714717865,7.225564002990723,0.361878365278244,6.82557414825719
62.22753548622131,7.242741584777832,0.35774385929107666,6.86072399824446
62.27809953689575,7.261432647705078,0.366966187953949,6.89574727329792
62.3265266418457,7.282321929931641,0.390646368265152,6.92108991082537
62.376426219940186,7.304988861083984,0.41857004165649414,6.95352758852614
62.42655348777771,7.325610637664795,0.41716131567955017,6.99253770533191
62.476728439331055,7.343297958374023,0.3936435282230377,7.02672341107652
62.52915644645691,7.36706018447876,0.39819538593292236,7.06205295108402
62.576701164245605,7.384751319885254,0.413725882768631,7.09993622371178
62.62676954269409,7.406429767608643,0.42476022243499756,7.1329486028633
62.67686343193054,7.430214881896973,0.4488205015659332,7.1691908796232
62.726850509643555,7.453034400939941,0.4534398019313812,7.20730072597164
62.777156829833984,7.474883079528809,0.4498700797557831,7.24839147911984
62.82708215713501,7.498217582702637,0.4603855013847351,7.2766440376566
62.877013206481934,7.523125171661377,0.47883889079093933,7.31405994723341
62.92735195159912,7.546057224273682,0.472297340631485,7.35303766797958
62.97712421417236,7.568892002105713,0.4699580669403076,7.38718924573485
63.028157234191895,7.593227386474609,0.4801539480686188,7.42170268009112
63.07669162750244,7.618394374847412,0.4926874041557312,7.46068289293813
63.12679362297058,7.64253044128418,0.4910656213760376,7.4983574405922
63.1767258644104,7.667884349822998,0.5018418431282043,7.53295298160331
63.22692584991455,7.6940388679504395,0.5133128762245178,7.56894183890412
63.277873516082764,7.719740390777588,0.5166906714439392,7.60101492535832
63.327821016311646,7.745044708251953,0.5156424045562744,7.63219948898293
63.377784967422485,7.770091533660889,0.513022780418396,7.65951851286475
63.42794585227966,7.79501485824585,0.5105031132698059,7.68969158284878
63.477293968200684,7.818573951721191,0.49727827310562134,7.71817723275781
63.5267915725708,7.842042446136475,0.48982760310173035,7.74419810904367
63.57651662826538,7.8650407791137695,0.480556845664978,7.76632828300088
63.62632918357849,7.888492107391357,0.47967594861984253,7.78198405401591
63.67632985115051,7.911709308624268,0.4761658012866974,7.79769635273008
63.7271409034729,7.932745933532715,0.4560484290122986,7.8063923146869
63.77794575691223,7.951937198638916,0.42973095178604126,7.81546319512055
63.82797026634216,7.969083786010742,0.39699438214302063,7.8359131636437
63.87663292884827,7.984767436981201,0.3660762310028076,7.83331589022995
63.926512718200684,8.002787590026855,0.3679399788379669,7.82793835993516
63.9767370223999,8.018597602844238,0.3473093807697296,7.82141886997038
64.03064274787903,8.031906127929688,0.2896644175052643,7.80458158226934
64.08063983917236,8.041487693786621,0.2505391240119934,7.80732952547849
64.13057065010071,8.04575252532959,0.18380960822105408,7.79109227792323
64.18065476417542,8.053467750549316,0.17342700064182281,7.77821193719973
64.22704839706421,8.06057071685791,0.17524950206279755,7.76120985581362
64.27634406089783,8.067564010620117,0.16137810051441193,7.75636480806583
64.32627272605896,8.071701049804688,0.12983623147010803,7.76197186439827
64.3765287399292,8.075109481811523,0.10646695643663406,7.76346205955194
64.42782378196716,8.081960678100586,0.12140443921089172,7.76870544488469
64.47777318954468,8.092428207397461,0.1583036333322525,7.77174423161728
64.52691006660461,8.103283882141113,0.18224899470806122,7.77900327198205
64.57642793655396,8.113113403320312,0.18865685164928436,7.79371376363891
64.63063979148865,8.123469352722168,0.18139512836933136,7.80487841399643
64.68063831329346,8.131799697875977,0.17526479065418243,7.81145741440257
64.73070979118347,8.14162540435791,0.18387560546398163,7.82298332893349
64.7821478843689,8.150980949401855,0.1846698671579361,7.82798517094663
64.83063769340515,8.159616470336914,0.17959052324295044,7.85641331907144
64.88071608543396,8.166158676147461,0.15962421894073486,7.86104013032361
64.93055081367493,8.17640495300293,0.17849209904670715,7.87288252546418
64.98069643974304,8.186548233032227,0.18753845989704132,7.88222945703063
65.03250741958618,8.1956787109375,0.1851235032081604,7.88934274887016
65.08081340789795,8.204145431518555,0.17854899168014526,7.90525638326139
65.12710237503052,8.2096529006958,0.16505536437034607,7.91742605818175
65.17668962478638,8.216277122497559,0.15359239280223846,7.92589700288478
65.22658133506775,8.225093841552734,0.16483430564403534,7.93568057820478
65.27704000473022,8.233297348022461,0.16449186205863953,7.94504671874938
65.32701897621155,8.240891456604004,0.16074839234352112,7.96374504916722
65.37692499160767,8.248897552490234,0.16168981790542603,7.97677754526068
65.42655920982361,8.257174491882324,0.1643448770046234,7.98587372957398
65.47858548164368,8.268658638000488,0.17801804840564728,7.99536590892157
65.52701139450073,8.275468826293945,0.1753280758857727,8.0063067159202
65.57648134231567,8.28172779083252,0.15575815737247467,8.02063714894623
65.62629222869873,8.288143157958984,0.14640621840953827,8.02761127486934
65.67642855644226,8.29564094543457,0.14916165173053741,8.03728636487691
65.72660946846008,8.302507400512695,0.14477062225341797,8.04752173346239
65.77668118476868,8.309602737426758,0.14507853984832764,8.05763904210546
65.82638692855835,8.316276550292969,0.14083877205848694,8.06634980418884
65.876535654068,8.323325157165527,0.14235925674438477,8.07316100018493
65.92635035514832,8.330028533935547,0.1394336223602295,8.08065164821747
65.97656631469727,8.335794448852539,0.13044007122516632,8.09020324541844
66.02641296386719,8.34110164642334,0.12150321900844574,8.09650934036944
66.07656002044678,8.347620964050293,0.1266869306564331,8.10209281040012
66.12639117240906,8.354305267333984,0.12989678978919983,8.10965467628564
66.17649030685425,8.358940124511719,0.11481515318155289,8.12002607856637
66.22944903373718,8.363734245300293,0.09962335228919983,8.12839197528258
66.2779552936554,8.3677978515625,0.10069657862186432,8.13274314886952
66.32704758644104,8.374399185180664,0.11485562473535538,8.15058663487569
66.37651991844177,8.38007640838623,0.11385592073202133,8.16149443722156
66.42642188072205,8.386273384094238,0.11961239576339722,8.168658830449
66.47665786743164,8.394225120544434,0.13661940395832062,8.18126465013929
66.52679753303528,8.401698112487793,0.14194361865520477,8.19117312483549
66.57661557197571,8.407953262329102,0.1357206106185913,8.20139913733633
66.626718044281,8.413485527038574,0.12641321122646332,8.218671320088
66.6767008304596,8.418719291687012,0.11852096766233444,8.23267058445205
66.72701096534729,8.425253868103027,0.12502050399780273,8.24724076386289
66.77672076225281,8.43332290649414,0.1407611072063446,8.2636470750611
66.82664513587952,8.442118644714355,0.15582087635993958,8.27237631542864
66.87703275680542,8.451088905334473,0.1661866009235382,8.28726227660801
66.92662763595581,8.458612442016602,0.16004671156406403,8.30801421815422
66.97676157951355,8.465826034545898,0.1551438570022583,8.32273148180125
67.02718544006348,8.475025177001953,0.16871708631515503,8.33697530541465
67.07704377174377,8.484745979309082,0.17971336841583252,8.36058452549026
67.12669610977173,8.493827819824219,0.18136532604694366,8.37114242110496
67.17667007446289,8.503754615783691,0.1900516003370285,8.39469361753038
67.22675514221191,8.513505935668945,0.19273272156715393,8.40979114630876
67.27679634094238,8.523648262023926,0.19853095710277557,8.42568840826295
67.32696413993835,8.53335952758789,0.19750572741031647,8.43343878886327
67.3769211769104,8.543365478515625,0.20033429563045502,8.45627718174753
67.42696142196655,8.551604270935059,0.1860361248254776,8.47200264670859
67.47678780555725,8.56006908416748,0.18155065178871155,8.48462177178459
67.52908396720886,8.572087287902832,0.19117124378681183,8.49397492989524
67.58084917068481,8.583459854125977,0.2053617238998413,8.49629533640457
67.63101553916931,8.591721534729004,0.18836109340190887,8.49675971351521
67.6810233592987,8.597430229187012,0.15844541788101196,8.4913500046616
67.73077392578125,8.602010726928711,0.1318017691373825,8.47732130578562
67.78096437454224,8.604697227478027,0.10046236217021942,8.4640162487766
67.83079028129578,8.602982521057129,0.04621540382504463,8.45540922030663
67.88088750839233,8.600349426269531,0.00734384311363101,8.43360599388213
67.93078017234802,8.600018501281738,0.002571716671809554,8.41951898605241
67.98084616661072,8.59839153289795,-0.011762821115553379,8.3994963198823
68.0308153629303,8.595437049865723,-0.03060971200466156,8.38016115616543
68.08083772659302,8.59027099609375,-0.05973384529352188,8.37523799910878
68.13076615333557,8.585531234741211,-0.07315003871917725,8.35667561526605
68.17967367172241,8.583468437194824,-0.05977215617895126,8.33879529716779
68.22735285758972,8.58061695098877,-0.06426067650318146,8.32345612064118
68.27650737762451,8.575718879699707,-0.0786953940987587,8.30682300775511
68.32643723487854,8.569849967956543,-0.09483827650547028,8.29727068912763
68.37647128105164,8.563660621643066,-0.10698676854372025,8.28252844469878
68.42655682563782,8.558856010437012,-0.1023990660905838,8.26281290132021
68.47640371322632,8.553017616271973,-0.10998166352510452,8.24768438033854
68.52779793739319,8.545100212097168,-0.13058491051197052,8.23087982879214
68.57638263702393,8.536178588867188,-0.15068742632865906,8.21957545454144
68.62629294395447,8.527003288269043,-0.164695605635643,8.20035512486324
68.6763641834259,8.519301414489746,-0.1605343073606491,8.1846974408882
68.72642755508423,8.511972427368164,-0.15632712841033936,8.16843100102008
68.77784061431885,8.502718925476074,-0.16984958946704865,8.14633285293585
68.82652282714844,8.491649627685547,-0.19197775423526764,8.13514941860015
68.87634897232056,8.479798316955566,-0.21128696203231812,8.11761247221316
68.9263243675232,8.469164848327637,-0.2122667133808136,8.10312636253048
68.9764986038208,8.458842277526855,-0.21162888407707214,8.09245058806465
69.02651166915894,8.447965621948242,-0.21552473306655884,8.08816552185716
69.08248925209045,8.43494987487793,-0.21671636402606964,8.09197394367595
69.13102602958679,8.425355911254883,-0.2061876803636551,8.09483042454858
69.17629742622375,8.42099666595459,-0.173501119017601,8.10440456538527
69.23086428642273,8.416879653930664,-0.12621665000915527,8.12091582348218
69.27720642089844,8.413681030273438,-0.11135377734899521,8.13572735608304
69.32657837867737,8.410740852355957,-0.09061136841773987,8.15614601974657
69.37697505950928,8.408623695373535,-0.07181965559720993,8.1812633723503
69.42682600021362,8.409333229064941,-0.03638335317373276,8.20576199883017
69.47664475440979,8.412755966186523,0.0058219777420163155,8.23358644929549
69.52676582336426,8.415807723999023,0.027071308344602585,8.26123376384552
69.57708811759949,8.420024871826172,0.05113980546593666,8.29180099700692
69.62800407409668,8.424701690673828,0.06795033812522888,8.32614492800693
69.6767225265503,8.429898262023926,0.08321098983287811,8.36115305708855
69.7268168926239,8.437210083007812,0.109866663813591,8.397599575757
69.77654671669006,8.447508811950684,0.1500818431377411,8.4348299794914
69.82688117027283,8.45976734161377,0.18932457268238068,8.46511225560944
69.87651205062866,8.472521781921387,0.21667590737342834,8.50415891223748
69.92675995826721,8.483672142028809,0.21949368715286255,8.54127490957021
69.97672867774963,8.494196891784668,0.21752230823040009,8.58349055334735
70.02839469909668,8.508573532104492,0.22917772829532623,8.6246563952692
70.07639598846436,8.522970199584961,0.274262011051178,8.65799911901988
70.12702751159668,8.54178237915039,0.31671062111854553,8.70059416260324
70.1766951084137,8.559136390686035,0.32971078157424927,8.74278182370397
70.229008436203,8.580155372619629,0.3408997058868408,8.7808384658195
70.27804446220398,8.596607208251953,0.365448921918869,8.81709643307887
70.32701778411865,8.615458488464355,0.3716501295566559,8.84711133687983
70.3780128955841,8.634261131286621,0.37615907192230225,8.88797546137634
70.42620015144348,8.652350425720215,0.37218379974365234,8.92782928046485
70.47696566581726,8.67193603515625,0.3836986720561981,8.96595577234029
70.52685022354126,8.695172309875488,0.4199746549129486,9.00433208584859
70.57640218734741,8.71959400177002,0.4496992528438568,9.03102868465603
70.62670469284058,8.743420600891113,0.4629162847995758,9.07113334383544
70.67695665359497,8.765190124511719,0.4537760019302368,9.11580373196604
70.72690939903259,8.787623405456543,0.4557529389858246,9.15232328564496
70.77742123603821,8.813331604003906,0.48341989517211914,9.18525701619791
70.82723784446716,8.841489791870117,0.518933117389679,9.21074049247676
70.87661123275757,8.869242668151855,0.535905122756958,9.24225302541334
70.92659735679626,8.89289379119873,0.5120418071746826,9.27598860223346
70.976731300354,8.91533374786377,0.49072515964508057,9.30714286126023
71.03315258026123,8.944514274597168,0.49140244722366333,9.3345241946362
71.07657217979431,8.967514038085938,0.5209003686904907,9.34299468469656
71.13150906562805,8.997211456298828,0.5084935426712036,9.38748504596151
71.18180871009827,9.018299102783203,0.47276759147644043,9.41295067179126
71.23158740997314,9.043776512145996,0.48822715878486633,9.44795088742219
71.28190159797668,9.071784019470215,0.5163068771362305,9.48441777677893
71.3315954208374,9.100578308105469,0.5392084717750549,9.50951744121517
71.38161444664001,9.131110191345215,0.5670918822288513,9.53937490299919
71.4316771030426,9.160905838012695,0.5773781538009644,9.56827349368678
71.48183274269104,9.187878608703613,0.5609877109527588,9.60024346657582
71.52673482894897,9.210232734680176,0.5619879961013794,9.6256410920148
71.57725739479065,9.238576889038086,0.5686061382293701,9.65171215383635
71.62699866294861,9.268759727478027,0.5867844223976135,9.67904152122589
71.67671966552734,9.298497200012207,0.5930687189102173,9.71462479239313
71.73121738433838,9.333274841308594,0.5887395739555359,9.74572127428314
71.781423330307,9.363927841186523,0.5977074503898621,9.77631036385086
71.82860827445984,9.394814491271973,0.6048870086669922,9.81758489621058
71.87653994560242,9.42068099975586,0.6204773187637329,9.84787917339169
71.93070197105408,9.458196640014648,0.6249241232872009,9.87983405015591
71.97657322883606,9.48764705657959,0.6642448902130127,9.9005118968754
72.02653336524963,9.520423889160156,0.662964403629303,9.92966981781656
72.07686948776245,9.550843238830566,0.6451554894447327,9.96931720933938
72.12667441368103,9.580757141113281,0.6305683851242065,9.98966710115341
72.1769151687622,9.613312721252441,0.644587516784668,10.0164801633779
72.22702407836914,9.646270751953125,0.6537508964538574,10.0415257124153
72.27860856056213,9.682815551757812,0.6342591047286987,10.0758055947653
72.32815265655518,9.708409309387207,0.6378165483474731,10.1018364731153
72.37710666656494,9.739968299865723,0.6400593519210815,10.1309450903999
72.4281530380249,9.77289867401123,0.6519944667816162,10.158400663286
72.47659969329834,9.80652904510498,0.6645556688308716,10.1866427619096
72.52680206298828,9.84036922454834,0.6737062931060791,10.2131828887337
72.5766212940216,9.872815132141113,0.667249858379364,10.2398256711835
72.62680792808533,9.904997825622559,0.6625085473060608,10.2688484585401
72.67647767066956,9.936524391174316,0.6534313559532166,10.2950724276585
72.72630476951599,9.968368530273438,0.6516153216362,10.3190144659177
72.78244662284851,10.00663948059082,0.6471788883209229,10.3382735052917
72.83196234703064,10.038444519042969,0.6416271924972534,10.3603052389735
72.88175058364868,10.067448616027832,0.6159207224845886,10.3766545339282
72.93111252784729,10.09638500213623,0.600724995136261,10.4056513869907
72.98179960250854,10.125986099243164,0.5967622995376587,10.4314111760227
73.0266056060791,10.152565956115723,0.621474027633667,10.4494470076735
73.07669115066528,10.185807228088379,0.6432591676712036,10.4790231413108
73.12656474113464,10.218520164489746,0.6510726809501648,10.4918521136727
73.17696452140808,10.249924659729004,0.645636796951294,10.5136128719484
73.22773575782776,10.279190063476562,0.6246812343597412,10.5325909053905
73.27640342712402,10.307992935180664,0.609717071056366,10.5510650901546
73.3270046710968,10.336231231689453,0.5952228307723999,10.5699866674208
73.37627363204956,10.364975929260254,0.5916184782981873,10.5827166502307
73.4264931678772,10.393584251403809,0.5872409343719482,10.5983269990135
73.47655081748962,10.421438217163086,0.5787817239761353,10.6044215024088
73.52814984321594,10.447613716125488,0.5595792531967163,10.6057927228067
73.57640290260315,10.472278594970703,0.5364025831222534,10.6023219705411
73.62648105621338,10.493731498718262,0.4953502118587494,10.6001479811205
73.67810535430908,10.512323379516602,0.4486488401889801,10.5831325255092
73.72665739059448,10.529950141906738,0.4132094085216522,10.5651310047858
73.77844715118408,10.547175407409668,0.35515138506889343,10.5492954384258
73.8275773525238,10.557768821716309,0.3259560167789459,10.5398632871709
73.87630414962769,10.568517684936523,0.2830386757850647,10.524872731199
73.92626786231995,10.580741882324219,0.2710625231266022,10.5171864005162
73.9766013622284,10.593131065368652,0.262826144695282,10.5069521453167
74.02792382240295,10.605642318725586,0.26000145077705383,10.4989137854366
74.07881045341492,10.619598388671875,0.24748185276985168,10.5045747295491
74.12621259689331,10.628893852233887,0.24305741488933563,10.5006847018605
74.17649149894714,10.642322540283203,0.2564137279987335,10.4946347936027
74.22663450241089,10.655898094177246,0.26321715116500854,10.4878788755783
74.27860450744629,10.669758796691895,0.24851658940315247,10.4819519674568
74.32766795158386,10.677652359008789,0.23171384632587433,10.4798992495577
74.37791395187378,10.684234619140625,0.19204260408878326,10.4739787589589
74.4261908531189,10.691389083862305,0.17502577602863312,10.4715255626747
74.47809600830078,10.699517250061035,0.17118792235851288,10.4673575976496
74.53115773200989,10.708988189697266,0.16553960740566254,10.4600099523471
74.57649517059326,10.715875625610352,0.16823484003543854,10.463607130073
74.62673711776733,10.722813606262207,0.1567494124174118,10.4638211819791
74.67767119407654,10.729686737060547,0.150539830327034,10.4573184952406
74.7277319431305,10.737414360046387,0.15342028439044952,10.4530565047888
74.77666687965393,10.743012428283691,0.13635198771953583,10.452301294113
74.82915806770325,10.747981071472168,0.11247611045837402,10.4460588936913
74.87640428543091,10.751872062683105,0.1078498512506485,10.444636215974
74.93356657028198,10.755970001220703,0.08934672921895981,10.4427335407281
74.98339939117432,10.760078430175781,0.08675187826156616,10.4384277695494
75.03116989135742,10.76345443725586,0.07879884541034698,10.4420390645381
75.08275508880615,10.76612377166748,0.06857531517744064,10.4525414643129
75.13307857513428,10.770225524902344,0.07425249367952347,10.4537921263621
75.1810941696167,10.775580406188965,0.08734172582626343,10.4539780303636
75.23318314552307,10.781527519226074,0.09975391626358032,10.4599564590053
75.28107857704163,10.785909652709961,0.09436985105276108,10.4600378142149
75.33243703842163,10.78893756866455,0.08067768067121506,10.4618284010681
75.38109111785889,10.7913179397583,0.06746721267700195,10.4641098921363
75.43091893196106,10.793539047241211,0.05832614377140999,10.46549442416
75.48109722137451,10.795855522155762,0.05358176305890083,10.4726273159997
75.53265190124512,10.798347473144531,0.052095718681812286,10.4757568938855
75.5834608078003,10.800997734069824,0.052428483963012695,10.4765989075899
75.62624382972717,10.803300857543945,0.054302848875522614,10.4780632203459
75.6810793876648,10.80485725402832,0.04055646434426308,10.4822090376982
75.73280739784241,10.806419372558594,0.03709978982806206,10.4859353035129
75.77628564834595,10.808341979980469,0.040996186435222626,10.4898430533875
75.83518838882446,10.809839248657227,0.03296501934528351,10.4839288923316
75.88134908676147,10.811561584472656,0.03379830718040466,10.4875971939459
75.93113303184509,10.810680389404297,0.01270973589271307,10.4935783059217
75.97843146324158,10.809399604797363,-0.0022838490549474955,10.496745443946
76.03328037261963,10.8102445602417,0.0058976211585104465,10.4949029300931
76.08112335205078,10.81277847290039,0.02384302206337452,10.4946589206135
76.13119459152222,10.812698364257812,0.012935363687574863,10.4930501061212
76.18115735054016,10.811980247497559,0.0021989226806908846,10.4932861377839
76.23135781288147,10.809720039367676,-0.016881480813026428,10.4948772998235
76.28189730644226,10.808134078979492,-0.02236700803041458,10.4850274560784
76.33272695541382,10.80751895904541,-0.018153518438339233,10.4674468668389
76.38106536865234,10.804095268249512,-0.038808006793260574,10.4523018669816
76.43116617202759,10.796711921691895,-0.08250726759433746,10.4354933628334
76.48120164871216,10.788851737976074,-0.11164791136980057,10.4156234835978
76.53174209594727,10.77998161315918,-0.13763943314552307,10.3922672279403
76.58125066757202,10.770620346069336,-0.1570141613483429,10.3782348401851
76.63090872764587,10.759649276733398,-0.18179158866405487,10.356068364298
76.67656326293945,10.751066207885742,-0.19289933145046234,10.3444811147834
76.72647595405579,10.740419387817383,-0.20252417027950287,10.32870925997
76.77732372283936,10.73044204711914,-0.20195552706718445,10.3160868245141
76.82711839675903,10.720348358154297,-0.20367635786533356,10.3083314509099
76.87670230865479,10.71078872680664,-0.19941502809524536,10.294343091671
76.92621684074402,10.702269554138184,-0.1888265311717987,10.2808003328107
76.9761369228363,10.692910194396973,-0.19013366103172302,10.2652939932382
77.02851033210754,10.68040943145752,-0.19930920004844666,10.2545475996539
77.07862520217896,10.667264938354492,-0.22466762363910675,10.2441975811418
77.12664437294006,10.657830238342285,-0.2284071445465088,10.2309354673686
77.17631769180298,10.64712142944336,-0.22427615523338318,10.2159777770092
77.22652220726013,10.63492488861084,-0.23447035253047943,10.19995716289
77.27711629867554,10.621147155761719,-0.2528005838394165,10.185487509341
77.32677817344666,10.60666561126709,-0.2692211866378784,10.1716608593876
77.37665009498596,10.593393325805664,-0.2685455083847046,10.1554891593233
77.42661023139954,10.5803861618042,-0.2672617435455322,10.1436308485151
77.47624802589417,10.566779136657715,-0.2711252272129059,10.1298337184416
77.52720522880554,10.552835464477539,-0.27604612708091736,10.1119778043092
77.57668042182922,10.537428855895996,-0.2914590537548065,10.0941883034618
77.62660074234009,10.5219144821167,-0.3003695011138916,10.0799859687246
77.67621040344238,10.505948066711426,-0.3103615641593933,10.0641402692456
77.72615242004395,10.489130973815918,-0.3229222595691681,10.04807112997
77.77717232704163,10.471997261047363,-0.3328994810581207,10.0389916060788
77.82665228843689,10.454865455627441,-0.3388654291629791,10.014259289119
77.87634181976318,10.439205169677734,-0.3298964500427246,9.99890492030801
77.9265193939209,10.42247200012207,-0.33514404296875,9.98314626673657
77.97671222686768,10.40491771697998,-0.3434753715991974,9.96861425689604
78.02656030654907,10.387727737426758,-0.3456491231918335,9.95287078236994
78.07659697532654,10.370844841003418,-0.3445705771446228,9.951325645958
78.1263222694397,10.352822303771973,-0.3539097011089325,9.93574569785313
78.17684173583984,10.337449073791504,-0.33552372455596924,9.91826901359269
78.22677230834961,10.321805953979492,-0.33009517192840576,9.90111972009745
78.27665138244629,10.303573608398438,-0.34685540199279785,9.88389055475892
78.32658076286316,10.283886909484863,-0.3681335747241974,9.86752461363708
78.37660121917725,10.263653755187988,-0.3851059675216675,9.85007222059207
78.42662000656128,10.244754791259766,-0.3838011622428894,9.83314187721013
78.47667050361633,10.226194381713867,-0.3815692067146301,9.81941647828148
78.5265953540802,10.207064628601074,-0.38463035225868225,9.80161773066464
78.57645988464355,10.187601089477539,-0.38904327154159546,9.78718875393614
78.62637662887573,10.168001174926758,-0.39273932576179504,9.7723631944515
78.67696642875671,10.14838981628418,-0.39504992961883545,9.75534922309295
78.72651410102844,10.12882137298584,-0.39609646797180176,9.74055904249596
78.77644920349121,10.109307289123535,-0.3963002562522888,9.72142232192558
78.8264377117157,10.089838027954102,-0.39608660340309143,9.70530412585967
78.87641596794128,10.069058418273926,-0.40724295377731323,9.6847253676607
78.92643094062805,10.048182487487793,-0.4135083854198456,9.66519787181006
78.9764769077301,10.026803016662598,-0.4223178029060364,9.64568473247354
79.0267071723938,10.004508972167969,-0.43466609716415405,9.62902362209518
79.07647728919983,9.981847763061523,-0.4449048936367035,9.60933253427168
79.127028465271,9.960494041442871,-0.43976858258247375,9.59268792223629
79.17697787284851,9.939373016357422,-0.43605396151542664,9.57480033272206
79.2308611869812,9.913992881774902,-0.43135446310043335,9.55888269375352
79.28094291687012,9.891731262207031,-0.4363629221916199,9.54605246438726
79.33097863197327,9.871028900146484,-0.42657628655433655,9.53240683472633
79.38087558746338,9.851576805114746,-0.41104820370674133,9.51449027157364
79.42693257331848,9.835693359375,-0.40753450989723206,9.49586936135159
79.4762122631073,9.815522193908691,-0.40940263867378235,9.47515009451244
79.52626752853394,9.79245662689209,-0.4340646266937256,9.45894466131559
79.5763533115387,9.76714038848877,-0.46622180938720703,9.4494029091413
79.6307282447815,9.7400484085083,-0.4586223065853119,9.42505604680585
79.680668592453,9.719818115234375,-0.43627217411994934,9.39578829319164
79.73063778877258,9.69921875,-0.426453173160553,9.36706876165258
79.78073930740356,9.674367904663086,-0.45490238070487976,9.33418603763484
79.8307592868805,9.648115158081055,-0.48204272985458374,9.28957111112157
79.88078618049622,9.620153427124023,-0.5122450590133667,9.2557518575298
79.93065190315247,9.587897300720215,-0.5649939179420471,9.21539251334843
79.98076319694519,9.556464195251465,-0.5887733101844788,9.17401057086565
80.03262257575989,9.525189399719238,-0.6025316119194031,9.12978263626567
80.0808515548706,9.493971824645996,-0.6103338003158569,9.10200111615269
80.13078832626343,9.461271286010742,-0.6271994709968567,9.05473181267406
80.18094801902771,9.430937767028809,-0.6175484657287598,9.00990660114373
80.23135542869568,9.39769458770752,-0.6364502906799316,8.96178539684306
80.27638244628906,9.367691993713379,-0.6764340400695801,8.91890002870033
80.32660245895386,9.33065414428711,-0.7066972851753235,8.88128463694922
80.37766599655151,9.293264389038086,-0.7275537252426147,8.83214344698331
80.42762398719788,9.256099700927734,-0.7383158206939697,8.78140801133292
80.48258686065674,9.213390350341797,-0.727644145488739,8.73030181460836
80.53229427337646,9.175347328186035,-0.7402441501617432,8.68172098316042
80.58250594139099,9.136258125305176,-0.7558732032775879,8.64525967414985
80.63297533988953,9.095084190368652,-0.782090961933136,8.59282178193975
80.67780184745789,9.062294006347656,-0.7961808443069458,8.53904112437023
80.72620725631714,9.022456169128418,-0.8024247884750366,8.49215480566653
80.77784514427185,8.979736328125,-0.8296032547950745,8.43855496272551
80.82592844963074,8.936169624328613,-0.8512667417526245,8.38957043646032
80.88073968887329,8.884617805480957,-0.8572961091995239,8.33529272328091
80.93067049980164,8.839492797851562,-0.874125599861145,8.28023475317671
80.97652435302734,8.802985191345215,-0.8890053629875183,8.22598745431507
81.02802228927612,8.758034706115723,-0.8998858332633972,8.16960152207
81.07606410980225,8.71105670928955,-0.9220736622810364,8.11573804372321
81.12621641159058,8.661810874938965,-0.9540567994117737,8.05246973388689
81.17632150650024,8.612262725830078,-0.9743925333023071,7.99605370904037
81.22669839859009,8.561051368713379,-1.0017666816711426,7.93979666661347
81.27640843391418,8.51043701171875,-1.0112226009368896,7.8812100565396
81.32644987106323,8.460640907287598,-1.0117241144180298,7.82842082989664
81.37651586532593,8.409344673156738,-1.0247957706451416,7.7666087722408
81.42659878730774,8.357857704162598,-1.0329259634017944,7.69779995810159
81.47636699676514,8.304510116577148,-1.0545178651809692,7.63931463739746
81.52635622024536,8.24881649017334,-1.085574746131897,7.57468124794933
81.57652449607849,8.192169189453125,-1.1115641593933105,7.50679033975348
81.62621235847473,8.135435104370117,-1.1278001070022583,7.43576899364628
81.67642164230347,8.07767391204834,-1.146630883216858,7.35242609808295
81.73076105117798,8.007530212402344,-1.1605545282363892,7.27782668474903
81.78082275390625,7.943742752075195,-1.2051814794540405,7.20069558752842
81.8307933807373,7.880065441131592,-1.2303375005722046,7.13576386289834
81.87629437446594,7.8262248039245605,-1.2724344730377197,7.05492878198932
81.92612290382385,7.764188289642334,-1.2663356065750122,6.98172379970745
81.97691345214844,7.6983866691589355,-1.297613501548767,6.89815736331555
82.02821731567383,7.6182451248168945,-1.3176333904266357,6.82393248898018
82.07673859596252,7.559540748596191,-1.371453881263733,6.74864346330442
82.12668919563293,7.49281644821167,-1.3630561828613281,6.67127614828819
82.17675566673279,7.425134658813477,-1.3701001405715942,6.58821189545861
82.22654581069946,7.355234622955322,-1.39029061794281,6.51479934623441
82.27656412124634,7.282310962677002,-1.4280890226364136,6.43891727813226
82.32651376724243,7.209257125854492,-1.4494074583053589,6.3652651773741
82.37649941444397,7.138113021850586,-1.4474257230758667,6.28942509034258
82.4264783859253,7.066941738128662,-1.447615146636963,6.20937736476246
82.47647953033447,6.994997024536133,-1.453704833984375,6.13001345530887
82.52707958221436,6.9213080406188965,-1.4720029830932617,6.04739693195453
82.57626509666443,6.844705104827881,-1.5066485404968262,5.95681921838615
82.62635779380798,6.7660675048828125,-1.5431315898895264,5.85925787681477
82.67643189430237,6.686817646026611,-1.5697245597839355,5.7647281408292
82.72648906707764,6.603733539581299,-1.618791103363037,5.66590180104814
82.77782464027405,6.5181074142456055,-1.6666638851165771,5.56800334203595
82.82617521286011,6.432527542114258,-1.6949940919876099,5.46304835197182
82.87647366523743,6.346289157867432,-1.7182234525680542,5.35673620378685
82.9264771938324,6.25801944732666,-1.749008297920227,5.24901013592047
82.97648167610168,6.166916847229004,-1.7905138731002808,5.14096328467887
83.02667570114136,6.0739922523498535,-1.8294644355773926,5.03233346567353
83.08075404167175,5.9637675285339355,-1.837726354598999,4.93409860324224
83.13067603111267,5.867893695831299,-1.8669530153274536,4.82654459812928
83.18077826499939,5.777172088623047,-1.8424465656280518,4.73131194096089
83.23063611984253,5.685545444488525,-1.8369600772857666,4.64134928228457
83.28070187568665,5.592048645019531,-1.84812331199646,4.56059447538019
83.33080053329468,5.499181747436523,-1.8492112159729004,4.47215302578002
83.37620544433594,5.423398494720459,-1.869031548500061,4.39091691945225
83.42631316184998,5.333210468292236,-1.8553599119186401,4.31136707073234
83.48074293136597,5.224225997924805,-1.8440309762954712,4.23050221091477
83.53071975708008,5.130314826965332,-1.8548299074172974,4.15021694055238
83.58077311515808,5.041076183319092,-1.8237230777740479,4.06251508312862
83.63088274002075,4.953476428985596,-1.7931554317474365,3.97607788675978
83.6809675693512,4.862573146820068,-1.8018381595611572,3.88187294241546
83.73067235946655,4.76708984375,-1.8431648015975952,3.78612379908137
83.78072333335876,4.667231559753418,-1.9024657011032104,3.69089392534081
83.83070731163025,4.56695556640625,-1.9404938220977783,3.58275825728892
83.88056540489197,4.467616081237793,-1.956046462059021,3.48251338620231
83.93036222457886,4.365890979766846,-1.9852639436721802,3.38794194880095
83.97663831710815,4.280645370483398,-2.0392258167266846,3.29122383687178
84.03129291534424,4.163037300109863,-2.007290840148926,3.19238968566978
84.08062434196472,4.0591840744018555,-2.0331480503082275,3.08629725845163
84.130690574646,3.9583122730255127,-2.023399829864502,2.99182028810838
84.18061137199402,3.855332612991333,-2.0360512733459473,2.89436486637822
84.23123931884766,3.7534449100494385,-2.033723831176758,2.80124949800899
84.2807719707489,3.651312828063965,-2.03495192527771,2.70692479110477
84.33075904846191,3.5486679077148438,-2.03965163230896,2.59116828793862
84.38091516494751,3.4457664489746094,-2.044450521469116,2.49738735886608
84.43083715438843,3.3376893997192383,-2.0895211696624756,2.40119542125818
84.47705006599426,3.246894359588623,-2.155134439468384,2.30635128959875
84.52623414993286,3.140713930130005,-2.155043363571167,2.22009034175934
84.57636952400208,3.033015012741089,-2.1702263355255127,2.11484453194801
84.62624311447144,2.92764949798584,-2.1566195487976074,2.02925516017598
84.67649006843567,2.822657346725464,-2.149085760116577,1.94553996946238
84.73064351081848,2.7013442516326904,-2.0948433876037598,1.86815283042154
84.78240418434143,2.598668098449707,-2.0757791996002197,1.79098297272583
84.8308424949646,2.503369092941284,-2.0044116973876953,1.696931767426
84.88069081306458,2.40804386138916,-1.9640557765960693,1.62315173572333
84.92637467384338,2.3225362300872803,-2.0290133953094482,1.55402879026549
84.97653341293335,2.2194814682006836,-2.054152011871338,1.48919892687528
85.03186392784119,2.0996687412261963,-2.0328691005706787,1.42492514912619
85.07735395431519,2.0170884132385254,-2.048006296157837,1.33430484176258
85.1265161037445,1.926065444946289,-1.966715931892395,1.27536347561644
85.17658114433289,1.8307104110717773,-1.960828185081482,1.21416283398468
85.22657632827759,1.7327589988708496,-1.9715242385864258,1.15449804358598
85.27666401863098,1.6383382081985474,-1.94948148727417,1.10057223158676
85.32656478881836,1.5466763973236084,-1.9149538278579712,1.00848544636511
85.3775908946991,1.4575194120407104,-1.873741626739502,0.949674092909909
85.42651844024658,1.3632842302322388,-1.8941305875778198,0.890360080566399
85.47693419456482,1.2674616575241089,-1.9139409065246582,0.832707785964685
85.52627682685852,1.1753334999084473,-1.8960940837860107,0.775430833213587
85.5771837234497,1.0875107049942017,-1.8509635925292969,0.677298131982316
85.62668085098267,1.002470850944519,-1.8024168014526367,0.626715569055516
85.67685198783875,0.9102897644042969,-1.83552086353302,0.581464304326382
85.72663187980652,0.8172599673271179,-1.8549060821533203,0.551214022637006
85.77662062644958,0.7299551963806152,-1.821112871170044,0.524012537046763
85.82650828361511,0.652036726474762,-1.7236597537994385,0.462844201203329
85.87661623954773,0.5815872550010681,-1.6075514554977417,0.43978007736863
85.92691946029663,0.5071156620979309,-1.5749026536941528,0.423808203120912
85.9778094291687,0.4319341480731964,-1.554985523223877,0.413047939542018
86.02690148353577,0.36092403531074524,-1.5096492767333984,0.413383808205991
86.07631349563599,0.29526710510253906,-1.43878173828125,0.385817522855189
86.12754774093628,0.23597875237464905,-1.3447699546813965,0.396464459119786
86.17677426338196,0.17657774686813354,-1.2928146123886108,0.403598072712339
86.22693157196045,0.12031485140323639,-1.2315939664840698,0.406711750481029
86.27816867828369,0.0686759203672409,-1.1591801643371582,0.405450017017693
86.32709407806396,0.01866699568927288,-1.103195309638977,0.347193402767076
86.37643575668335,-0.015440963208675385,-0.9327585697174072,0.346776883770545
86.42663717269897,-0.030385766178369522,-0.6802167296409607,0.348938020220797
86.47675132751465,-0.01595347560942173,-0.2843658924102783,0.350141674411371
86.52789950370789,0.005652500782161951,-0.005762117449194193,0.348766407446324
86.57668471336365,0.027585085481405258,0.17304010689258575,0.309875065906526
86.6267147064209,0.03973753750324249,0.19408614933490753,0.308117006627581
86.67677187919617,0.05367443338036537,0.2345026284456253,0.308716306109517
86.72676301002502,0.045020658522844315,0.05611612647771835,0.310287400408855
86.77686047554016,0.035580601543188095,-0.03114795684814453,0.311481348022903
86.82667660713196,0.03223933279514313,-0.046819064766168594,0.295870735076026
86.87685203552246,0.03208917751908302,-0.026877233758568764,0.294794392221093
86.92677593231201,0.03544566035270691,0.011001020669937134,0.294674186102142
86.97670483589172,0.034327562898397446,-0.005552741698920727,0.292867800405493
87.02790641784668,0.03539090231060982,0.008394081145524979,0.292881960641171
87.07708930969238,0.03422416374087334,-0.007490623742341995,0.277106430635177
87.12725853919983,0.03529709577560425,0.00730708334594965,0.277328609725982
87.17725729942322,0.036831676959991455,0.015068667940795422,0.277580337409834
87.22732400894165,0.035483065992593765,-0.0025606255512684584,0.276964769170627
87.27870845794678,0.035298872739076614,-0.0012714621843770146,0.275089476265318
87.32711338996887,0.034423038363456726,-0.008584916591644287,0.259858845982531
87.38067173957825,0.034901026636362076,0.00032951257890090346,0.259767875794325
87.43063735961914,0.0374961793422699,0.020985564216971397,0.260168776636691
87.48111295700073,0.03412308916449547,-0.015693580731749535,0.25913229338956
87.53203415870667,0.036088939756155014,0.0079899737611413,0.257690376783537
87.58077502250671,0.0316002331674099,-0.032835230231285095,0.2415646558269
87.63062357902527,0.03449835628271103,0.005657200235873461,0.239856925228382
87.68050956726074,0.03449288010597229,0.0018792991759255528,0.238654586774099
87.73069500923157,0.03711233660578728,0.022835951298475266,0.237741146005954
87.7811028957367,0.03408224508166313,-0.011934306472539902,0.235180234777387
87.83099389076233,0.03620566800236702,0.011460077948868275,0.224492230907065
87.88065195083618,0.03345059975981712,-0.016625260934233665,0.224246937885465
87.93063116073608,0.03927731513977051,0.03873462602496147,0.223389696604106
87.98058533668518,0.03245832026004791,-0.03462305665016174,0.221194385154431
88.03112554550171,0.039445921778678894,0.03912358731031418,0.219997089831489
88.08063077926636,0.029441554099321365,-0.061207111924886703,0.209412449271318
88.13060784339905,0.03367295861244202,0.0018964026821777225,0.208023632746907
88.18053078651428,0.03106645680963993,-0.022675644606351852,0.206584799542532
88.23122811317444,0.03810116648674011,0.04517820104956627,0.205497397511391
88.28226065635681,0.032359469681978226,-0.022437376901507378,0.202472275268866
88.33086109161377,0.03983335569500923,0.0501827634871006,0.190474622425582
88.38066005706787,0.029922116547822952,-0.05386102572083473,0.187591486983823
88.43061757087708,0.034052494913339615,0.0055173421278595924,0.18665328458594
88.48068404197693,0.02959119901061058,-0.03557300567626953,0.184594349564105
88.530752658844,0.03693793714046478,0.04059557616710663,0.18273644819918
88.58072566986084,0.030188484117388725,-0.033704664558172226,0.171442348664016
88.63068652153015,0.03683662414550781,0.037050675600767136,0.17037297786354
88.68071484565735,0.031741514801979065,-0.022310733795166016,0.16779822544486
88.7306718826294,0.03796977922320366,0.039899054914712906,0.165407312256477
88.78066897392273,0.03044365905225277,-0.040123701095581055,0.164670364457592
88.82707381248474,0.034880634397268295,0.01421088632196188,0.149235058059541
88.87646102905273,0.03166365623474121,-0.0256888959556818,0.147781356278381
88.92630887031555,0.033244941383600235,0.005003591533750296,0.146317693011672
88.97638273239136,0.03155140206217766,-0.017097201198339462,0.145280863987352
89.0308883190155,0.03737177327275276,0.043490711599588394,0.144193128537615
89.08075380325317,0.03210500627756119,-0.019778454676270485,0.141723332097949
89.13067889213562,0.03985495865345001,0.05390923097729683,0.140400990184464
89.18059968948364,0.031755488365888596,-0.036893684417009354,0.137720873742608
89.23075914382935,0.03715171292424202,0.025465674698352814,0.135717618491092
89.28074836730957,0.03143293038010597,-0.03407164663076401,0.133263473248246
89.33064675331116,0.039187561720609665,0.04538119211792946,0.12655333740575
89.37663960456848,0.0334596186876297,-0.02183392271399498,0.124679880411414
89.43064403533936,0.03520188480615616,0.01114915031939745,0.122171065948756
89.47820472717285,0.030093219131231308,-0.03720112517476082,0.118432222453988
89.53083992004395,0.037018269300460815,0.0363614521920681,0.118163433339095
89.58066391944885,0.030066290870308876,-0.0378066822886467,0.112689497472615
89.63078594207764,0.036664191633462906,0.03420458734035492,0.111873077023478
89.68074917793274,0.029897300526499748,-0.03766876831650734,0.109899797180512
89.73074340820312,0.036623209714889526,0.035276420414447784,0.108520521359051
89.78071737289429,0.02992265298962593,-0.036513954401016235,0.106042701179844
89.83070540428162,0.03666931018233299,0.036128681153059006,0.0959115727947808
89.88062953948975,0.03166496381163597,-0.022161787375807762,0.0934574808528667
89.9306709766388,0.039655037224292755,0.054336752742528915,0.0922895795591742
89.98074769973755,0.0317159928381443,-0.03539785370230675,0.0910499066794405
90.03118228912354,0.03719187527894974,0.026977522298693657,0.0901873208401423
90.08060359954834,0.03149516507983208,-0.03299521654844284,0.0898939945075781
90.13066458702087,0.039240963757038116,0.045957908034324646,0.0886366672418562
90.18076157569885,0.03131932392716408,-0.040283773094415665,0.0859760458706607
90.23099851608276,0.03521773964166641,0.011126037687063217,0.0843639615459417
90.2773425579071,0.031492121517658234,-0.02653835341334343,0.082343604191184
90.32816410064697,0.0365317240357399,0.03238687291741371,0.0832268377102238
90.37742900848389,0.03341979160904884,-0.015154553577303886,0.0798798983519969
90.42722487449646,0.03541244938969612,0.015662530437111855,0.0786284329817595
90.477374792099,0.03319161385297775,-0.015953319147229195,0.0767772268768848
90.5276370048523,0.036015842109918594,0.02044181525707245,0.0755805790868127
90.57700490951538,0.033517107367515564,-0.01523714978247881,0.0772212176014992
90.62677192687988,0.03612814471125603,0.019223492592573166,0.0755075674485377
90.67703628540039,0.03217114508152008,-0.02840394899249077,0.0733131905514501
90.73085904121399,0.036446794867515564,0.027578888460993767,0.0720733150428949
90.78134989738464,0.03131425380706787,-0.028275275602936745,0.0695569633546058
90.8309211730957,0.03935248777270317,0.05104581266641617,0.0708799824597487
90.88083148002625,0.03152238205075264,-0.03652786836028099,0.0685871097910783
90.93082404136658,0.037101149559020996,0.02709547057747841,0.0675953003426156
90.98086524009705,0.0297737717628479,-0.04625958204269409,0.0659617998586958
91.03216934204102,0.03629785776138306,0.02856937237083912,0.0658798399265614
91.07671976089478,0.03146715462207794,-0.025119705125689507,0.0626672358795779
91.12638807296753,0.03454608470201492,0.018085794523358345,0.0617761606920262
91.17700433731079,0.033039845526218414,-0.008979317732155323,0.0608426253699812
91.23103451728821,0.039618782699108124,0.054845571517944336,0.0602774299281963
91.2808928489685,0.03342437371611595,-0.020877253264188766,0.0594431359632618
91.33084440231323,0.04017416015267372,0.04552208259701729,0.0570524985555178
91.37690305709839,0.03384634479880333,-0.026634469628334045,0.0564202661095239
91.4269471168518,0.03513756021857262,0.003363581607118249,0.0557945648844334
91.47654843330383,0.032699331641197205,-0.025002526119351387,0.0554331999951069
91.52657723426819,0.0355752557516098,0.015419205650687218,0.0556792454809067
91.57655668258667,0.0332273431122303,-0.017081130295991898,0.0597438986568602
91.62689089775085,0.03732207044959068,0.030751921236515045,0.0587069309339893
91.67667055130005,0.0335778072476387,-0.021020498126745224,0.0577191105457979
91.7308931350708,0.03695233166217804,0.02496243827044964,0.0578887821454472
91.7808928489685,0.03136194497346878,-0.033380988985300064,0.0577460758658143
91.83100199699402,0.03749096393585205,0.03249906003475189,0.0633752502027979
91.87667512893677,0.032048020511865616,-0.02749744802713394,0.0603595736022721
91.92652297019958,0.03462224826216698,0.01276099868118763,0.059703077684704
91.98109340667725,0.03136797994375229,-0.027071822434663773,0.058361751772297
92.03158378601074,0.03940790519118309,0.051779989153146744,0.0575376405677086
92.07821440696716,0.03156231343746185,-0.036207668483257294,0.0634091209569105
92.13091802597046,0.03712282329797745,0.02714625373482704,0.0620947949527505
92.18090605735779,0.028080468997359276,-0.060215678066015244,0.0601513010185909
92.23104405403137,0.03333882987499237,0.010426283814013004,0.0601513010185909
92.28148698806763,0.03126606345176697,-0.013440295122563839,0.0601513010185909
92.33079957962036,0.03846898674964905,0.05201170593500137,0.0601513010185909
92.38106513023376,0.032691117376089096,-0.018622398376464844,0.0601513010185909
92.43095779418945,0.040052637457847595,0.05160032957792282,0.0601513010185909
92.48085188865662,0.030029553920030594,-0.05387593060731888,0.0601513010185909
92.53260850906372,0.03408101946115494,0.004898636601865292,0.0601513010185909
92.58241963386536,0.02957788109779358,-0.03626708313822746,0.0601513010185909
92.6311399936676,0.03691074997186661,0.04007251560688019,0.0601513010185909
92.6809823513031,0.030163360759615898,-0.03400212153792381,0.0601513010185909
92.73083639144897,0.03681972622871399,0.03693600744009018,0.0601513010185909
92.78215479850769,0.030032163485884666,-0.0361919030547142,0.0601513010185909
92.83092379570007,0.036709848791360855,0.03578867390751839,0.0601513010185909
92.88099265098572,0.029963476583361626,-0.036561060696840286,0.0601513010185909
92.93094182014465,0.0366787388920784,0.03585787117481232,0.0601513010185909
92.98097848892212,0.029957421123981476,-0.03632599860429764,0.0601513010185909
93.03256916999817,0.036685094237327576,0.03609459474682808,0.0601513010185909
93.08160614967346,0.029967183247208595,-0.03615781292319298,0.0601513010185909
93.13089680671692,0.034992560744285583,0.02230684831738472,0.0601513010185909
93.180508852005,0.030415860936045647,-0.026404881849884987,0.0601513010185909
93.22631478309631,0.03698381036520004,0.04073581472039223,0.0601513010185909
93.27668285369873,0.03382571414113045,-0.010508769191801548,0.0601513010185909
93.32664036750793,0.03434513509273529,0.005893681664019823,0.0601513010185909
93.37653613090515,0.03187897056341171,-0.02253434993326664,0.0601513010185909
93.42639112472534,0.0354374460875988,0.02217249386012554,0.0601513010185909
93.4765419960022,0.033419620245695114,-0.010483931750059128,0.0601513010185909
93.52647495269775,0.03626334294676781,0.02386961691081524,0.0601513010185909
93.5765130519867,0.0323655866086483,-0.025162292644381523,0.0601513010185909
93.62646436691284,0.03478743135929108,0.012982629239559174,0.0601513010185909
93.67654752731323,0.031596727669239044,-0.026221828535199165,0.0601513010185909
93.72653412818909,0.03454364463686943,0.016405288130044937,0.0601513010185909
93.77710032463074,0.03298206999897957,-0.010413827374577522,0.0601513010185909
93.82658839225769,0.03614748269319534,0.02639746479690075,0.0601513010185909
93.87635517120361,0.032420191913843155,-0.022330399602651596,0.0601513010185909
93.92630743980408,0.034898433834314346,0.01511527132242918,0.0601513010185909
93.97638320922852,0.031699202954769135,-0.02500985749065876,0.0601513010185909
94.02632021903992,0.03461252897977829,0.01687188260257244,0.0601513010185909
94.07640981674194,0.033016543835401535,-0.010400166735053062,0.0601513010185909
94.1262378692627,0.036157261580228806,0.026214836165308952,0.0601513010185909
94.17637729644775,0.03241662681102753,-0.02254294417798519,0.0601513010185909
94.22656679153442,0.03489024564623833,0.014952195808291435,0.0601513010185909
94.27639412879944,0.031691450625658035,-0.025104230269789696,0.0601513010185909
94.33252835273743,0.03648783639073372,0.033156752586364746,0.0601513010185909
94.38277173042297,0.02981403097510338,-0.0375773124396801,0.0601513010185909
94.43101119995117,0.036603815853595734,0.035824812948703766,0.0601513010185909
94.48115587234497,0.0299360491335392,-0.035931967198848724,0.0601513010185909
94.53095149993896,0.03499182313680649,0.022677050903439522,0.0601513010185909
94.58122372627258,0.030428241938352585,-0.02608167566359043,0.0601513010185909
94.62686276435852,0.03566344082355499,0.029485097154974937,0.0601513010185909
94.67660331726074,0.03239431977272034,-0.016939835622906685,0.0601513010185909
94.72738838195801,0.03507464751601219,0.019906803965568542,0.0601513010185909
94.77831768989563,0.03170561417937279,-0.0240704957395792,0.0601513010185909
94.82853055000305,0.03790026903152466,0.03858491778373718,0.0601513010185909
94.8768002986908,0.032389942556619644,-0.02399340830743313,0.0601513010185909
94.92782783508301,0.03483374044299126,0.013852644711732864,0.0601513010185909
94.97674417495728,0.03163880854845047,-0.025733180344104767,0.0601513010185909
95.02857255935669,0.03645598143339157,0.03297064080834389,0.0601513010185909
95.0778386592865,0.03166097775101662,-0.02189674973487854,0.0601513010185909
95.12656307220459,0.03470800071954727,0.019770363345742226,0.0601513010185909
95.17675280570984,0.03180595114827156,-0.019924158230423927,0.0601513010185909
95.22714304924011,0.034814219921827316,0.02065281942486763,0.0601513010185909
95.27679252624512,0.03319954872131348,-0.008279100060462952,0.0601513010185909
95.32809710502625,0.037970226258039474,0.04055967181921005,0.0601513010185909
95.37674450874329,0.0324765220284462,-0.022542398422956467,0.0601513010185909
95.42858266830444,0.03671278804540634,0.03044086880981922,0.0601513010185909
95.48111701011658,0.02978251874446869,-0.04118642956018448,0.0601513010185909
95.53114628791809,0.036472637206315994,0.032892145216464996,0.0601513010185909
95.58307671546936,0.029800929129123688,-0.03771963715553284,0.0601513010185909
95.63088870048523,0.03659543767571449,0.035776033997535706,0.0601513010185909
95.68240141868591,0.02993212826550007,-0.03592676669359207,0.0601513010185909
95.73138785362244,0.036691825836896896,0.03658129274845123,0.0601513010185909
95.78341746330261,0.029985543340444565,-0.03577633947134018,0.0601513010185909
95.83307528495789,0.036711372435092926,0.03640970587730408,0.0601513010185909
95.88092494010925,0.02998499572277069,-0.03603444993495941,0.0601513010185909
95.93309235572815,0.035001568496227264,0.022312719374895096,0.0601513010185909
95.98095965385437,0.028717607259750366,-0.0403282530605793,0.0601513010185909
96.0311827659607,0.03621402010321617,0.03963698819279671,0.0601513010185909
96.08264493942261,0.02996027283370495,-0.030448470264673233,0.0601513010185909
96.13081812858582,0.03518473356962204,0.027266183868050575,0.0601513010185909
96.18346929550171,0.030636342242360115,-0.02321457862854004,0.0601513010185909
96.2264633178711,0.03583044558763504,0.031059568747878075,0.0601513010185909
96.27889060974121,0.03053998574614525,-0.03356649726629257,0.0601513010185909
96.3286964893341,0.03693631291389465,0.035187557339668274,0.0601513010185909
96.37656688690186,0.03191394358873367,-0.022275136783719063,0.0601513010185909
96.42894291877747,0.03662874922156334,0.034080907702445984,0.0601513010185909
96.47724556922913,0.03176138550043106,-0.02174757421016693,0.0601513010185909
96.52655744552612,0.03340530022978783,0.00784915778785944,0.0601513010185909
96.57902240753174,0.028670355677604675,-0.04052964597940445,0.0601513010185909
96.62841582298279,0.03619440644979477,0.03972989320755005,0.0601513010185909
96.68102073669434,0.029958130791783333,-0.03025779314339161,0.0601513010185909
96.73095726966858,0.0351906344294548,0.02744259685277939,0.0601513010185909
96.7835431098938,0.028943046927452087,-0.036973465234041214,0.0601513010185909
96.83339214324951,0.03638896346092224,0.041256871074438095,0.0601513010185909
96.88082504272461,0.028361717239022255,-0.04391660541296005,0.0601513010185909
96.93323850631714,0.03396878391504288,0.022886965423822403,0.0601513010185909
96.98340630531311,0.030158909037709236,-0.020131630823016167,0.0601513010185909
97.0311005115509,0.03761615231633186,0.050701677799224854,0.0601513010185909
97.08355951309204,0.03071523644030094,-0.028819723054766655,0.0601513010185909
97.13103699684143,0.03544411063194275,0.024412456899881363,0.0601513010185909
97.1835629940033,0.028908563777804375,-0.041014280170202255,0.0601513010185909
97.23075819015503,0.03624230995774269,0.037968918681144714,0.0601513010185909
97.2807822227478,0.028210340067744255,-0.04592319577932358,0.0601513010185909
97.33073711395264,0.033859677612781525,0.02201131172478199,0.0601513010185909
97.38094186782837,0.030099663883447647,-0.02027100883424282,0.0601513010185909
97.43088293075562,0.03759540617465973,0.05091565474867821,0.0601513010185909
97.48084378242493,0.030716901645064354,-0.0285183172672987,0.0601513010185909
97.5264835357666,0.034001097083091736,0.011943671852350235,0.0601513010185909
97.57640552520752,0.030656712129712105,-0.026863837614655495,0.0601513010185909
97.62644982337952,0.03426779434084892,0.02115294151008129,0.0601513010185909
97.67641067504883,0.031733978539705276,-0.016250215470790863,0.0601513010185909
97.73104691505432,0.035118889063596725,0.026151398196816444,0.0601513010185909
97.7825813293457,0.030580662190914154,-0.02380400151014328,0.0601513010185909
97.83097982406616,0.03760531544685364,0.04515843465924263,0.0601513010185909
97.88064861297607,0.030523912981152534,-0.03353584185242653,0.0601513010185909
97.93072080612183,0.035232122987508774,0.021426968276500702,0.0601513010185909
97.98074197769165,0.02874981053173542,-0.042391758412122726,0.0601513010185909
98.0308427810669,0.03615259379148483,0.037677038460969925,0.0601513010185909
98.08076500892639,0.02817617543041706,-0.04566880688071251,0.0601513010185909
98.13066077232361,0.033859092742204666,0.022423213347792625,0.0601513010185909
98.18075680732727,0.030113503336906433,-0.01991271786391735,0.0601513010185909
98.23082852363586,0.03761132061481476,0.051146384328603745,0.0601513010185909
98.28074026107788,0.029028158634901047,-0.04228687286376953,0.0601513010185909
98.33064270019531,0.03420427441596985,0.020533278584480286,0.0601513010185909
98.38073015213013,0.028441669419407845,-0.03736567497253418,0.0601513010185909
98.43073344230652,0.03624013811349869,0.04374624416232109,0.0601513010185909
98.48059105873108,0.030106989666819572,-0.027054348960518837,0.0601513010185909
98.53076648712158,0.03533973544836044,0.029363904148340225,0.0601513010185909
98.58078718185425,0.02904864028096199,-0.0361584797501564,0.0601513010185909
98.63074827194214,0.036445196717977524,0.041363783180713654,0.0601513010185909
98.68070411682129,0.02838054858148098,-0.044141583144664764,0.0601513010185909
98.73069262504578,0.03226533904671669,0.008709246292710304,0.0601513010185909
98.77671337127686,0.029908781871199608,-0.016385965049266815,0.0601513010185909
98.83080291748047,0.03712385892868042,0.05406319350004196,0.0601513010185909
98.88097524642944,0.03069644421339035,-0.02314659021794796,0.0601513010185909
98.92627906799316,0.03548980876803398,0.02842719666659832,0.0601513010185909
98.97624659538269,0.032311443239450455,-0.01687239669263363,0.0601513010185909
99.02767395973206,0.03371964022517204,0.008948739618062973,0.0601513010185909
99.0764627456665,0.030478863045573235,-0.02785770781338215,0.0601513010185909
99.12654161453247,0.03418595343828201,0.0212993361055851,0.0601513010185909
99.17642593383789,0.031716834753751755,-0.015662536025047302,0.0601513010185909
99.22659516334534,0.03360007330775261,0.013344522565603256,0.0601513010185909
99.27771139144897,0.030595948919653893,-0.023395104333758354,0.0601513010185909
99.32658076286316,0.03436926007270813,0.024484990164637566,0.0601513010185909
99.37662959098816,0.0318746417760849,-0.013950826600193977,0.0601513010185909
99.42638444900513,0.033700890839099884,0.013929787091910839,0.0601513010185909
99.4807755947113,0.028942754492163658,-0.037431638687849045,0.0601513010185909
99.53065896034241,0.036373309791088104,0.04086367413401604,0.0601513010185909
99.57776379585266,0.03186658397316933,-0.014287101104855537,0.0601513010185909
99.62672138214111,0.0336872860789299,0.013685435988008976,0.0601513010185909
99.67616772651672,0.03063110262155533,-0.023593120276927948,0.0601513010185909
99.7262749671936,0.034372031688690186,0.024116091430187225,0.0601513010185909
99.77802419662476,0.031862854957580566,-0.014284370467066765,0.0601513010185909
99.82649612426758,0.03368636965751648,0.013708814047276974,0.0601513010185909
99.87590289115906,0.030631650239229202,-0.023567812517285347,0.0601513010185909
99.92592763900757,0.03437304124236107,0.024134814739227295,0.0601513010185909
99.9759132862091,0.03186376392841339,-0.01427391916513443,0.0601513010185909
100.02689552307129,0.03368696942925453,0.013712696731090546,0.0601513010185909
100.07612872123718,0.03063194453716278,-0.02356785535812378,0.0601513010185909
100.13452959060669,0.036367468535900116,0.04084403067827225,0.0601513010185909
100.180734872818,0.03004276379942894,-0.030273547396063805,0.0601513010185909
100.2309181690216,0.03521297127008438,0.026951750740408897,0.0601513010185909
100.28235864639282,0.028932401910424232,-0.037522438913583755,0.0601513010185909
100.33240747451782,0.03466654196381569,0.02696615271270275,0.0601513010185909
100.3825421333313,0.0287852231413126,-0.03442859277129173,0.0601513010185909
100.43080830574036,0.0347319170832634,0.03046243265271187,0.0601513010185909
100.48215842247009,0.028921715915203094,-0.03178412467241287,0.0601513010185909
100.53201627731323,0.03485867753624916,0.03197174891829491,0.0601513010185909
100.58226799964905,0.02900726906955242,-0.03119822032749653,0.0601513010185909
100.63229775428772,0.03660259768366814,0.045871879905462265,0.0601513010185909
100.68253350257874,0.02857629768550396,-0.041144076734781265,0.0601513010185909
100.72750782966614,0.031090183183550835,-0.0027514055836945772,0.0601513010185909
100.77777051925659,0.028678424656391144,-0.02729387767612934,0.0601513010185909
100.82595205307007,0.03238365799188614,0.020454762503504753,0.0601513010185909
100.87777519226074,0.030508873984217644,-0.010407816618680954,0.0601513010185909
100.93063449859619,0.0351288802921772,0.038314927369356155,0.0601513010185909
100.98055100440979,0.029295869171619415,-0.027255326509475708,0.0601513010185909
101.03085565567017,0.03681459277868271,0.04764242470264435,0.0601513010185909
101.080721616745,0.02869376353919506,-0.04081370308995247,0.0601513010185909
101.13079786300659,0.03416397422552109,0.023688605055212975,0.0601513010185909
101.18068981170654,0.028538016602396965,-0.03441912308335304,0.0601513010185909
101.2265317440033,0.032978713512420654,0.01744910143315792,0.0601513010185909
101.28078031539917,0.028951406478881836,-0.030200766399502754,0.0601513010185909
101.33073329925537,0.03492051362991333,0.03316887840628624,0.0601513010185909
101.38076543807983,0.029064664617180824,-0.03051522932946682,0.0601513010185909
101.43064260482788,0.03664132207632065,0.04613681882619858,0.0601513010185909
101.48055052757263,0.02859576791524887,-0.041134122759103775,0.0601513010185909
101.52770495414734,0.031098030507564545,-0.002839594380930066,0.0601513010185909
101.5806565284729,0.027279790490865707,-0.0381251759827137,0.0601513010185909
101.63055419921875,0.03590033948421478,0.049643777310848236,0.0601513010185909
101.68069219589233,0.028514711186289787,-0.033933233469724655,0.0601513010185909
101.72626662254333,0.03261832520365715,0.015614449977874756,0.0601513010185909
101.77668380737305,0.03040778636932373,-0.015902582556009293,0.0601513010185909
101.82627511024475,0.03323815390467644,0.020519664511084557,0.0601513010185909
101.87660694122314,0.030741998925805092,-0.015170560218393803,0.0601513010185909
101.92619776725769,0.033353351056575775,0.019265824928879738,0.0601513010185909
101.97614359855652,0.030730517581105232,-0.01690075546503067,0.0601513010185909
102.02663064002991,0.033291444182395935,0.017839476466178894,0.0601513010185909
102.07612943649292,0.030665311962366104,-0.017780892550945282,0.0601513010185909
102.12629961967468,0.03324390947818756,0.017448674887418747,0.0601513010185909
102.1762912273407,0.03063918463885784,-0.0178496353328228,0.0601513010185909
102.22651100158691,0.03323451429605484,0.017536772415041924,0.0601513010185909
102.27772808074951,0.030639639124274254,-0.017720719799399376,0.0601513010185909
102.32615685462952,0.03323901817202568,0.01764530874788761,0.0601513010185909
102.37756490707397,0.03064454346895218,-0.01765258237719536,0.0601513010185909
102.42611312866211,0.03324265778064728,0.01767636463046074,0.0601513010185909
102.47627472877502,0.030646583065390587,-0.01764635369181633,0.0601513010185909
102.52635049819946,0.03324342146515846,0.01767023093998432,0.0601513010185909
102.57626509666443,0.030646581202745438,-0.01765594258904457,0.0601513010185909
102.62630343437195,0.0332430936396122,0.017661981284618378,0.0601513010185909
102.67624950408936,0.03064621239900589,-0.017661210149526596,0.0601513010185909
102.72631096839905,0.03324281796813011,0.017659518867731094,0.0601513010185909
102.77635049819946,0.030646054074168205,-0.01766176149249077,0.0601513010185909
102.82622385025024,0.03324275463819504,0.01765994168817997,0.0601513010185909
102.87625741958618,0.030646052211523056,-0.017661049962043762,0.0601513010185909
102.9269151687622,0.03324277698993683,0.01766056753695011,0.0601513010185909
102.9763412475586,0.030646080151200294,-0.01766064204275608,0.0601513010185909
103.02764415740967,0.03324279934167862,0.01766076311469078,0.0601513010185909
103.07623171806335,0.03064609132707119,-0.01766059547662735,0.0601513010185909
103.12695527076721,0.03324280306696892,0.017660733312368393,0.0601513010185909
103.17635226249695,0.03064609132707119,-0.01766064763069153,0.0601513010185909
103.22648882865906,0.03324280306696892,0.017660686746239662,0.0601513010185909
103.27629351615906,0.03064608946442604,-0.017660679295659065,0.0601513010185909
103.32695198059082,0.03324280306696892,0.01766066998243332,0.0601513010185909
103.37685561180115,0.03064608946442604,-0.017660683020949364,0.0601513010185909
103.42630934715271,0.03324279934167862,0.01766067184507847,0.0601513010185909
103.47633671760559,0.03064608946442604,-0.017660679295659065,0.0601513010185909
103.52628111839294,0.03324280306696892,0.017660675570368767,0.0601513010185909
103.57624197006226,0.03064608946442604,-0.017660677433013916,0.0601513010185909
103.62625861167908,0.03324280306696892,0.017660677433013916,0.0601513010185909
103.67616128921509,0.03064608946442604,-0.017660675570368767,0.0601513010185909
103.72653388977051,0.03324280306696892,0.017660677433013916,0.0601513010185909
103.77663969993591,0.03064608946442604,-0.017660677433013916,0.0601513010185909
103.82673192024231,0.03324280306696892,0.017660677433013916,0.0601513010185909
103.87624335289001,0.03064608946442604,-0.017660677433013916,0.0601513010185909
103.9306640625,0.034885670989751816,0.03163802996277809,0.0601513010185909
103.97689151763916,0.03064608946442604,-0.017660677433013916,0.0601513010185909
104.02636384963989,0.03324280306696892,0.017660677433013916,0.0601513010185909
104.07653403282166,0.02931118570268154,-0.029144220054149628,0.0601513010185909
104.12650322914124,0.0317995660007,0.011110907420516014,0.0601513010185909
104.17697072029114,0.03003346361219883,-0.01516662910580635,0.0601513010185909
104.22709608078003,0.033162008970975876,0.023264795541763306,0.0601513010185909
104.27701997756958,0.030814720317721367,-0.012375380843877792,0.0601513010185909
104.32689142227173,0.03346800059080124,0.021264657378196716,0.0601513010185909
104.3770399093628,0.030829433351755142,-0.01582467555999756,0.0601513010185909
104.42695689201355,0.0333547480404377,0.01820904202759266,0.0601513010185909
104.47690510749817,0.030694978311657906,-0.017819378525018692,0.0601513010185909
104.52692246437073,0.03325061872601509,0.017248207703232765,0.0601513010185909
104.57699251174927,0.030634183436632156,-0.018060237169265747,0.0601513010185909
104.6269633769989,0.03322600573301315,0.017383471131324768,0.0601513010185909
104.67683100700378,0.030632128939032555,-0.017804855480790138,0.0601513010185909
104.72683620452881,0.0332341268658638,0.017615148797631264,0.0601513010185909
104.77697420120239,0.030642198398709297,-0.01765100471675396,0.0601513010185909
104.82696580886841,0.033242080360651016,0.017690954729914665,0.0601513010185909
104.87695622444153,0.030646922066807747,-0.017630506306886673,0.0601513010185909
104.92687630653381,0.0332440510392189,0.017681976780295372,0.0601513010185909
104.9768750667572,0.030647151172161102,-0.017649373039603233,0.0601513010185909
105.02657175064087,0.03324347361922264,0.017664430662989616,0.0601513010185909
105.07628798484802,0.030646398663520813,-0.01766122691333294,0.0601513010185909
105.12662816047668,0.03324286639690399,0.01765846088528633,0.0601513010185909
105.17653775215149,0.030646031722426414,-0.017662951722741127,0.0601513010185909
105.227055311203,0.033242709934711456,0.01765904203057289,0.0601513010185909
105.27805137634277,0.030646009370684624,-0.0176615621894598,0.0601513010185909
105.32682704925537,0.03324275091290474,0.017660370096564293,0.0601513010185909
105.37674736976624,0.0306460652500391,-0.017660649493336678,0.0601513010185909
105.42665958404541,0.03324279561638832,0.0176608394831419,0.0601513010185909
105.47720050811768,0.03064609318971634,-0.017660506069660187,0.0601513010185909
105.5261960029602,0.033242806792259216,0.017660802230238914,0.0601513010185909
105.57659029960632,0.03064609505236149,-0.017660608515143394,0.0601513010185909
105.62790608406067,0.033242806792259216,0.017660701647400856,0.0601513010185909
105.68065524101257,0.029003223404288292,-0.03163803368806839,0.0601513010185909
105.73054623603821,0.034885670989751816,0.031638018786907196,0.0601513010185909
105.78062963485718,0.029003221541643143,-0.031638044863939285,0.0601513010185909
105.8306496143341,0.034885670989751816,0.031638022512197495,0.0601513010185909
105.88062357902527,0.02730233408510685,-0.04551567882299423,0.0601513010185909
105.93056988716125,0.031927261501550674,0.013605312444269657,0.0601513010185909
105.98053765296936,0.02726464904844761,-0.03228255733847618,0.0601513010185909
106.03067088127136,0.034393928945064545,0.04088675603270531,0.0601513010185909
106.08068656921387,0.027483778074383736,-0.03477200120687485,0.0601513010185909
106.13071918487549,0.034042321145534515,0.03571877256035805,0.0601513010185909
106.1810896396637,0.02891400270164013,-0.023365378379821777,0.0601513010185909
106.23090672492981,0.03514271602034569,0.039270609617233276,0.0601513010185909
106.28237771987915,0.02933209016919136,-0.026509739458560944,0.0601513010185909
106.33058071136475,0.03514883667230606,0.03420308232307434,0.0601513010185909
106.38119983673096,0.027460630983114243,-0.044789135456085205,0.0601513010185909
106.43070244789124,0.03199473395943642,0.013338791206479073,0.0601513010185909
106.48071074485779,0.02727382443845272,-0.032892730087041855,0.0601513010185909
106.53236794471741,0.03437567129731178,0.04030916467308998,0.0601513010185909
106.5769727230072,0.030709456652402878,-0.007206677459180355,0.0601513010185909
106.63126373291016,0.035279784351587296,0.039672113955020905,0.0601513010185909
106.68078899383545,0.029382776468992233,-0.02693667821586132,0.0601513010185909
106.73083400726318,0.035148024559020996,0.03354930877685547,0.0601513010185909
106.78246998786926,0.027438191697001457,-0.04534798488020897,0.0601513010185909
106.83072662353516,0.03196967393159866,0.012983706779778004,0.0601513010185909
106.88090252876282,0.02725498378276825,-0.03305744007229805,0.0601513010185909
106.9306993484497,0.034364983439445496,0.040273454040288925,0.0601513010185909
106.98089361190796,0.029155995696783066,-0.021259671077132225,0.0601513010185909
107.03067660331726,0.03527968004345894,0.039720673114061356,0.0601513010185909
107.08072686195374,0.02768351323902607,-0.04077187553048134,0.0601513010185909
107.13070678710938,0.03219149634242058,0.015544027090072632,0.0601513010185909
107.18058109283447,0.027401944622397423,-0.0321018286049366,0.0601513010185909
107.22672319412231,0.03260805085301399,0.02523769438266754,0.0601513010185909
107.27705979347229,0.03073206916451454,-0.007551240269094706,0.0601513010185909
107.33066940307617,0.03527091443538666,0.03925694152712822,0.0601513010185909
107.37702107429504,0.031024843454360962,-0.012638654559850693,0.0601513010185909
107.42656135559082,0.03351583704352379,0.019852828234434128,0.0601513010185909
107.47703528404236,0.029459474608302116,-0.028794709593057632,0.0601513010185909
107.52671432495117,0.030516617000102997,-0.0009076567948795855,0.0601513010185909
107.57652306556702,0.02858608588576317,-0.02247045561671257,0.0601513010185909
107.62656688690186,0.03252263739705086,0.025132356211543083,0.0601513010185909
107.67705273628235,0.0307054053992033,-0.007160339504480362,0.0601513010185909
107.72657632827759,0.03361570090055466,0.02637547440826893,0.0601513010185909
107.77773404121399,0.031043047085404396,-0.012253030203282833,0.0601513010185909
107.82694220542908,0.033533863723278046,0.020082514733076096,0.0601513010185909
107.87703967094421,0.029472151771187782,-0.028698410838842392,0.0601513010185909
107.928049325943,0.03052331507205963,-0.0008961556595750153,0.0601513010185909
107.9769721031189,0.02858828753232956,-0.022498320788145065,0.0601513010185909
108.0278639793396,0.031187381595373154,0.013612386770546436,0.0601513010185909
108.07694458961487,0.02926083840429783,-0.013739516027271748,0.0601513010185909
108.12711119651794,0.03300171345472336,0.028851697221398354,0.0601513010185909
108.17652654647827,0.030961280688643456,-0.006656604818999767,0.0601513010185909
108.22655463218689,0.03370196744799614,0.02536666952073574,0.0601513010185909
108.27733612060547,0.031032074242830276,-0.013608912006020546,0.0601513010185909
108.32664775848389,0.03214991092681885,0.0074923341162502766,0.0601513010185909
108.37687659263611,0.02931295707821846,-0.024441761896014214,0.0601513010185909
108.42663931846619,0.03131716698408127,0.007850946858525276,0.0601513010185909
108.47679567337036,0.029100101441144943,-0.01943666860461235,0.0601513010185909
108.52689456939697,0.031429748982191086,0.013364720158278942,0.0601513010185909
108.57651257514954,0.02931791916489601,-0.015319721773266792,0.0601513010185909
108.62654113769531,0.03296343609690666,0.027167970314621925,0.0601513010185909
108.67658948898315,0.030893711373209953,-0.007891789078712463,0.0601513010185909
108.7290518283844,0.03358449786901474,0.0241209976375103,0.0601513010185909
108.77784633636475,0.029549332335591316,-0.020407993346452713,0.0601513010185909
108.82640528678894,0.03285304084420204,0.02147785760462284,0.0601513010185909
108.87635159492493,0.029335588216781616,-0.023656589910387993,0.0601513010185909
108.92651343345642,0.03065776452422142,0.004219047259539366,0.0601513010185909
108.97667360305786,0.02879846841096878,-0.01884816773235798,0.0601513010185909
109.02635836601257,0.03136823698878288,0.015572870150208473,0.0601513010185909
109.07642960548401,0.02937634289264679,-0.013069831766188145,0.0601513010185909
109.12627625465393,0.03305568918585777,0.028777483850717545,0.0601513010185909
109.18063926696777,0.029379870742559433,-0.0215452890843153,0.0601513010185909
109.23059415817261,0.033629585057497025,0.024334406480193138,0.0601513010185909
109.28071308135986,0.028089329600334167,-0.0326358862221241,0.0601513010185909
109.33058333396912,0.032903898507356644,0.022054051980376244,0.0601513010185909
109.38088726997375,0.02611483260989189,-0.04438645765185356,0.0601513010185909
109.43098330497742,0.031644728034734726,0.02127506583929062,0.0601513010185909
109.48106384277344,0.025748077780008316,-0.03795705735683441,0.0601513010185909
109.53125405311584,0.03176412731409073,0.028884202241897583,0.0601513010185909
109.58082699775696,0.027739835903048515,-0.018195101991295815,0.0601513010185909
109.63075733184814,0.0333002433180809,0.036470137536525726,0.0601513010185909
109.68081164360046,0.02671189233660698,-0.03419758751988411,0.0601513010185909
109.73067784309387,0.032152362167835236,0.026688992977142334,0.0601513010185909
109.78090143203735,0.026069261133670807,-0.03615393117070198,0.0601513010185909
109.83096551895142,0.03191220760345459,0.028626931831240654,0.0601513010185909
109.8811137676239,0.027771109715104103,-0.01925186812877655,0.0601513010185909
109.93096947669983,0.03327277675271034,0.03538304567337036,0.0601513010185909
109.98088955879211,0.028368409723043442,-0.0211019329726696,0.0601513010185909
110.03107929229736,0.03337131440639496,0.030420344322919846,0.0601513010185909
110.08108496665955,0.02652548812329769,-0.03981215879321098,0.0601513010185909
110.1308810710907,0.03191116824746132,0.022901467978954315,0.0601513010185909
110.18079233169556,0.025875356048345566,-0.03805791959166527,0.0601513010185909
110.2308099269867,0.03179509565234184,0.028079524636268616,0.0601513010185909
110.28082275390625,0.026019971817731857,-0.032940857112407684,0.0601513010185909
110.33074498176575,0.032008085399866104,0.031673938035964966,0.0601513010185909
110.38088798522949,0.026199692860245705,-0.031044261530041695,0.0601513010185909
110.4307770729065,0.03212111443281174,0.03229496628046036,0.0601513010185909
110.48105525970459,0.02625134401023388,-0.03114643506705761,0.0601513010185909
110.53098249435425,0.03213159739971161,0.03191563859581947,0.0601513010185909
110.58110570907593,0.026241285726428032,-0.03153247386217117,0.0601513010185909
110.63069033622742,0.03211576119065285,0.031639669090509415,0.0601513010185909
110.67797636985779,0.02787141129374504,-0.017698494717478752,0.0601513010185909
110.72819352149963,0.032107021659612656,0.03158870339393616,0.0601513010185909
110.7784686088562,0.027924416586756706,-0.01779799349606037,0.0601513010185909
110.8271074295044,0.031906384974718094,0.02418571151793003,0.0601513010185909
110.87681317329407,0.02847958914935589,-0.020165476948022842,0.0601513010185909
110.92695951461792,0.030545087531208992,0.012054886668920517,0.0601513010185909
110.97682404518127,0.029034331440925598,-0.011459756642580032,0.0601513010185909
111.02650332450867,0.03168307989835739,0.020610202103853226,0.0601513010185909
111.07665872573853,0.029632627964019775,-0.01050408836454153,0.0601513010185909
111.12656235694885,0.031877245754003525,0.018059877678751945,0.0601513010185909
111.17666006088257,0.029598422348499298,-0.013796919025480747,0.0601513010185909
111.22661757469177,0.031756091862916946,0.015414971858263016,0.0601513010185909
111.27653360366821,0.02947579137980938,-0.015393106266856194,0.0601513010185909
111.32636189460754,0.03166870027780533,0.014730908907949924,0.0601513010185909
111.37650156021118,0.02942892722785473,-0.015489834360778332,0.0601513010185909
111.42633748054504,0.031652748584747314,0.014911830425262451,0.0601513010185909
111.47666716575623,0.02809586189687252,-0.026727499440312386,0.0601513010185909
111.52699518203735,0.030218368396162987,0.008563595823943615,0.0601513010185909
111.57652544975281,0.027492478489875793,-0.024109691381454468,0.0601513010185909
111.6271002292633,0.030144279822707176,0.014222255907952785,0.0601513010185909
111.67668890953064,0.028999676927924156,-0.007331651635468006,0.0601513010185909
111.726726770401,0.03181401640176773,0.024363266304135323,0.0601513010185909
111.78098344802856,0.028397265821695328,-0.020574143156409264,0.0601513010185909
111.82691812515259,0.03200611099600792,0.01929217204451561,0.0601513010185909
111.87766528129578,0.028340226039290428,-0.024945152923464775,0.0601513010185909
111.92802095413208,0.03034498170018196,0.008721615187823772,0.0601513010185909
111.97628450393677,0.0275320652872324,-0.02468750812113285,0.0601513010185909
112.02650213241577,0.030135339125990868,0.013501050882041454,0.0601513010185909
112.07653427124023,0.027637846767902374,-0.019386323168873787,0.0601513010185909
112.12662529945374,0.030344093218445778,0.017473140731453896,0.0601513010185909
112.17655611038208,0.029164161533117294,-0.005656805355101824,0.0601513010185909
112.22652888298035,0.031915389001369476,0.024879103526473045,0.0601513010185909
112.27655792236328,0.029840491712093353,-0.008135133422911167,0.0601513010185909
112.3265929222107,0.03201393038034439,0.01892928034067154,0.0601513010185909
112.37664794921875,0.028330005705356598,-0.02530200220644474,0.0601513010185909
112.42648768424988,0.03033009171485901,0.008471710607409477,0.0601513010185909
112.47677779197693,0.027519548311829567,-0.024818910285830498,0.0601513010185909
112.52856612205505,0.03178708627820015,0.027995802462100983,0.0601513010185909
112.57675838470459,0.0276342760771513,-0.019378826022148132,0.0601513010185909
112.6266918182373,0.03034338355064392,0.017499737441539764,0.0601513010185909
112.67685961723328,0.0278299693018198,-0.017113422974944115,0.0601513010185909
112.72686386108398,0.030473262071609497,0.01834852434694767,0.0601513010185909
112.77813529968262,0.0292288176715374,-0.005630792584270239,0.0601513010185909
112.82813477516174,0.033389728516340256,0.03607727214694023,0.0601513010185909
112.87704086303711,0.028498919680714607,-0.02001710794866085,0.0601513010185909
112.92651391029358,0.030555354431271553,0.01207374781370163,0.0601513010185909
112.97659134864807,0.02770284377038479,-0.022984938696026802,0.0601513010185909
113.02669501304626,0.030239354819059372,0.014005287550389767,0.0601513010185909
113.07736015319824,0.029017996042966843,-0.008054789155721664,0.0601513010185909
113.12658286094666,0.031794387847185135,0.023636750876903534,0.0601513010185909
113.1774787902832,0.029765570536255836,-0.008523467928171158,0.0601513010185909
113.22646522521973,0.0319804847240448,0.019017109647393227,0.0601513010185909
113.2817771434784,0.026528004556894302,-0.03977108374238014,0.0601513010185909
113.33106875419617,0.03191324323415756,0.02292267046868801,0.0601513010185909
113.38077759742737,0.025876637548208237,-0.03805135190486908,0.0601513010185909
113.43101644515991,0.030094778165221214,0.01420031301677227,0.0601513010185909
113.4809341430664,0.024762550368905067,-0.037100497633218765,0.0601513010185909
113.5310685634613,0.03152690827846527,0.0351799875497818,0.0601513010185909
113.58107614517212,0.026188815012574196,-0.0253092423081398,0.0601513010185909
113.63095998764038,0.032313086092472076,0.03729879856109619,0.0601513010185909
113.68103551864624,0.026473283767700195,-0.02791666053235531,0.0601513010185909
113.73114800453186,0.032301343977451324,0.033447518944740295,0.0601513010185909
113.78176856040955,0.026339219883084297,-0.031169520691037178,0.0601513010185909
113.8311219215393,0.030453676357865334,0.017522543668746948,0.0601513010185909
113.881028175354,0.0266733355820179,-0.02238362468779087,0.0601513010185909
113.9312493801117,0.032869674265384674,0.03887465223670006,0.0601513010185909
113.98091912269592,0.02667725645005703,-0.029697300866246223,0.0601513010185909
114.03185200691223,0.03229594975709915,0.030762705951929092,0.0601513010185909
114.08118629455566,0.026246514171361923,-0.03345288708806038,0.0601513010185909
114.1309826374054,0.03205190598964691,0.029955141246318817,0.0601513010185909
114.18092322349548,0.026153117418289185,-0.032772645354270935,0.0601513010185909
114.23128461837769,0.030348898842930794,0.017190422862768173,0.0601513010185909
114.28229904174805,0.0266337338835001,-0.022078989073634148,0.0601513010185909
114.32678842544556,0.031277112662792206,0.026730623096227646,0.0601513010185909
114.37668251991272,0.02973092906177044,-0.0029400980565696955,0.0601513010185909
114.42705798149109,0.030825980007648468,0.012540716677904129,0.0601513010185909
114.47616720199585,0.029769450426101685,-0.005322474520653486,0.0601513010185909
114.52664470672607,0.031447626650333405,0.014451268129050732,0.0601513010185909
114.57662987709045,0.030002377927303314,-0.0071815308183431625,0.0601513010185909
114.62663722038269,0.0314473882317543,0.011535588651895523,0.0601513010185909
114.67660880088806,0.031238123774528503,0.001790580921806395,0.0601513010185909
114.72652626037598,0.03144356980919838,0.004996606148779392,0.0601513010185909
114.77661895751953,0.02898774854838848,-0.019487721845507622,0.0601513010185909
114.82639479637146,0.029420047998428345,-0.004831843078136444,0.0601513010185909
114.8763210773468,0.028106875717639923,-0.016546908766031265,0.0601513010185909
114.92680048942566,0.029281947761774063,0.002670011483132839,0.0601513010185909
114.97643208503723,0.028324516490101814,-0.009302953258156776,0.0601513010185909
115.02707409858704,0.03092186152935028,0.019169149920344353,0.0601513010185909
115.07664251327515,0.030020639300346375,-0.00015071868256200105,0.0601513010185909
115.12679672241211,0.03169127553701401,0.017491839826107025,0.0601513010185909
115.17663860321045,0.030171560123562813,-0.005935134831815958,0.0601513010185909
115.2266948223114,0.030200567096471786,0.00017214498075190932,0.0601513010185909
115.27820014953613,0.02848787233233452,-0.01663593389093876,0.0601513010185909
115.3269510269165,0.028046978637576103,-0.011038782075047493,0.0601513010185909
115.37630319595337,0.026832658797502518,-0.018334021791815758,0.0601513010185909
115.42808079719543,0.028876863420009613,0.008315437473356724,0.0601513010185909
115.47639799118042,0.028406912460923195,-0.0021533151157200336,0.0601513010185909
115.5283191204071,0.03229285404086113,0.03303629159927368,0.0601513010185909
115.57651042938232,0.030285941436886787,0.0032631487119942904,0.0601513010185909
115.62690877914429,0.0318789966404438,0.018937842920422554,0.0601513010185909
115.68254041671753,0.02929641120135784,-0.01449421513825655,0.0601513010185909
115.73123741149902,0.029070235788822174,-0.008964357897639275,0.0601513010185909
115.78277659416199,0.0264477226883173,-0.0271048191934824,0.0601513010185909
115.83307981491089,0.027871811762452126,-0.003767937421798706,0.0601513010185909
115.8809163570404,0.026300465688109398,-0.015868324786424637,0.0601513010185909
115.93251371383667,0.029914790764451027,0.02062384970486164,0.0601513010185909
115.98262095451355,0.02800777368247509,-0.004581196699291468,0.0601513010185909
116.03266549110413,0.03246067091822624,0.03460097685456276,0.0601513010185909
116.08309125900269,0.02949702925980091,-0.005105488933622837,0.0601513010185909
116.13130688667297,0.03114442713558674,0.011873263865709305,0.0601513010185909
116.18292951583862,0.026341786608099937,-0.03293435648083687,0.0601513010185909
116.23103928565979,0.02901972457766533,0.003896318841725588,0.0601513010185909
116.28090500831604,0.02549649588763714,-0.027827318757772446,0.0601513010185909
116.33081483840942,0.030665747821331024,0.02694203145802021,0.0601513010185909
116.38264155387878,0.02705078013241291,-0.015461725182831287,0.0601513010185909
116.43293523788452,0.029805155470967293,0.014956235885620117,0.0601513010185909
116.47678279876709,0.0284111425280571,-0.0031873846892267466,0.0601513010185909
116.52786588668823,0.02981821447610855,0.012467554770410061,0.0601513010185909
116.5777645111084,0.02880242094397545,-0.0038834605365991592,0.0601513010185909
116.63334369659424,0.030594464391469955,0.015357459895312786,0.0601513010185909
116.68263602256775,0.028012463822960854,-0.012952649034559727,0.0601513010185909
116.73240113258362,0.03217742219567299,0.02735992521047592,0.0601513010185909
116.77661418914795,0.03007027879357338,-0.0013357148272916675,0.0601513010185909
116.82849264144897,0.032600317150354385,0.02356887049973011,0.0601513010185909
116.87650609016418,0.030120080336928368,-0.006905038841068745,0.0601513010185909
116.92682647705078,0.03015369176864624,-0.0003734178899321705,0.0601513010185909
116.98295068740845,0.027686577290296555,-0.022577252238988876,0.0601513010185909
117.02648830413818,0.029366454109549522,0.00044338093721307814,0.0601513010185909
117.07647204399109,0.02827167697250843,-0.011698433198034763,0.0601513010185909
117.1283609867096,0.03021920844912529,0.012294100597500801,0.0601513010185909
117.17634153366089,0.028491508215665817,-0.007683229632675648,0.0601513010185909
117.22828531265259,0.030403193086385727,0.01418977603316307,0.0601513010185909
117.27644491195679,0.028619913384318352,-0.006873981095850468,0.0601513010185909
117.32815432548523,0.030454302206635475,0.014059879817068577,0.0601513010185909
117.37615132331848,0.028635816648602486,-0.007247758097946644,0.0601513010185909
117.42625188827515,0.02974093332886696,0.007701306138187647,0.0601513010185909
117.47676205635071,0.028619548305869102,-0.007555255200713873,0.0601513010185909
117.52720594406128,0.02972608618438244,0.007528036832809448,0.0601513010185909
117.57863974571228,0.027905141934752464,-0.01361018605530262,0.0601513010185909
117.62907981872559,0.030425187200307846,0.013520823791623116,0.0601513010185909
117.67645978927612,0.028608297929167747,-0.007593798916786909,0.0601513010185909
117.72708034515381,0.029721736907958984,0.007558263372629881,0.0601513010185909
117.77867937088013,0.026204640045762062,-0.0274370014667511,0.0601513010185909
117.82656526565552,0.028279626742005348,0.001021994510665536,0.0601513010185909
117.87608933448792,0.026662733405828476,-0.01655447483062744,0.0601513010185909
117.92840838432312,0.030860016122460365,0.029022833332419395,0.0601513010185909
117.97617363929749,0.028274711221456528,-0.004721358418464661,0.0601513010185909
118.02758312225342,0.029037008062005043,0.00773399043828249,0.0601513010185909
118.07715058326721,0.027095526456832886,-0.015041043981909752,0.0601513010185909
118.12689971923828,0.02836761437356472,0.00549005763605237,0.0601513010185909
118.17717742919922,0.026838364079594612,-0.013200033456087112,0.0601513010185909
118.22717761993408,0.02836068719625473,0.008526845835149288,0.0601513010185909
118.27697157859802,0.02693970315158367,-0.010543838143348694,0.0601513010185909
118.32687377929688,0.02981325052678585,0.021728061139583588,0.0601513010185909
118.37612104415894,0.028473110869526863,-0.00317727355286479,0.0601513010185909
118.42685055732727,0.03047800436615944,0.01942942477762699,0.0601513010185909
118.47637963294983,0.028574632480740547,-0.008906950242817402,0.0601513010185909
118.5265839099884,0.028975805267691612,0.00243548396974802,0.0601513010185909
118.57636141777039,0.026898909360170364,-0.019262218847870827,0.0601513010185909
118.62634897232056,0.02817101776599884,0.002960967132821679,0.0601513010185909
118.67630553245544,0.026699282228946686,-0.014270978979766369,0.0601513010185909
118.72623038291931,0.028286704793572426,0.008388213813304901,0.0601513010185909
118.78063464164734,0.025995710864663124,-0.0180326197296381,0.0601513010185909
118.83077144622803,0.02943265624344349,0.018690381199121475,0.0601513010185909
118.880788564682,0.026110883802175522,-0.01740625873208046,0.0601513010185909
118.93077158927917,0.031185954809188843,0.032458338886499405,0.0601513010185909
118.98065400123596,0.025677956640720367,-0.027518918737769127,0.0601513010185909
119.02647113800049,0.029041895642876625,0.012668034061789513,0.0601513010185909
119.08079862594604,0.025191348046064377,-0.03002813272178173,0.0601513010185909
119.13107991218567,0.0284813791513443,0.011101657524704933,0.0601513010185909
119.18073797225952,0.02559589594602585,-0.018581843003630638,0.0601513010185909
119.23072957992554,0.029305944219231606,0.020471695810556412,0.0601513010185909
119.28065919876099,0.026137180626392365,-0.015156545676290989,0.0601513010185909
119.33063769340515,0.029568634927272797,0.020371226593852043,0.0601513010185909
119.3765389919281,0.02714758925139904,-0.008552058599889278,0.0601513010185909
119.42690014839172,0.029937123879790306,0.02227228321135044,0.0601513010185909
119.47665071487427,0.027190180495381355,-0.014890345744788647,0.0601513010185909
119.52668786048889,0.02904101461172104,0.012388764880597591,0.0601513010185909
119.57673120498657,0.026612108573317528,-0.018354712054133415,0.0601513010185909
119.62663006782532,0.0274321511387825,0.0011794620659202337,0.0601513010185909
119.6764304637909,0.026439063251018524,-0.011639674194157124,0.0601513010185909
119.72653603553772,0.028305809944868088,0.012123332358896732,0.0601513010185909
119.78074669837952,0.02613593451678753,-0.015140601433813572,0.0601513010185909
119.83060646057129,0.029568839818239212,0.020391998812556267,0.0601513010185909
119.87767052650452,0.02714829333126545,-0.008534143678843975,0.0601513010185909
119.92637300491333,0.028603021055459976,0.010800204239785671,0.0601513010185909
119.97641396522522,0.027082454413175583,-0.009951199404895306,0.0601513010185909
120.02745032310486,0.028537066653370857,0.009950253181159496,0.0601513010185909
120.07665681838989,0.027035744860768318,-0.010311772115528584,0.0601513010185909
120.12648272514343,0.02851218916475773,0.009902914986014366,0.0601513010185909
120.17673802375793,0.02569250948727131,-0.021695822477340698,0.0601513010185909
120.22693824768066,0.02707008458673954,0.0034858754370361567,0.0601513010185909
120.27657222747803,0.02641960419714451,-0.0076102144084870815,0.0601513010185909
120.32670140266418,0.028437498956918716,0.015705693513154984,0.0601513010185909
120.3766815662384,0.027204442769289017,-0.004790188744664192,0.0601513010185909
120.42800760269165,0.027410533279180527,0.0022265897132456303,0.0601513010185909
120.47654676437378,0.027111507952213287,-0.0033127397764474154,0.0601513010185909
120.52768135070801,0.02812783606350422,0.00820489414036274,0.0601513010185909
120.57774710655212,0.027508532628417015,-0.0022055930458009243,0.0601513010185909
120.6325752735138,0.02873930335044861,0.01070788037031889,0.0601513010185909
120.68248224258423,0.02702687866985798,-0.008284885436296463,0.0601513010185909
120.73243546485901,0.02866794541478157,0.009185283444821835,0.0601513010185909
120.78225445747375,0.026955848559737206,-0.009194677695631981,0.0601513010185909
120.83056879043579,0.028617829084396362,0.008801775984466076,0.0601513010185909
120.88058304786682,0.025228384882211685,-0.02312021516263485,0.0601513010185909
120.93061065673828,0.02735149674117565,0.004755301401019096,0.0601513010185909
120.98061466217041,0.02474864386022091,-0.01946639083325863,0.0601513010185909
121.03122520446777,0.027346031740307808,0.010609565302729607,0.0601513010185909
121.0807900428772,0.026647018268704414,-0.0005126630421727896,0.0601513010185909
121.13068628311157,0.028829440474510193,0.018025582656264305,0.0601513010185909
121.18061113357544,0.027299940586090088,-0.0024867260362952948,0.0601513010185909
121.22662901878357,0.028486575931310654,0.009209375828504562,0.0601513010185909
121.27677130699158,0.027639618143439293,-0.003362931776791811,0.0601513010185909
121.32655811309814,0.02826884761452675,0.005183507222682238,0.0601513010185909
121.3770592212677,0.02610905095934868,-0.01708819344639778,0.0601513010185909
121.4266619682312,0.028031451627612114,0.009288745000958443,0.0601513010185909
121.47712254524231,0.026876622810959816,-0.008030598051846027,0.0601513010185909
121.52695798873901,0.028546717017889023,0.01276616845279932,0.0601513010185909
121.5770514011383,0.027134055271744728,-0.007939407601952553,0.0601513010185909
121.62704253196716,0.02728448063135147,-9.050346852745861e-05,0.0601513010185909
121.67698192596436,0.026998693123459816,-0.004598797298967838,0.0601513010185909
121.7267062664032,0.026718737557530403,-0.003750803414732218,0.0601513010185909
121.77851891517639,0.025762619450688362,-0.010451573878526688,0.0601513010185909
121.8282322883606,0.02655176632106304,0.0005697958404198289,0.0601513010185909
121.87661242485046,0.025984730571508408,-0.004838926251977682,0.0601513010185909
121.92665982246399,0.026436559855937958,0.001760207931511104,0.0601513010185909
121.97648859024048,0.02614024467766285,-0.0024031668435782194,0.0601513010185909
122.026682138443,0.026561370119452477,0.0029823847580701113,0.0601513010185909
122.0765790939331,0.026215512305498123,-0.0020537094678729773,0.0601513010185909
122.12636494636536,0.026593586429953575,0.002859109081327915,0.0601513010185909
122.18068671226501,0.025984253734350204,-0.004365966189652681,0.0601513010185909
122.23087859153748,0.026818489655852318,0.004564595874398947,0.0601513010185909
122.28062176704407,0.02597278729081154,-0.004534190520644188,0.0601513010185909
122.33054232597351,0.02680967189371586,0.004484281875193119,0.0601513010185909
122.38083291053772,0.0259676743298769,-0.004553689621388912,0.0601513010185909
122.43051815032959,0.026807628571987152,0.004496305249631405,0.0601513010185909
122.48071908950806,0.02596753090620041,-0.004531800281256437,0.0601513010185909
122.5307126045227,0.02680833265185356,0.004515980836004019,0.0601513010185909
122.57721948623657,0.026203013956546783,-0.002522711642086506,0.0601513010185909
122.63055157661438,0.026809006929397583,0.004522322211414576,0.0601513010185909
122.68065166473389,0.02596878819167614,-0.004517151974141598,0.0601513010185909
122.73084020614624,0.026809170842170715,0.004521518014371395,0.0601513010185909
122.78784108161926,0.025968804955482483,-0.0045187706127762794,0.0601513010185909
122.8263852596283,0.0261684637516737,-0.0005443374975584447,0.0601513010185909
122.88071942329407,0.02578846924006939,-0.004519174806773663,0.0601513010185909
122.93061327934265,0.026760373264551163,0.005536625627428293,0.0601513010185909
122.98105192184448,0.025990117341279984,-0.003368757199496031,0.0601513010185909
123.02636909484863,0.027952224016189575,0.014948981814086437,0.0601513010185909
123.08080840110779,0.027267979457974434,0.0001329729420831427,0.0601513010185909
123.1306893825531,0.029019193723797798,0.01508026197552681,0.0601513010185909
123.18093609809875,0.027251118794083595,-0.006095089018344879,0.0601513010185909
123.22680926322937,0.028359001502394676,0.0061632911674678326,0.0601513010185909
123.27632451057434,0.02616671472787857,-0.016752207651734352,0.0601513010185909
123.32635951042175,0.026723550632596016,-0.002230423502624035,0.0601513010185909
123.37630414962769,0.02543947473168373,-0.014763335697352886,0.0601513010185909
123.42687487602234,0.02659461461007595,0.003584663150832057,0.0601513010185909
123.47661590576172,0.02560226432979107,-0.009024739265441895,0.0601513010185909
123.53026270866394,0.0292584877461195,0.027665497735142708,0.0601513010185909
123.57702612876892,0.027246978133916855,-0.0003518850135151297,0.0601513010185909
123.62693452835083,0.0289077740162611,0.01729525439441204,0.0601513010185909
123.67666244506836,0.02605065144598484,-0.01755581609904766,0.0601513010185909
123.72650671005249,0.027307573705911636,0.005034132394939661,0.0601513010185909
123.77635717391968,0.025201499462127686,-0.019098704680800438,0.0601513010185909
123.82642841339111,0.027025660499930382,0.00849300529807806,0.0601513010185909
123.87627601623535,0.025242868810892105,-0.014528042636811733,0.0601513010185909
123.92656350135803,0.02585727721452713,0.0007152040489017963,0.0601513010185909
123.97658085823059,0.025305483490228653,-0.0073396628722548485,0.0601513010185909
124.02800822257996,0.02681070752441883,0.01073806919157505,0.0601513010185909
124.07636976242065,0.02590378187596798,-0.0040784599259495735,0.0601513010185909
124.12636923789978,0.028418133035302162,0.02165822871029377,0.0601513010185909
124.17649936676025,0.02740151435136795,0.00044896997860632837,0.0601513010185909
124.22653031349182,0.02897675521671772,0.01711397059261799,0.0601513010185909
124.27780175209045,0.026063131168484688,-0.018101045861840248,0.0601513010185909
124.3277702331543,0.027292417362332344,0.004493869841098785,0.0601513010185909
124.37655377388,0.025179041549563408,-0.019478831440210342,0.0601513010185909
124.42690849304199,0.025671768933534622,-0.0031914981082081795,0.0601513010185909
124.47619223594666,0.02512257732450962,-0.00966037716716528,0.0601513010185909
124.52776980400085,0.026682406663894653,0.009769503958523273,0.0601513010185909
124.57628750801086,0.025836190208792686,-0.004189657513052225,0.0601513010185909
124.62634825706482,0.027061184868216515,0.010460003279149532,0.0601513010185909
124.68068265914917,0.025253763422369957,-0.011935872957110405,0.0601513010185909
124.73066091537476,0.02773847058415413,0.014250963926315308,0.0601513010185909
124.7809739112854,0.025175943970680237,-0.013465160503983498,0.0601513010185909
124.83070683479309,0.02766546607017517,0.013371851295232773,0.0601513010185909
124.88083624839783,0.02512633614242077,-0.013811098411679268,0.0601513010185909
124.92690539360046,0.026936955749988556,0.007349276915192604,0.0601513010185909
124.97664475440979,0.025822725147008896,-0.0077108885161578655,0.0601513010185909
125.02785348892212,0.026937872171401978,0.007501303218305111,0.0601513010185909
125.07627511024475,0.02582813985645771,-0.0075850412249565125,0.0601513010185909
125.12659287452698,0.026943612843751907,0.007579225581139326,0.0601513010185909
125.1763904094696,0.025832340121269226,-0.007550257723778486,0.0601513010185909
125.22647356987,0.02694592997431755,0.007585519924759865,0.0601513010185909
125.27642631530762,0.02716808207333088,0.003925643861293793,0.0601513010185909
125.32672810554504,0.028389131650328636,0.014123965986073017,0.0601513010185909
125.37681150436401,0.027780314907431602,0.0014220220036804676,0.0601513010185909
125.42681741714478,0.027134589850902557,-0.0029697276186197996,0.0601513010185909
125.47707295417786,0.026168128475546837,-0.01041580643504858,0.0601513010185909
125.52668499946594,0.0276314876973629,0.007403315976262093,0.0601513010185909
125.58078908920288,0.026937635615468025,-0.003991922363638878,0.0601513010185909
125.63066220283508,0.028789730742573738,0.013388264924287796,0.0601513010185909
125.68079376220703,0.02713160403072834,-0.0062592774629592896,0.0601513010185909
125.7307779788971,0.028765089809894562,0.01034041028469801,0.0601513010185909
125.78083515167236,0.025320474058389664,-0.022624636068940163,0.0601513010185909
125.83082365989685,0.027393225580453873,0.004663090221583843,0.0601513010185909
125.88086080551147,0.024756787344813347,-0.01978117972612381,0.0601513010185909
125.93085360527039,0.027337534353137016,0.01029235776513815,0.0601513010185909
125.98203587532043,0.02493305504322052,-0.014615756459534168,0.0601513010185909
126.02805757522583,0.026837795972824097,0.007581240963190794,0.0601513010185909
126.07673048973083,0.025803811848163605,-0.006951797287911177,0.0601513010185909
126.13087940216064,0.027667276561260223,0.014230490662157536,0.0601513010185909
126.18092584609985,0.025156008079648018,-0.013081318698823452,0.0601513010185909
126.23090481758118,0.02767312340438366,0.013815072365105152,0.0601513010185909
126.28096723556519,0.025143470615148544,-0.01347231026738882,0.0601513010185909
126.32799625396729,0.026953797787427902,0.007572578266263008,0.0601513010185909
126.37630319595337,0.025834865868091583,-0.007613426074385643,0.0601513010185909
126.42814826965332,0.027648180723190308,0.01350855641067028,0.0601513010185909
126.47852277755737,0.02512631192803383,-0.01359581295400858,0.0601513010185909
126.53080081939697,0.027647612616419792,0.013539138250052929,0.0601513010185909
126.58083724975586,0.025127198547124863,-0.01356625184416771,0.0601513010185909
126.63091278076172,0.02764885686337948,0.013559618964791298,0.0601513010185909
126.68082666397095,0.025128230452537537,-0.0135556161403656,0.0601513010185909
126.73069262504578,0.027649497613310814,0.013562963344156742,0.0601513010185909
126.78122901916504,0.025128517299890518,-0.013556345365941525,0.0601513010185909
126.83070373535156,0.027649549767374992,0.013560717925429344,0.0601513010185909
126.8810966014862,0.025128453969955444,-0.013558577746152878,0.0601513010185909
126.93092656135559,0.02764945849776268,0.013559144921600819,0.0601513010185909
126.98108983039856,0.025128375738859177,-0.013559412211179733,0.0601513010185909
127.02635645866394,0.02694532461464405,0.0075685689225792885,0.0601513010185909
127.07670903205872,0.025832440704107285,-0.007569093722850084,0.0601513010185909
127.12643480300903,0.026945317164063454,0.007568720728158951,0.0601513010185909
127.17824268341064,0.025128357112407684,-0.01355920173227787,0.0601513010185909
127.22647976875305,0.02561042085289955,-0.00391469057649374,0.0601513010185909
127.27718210220337,0.02438921481370926,-0.014118613675236702,0.0601513010185909
127.32666826248169,0.02499779872596264,-0.0014206133782863617,0.0601513010185909
127.37632179260254,0.024308424443006516,-0.008514493703842163,0.0601513010185909
127.42707967758179,0.026501333341002464,0.015348215587437153,0.0601513010185909
127.47700810432434,0.02597685717046261,0.00163924356456846,0.0601513010185909
127.5271327495575,0.027297303080558777,0.014690158888697624,0.0601513010185909
127.57695436477661,0.02616959623992443,-0.0034165154211223125,0.0601513010185909
127.62695217132568,0.025842659175395966,-0.0022373853716999292,0.0601513010185909
127.67625379562378,0.02450898103415966,-0.013982735574245453,0.0601513010185909
127.72691750526428,0.02503478340804577,-0.0019788979552686214,0.0601513010185909
127.77700591087341,0.024299444630742073,-0.009204188361763954,0.0601513010185909
127.82705664634705,0.025140563026070595,0.003320923540741205,0.0601513010185909
127.8771493434906,0.024508152157068253,-0.005233264993876219,0.0601513010185909
127.92713403701782,0.025331921875476837,0.005566156469285488,0.0601513010185909
127.97692251205444,0.024636173620820045,-0.004377414938062429,0.0601513010185909
128.0271077156067,0.025395605713129044,0.0055818017572164536,0.0601513010185909
128.0763704776764,0.02465391531586647,-0.004723057616502047,0.0601513010185909
128.1262547969818,0.025388654321432114,0.005183873698115349,0.0601513010185909
128.1764793395996,0.02463851310312748,-0.005026788916438818,0.0601513010185909
128.22750568389893,0.025374168530106544,0.005008975975215435,0.0601513010185909
128.27643847465515,0.0246286541223526,-0.005095832049846649,0.0601513010185909
128.32632303237915,0.025369158014655113,0.005005069077014923,0.0601513010185909
128.3763029575348,0.024627165868878365,-0.0050709424540400505,0.0601513010185909
128.42647194862366,0.02536960132420063,0.00503490399569273,0.0601513010185909
128.48127460479736,0.02415901981294155,-0.009040034376084805,0.0601513010185909
128.531996011734,0.025840159505605698,0.009042474441230297,0.0601513010185909
128.5763282775879,0.024629058316349983,-0.005042185075581074,0.0601513010185909
128.62654542922974,0.025371089577674866,0.005049015861004591,0.0601513010185909
128.67677354812622,0.02462918311357498,-0.005043968092650175,0.0601513010185909
128.73115158081055,0.02584044449031353,0.009040139615535736,0.0601513010185909
128.7810823917389,0.02415969967842102,-0.009039364755153656,0.0601513010185909
128.83102798461914,0.025840366259217262,0.009039219468832016,0.0601513010185909
128.88087224960327,0.024159647524356842,-0.009039713069796562,0.0601513010185909
128.9310429096222,0.025840340182185173,0.009039215743541718,0.0601513010185909
128.98092651367188,0.024159640073776245,-0.009039568714797497,0.0601513010185909
129.0323190689087,0.025840342044830322,0.009039380587637424,0.0601513010185909
129.08102416992188,0.024159647524356842,-0.009039443917572498,0.0601513010185909
129.130957365036,0.02584034949541092,0.00903945229947567,0.0601513010185909
129.18096661567688,0.02415965124964714,-0.00903941597789526,0.0601513010185909
129.23091793060303,0.02584035135805607,0.009039453230798244,0.0601513010185909
129.28152322769165,0.02415965124964714,-0.00903942622244358,0.0601513010185909
129.33112239837646,0.02584035135805607,0.009039441123604774,0.0601513010185909
129.38111567497253,0.02415965124964714,-0.009039435535669327,0.0601513010185909
129.42763209342957,0.02537095919251442,0.00504590617492795,0.0601513010185909
129.4762306213379,0.02462904155254364,-0.0050459085032343864,0.0601513010185909
129.52635765075684,0.02537095919251442,0.005045905709266663,0.0601513010185909
129.581148147583,0.02415965124964714,-0.009039437398314476,0.0601513010185909
129.63092279434204,0.02584034949541092,0.009039436466991901,0.0601513010185909
129.68108868598938,0.02415965124964714,-0.009039436466991901,0.0601513010185909
129.73095870018005,0.02584034949541092,0.009039436466991901,0.0601513010185909
129.7815773487091,0.02415965124964714,-0.009039436466991901,0.0601513010185909
129.8310329914093,0.02584034949541092,0.009039436466991901,0.0601513010185909
129.88102912902832,0.02415965124964714,-0.009039436466991901,0.0601513010185909
129.93103218078613,0.02584034949541092,0.009039436466991901,0.0601513010185909
129.98106932640076,0.02415965124964714,-0.009039436466991901,0.0601513010185909
130.03120017051697,0.02584034949541092,0.009039436466991901,0.0601513010185909
130.08122944831848,0.02415965124964714,-0.009039436466991901,0.0601513010185909
130.13104963302612,0.02584034949541092,0.009039436466991901,0.0601513010185909
130.18102359771729,0.02415965124964714,-0.009039436466991901,0.0601513010185909
130.2315776348114,0.02584034949541092,0.009039436466991901,0.0601513010185909
130.28109097480774,0.02415965124964714,-0.009039436466991901,0.0601513010185909
130.3313364982605,0.02584034949541092,0.009039436466991901,0.0601513010185909
130.38128662109375,0.02415965124964714,-0.009039436466991901,0.0601513010185909
130.4327301979065,0.02584034949541092,0.009039436466991901,0.0601513010185909
130.48093819618225,0.02415965124964714,-0.009039436466991901,0.0601513010185909
130.53096437454224,0.02584034949541092,0.009039436466991901,0.0601513010185909
130.58089089393616,0.022458765655755997,-0.02291707880795002,0.0601513010185909
130.6310739517212,0.02458282746374607,0.00488436222076416,0.0601513010185909
130.68102264404297,0.023678600788116455,-0.005528886802494526,0.0601513010185909
130.73111867904663,0.025829661637544632,0.014777611941099167,0.0601513010185909
130.78116154670715,0.024351781234145164,-0.004033940844237804,0.0601513010185909
130.83117055892944,0.026062389835715294,0.012269753962755203,0.0601513010185909
130.88019680976868,0.022628556936979294,-0.02138529345393181,0.0601513010185909
130.9270339012146,0.024039670825004578,-0.0009554964490234852,0.0601513010185909
130.97655129432678,0.022730402648448944,-0.014194105751812458,0.0601513010185909
131.03270554542542,0.02457447163760662,0.010197095572948456,0.0601513010185909
131.0813491344452,0.02385690249502659,-0.0009031966328620911,0.0601513010185909
131.13096714019775,0.02603505551815033,0.01775859296321869,0.0601513010185909
131.1810519695282,0.024508601054549217,-0.0026231687515974045,0.0601513010185909
131.23097467422485,0.0261527169495821,0.012601234950125217,0.0601513010185909
131.2810981273651,0.022664232179522514,-0.0216089878231287,0.0601513010185909
131.32656025886536,0.02271186374127865,-0.012821231968700886,0.0601513010185909
131.378680229187,0.02244703285396099,-0.010274802334606647,0.0601513010185909
131.4282422065735,0.025335542857646942,0.017632607370615005,0.0601513010185909
131.47684597969055,0.024692073464393616,0.005311073735356331,0.0601513010185909
131.52788257598877,0.025739990174770355,0.013616202399134636,0.0601513010185909
131.5778305530548,0.025020042434334755,0.00025901835761033,0.0601513010185909
131.6268846988678,0.025656919926404953,0.007412808481603861,0.0601513010185909
131.67761158943176,0.02478676289319992,-0.00461867731064558,0.0601513010185909
131.72766160964966,0.025428101420402527,0.004524677060544491,0.0601513010185909
131.778302192688,0.0241500586271286,-0.009807107970118523,0.0601513010185909
131.82818007469177,0.0253441259264946,0.0043938858434557915,0.0601513010185909
131.87657594680786,0.024599630385637283,-0.005456510931253433,0.0601513010185909
131.92826414108276,0.02411949448287487,-0.0049898698925971985,0.0601513010185909
131.97691774368286,0.02317349798977375,-0.01163418684154749,0.0601513010185909
132.02781200408936,0.023418795317411423,-0.003907365258783102,0.0601513010185909
132.07781457901,0.023104993626475334,-0.005934201180934906,0.0601513010185909
132.1277937889099,0.023594005033373833,0.0013912592548877,0.0601513010185909
132.1778597831726,0.023332422599196434,-0.002355832839384675,0.0601513010185909
132.2285602092743,0.024021869525313377,0.005221743136644363,0.0601513010185909
132.2789990901947,0.0232122503221035,-0.0038616021629422903,0.0601513010185909
132.3281750679016,0.023824669420719147,0.003016517963260412,0.0601513010185909
132.3786861896515,0.02321372926235199,-0.0042931255884468555,0.0601513010185909
132.43313813209534,0.024045147001743317,0.004586468450725079,0.0601513010185909
132.48089909553528,0.023196950554847717,-0.0045403544791042805,0.0601513010185909
132.53352427482605,0.024032210931181908,0.004468018189072609,0.0601513010185909
132.5833923816681,0.023189429193735123,-0.004569484386593103,0.0601513010185909
132.63096570968628,0.024029187858104706,0.004485330078750849,0.0601513010185909
132.68329071998596,0.023189200088381767,-0.004537519533187151,0.0601513010185909
132.73085951805115,0.025731097906827927,0.0183918084949255,0.0601513010185909
132.78363800048828,0.024447979405522346,-0.000363371626008302,0.0601513010185909
132.83338594436646,0.026213137432932854,0.014890608377754688,0.0601513010185909
132.88086199760437,0.022758368402719498,-0.019976703450083733,0.0601513010185909
132.93337607383728,0.024763725697994232,0.005728884134441614,0.0601513010185909
132.98082756996155,0.022055301815271378,-0.01969883404672146,0.0601513010185909
133.0331313610077,0.022882286459207535,-0.003944553434848785,0.0601513010185909
133.07629585266113,0.021390428766608238,-0.015983616933226585,0.0601513010185909
133.1308355331421,0.02258440852165222,0.0030354000627994537,0.0601513010185909
133.18346500396729,0.022749483585357666,0.0023603360168635845,0.0601513010185909
133.2264223098755,0.02383260428905487,0.011001457460224628,0.0601513010185909
133.2791347503662,0.023508010432124138,0.0020897919312119484,0.0601513010185909
133.3285493850708,0.024341605603694916,0.0084278155118227,0.0601513010185909
133.37648963928223,0.023663608357310295,-0.0005100119742564857,0.0601513010185909
133.42650246620178,0.02392931468784809,0.002915727673098445,0.0601513010185909
133.4767279624939,0.02347484789788723,-0.0029329145327210426,0.0601513010185909
133.52653574943542,0.0237959586083889,0.0018921029986813664,0.0601513010185909
133.57654118537903,0.023404020816087723,-0.0030630589462816715,0.0601513010185909
133.62646055221558,0.02377239428460598,0.0021793562918901443,0.0601513010185909
133.6765365600586,0.02340741641819477,-0.002682619960978627,0.0601513010185909
133.72666430473328,0.023786241188645363,0.00248807854950428,0.0601513010185909
133.77663397789001,0.023421650752425194,-0.002494647167623043,0.0601513010185909
133.8268129825592,0.023796476423740387,0.002569804433733225,0.0601513010185909
133.87655329704285,0.023427193984389305,-0.002481933683156967,0.0601513010185909
133.9269723892212,0.02379840798676014,0.0025494995061308146,0.0601513010185909
133.9769058227539,0.023427024483680725,-0.0025103173684328794,0.0601513010185909
134.02843046188354,0.024031981825828552,0.004521416034549475,0.0601513010185909
134.07686114311218,0.023425953462719917,-0.0025248827878385782,0.0601513010185909
134.12673997879028,0.02379661239683628,0.0025194811169058084,0.0601513010185909
134.17687368392944,0.023425519466400146,-0.00252606556750834,0.0601513010185909
134.2279224395752,0.023796454071998596,0.002520904876291752,0.0601513010185909
134.2761595249176,0.023425525054335594,-0.0025239514652639627,0.0601513010185909
134.3261353969574,0.023796528577804565,0.0025226937141269445,0.0601513010185909
134.37638974189758,0.02342560701072216,-0.0025228243321180344,0.0601513010185909
134.42652368545532,0.02379658818244934,0.0025232103653252125,0.0601513010185909
134.47682762145996,0.023425640538334846,-0.002522717695683241,0.0601513010185909
134.52604293823242,0.023796601220965385,0.0025231114123016596,0.0601513010185909
134.57629132270813,0.023425640538334846,-0.0025228748563677073,0.0601513010185909
134.62755393981934,0.022461693733930588,-0.008960568346083164,0.0601513010185909
134.67655491828918,0.021982399746775627,-0.009072731249034405,0.0601513010185909
134.72650599479675,0.02184906415641308,-0.006466561462730169,0.0601513010185909
134.77634978294373,0.021901603788137436,-0.003468621987849474,0.0601513010185909
134.82650661468506,0.022017693147063255,-0.0011812582379207015,0.0601513010185909
134.87644290924072,0.022126803174614906,0.00013537028280552477,0.0601513010185909
134.9266905784607,0.022201037034392357,0.0006547535303980112,0.0601513010185909
134.97659063339233,0.022238750010728836,0.00068374298280105,0.0601513010185909
135.0266981124878,0.02224992774426937,0.0004960545338690281,0.0601513010185909
135.07624220848083,0.022246569395065308,0.00027127392240799963,0.0601513010185909
135.12638235092163,0.022238021716475487,9.649442654335871e-05,0.0601513010185909
135.17632174491882,0.022229772061109543,-5.933621196163585e-06,0.0601513010185909
135.22667241096497,0.022224061191082,-4.768421786138788e-05,0.0601513010185909
135.27629160881042,0.022221099585294724,-5.146186231286265e-05,0.0601513010185909
135.3263931274414,0.022220170125365257,-3.8012993172742426e-05,0.0601513010185909
135.376482963562,0.022220376878976822,-2.1184359866310842e-05,0.0601513010185909
135.4264862537384,0.022221004590392113,-7.843241291993763e-06,0.0601513010185909
135.4782211780548,0.022221731022000313,1.1038458751500002e-06,0.0601513010185909
135.53088092803955,0.0222221277654171,3.720755330505199e-06,0.0601513010185909
135.5807797908783,0.022222323343157768,3.743446086446056e-06,0.0601513010185909
135.63073635101318,0.022222377359867096,2.658114908626885e-06,0.0601513010185909
135.67639350891113,0.022222362458705902,1.6519786640856182e-06,0.0601513010185909
135.72798228263855,0.02222231589257717,6.347042926790891e-07,0.0601513010185909
135.77683424949646,0.02222226932644844,1.7164747845299644e-08,0.0601513010185909
135.82627868652344,0.022222235798835754,-2.500345885891875e-07,0.0601513010185909
135.876118183136,0.022222217172384262,-2.9033944315415283e-07,0.0601513010185909
135.92623472213745,0.022222211584448814,-2.2252622500218422e-07,0.0601513010185909
135.9763960838318,0.022222211584448814,-1.2864657605859975e-07,0.0601513010185909
136.02778148651123,0.022222215309739113,-5.1160288450091684e-08,0.0601513010185909
136.07643747329712,0.02222221903502941,-3.298736395151991e-09,0.0601513010185909
136.12652349472046,0.02222222089767456,1.7985941624942825e-08,0.0601513010185909
136.17651963233948,0.02222222276031971,2.1761508151030284e-08,0.0601513010185909
136.22732400894165,0.02222222276031971,1.699915941344443e-08,0.0601513010185909
136.28105401992798,0.02222222276031971,8.677035090443042e-09,0.0601513010185909
136.33095598220825,0.02222222276031971,3.1860527549554263e-09,0.0601513010185909
136.38060760498047,0.02222222276031971,-7.708923777105525e-11,0.0601513010185909
136.43089962005615,0.02222222276031971,-1.4399190728653366e-09,0.0601513010185909
136.48062324523926,0.02222222276031971,-1.5973344869024686e-09,0.0601513010185909
136.5307493209839,0.02222222276031971,-1.19694265610093e-09,0.0601513010185909
136.58069348335266,0.02222222276031971,-6.768470783846681e-10,0.0601513010185909
136.63067841529846,0.02222222276031971,-2.5805979575466154e-10,0.0601513010185909
136.68083119392395,0.02222222276031971,-4.779183992997815e-12,0.0601513010185909
136.73079657554626,0.02222222276031971,1.0414987622331395e-10,0.0601513010185909
136.78099370002747,0.02222222276031971,1.1993203652416184e-10,0.0601513010185909
136.83107542991638,0.02222222276031971,9.155205760169594e-11,0.0601513010185909
136.87660789489746,0.02222222276031971,6.028392368628843e-11,0.0601513010185909
136.93074131011963,0.02222222276031971,2.0817639279080424e-11,0.0601513010185909
136.97618865966797,0.02222222276031971,4.134095843433272e-12,0.0601513010185909
137.0276141166687,0.02222222276031971,-6.468846291962649e-12,0.0601513010185909
137.07679796218872,0.02222222276031971,-9.078217344526962e-12,0.0601513010185909
137.12611198425293,0.02222222276031971,-7.530635837138533e-12,0.0601513010185909
137.17642092704773,0.02222222276031971,-4.670909492521247e-12,0.0601513010185909
137.22651958465576,0.02222222276031971,-2.0905499553691698e-12,0.0601513010185909
137.2766625881195,0.02222222276031971,-3.835959327957994e-13,0.0601513010185909
137.3263943195343,0.02222222276031971,4.532971220605475e-13,0.0601513010185909
137.3761601448059,0.02222222276031971,6.759454107552187e-13,0.0601513010185909
137.4264998435974,0.02222222276031971,5.727571195102144e-13,0.0601513010185909
137.4765169620514,0.02222222276031971,3.614331056667197e-13,0.0601513010185909
137.52648425102234,0.02222222276031971,1.6599915886317262e-13,0.0601513010185909
137.5764012336731,0.02222222276031971,3.4514058278034554e-14,0.0601513010185909
137.62629055976868,0.02222222276031971,-3.142625049079584e-14,0.0601513010185909
137.67648839950562,0.02222222276031971,-5.0230652970384426e-14,0.0601513010185909
137.72646045684814,0.02222222276031971,-4.3499925883594415e-14,0.0601513010185909
137.7764151096344,0.02222222276031971,-2.79359868571305e-14,0.0601513010185909
137.82625436782837,0.02222222276031971,-1.317002062961592e-14,0.0601513010185909
137.8763439655304,0.02222222276031971,-3.066991105526995e-15,0.0601513010185909
137.9263527393341,0.02222222276031971,2.0539125955565396e-15,0.0601513010185909
137.9764552116394,0.02222222276031971,3.608224830031759e-15,0.0601513010185909
138.0263226032257,0.02222222276031971,3.226585665316861e-15,0.0601513010185909
138.07640886306763,0.02222222276031971,2.123301534595612e-15,0.0601513010185909
138.12644386291504,0.02222222276031971,1.0824674490095276e-15,0.0601513010185909
138.1765067577362,0.02222222276031971,3.3306690738754696e-16,0.0601513010185909
138.22715425491333,0.02222222276031971,-1.3183898417423734e-16,0.0601513010185909
138.276522397995,0.02222222276031971,-3.122502256758253e-16,0.0601513010185909
138.32631611824036,0.02222222276031971,-2.8449465006019636e-16,0.0601513010185909
138.37619590759277,0.02222222276031971,-2.498001805406602e-16,0.0601513010185909
138.42618370056152,0.02222222276031971,-2.1510571102112408e-16,0.0601513010185909
138.47631978988647,0.02222222276031971,-1.8041124150158794e-16,0.0601513010185909
138.5270562171936,0.02222222276031971,-1.457167719820518e-16,0.0601513010185909
138.57649564743042,0.02222222276031971,-1.1102230246251565e-16,0.0601513010185909
138.6308159828186,0.02222222276031971,-6.938893903907228e-17,0.0601513010185909
138.68080615997314,0.02222222276031971,-3.469446951953614e-17,0.0601513010185909
138.73076629638672,0.02222222276031971,0.0,0.0601513010185909
138.77626395225525,0.02222222276031971,2.7755575615628914e-17,0.0601513010185909
138.83074855804443,0.02222222276031971,6.938893903907228e-17,0.0601513010185909
138.88080596923828,0.02222222276031971,1.0408340855860843e-16,0.0601513010185909
138.92635250091553,0.02222222276031971,1.3183898417423734e-16,0.0601513010185909
138.976220369339,0.02222222276031971,1.6653345369377348e-16,0.0601513010185909
139.02748441696167,0.02222222276031971,1.8041124150158794e-16,0.0601513010185909
139.07618641853333,0.02222222276031971,1.8041124150158794e-16,0.0601513010185909
139.12620329856873,0.02222222276031971,1.8041124150158794e-16,0.0601513010185909
139.1763207912445,0.02222222276031971,1.8041124150158794e-16,0.0601513010185909
139.22629952430725,0.02222222276031971,1.8041124150158794e-16,0.0601513010185909
139.2762758731842,0.02222222276031971,1.8041124150158794e-16,0.0601513010185909
139.3262906074524,0.02222222276031971,1.8041124150158794e-16,0.0601513010185909
139.37650847434998,0.02222222276031971,1.8041124150158794e-16,0.0601513010185909
139.4263470172882,0.02222222276031971,1.8041124150158794e-16,0.0601513010185909
139.47676038742065,0.02222222276031971,1.8041124150158794e-16,0.0601513010185909
139.52649927139282,0.02222222276031971,1.8041124150158794e-16,0.0601513010185909
139.57658123970032,0.02222222276031971,1.8041124150158794e-16,0.0601513010185909
139.62648153305054,0.02222222276031971,1.8041124150158794e-16,0.0601513010185909
139.67655062675476,0.02222222276031971,1.8041124150158794e-16,0.0601513010185909
139.72661781311035,0.02222222276031971,1.8041124150158794e-16,0.0601513010185909
139.77674388885498,0.02222222276031971,1.8041124150158794e-16,0.0601513010185909
139.82642722129822,0.02222222276031971,1.8041124150158794e-16,0.0601513010185909
139.87648487091064,0.02222222276031971,1.8041124150158794e-16,0.0601513010185909
139.92615342140198,0.02222222276031971,1.8041124150158794e-16,0.0601513010185909
139.97649431228638,0.02222222276031971,1.8041124150158794e-16,0.0601513010185909
140.02789068222046,0.02222222276031971,1.8041124150158794e-16,0.0601513010185909
140.07662510871887,0.02222222276031971,1.8041124150158794e-16,0.0601513010185909
140.12636494636536,0.02222222276031971,1.8041124150158794e-16,0.0601513010185909
140.1764464378357,0.02222222276031971,1.8041124150158794e-16,0.0601513010185909
140.22720193862915,0.02222222276031971,1.8041124150158794e-16,0.0601513010185909
140.27668642997742,0.02222222276031971,1.8041124150158794e-16,0.0601513010185909
140.32648038864136,0.02222222276031971,1.8041124150158794e-16,0.0601513010185909
140.3766224384308,0.02088731899857521,-0.011483543552458286,0.0601513010185909
140.42782592773438,0.020778989419341087,-0.006549769546836615,0.0601513010185909
140.4777467250824,0.02027469500899315,-0.008989496156573296,0.0601513010185909
140.52764225006104,0.020698195323348045,-0.0009456505067646503,0.0601513010185909
140.57758498191833,0.020443323999643326,-0.003704199567437172,0.0601513010185909
140.6279261112213,0.020923394709825516,0.002658330136910081,0.0601513010185909
140.67815804481506,0.02040220983326435,-0.0038298112340271473,0.0601513010185909
140.72815442085266,0.021035341545939445,0.003206696128472686,0.0601513010185909
140.77784967422485,0.02067555859684944,-0.002026900416240096,0.0601513010185909
140.82751297950745,0.021043159067630768,0.0027942261658608913,0.0601513010185909
140.8774836063385,0.020663652569055557,-0.002426460152491927,0.0601513010185909
140.92760848999023,0.021026361733675003,0.002517019398510456,0.0601513010185909
140.97792148590088,0.02064969204366207,-0.0025706379674375057,0.0601513010185909
141.02778005599976,0.021017689257860184,0.0024714916944503784,0.0601513010185909
141.07659935951233,0.020645800977945328,-0.0025609664153307676,0.0601513010185909
141.12675547599792,0.021016966551542282,0.002501769457012415,0.0601513010185909
141.17670941352844,0.020646635442972183,-0.0025307966861873865,0.0601513010185909
141.22678303718567,0.021018218249082565,0.0025230685714632273,0.0601513010185909
141.27668404579163,0.020647697150707245,-0.0025194936897605658,0.0601513010185909
141.32664728164673,0.02101888880133629,0.0025268218014389277,0.0601513010185909
141.3768172264099,0.020648006349802017,-0.002520043635740876,0.0601513010185909
141.42723965644836,0.02101895399391651,0.0025246054865419865,0.0601513010185909
141.47837018966675,0.020413242280483246,-0.004519239533692598,0.0601513010185909
141.52789044380188,0.02101886086165905,0.0025229707825928926,0.0601513010185909
141.5768096446991,0.020647868514060974,-0.0025232036132365465,0.0601513010185909
141.62667798995972,0.02101880870759487,0.002522663213312626,0.0601513010185909
141.67680621147156,0.020647842437028885,-0.0025231761392205954,0.0601513010185909
141.72700905799866,0.021018803119659424,0.0025228250306099653,0.0601513010185909
141.77711653709412,0.020647848024964333,-0.002523004775866866,0.0601513010185909
141.8267011642456,0.02101881057024002,0.002522950293496251,0.0601513010185909
141.87710046768188,0.02064785361289978,-0.002522935625165701,0.0601513010185909
141.9267873764038,0.01968391053378582,-0.008960568346083164,0.0601513010185909
141.97709941864014,0.019204622134566307,-0.00907270610332489,0.0601513010185909
142.02709674835205,0.019071286544203758,-0.006466532591730356,0.0601513010185909
142.07675051689148,0.019123828038573265,-0.0034686001017689705,0.0601513010185909
142.12647819519043,0.01921571046113968,-0.0015607761451974511,0.0601513010185909
