timestep,speed,acceleration,target_speed
13.370768547058105,0.004517353139817715,0.003718263003975153,0.0157331874915606
13.422065019607544,0.0037004745099693537,-0.0048185596242547035,0.0168133725264534
13.47118854522705,0.001162477652542293,-0.02323361113667488,0.00880753345793064
13.521194696426392,0.001225409097969532,-0.012700778432190418,0.00874786746696092
13.572352170944214,0.0019266095478087664,-0.00219151983037591,0.00948458953008622
13.620261430740356,0.0024732749443501234,0.002911246381700039,0.0107671560487209
13.665315628051758,0.004082287196069956,0.015659213066101074,0.0117937822381297
13.71548056602478,0.005689617246389389,0.021803343668580055,0.00838274844294859
13.76501989364624,0.007667704951018095,0.029517887160182,0.00782090441691219
13.815077781677246,0.009156659245491028,0.02919243648648262,0.00857176001659916
13.864983081817627,0.009547976776957512,0.020515426993370056,0.0104416042798922
13.915862321853638,0.009358826093375683,0.01083077397197485,0.0111749405418236
13.969720363616943,0.008901765570044518,0.002480498282238841,0.00656070390495635
14.017410516738892,0.008571251295506954,-0.0010677899699658155,0.00690933610305375
14.065333127975464,0.008393418975174427,-0.00216220086440444,0.00766460720356269
14.1150541305542,0.008276086300611496,-0.0022022405173629522,0.00857940900571936
14.171902656555176,0.008242986164987087,-0.0014252210967242718,0.00781845171156287
14.220536947250366,0.008260480128228664,-0.0007187830633483827,0.0081552126196985
14.270654678344727,0.008289217017591,-0.00020861695520579815,0.00823268638701591
14.321215391159058,0.008314321748912334,6.899669097037986e-05,0.00600801826995944
14.366109609603882,0.00832804013043642,0.0001578939991304651,0.0070188507028557
14.420706272125244,0.008338243700563908,0.00015939409786369652,0.00717052975232941
14.471062660217285,0.008340077474713326,0.00010967910202452913,0.00720515709154557
14.521239995956421,0.008338883519172668,5.649109516525641e-05,0.00449462868441712
14.57137393951416,0.008336753584444523,1.7386197214364074e-05,0.00416730747993797
14.616827249526978,0.007000280078500509,-0.011484778486192226,0.00489749677133567
14.665753364562988,0.005555653944611549,-0.018044807016849518,0.00604709510180211
14.7154860496521,0.004942304454743862,-0.015551753342151642,0.00570743451364968
14.765688419342041,0.004861281719058752,-0.009944403544068336,0.00418119487494008
14.815523624420166,0.005029959604144096,-0.004655027762055397,0.0041548497628093
14.865682601928711,0.005255310330539942,-0.0010478007607161999,0.00699489239919393
14.91597843170166,0.005438806023448706,0.0007901437347754836,0.00658198817115354
14.972239017486572,0.005565070081502199,0.0013471239944919944,0.00523420448377312
15.022218465805054,0.005603910889476538,0.0011073121568188071,0.00349327017917123
15.06524920463562,0.005607642699033022,0.0007680341950617731,0.00445789538027574
15.12153697013855,0.0055924225598573685,0.00030150279053486884,0.00835623435458272
15.1655752658844,0.005578926298767328,9.07155335880816e-05,0.0122527123589819
15.215394496917725,0.006899857893586159,0.011429932899773121,0.00377996890252823
15.265966892242432,0.008334411308169365,0.017934110015630722,0.00361196130779149
15.315218448638916,0.008943140506744385,0.015449723228812218,0.00658600173666555
15.365182399749756,0.007688306272029877,-0.0016076486790552735,0.0113515677028198
15.421241521835327,0.005852339323610067,-0.014278191141784191,0.0171472307498355
15.465483903884888,0.00657560583204031,-0.003017593640834093,0.00485812664384974
15.51580286026001,0.009090668521821499,0.018795153126120567,0.00580688544298469
15.571329116821289,0.009762764908373356,0.01355999056249857,0.00526106729060897
15.621351480484009,0.009180480614304543,0.0036252683494240046,0.00876473381497735
15.671313047409058,0.008685478009283543,-0.0016529504209756851,0.0111203071829139
15.716020584106445,0.008420083671808243,-0.0032664055470377207,0.00614408062997409
15.765530824661255,0.008245764300227165,-0.003304223297163844,0.00684625659404623
15.815147399902344,0.008197369985282421,-0.002353787887841463,0.00708783714319937
15.865234136581421,0.008216594345867634,-0.0012617900501936674,0.00702959127761625
15.925848245620728,0.008267566561698914,-0.000305601570289582,0.00702097325179561
15.975013256072998,0.008305174298584461,0.00010750410729087889,0.00954025158760152
16.025957345962524,0.008329377509653568,0.0002514444349799305,0.00828457021531505
16.07519292831421,0.008340810425579548,0.00023900688393041492,0.00856562629195672
16.125678539276123,0.008343476802110672,0.00016381654131691903,0.00897814445943474
16.1760995388031,0.00834164209663868,8.397759665967897e-05,0.00892469686067123
16.22519540786743,0.00833843369036913,2.5518091206322424e-05,0.00781138987819343
16.27514123916626,0.008335579186677933,-6.765184025425697e-06,0.00754525348312804
16.32543683052063,0.008333710953593254,-1.849233558459673e-05,0.00843846580925158
16.373347282409668,0.008332807570695877,-1.8062099115923047e-05,0.00949165029943414
16.416149616241455,0.008332585915923119,-1.3837387996318284e-05,0.0102845308643935
16.464494705200195,0.008332661353051662,-7.707001714152284e-06,0.0104015166624371
16.514844179153442,0.008332890458405018,-2.8500132884801133e-06,0.0110117543157297
16.564738750457764,0.009668019600212574,0.011483589187264442,0.0121128337832862
16.61583924293518,0.011111414059996605,0.018034575507044792,0.0146315658155086
16.66588282585144,0.011724122799932957,0.015540674328804016,0.0158607447236353
16.715017080307007,0.011804943904280663,0.009936206042766571,0.0117746252541906
16.764684438705444,0.012971213087439537,0.016133995726704597,0.0129448932772482
16.81602644920349,0.012854328379034996,0.007595869712531567,0.0149632960590141
16.865026235580444,0.011840357445180416,-0.0032841735519468784,0.0166542165746558
16.915022134780884,0.012531469576060772,0.004540835507214069,0.0185049683070643
16.964949131011963,0.013676384463906288,0.011568116024136543,0.0150483583008421
17.014556884765625,0.015559523366391659,0.02265142649412155,0.015547996549684
17.064987659454346,0.015802407637238503,0.014281104318797588,0.0161540210132321
17.114756107330322,0.014891364611685276,0.001516857766546309,0.0179175794788685
17.170055150985718,0.015812650322914124,0.00899666640907526,0.0204236680295369
17.215641260147095,0.016606466844677925,0.012469512410461903,0.0193811314841001
17.264816284179688,0.017074191942811012,0.011085833422839642,0.0223188518716849
17.314692974090576,0.01715356484055519,0.0072557623498141766,0.0252456222596504
17.36463689804077,0.01837974786758423,0.01499091275036335,0.0265441527848973
17.416893005371094,0.02100110985338688,0.030406920239329338,0.0322420770188025
17.46516466140747,0.02292564883828163,0.03309110924601555,0.0320731143786802
17.51548480987549,0.024871869012713432,0.03603503108024597,0.0360077422441539
17.56537103652954,0.027524977922439575,0.043261460959911346,0.0384396646728864
17.615412950515747,0.029179761186242104,0.03870876505970955,0.0430213938025148
17.666504383087158,0.030807126313447952,0.036937061697244644,0.0459858480295257
17.71547794342041,0.03321380168199539,0.04189762473106384,0.0454923648499107
17.76474618911743,0.03605988249182701,0.04826541244983673,0.047108609009646
17.814833164215088,0.039072539657354355,0.05336805433034897,0.0503491251063825
17.864941835403442,0.042087212204933167,0.056441038846969604,0.0506657270918694
17.915520429611206,0.043698541820049286,0.04626993089914322,0.0536821579142121
17.965378761291504,0.04512321576476097,0.039901260286569595,0.044312792493025
18.015124320983887,0.04731887951493263,0.04204311966896057,0.047724751362774
18.065833806991577,0.04734233394265175,0.024204570800065994,0.0473425210886988
18.114856958389282,0.04738510400056839,0.016001470386981964,0.0489053078999019
18.165080308914185,0.04781007394194603,0.012871703132987022,0.0481075108900642
18.2148380279541,0.04781854897737503,0.007777953986078501,0.0407377354895149
18.26490092277527,0.04764771834015846,0.003340319497510791,0.0427173829893498
18.31484603881836,0.04611583054065704,-0.01100428681820631,0.0423369204665735
18.364992141723633,0.044522128999233246,-0.018908914178609848,0.0438032055000047
18.415035247802734,0.043822791427373886,-0.016733961179852486,0.048308945662917
18.464859008789062,0.043707720935344696,-0.010915864259004593,0.0372666757848669
18.514852285385132,0.045209262520074844,0.006230682134628296,0.0365840932458646
18.564828157424927,0.04555509239435196,0.005237627308815718,0.0383619446616921
18.61478900909424,0.0449225977063179,-0.001749339746311307,0.0376368669391669
18.66483974456787,0.044514209032058716,-0.004203996621072292,0.0382015219538011
18.714779138565063,0.04298551753163338,-0.015499996952712536,0.0306213458731691
18.765018939971924,0.041496288031339645,-0.020795324817299843,0.0321291008215849
18.815677404403687,0.039578963071107864,-0.028444349765777588,0.0346784613826264
18.864899158477783,0.03810865432024002,-0.028405096381902695,0.034660673913653
18.914970636367798,0.03771265223622322,-0.02007989026606083,0.0362340395614994
18.964988946914673,0.036553677171468735,-0.022155534476041794,0.0301189148503154
19.01481008529663,0.03681262955069542,-0.01010602805763483,0.0316282419388223
19.065320253372192,0.0366494283080101,-0.008484533056616783,0.0328368891070301
19.114776372909546,0.03596822917461395,-0.010347727686166763,0.0342917247502394
19.17068576812744,0.035707633942365646,-0.007464425638318062,0.0363204767053479
19.22117018699646,0.03574838489294052,-0.004157605580985546,0.030908886430507
19.27052640914917,0.03587178513407707,-0.0015375763177871704,0.0317131256527602
19.320910930633545,0.03599417954683304,2.451010004733689e-05,0.034371065307757
19.370704889297485,0.03437945991754532,-0.013197112828493118,0.0363547275192837
19.421160459518433,0.0331675186753273,-0.01727272756397724,0.0384042774869587
19.470924139022827,0.03440237417817116,-7.309861393878236e-05,0.0324506816039149
19.520546913146973,0.03564685583114624,0.00957295298576355,0.033713624139914
19.5711407661438,0.03631100058555603,0.010868112556636333,0.0352770504892088
19.621026754379272,0.03653449937701225,0.008239035494625568,0.0381503742656271
19.67100501060486,0.03650554269552231,0.0047129192389547825,0.0384145230406595
19.715505361557007,0.036405932158231735,0.0023265350610017776,0.0340224980367671
19.76496195793152,0.03626985475420952,0.0003424912865739316,0.0347246330390046
19.814929723739624,0.03616565093398094,-0.0006000208668410778,0.0342938348152406
19.864901781082153,0.036105457693338394,-0.0008246605866588652,0.0357385447685187
19.914891958236694,0.03608155623078346,-0.0006788175087422132,0.0373762570971144
19.964665412902832,0.03608005493879318,-0.0004183440178167075,0.0336900759890154
20.01491141319275,0.036088500171899796,-0.00018539272423367947,0.0353671739860664
20.06457257270813,0.036098700016736984,-3.22647210850846e-05,0.0374819665889139
20.114614248275757,0.0361066609621048,4.218380126985721e-05,0.0413538457647673
20.164739847183228,0.036111343652009964,6.145235238363966e-05,0.0445665602889319
20.214606761932373,0.03744816780090332,0.011535201221704483,0.0378556517259449
20.264644861221313,0.040226489305496216,0.02954924665391445,0.0390791268809587
20.314624071121216,0.04228174313902855,0.03358731418848038,0.0414581862069678
20.364839553833008,0.04163949564099312,0.01399379875510931,0.0441250904726899
20.414844036102295,0.04144271835684776,0.008032288402318954,0.0471042224230481
20.464918613433838,0.041879136115312576,0.008185196667909622,0.0392427283151915
20.5208523273468,0.04200241342186928,0.0052990783005952835,0.039262131085634
20.570897817611694,0.04193749651312828,0.002673448994755745,0.0400054338133865
20.614758729934692,0.041852161288261414,0.001084518851712346,0.0410192281277301
20.667532682418823,0.041737399995326996,-0.00025571207515895367,0.0427630888714324
20.714927434921265,0.04168638959527016,-0.0005865232669748366,0.0393200850935644
20.764766693115234,0.04165206477046013,-0.0006166882812976837,0.0403923762864931
20.81466054916382,0.04164176061749458,-0.00044911258737556636,0.0432329563835717
20.86477541923523,0.04164467379450798,-0.0002466014993842691,0.0439131825989462
20.914729833602905,0.04165234416723251,-8.849333244143054e-05,0.0462086626068222
20.96481227874756,0.04165979102253914,4.516506578511326e-06,0.0400570603863953
21.014820098876953,0.042999863624572754,0.011526226997375488,0.0416835359082728
21.064898252487183,0.04444579407572746,0.018079714849591255,0.0416833711769652
21.115182161331177,0.04505927488207817,0.015573673881590366,0.0431327907933073
21.16533374786377,0.04513989016413689,0.00995439849793911,0.0441903452131734
21.214935302734375,0.04363579675555229,-0.006826507858932018,0.0410452041731009
21.264869451522827,0.04330170154571533,-0.0055039385333657265,0.0409732967003471
21.315468788146973,0.042613666504621506,-0.009782722219824791,0.039197241625456
21.365025520324707,0.04159010574221611,-0.013771179132163525,0.0388756985823059
21.414947748184204,0.04117794707417488,-0.011436398141086102,0.0418107874519475
21.465256690979004,0.04114591330289841,-0.007099992595613003,0.0545481563582353
21.51484990119934,0.04128463566303253,-0.0031821958255022764,0.0705331246120491
21.564926147460938,0.04412508010864258,0.02237900346517563,0.0866217551251085
21.614882469177246,0.04981563240289688,0.059718985110521317,0.104786868982173
21.664966106414795,0.058011624962091446,0.10262122750282288,0.122475797401403
21.714725971221924,0.06910084187984467,0.15185286104679108,0.135964421972107
21.76488709449768,0.08187924325466156,0.19440467655658722,0.15312802286489
21.814774751663208,0.09622200578451157,0.23315759003162384,0.170458239943255
21.871042251586914,0.11411408334970474,0.2632664740085602,0.184183535615609
21.921043872833252,0.1276736557483673,0.26546192169189453,0.196675131692638
21.971592664718628,0.14122195541858673,0.26742416620254517,0.201663473513159
22.02034044265747,0.15338459610939026,0.2571583092212677,0.213566318057318
22.070534467697144,0.16443097591400146,0.2423812448978424,0.22552737071766
22.120433807373047,0.17502237856388092,0.2300112545490265,0.237458240972467
22.17149567604065,0.18557262420654297,0.22228142619132996,0.2495439810737
22.220532178878784,0.1962694674730301,0.21878260374069214,0.256937745223898
22.27055859565735,0.20885059237480164,0.23198114335536957,0.269953612194337
22.3210186958313,0.221133753657341,0.23685285449028015,0.282916016312324
22.370577573776245,0.23272718489170074,0.234441876411438,0.297285852412017
22.42149519920349,0.24388669431209564,0.22964422404766083,0.311248395265893
22.470776319503784,0.2565487027168274,0.23911431431770325,0.314032769504386
22.520822286605835,0.26872703433036804,0.24031661450862885,0.328327087274461
22.570714712142944,0.2801674008369446,0.2353346347808838,0.343165619187619
22.61499524116516,0.2894287407398224,0.2346891164779663,0.357161649790638
22.664912700653076,0.30165842175483704,0.24096639454364777,0.37150759413715
22.71504545211792,0.3153122663497925,0.2557327151298523,0.378639407024863
22.764862775802612,0.3296394944190979,0.26978397369384766,0.394465955384214
22.81496810913086,0.3427894711494446,0.26793813705444336,0.410845393201885
22.86500382423401,0.3557237684726715,0.2663332521915436,0.428413472582722
22.914968252182007,0.36930012702941895,0.2703334391117096,0.444446144889135
22.964927673339844,0.3832405209541321,0.2755432426929474,0.451089954137609
23.01491951942444,0.39732038974761963,0.279742568731308,0.466172243829125
23.06472611427307,0.4114035964012146,0.2822846472263336,0.479992717580931
23.11474084854126,0.42543140053749084,0.2833796739578247,0.492731660913279
23.16506791114807,0.4393950402736664,0.2835400104522705,0.505971059780219
23.220444202423096,0.45556607842445374,0.27776503562927246,0.5126531531672
23.270244359970093,0.4677479565143585,0.26350292563438416,0.526428320554408
23.320346355438232,0.47866371273994446,0.24517342448234558,0.541445711938952
23.370368003845215,0.4907999634742737,0.2443561851978302,0.557314444742262
23.420599699020386,0.5041874647140503,0.2535354197025299,0.573261871339323
23.470980167388916,0.5182527899742126,0.2642737329006195,0.587726382238573
23.520485877990723,0.5325543284416199,0.27253296971321106,0.604161353648955
23.570493459701538,0.5468354821205139,0.2773239016532898,0.620586991141095
23.62055015563965,0.5626940727233887,0.2931184768676758,0.636064229740757
23.665310621261597,0.575524091720581,0.3028883934020996,0.652772414609556
23.715686798095703,0.5914180278778076,0.31131356954574585,0.665905146333851
23.76567268371582,0.6081622242927551,0.32293200492858887,0.683878471564063
23.8162682056427,0.6239097714424133,0.3210242688655853,0.700908469953664
23.865856647491455,0.6395710706710815,0.32038238644599915,0.717826734035214
23.91488552093506,0.6559442281723022,0.3254988193511963,0.733858922358949
23.964736461639404,0.6727054119110107,0.3315632939338684,0.745546258334148
24.01478672027588,0.6882688403129578,0.3247729539871216,0.760747587630859
24.064746379852295,0.7037143707275391,0.3209613859653473,0.775116546971299
24.114954471588135,0.7199215292930603,0.324562668800354,0.789160785700748
24.164822101593018,0.7352514863014221,0.3187742531299591,0.802252645845284
24.21536684036255,0.7506679892539978,0.31714293360710144,0.816598624088392
24.265233993530273,0.7656065225601196,0.31130340695381165,0.830653919560183
24.315292358398438,0.7795805335044861,0.30035167932510376,0.844941578899355
24.36521601676941,0.7931202054023743,0.2904330790042877,0.85944351656837
24.41534948348999,0.8079125881195068,0.29533812403678894,0.872376687471493
24.4648334980011,0.8229045271873474,0.2986513078212738,0.879918670732696
24.51478600502014,0.837204098701477,0.29528629779815674,0.891509767343611
24.56483006477356,0.851089596748352,0.29007041454315186,0.904199734191633
24.615015745162964,0.863465428352356,0.27411094307899475,0.916357736021575
24.66489267349243,0.8757107853889465,0.264708548784256,0.927515142061739
24.714789390563965,0.8888360261917114,0.265873521566391,0.926081059523003
24.7648184299469,0.9012231826782227,0.2597004473209381,0.937977168727035
24.814806938171387,0.9111344218254089,0.23570074141025543,0.949600355162838
24.864980936050415,0.9204134345054626,0.21760302782058716,0.961533185094523
24.916278839111328,0.9304143786430359,0.21233780682086945,0.974510991426311
24.964775323867798,0.9410464763641357,0.21406088769435883,0.953178592329919
25.015075206756592,0.9520867466926575,0.21824674308300018,0.965119327522508
25.065080881118774,0.9593162536621094,0.18780334293842316,0.977918958236769
25.11479687690735,0.9649322032928467,0.15942969918251038,0.992990971513443
25.166617155075073,0.971566915512085,0.15030072629451752,1.00874966090447
25.215080976486206,0.9791309237480164,0.1520123928785324,1.0234486071434
25.265101194381714,0.9886494278907776,0.16930927336215973,1.0361853535597
25.314852476119995,0.9999179840087891,0.193197101354599,1.04909710791584
25.365031003952026,1.0132184028625488,0.22437921166419983,1.06099472142924
25.41482973098755,1.028007984161377,0.25457102060317993,1.06857345191172
25.46552300453186,1.041831612586975,0.26402774453163147,1.07748564402409
25.514785289764404,1.0539970397949219,0.2568812966346741,1.08299793127373
25.565024614334106,1.065150260925293,0.24477654695510864,1.08807482105248
25.615819454193115,1.0745264291763306,0.22262389957904816,1.09480523837493
25.6723895072937,1.0818617343902588,0.1761237233877182,1.10279440422396
25.720295906066895,1.0879428386688232,0.15472334623336792,1.11802214411578
25.770509719848633,1.094940185546875,0.14898130297660828,1.12007821513227
25.820482969284058,1.104418158531189,0.16544383764266968,1.12153986465301
25.87060785293579,1.113946557044983,0.17496389150619507,1.12211944451882
25.920192003250122,1.1212255954742432,0.16255110502243042,1.12625542716616
25.97093439102173,1.126824975013733,0.14213475584983826,1.13743428421332
26.020568370819092,1.131698489189148,0.12429289519786835,1.13774917018994
26.065820455551147,1.1357100009918213,0.11670580506324768,1.13602808124195
26.119924306869507,1.1414133310317993,0.10728383809328079,1.13125328511967
26.172212600708008,1.1466190814971924,0.1059778481721878,1.12773986958864
26.220940113067627,1.1486339569091797,0.07906975597143173,1.13252792427961
26.270787000656128,1.148263931274414,0.04451778903603554,1.13183151271016
26.32114291191101,1.1486905813217163,0.030704926699399948,1.13115894433329
26.371472358703613,1.1503634452819824,0.03205915167927742,1.1308007955589
26.42219090461731,1.151187777519226,0.025579174980521202,1.13146526558396
26.47061800956726,1.1511902809143066,0.015346123836934566,1.1212503727094
26.52111291885376,1.1525441408157349,0.0203907061368227,1.12054524725439
26.57095718383789,1.1517066955566406,0.005012793466448784,1.118753130511
26.621280193328857,1.1506315469741821,-0.005304742604494095,1.11704403659086
26.671629190444946,1.1482895612716675,-0.022010676562786102,1.11420576714368
26.72126317024231,1.1467626094818115,-0.024987515062093735,1.07221804048629
26.770830392837524,1.144547939300537,-0.03282028064131737,1.06617351362384
26.821590662002563,1.136553406715393,-0.08437898010015488,1.06036439355091
26.870742797851562,1.1262331008911133,-0.13251034915447235,1.05372447934735
26.915456295013428,1.1174834966659546,-0.161430224776268,1.04670134393996
26.96533727645874,1.1073962450027466,-0.17817921936511993,1.05240640482592
27.016581773757935,1.0980197191238403,-0.18272295594215393,1.04615750899553
27.065585613250732,1.0905848741531372,-0.16927266120910645,1.04032276161749
27.11690902709961,1.0863136053085327,-0.1355997771024704,1.03530587642452
27.166685104370117,1.0829416513442993,-0.10964125394821167,1.03145608820587
27.2148916721344,1.078858494758606,-0.0995839461684227,1.04958416425619
27.264810800552368,1.0753774642944336,-0.08773591369390488,1.05425109770699
27.3149733543396,1.0741472244262695,-0.06207629665732384,1.06147823305417
27.365113258361816,1.074686884880066,-0.03302498906850815,1.06831538314341
27.415053844451904,1.0771549940109253,0.0004524106625467539,1.07444469797811
27.465174198150635,1.0809868574142456,0.031050140038132668,1.08929358949038
27.515116691589355,1.0850894451141357,0.0514749139547348,1.09550347192233
27.565083980560303,1.090254306793213,0.07309041917324066,1.10321671587602
27.615090131759644,1.0964388847351074,0.09392201155424118,1.11262886526796
27.665181398391724,1.1042072772979736,0.11981099843978882,1.12628576292462
27.718489170074463,1.1131281852722168,0.13246117532253265,1.15150648581614
27.765519618988037,1.1198861598968506,0.14514780044555664,1.1669362318148
27.815266370773315,1.1298364400863647,0.16853289306163788,1.18103020219472
27.865415334701538,1.142763614654541,0.2067161649465561,1.19774483458405
27.916750192642212,1.156355381011963,0.23356333374977112,1.21656857509124
27.97146964073181,1.1727626323699951,0.25263532996177673,1.24613193899389
28.0202853679657,1.189132571220398,0.28227782249450684,1.26253852486486
28.064964771270752,1.2037911415100098,0.31117820739746094,1.27847440309502
28.115190505981445,1.2216368913650513,0.33136287331581116,1.29522848941053
28.165340423583984,1.23930823802948,0.34210988879203796,1.31394680101898
28.215004920959473,1.2566115856170654,0.3457063138484955,1.29406094276967
28.270743370056152,1.27630615234375,0.3383651077747345,1.31269149927272
28.314707040786743,1.28629732131958,0.30868077278137207,1.33374182435608
28.3661105632782,1.2959107160568237,0.2639148235321045,1.35721511019076
28.414958000183105,1.306430459022522,0.2452646642923355,1.3808657699588
28.465290307998657,1.3187750577926636,0.2481909692287445,1.36501483650284
28.51466727256775,1.335015892982483,0.2823883295059204,1.39070193917716
28.564950704574585,1.3507521152496338,0.29547539353370667,1.41893859623523
28.61687159538269,1.364892840385437,0.292155921459198,1.44796508219046
28.66572093963623,1.3800718784332275,0.2993585765361786,1.47984326181844
28.715779542922974,1.399251103401184,0.336921751499176,1.48543022124567
28.76749014854431,1.4258434772491455,0.3869432806968689,1.51945830847369
28.817330360412598,1.444621205329895,0.41509684920310974,1.55575796654824
28.86698269844055,1.4659169912338257,0.4214584231376648,1.59522260316475
28.916908264160156,1.4900827407836914,0.4509506821632385,1.63319132331759
28.966222524642944,1.517886757850647,0.4967368543148041,1.70117013104694
29.016117811203003,1.5485626459121704,0.5475318431854248,1.73762634713207
29.067245721817017,1.586216688156128,0.6365629434585571,1.77612349349626
29.116204738616943,1.6284898519515991,0.724435567855835,1.81084098622831
29.16706371307373,1.671279788017273,0.7810797691345215,1.84802919886279
29.216782808303833,1.7118130922317505,0.7964138984680176,1.90908469630892
29.266506671905518,1.7496404647827148,0.7846912145614624,1.94520356358315
29.316797494888306,1.7884868383407593,0.7878777980804443,1.98451898481452
29.36722993850708,1.8281646966934204,0.7950446605682373,2.02538811612145
29.416693925857544,1.8688452243804932,0.808255672454834,2.06852249958323
29.467337131500244,1.9175684452056885,0.812065839767456,2.15979721404
29.51677894592285,1.9529863595962524,0.8387762904167175,2.20799592115737
29.56722354888916,1.9992880821228027,0.8814001679420471,2.25754931221328
29.616514682769775,2.051072120666504,0.9504724144935608,2.30684830113645
29.667217016220093,2.1150529384613037,1.005765438079834,2.36020717045579
29.71716570854187,2.170567035675049,1.0455670356750488,2.50621235625144
29.76456618309021,2.215184211730957,1.0711462497711182,2.56459866830629
29.814873933792114,2.277242422103882,1.1517349481582642,2.62390243995044
29.864922761917114,2.3481218814849854,1.2670202255249023,2.68077456119208
29.91456937789917,2.42187237739563,1.3582814931869507,2.74032831144005
29.964632749557495,2.4942471981048584,1.40116548538208,2.88321742770556
30.015013933181763,2.561244010925293,1.3829673528671265,2.94300672338107
30.064675331115723,2.6340065002441406,1.425960659980774,3.00016580814801
30.11432433128357,2.711939573287964,1.4881738424301147,3.05896270540219
30.168904781341553,2.800814151763916,1.4867374897003174,3.12430052655945
30.215839862823486,2.8614444732666016,1.4998074769973755,3.23572095886447
30.269081830978394,2.9391121864318848,1.4067583084106445,3.29995603968324
30.314883947372437,2.999634027481079,1.4480146169662476,3.36495076460723
30.364999294281006,3.073685884475708,1.470227837562561,3.42969745832278
30.41692543029785,3.149827241897583,1.502020001411438,3.49280506686251
30.471242427825928,3.23772931098938,1.4870737791061401,3.57490128154335
30.521193027496338,3.309339761734009,1.4627450704574585,3.63737189380601
30.570996522903442,3.3802435398101807,1.4434421062469482,3.69595167203382
30.61718773841858,3.448051691055298,1.406487226486206,3.75414138374293
30.665859699249268,3.503220558166504,1.401199221611023,3.81190638585557
30.715649127960205,3.5683670043945312,1.3710246086120605,3.87612725687552
30.765859603881836,3.6335973739624023,1.353591799736023,3.9307266796453
30.81589961051941,3.700618267059326,1.3581523895263672,3.98902720477645
30.865318536758423,3.766893148422241,1.3527817726135254,4.04251649573291
30.915563344955444,3.8312439918518066,1.3346985578536987,4.10051734297974
30.965447902679443,3.893308401107788,1.3050248622894287,4.15721480139771
31.015620708465576,3.9536685943603516,1.2740769386291504,4.2126128973251
31.065343379974365,4.013525009155273,1.2516393661499023,4.26537698975511
31.11559557914734,4.07219934463501,1.2278938293457031,4.31825790718319
31.165722131729126,4.129817962646484,1.2055062055587769,4.36958804788674
31.2155339717865,4.187197208404541,1.1902438402175903,4.41917958787395
31.26540184020996,4.244754314422607,1.1824709177017212,4.46781600476407
31.3152813911438,4.301278591156006,1.1686664819717407,4.51685292288375
31.364815950393677,4.355291843414307,1.139824628829956,4.56687259881818
31.4149227142334,4.408758163452148,1.119483470916748,4.61697850396851
31.464688777923584,4.4617228507995605,1.102250576019287,4.66596430791745
31.514991521835327,4.513965606689453,1.0863449573516846,4.71618311282368
31.565044164657593,4.564723491668701,1.0641725063323975,4.76347221845057
31.6148579120636,4.615509510040283,1.0522747039794922,4.81453606142546
31.666436195373535,4.667344570159912,1.053252100944519,4.85528282098979
31.714812755584717,4.719901084899902,1.0594098567962646,4.89476953408143
31.764894008636475,4.771492958068848,1.0544811487197876,4.94902995957214
31.81496238708496,4.820420742034912,1.0297707319259644,4.99512889488803
31.864965438842773,4.867264270782471,0.9988586902618408,5.04118787649689
31.916621923446655,4.914668560028076,0.9858372211456299,5.08559628985966
31.965084075927734,4.962189197540283,0.9777694344520569,5.13779690938603
32.01499915122986,5.009218215942383,0.9691335558891296,5.19351246374707
32.06582808494568,5.057429790496826,0.9742641448974609,5.24250078773109
32.11490821838379,5.108455657958984,1.0002554655075073,5.2813816687476
32.1659779548645,5.160308361053467,1.0210518836975098,5.33083875439817
32.2156720161438,5.2115159034729,1.0285247564315796,5.37507820820363
32.26491093635559,5.260761260986328,1.0166738033294678,5.41786677449122
32.314574241638184,5.308127403259277,0.9950510263442993,5.46260132590037
32.364917516708374,5.354653835296631,0.9756035208702087,5.50742918878057
32.41553211212158,5.401026725769043,0.9627679586410522,5.55228839990532
32.46646308898926,5.446248531341553,0.9450111985206604,5.59180271311749
32.51552081108093,5.491634368896484,0.9368087649345398,5.6341404437871
32.572364807128906,5.543988227844238,0.9091213345527649,5.67719085528874
32.62107014656067,5.58824348449707,0.8984545469284058,5.72240811526261
32.671093463897705,5.632274150848389,0.8903270959854126,5.76355692329899
32.721723556518555,5.6746296882629395,0.8717803955078125,5.79746586895511
32.771029233932495,5.71755313873291,0.8657873868942261,5.84016685907673
32.82165241241455,5.759681701660156,0.8553247451782227,5.88344641166573
32.86473870277405,5.794427871704102,0.8621092438697815,5.92527124652843
32.9151816368103,5.8356547355651855,0.8526625037193298,5.96099468705089
32.964842319488525,5.878216743469238,0.8584837317466736,5.99836351069538
33.01661252975464,5.9223504066467285,0.8741180896759033,6.0362354366052
33.065038442611694,5.965907096862793,0.877860963344574,6.07583048976183
33.116777658462524,6.0068769454956055,0.8589438199996948,6.11487445074286
33.16695857048035,6.047019958496094,0.8423894047737122,6.15317375767089
33.2218873500824,6.092649459838867,0.8063520789146423,6.18415199606988
33.27309513092041,6.132688045501709,0.8035591840744019,6.22193030867312
33.32194256782532,6.170417785644531,0.7825770378112793,6.26025425315025
33.372631311416626,6.206253528594971,0.755366861820221,6.29415369250726
33.415297508239746,6.237053394317627,0.7627387046813965,6.32676336169428
33.465150594711304,6.273561000823975,0.7543153762817383,6.35721392862671
33.52077627182007,6.316989421844482,0.7429465055465698,6.38991543830025
33.57146239280701,6.35398006439209,0.7405458092689514,6.41465574735834
33.62080216407776,6.388546466827393,0.7196400165557861,6.43440584541272
33.67089009284973,6.419801235198975,0.6807910203933716,6.4367183298223
33.721707820892334,6.449225902557373,0.6433672308921814,6.44216617049282
33.771031856536865,6.473100662231445,0.5758607387542725,6.43247506379513
33.82275605201721,6.491774559020996,0.4944838583469391,6.41896090138386
33.870731592178345,6.504843235015869,0.40094316005706787,6.39758191585388
33.92122411727905,6.510228633880615,0.28332167863845825,6.37342322208714
33.97132205963135,6.508338928222656,0.15515805780887604,6.37594089618028
34.02122926712036,6.501771926879883,0.041485100984573364,6.35165902843354
34.07219839096069,6.495807647705078,-0.021231962367892265,6.32498408884548
34.1150541305542,6.489963054656982,-0.06301289051771164,6.30044629803198
34.16508722305298,6.481005668640137,-0.11047627776861191,6.27295465900348
34.21456170082092,6.468221187591553,-0.17082983255386353,6.26641063224223
34.27094769477844,6.4498395919799805,-0.23335109651088715,6.24420637105275
34.32141733169556,6.433521270751953,-0.26958832144737244,6.21731174974895
34.364635944366455,6.420315265655518,-0.2902822494506836,6.19365808405214
34.41474175453186,6.4051666259765625,-0.2968328297138214,6.16886470815737
34.46470379829407,6.388044834136963,-0.31834131479263306,6.16479881837002
34.51467800140381,6.368497371673584,-0.3499757945537567,6.14094634477109
34.56464338302612,6.349284648895264,-0.36517149209976196,6.11439119162177
34.61458158493042,6.330078601837158,-0.3753940761089325,6.08191079700787
34.664921283721924,6.310351371765137,-0.38554906845092773,6.04790847568018
34.71489644050598,6.289150238037109,-0.40418967604637146,6.02477631189363
34.76487898826599,6.265235424041748,-0.43749508261680603,5.98218008438507
34.815343618392944,6.239397048950195,-0.4723186492919922,5.9348953752245
34.87397789955139,6.205249309539795,-0.5192515254020691,5.88776195962007
34.91499710083008,6.177185535430908,-0.581956148147583,5.83576884335808
34.96501564979553,6.1404852867126465,-0.6474802494049072,5.81160763587921
35.0151743888855,6.100653648376465,-0.712112545967102,5.7589426056601
35.06497764587402,6.060647964477539,-0.7510122656822205,5.70495271729595
35.11507201194763,6.0194926261901855,-0.7855413556098938,5.64779883373979
35.16553330421448,5.976790428161621,-0.8181830048561096,5.59378473436514
35.21552801132202,5.931064605712891,-0.8634418249130249,5.55244764493
35.26504635810852,5.882708549499512,-0.9108850359916687,5.50541399086041
35.31510138511658,5.834902286529541,-0.9338957071304321,5.43952198772524
35.36506366729736,5.787432670593262,-0.9462525248527527,5.37964013785012
35.41496562957764,5.738389015197754,-0.9669874906539917,5.31580433044451
35.464985847473145,5.686607837677002,-1.0017321109771729,5.26733648753137
35.515105962753296,5.631583213806152,-1.0487802028656006,5.19328458713259
35.56488919258118,5.574572563171387,-1.0923221111297607,5.11420174893808
35.6148099899292,5.515808582305908,-1.1331230401992798,5.03886209838308
35.6656711101532,5.453302383422852,-1.1888272762298584,4.95742543797662
35.71514177322388,5.38655948638916,-1.2561147212982178,4.90592049298298
35.765058279037476,5.314915180206299,-1.3366384506225586,4.82368012224027
35.815178871154785,5.244117259979248,-1.3748451471328735,4.73194959351972
35.86518979072571,5.174393177032471,-1.3917760848999023,4.6398782725259
35.91689658164978,5.101627826690674,-1.4277573823928833,4.53402124172034
35.96538066864014,5.0246734619140625,-1.4828522205352783,4.44121345597879
36.01509666442871,4.9425764083862305,-1.5579450130462646,4.30871693504596
36.06527519226074,4.8543548583984375,-1.65259850025177,4.16818483598311
36.115164279937744,4.758425235748291,-1.772386074066162,4.03048659403063
36.165266036987305,4.652141094207764,-1.9288420677185059,3.89175006566809
36.21507215499878,4.536374568939209,-2.0982019901275635,3.79975164658469
36.26498556137085,4.414887428283691,-2.2450530529022217,3.68196350396669
36.31654739379883,4.2945966720581055,-2.321460008621216,3.57371929866824
36.36456274986267,4.1770734786987305,-2.3470263481140137,3.49151211757339
36.41535401344299,4.062668323516846,-2.337080478668213,3.41155330950165
36.46466374397278,3.955009698867798,-2.275482654571533,3.3703321572401
36.51521396636963,3.854341506958008,-2.1833903789520264,3.31529408073387
36.565093994140625,3.763965129852295,-2.042837142944336,3.26021314120209
36.61503553390503,3.684148073196411,-1.8746874332427979,3.22634546066005
36.664883852005005,3.6121768951416016,-1.7109721899032593,3.17543858254593
36.714789628982544,3.5475640296936035,-1.5525102615356445,3.13578631707645
36.764442920684814,3.4855029582977295,-1.439011812210083,3.09104141594614
36.815041065216064,3.4259159564971924,-1.3483833074569702,3.06035791536991
36.86522889137268,3.3682968616485596,-1.2788739204406738,3.02968537547177
36.91486597061157,3.313161611557007,-1.2156953811645508,3.00327771859334
36.97054076194763,3.25304913520813,-1.1200213432312012,2.96763629431005
37.02045679092407,3.206141710281372,-1.0460511445999146,2.93297656992529
37.065078020095825,3.1699368953704834,-1.0016465187072754,2.89877666914449
37.12087941169739,3.123465061187744,-0.8995366096496582,2.85677304242831
37.171552896499634,3.0830159187316895,-0.8633002638816833,2.80982284482565
37.21504759788513,3.0490994453430176,-0.8606540560722351,2.76039666628518
37.26482033729553,3.0059211254119873,-0.8692036867141724,2.70318181831091
37.314910650253296,2.959501266479492,-0.8993769288063049,2.64053228806102
37.3647563457489,2.910135507583618,-0.9413881301879883,2.57917393541765
37.415776014328,2.8562092781066895,-1.004137635231018,2.5162544338517
37.46629858016968,2.7989614009857178,-1.0674041509628296,2.4681676441139
37.516462564468384,2.7394633293151855,-1.1238682270050049,2.40687910182336
37.56618523597717,2.6802310943603516,-1.1544783115386963,2.35116679943633
37.616358041763306,2.6226415634155273,-1.1601248979568481,2.26602367769962
37.66602826118469,2.5663444995880127,-1.1535216569900513,2.12851019122802
37.716389894485474,2.508143186569214,-1.1666154861450195,2.04423373802224
37.76469802856445,2.436694383621216,-1.2861769199371338,1.97163666987648
37.814868450164795,2.353843927383423,-1.4447516202926636,1.94157790047215
37.86566638946533,2.268613815307617,-1.5569896697998047,1.91771481957877
37.91493463516235,2.190347194671631,-1.565757155418396,1.9142388532012
37.96475028991699,2.1242523193359375,-1.4734476804733276,1.91401200697244
38.01469588279724,2.0749683380126953,-1.281224250793457,1.94026279080869
38.0648934841156,2.041780948638916,-1.0381571054458618,1.9747926373071
38.114965200424194,2.022087574005127,-0.7835680246353149,1.99766770223738
38.166563987731934,2.015875816345215,-0.521004319190979,1.99380890377249
38.21589159965515,2.01837420463562,-0.29520392417907715,1.98786027735105
38.26601600646973,2.021334409713745,-0.15750940144062042,1.97369978298906
38.31581354141235,2.0193979740142822,-0.11401297152042389,1.94828111959054
38.365103006362915,2.0109095573425293,-0.13974814116954803,1.91883888647887
38.41491413116455,1.9949357509613037,-0.21534955501556396,1.9040202197014
38.464858055114746,1.972524881362915,-0.3115580677986145,1.89345885423899
38.51474213600159,1.9483166933059692,-0.381924033164978,1.8961776835054
38.564889669418335,1.9265283346176147,-0.4042193591594696,1.8946896783175
38.61508655548096,1.9103896617889404,-0.371584415435791,1.89625505225942
38.66542315483093,1.899029016494751,-0.3151077926158905,1.900622219755
38.71593451499939,1.8924397230148315,-0.24206119775772095,1.89168991921697
38.764708042144775,1.8904223442077637,-0.1617959886789322,1.88928920100682
38.8147177696228,1.8892430067062378,-0.1083938255906105,1.88737124182745
38.864742040634155,1.8866850137710571,-0.08705037087202072,1.8887963695574
38.91471242904663,1.8826649188995361,-0.08556027710437775,1.88395898380193
38.9647753238678,1.8775750398635864,-0.09293463826179504,1.86133506682132
39.01486611366272,1.8718947172164917,-0.10191591084003448,1.85861032575558
39.064921140670776,1.8646652698516846,-0.12043578922748566,1.79506799675579
39.114914417266846,1.8560007810592651,-0.14262142777442932,1.76179987620996
39.16676425933838,1.8401495218276978,-0.21729151904582977,1.74832687601377
39.22075009346008,1.8128911256790161,-0.3275257349014282,1.73691265304009
39.27082538604736,1.7885544300079346,-0.3894463777542114,1.72059563450295
39.32154989242554,1.76738440990448,-0.4013445973396301,1.70986117822087
39.371161699295044,1.749096393585205,-0.3862028419971466,1.71430091428936
39.42082118988037,1.734207034111023,-0.3501323461532593,1.73615232929914
39.4712450504303,1.7246755361557007,-0.28564953804016113,1.79087751770901
39.520663261413574,1.7216116189956665,-0.19556549191474915,1.85964155012666
39.5717990398407,1.7303227186203003,-0.04692855477333069,1.95641308229157
39.621009826660156,1.7526402473449707,0.150213360786438,2.00773052515739
39.67156624794006,1.7934945821762085,0.41671743988990784,2.00479936492245
39.720754861831665,1.8439992666244507,0.6509747505187988,1.93516997132963
39.76496696472168,1.8806232213974,0.7383537888526917,1.9461410340426
39.81483697891235,1.9036407470703125,0.6202746033668518,1.99812797279707
39.864927530288696,1.9071828126907349,0.40019547939300537,2.04713890845597
39.914721965789795,1.9080270528793335,0.2521534264087677,2.09098536606654
39.96470308303833,1.9173640012741089,0.23258128762245178,2.08051732278535
40.02090287208557,1.9440258741378784,0.33573395013809204,2.10935834689795
40.07081055641174,1.971375823020935,0.41838476061820984,2.13848450336688
40.12108087539673,1.9994938373565674,0.4745754599571228,2.18118082399861
40.171501874923706,2.0272459983825684,0.505418598651886,2.22119756906833
40.22126650810242,2.055738925933838,0.5303557515144348,2.26185677173306
40.27048325538635,2.0862584114074707,0.5616928339004517,2.30502861497695
40.31488227844238,2.112661838531494,0.5960845351219177,2.35182076848145
40.36484718322754,2.147115707397461,0.6385883688926697,2.40084010135533
40.415462493896484,2.185558319091797,0.6960486173629761,2.4512341223256
40.46506690979004,2.227614402770996,0.7595676183700562,2.48520344704158
40.514907121658325,2.2728798389434814,0.8235970735549927,2.53132030108519
40.564812660217285,2.318387508392334,0.8626646995544434,2.58528114716546
40.61484980583191,2.362419843673706,0.8746728897094727,2.6323359538704
40.67227125167847,2.4136910438537598,0.8678222894668579,2.68494322130593
40.71635961532593,2.4510951042175293,0.8927127718925476,2.71723375556279
40.764803647994995,2.49591326713562,0.8999168872833252,2.76588664489848
40.814698219299316,2.540703296661377,0.9040181636810303,2.8146284621571
40.86515259742737,2.585380792617798,0.9056029915809631,2.86390566859354
40.914950132369995,2.631276845932007,0.9171390533447266,2.9200218376259
40.96503233909607,2.678532838821411,0.9345595836639404,2.9631608698237
41.014814138412476,2.727691173553467,0.9608660340309143,3.02099161335303
41.065240144729614,2.778357744216919,0.9882832765579224,3.07601531281971
41.11486196517944,2.829469680786133,1.0081526041030884,3.13266778586748
41.16500663757324,2.8817801475524902,1.030489206314087,3.18647614175738
41.21502208709717,2.9351909160614014,1.0523732900619507,3.23316096963869
41.26490378379822,2.9888834953308105,1.0676641464233398,3.28411619539326
41.31509280204773,3.041093349456787,1.064199447631836,3.33578381445428
41.36477208137512,3.092907667160034,1.0602357387542725,3.39321725143048
41.41504693031311,3.1452903747558594,1.0622540712356567,3.44423830523393
41.46476459503174,3.1980299949645996,1.066220998764038,3.48187144170338
41.514848947525024,3.250932216644287,1.0698546171188354,3.5339200992949
41.56561064720154,3.302532434463501,1.0608000755310059,3.58099619716627
41.614847898483276,3.353991985321045,1.055457592010498,3.62814792197114
41.66517519950867,3.4048969745635986,1.04680335521698,3.6773013260173
41.714836835861206,3.4548473358154297,1.0342411994934082,3.69446993433669
41.764551401138306,3.5044069290161133,1.0236942768096924,3.74126137553905
41.81560134887695,3.549924850463867,0.9826378226280212,3.79028405601631
41.86481809616089,3.59257173538208,0.9370214343070984,3.8428841974882
41.91466546058655,3.6349802017211914,0.9078444242477417,3.89571712901549
41.96464991569519,3.67921781539917,0.9056653380393982,3.92302230887708
42.01466608047485,3.7268941402435303,0.9321023225784302,3.97357894894305
42.06476807594299,3.7744948863983154,0.9450210332870483,4.01980304641479
42.114784479141235,3.821566343307495,0.9498396515846252,4.06582888736215
42.16562461853027,3.8689115047454834,0.954842746257782,4.10099585800507
42.214842081069946,3.916337013244629,0.9584603309631348,4.12272656537473
42.26469039916992,3.962402105331421,0.9489488005638123,4.16444560832213
42.31489181518555,4.004291534423828,0.9086450338363647,4.20641172206143
42.37134027481079,4.04860782623291,0.8323596119880676,4.24938996922232
42.415119886398315,4.080938816070557,0.8271089196205139,4.29155026830661
42.465792655944824,4.120684623718262,0.8202455639839172,4.33993708060453
42.515198945999146,4.161599159240723,0.8251608610153198,4.38601917170226
42.56514835357666,4.204564094543457,0.8451237678527832,4.43577803460003
42.61514234542847,4.250622272491455,0.8821526169776917,4.48041954882781
42.67251014709473,4.306755065917969,0.9088116884231567,4.52465109820455
42.72159671783447,4.353845596313477,0.9201784133911133,4.5636968119559
42.77152872085571,4.3993916511535645,0.9150534868240356,4.59572799710946
42.81939673423767,4.442258358001709,0.890546977519989,4.63498680379313
42.864779233932495,4.476827621459961,0.8841279745101929,4.67616038695106
42.91647791862488,4.516122341156006,0.8497558832168579,4.70964469583578
42.9647102355957,4.556622505187988,0.8408112525939941,4.75010527076307
43.01474380493164,4.59702730178833,0.832378625869751,4.79025086702231
43.06518888473511,4.637373924255371,0.8280457258224487,4.82167282581258
43.11523938179016,4.678536891937256,0.8317557573318481,4.85507407372713
43.16585898399353,4.71885871887207,0.826311469078064,4.88279876027047
43.21558213233948,4.7579498291015625,0.8135392665863037,4.92818544690678
43.26532530784607,4.795124530792236,0.7899071574211121,4.95115598008984
43.31552457809448,4.832054615020752,0.7750277519226074,4.97873286711187
43.365370988845825,4.867238521575928,0.7502830028533936,4.99988593382924
43.41538643836975,4.900230884552002,0.7185209393501282,5.01931389283885
43.465219497680664,4.932392597198486,0.6930701732635498,5.05575903440886
43.515459060668945,4.961874485015869,0.6547757983207703,5.06433463416777
43.56519889831543,4.990146160125732,0.6236476898193359,5.06640756149065
43.61536502838135,5.016356945037842,0.5867335200309753,5.05766540523422
43.66503310203552,5.037759780883789,0.5251260995864868,5.04605662523469
43.71536087989807,5.052969932556152,0.43802112340927124,5.04931139205167
43.76520586013794,5.061585426330566,0.3325352072715759,5.03258812330798
43.81555771827698,5.066410064697266,0.2400335669517517,5.00642984438337
43.86533260345459,5.067981719970703,0.15713593363761902,4.98945819871998
43.91535997390747,5.064946174621582,0.06952807307243347,4.9663026398007
43.965086698532104,5.057786464691162,-0.016002507880330086,4.974134455485
44.01513123512268,5.047555446624756,-0.09215210378170013,4.95007759344979
44.06517457962036,5.037456035614014,-0.13559509813785553,4.93525303251833
44.116379261016846,5.027861595153809,-0.1588941067457199,4.90991148083551
44.16582369804382,5.01839542388916,-0.17185890674591064,4.89289163570763
44.21587872505188,5.0079803466796875,-0.18812872469425201,4.89012497433643
44.26616597175598,4.995169639587402,-0.2175593227148056,4.87639825069798
44.31662583351135,4.983241558074951,-0.22603444755077362,4.85885556648308
44.36621642112732,4.97231388092041,-0.224551722407341,4.84371047010936
44.414711236953735,4.959967613220215,-0.2357916235923767,4.82779982905288
44.46466636657715,4.9461140632629395,-0.2541782259941101,4.8319654636028
44.51482915878296,4.931609630584717,-0.27022090554237366,4.81817488158328
44.56481909751892,4.919679164886475,-0.2576085329055786,4.80418804234054
44.61462950706482,4.9094672203063965,-0.2379375696182251,4.77765978037983
44.66469407081604,4.899267673492432,-0.2260574847459793,4.75193955758001
44.71477460861206,4.886137008666992,-0.24392540752887726,4.75071938943218
44.764955043792725,4.869818687438965,-0.27926450967788696,4.71149485081041
44.81474685668945,4.853379726409912,-0.300200492143631,4.68184827835175
44.86499524116516,4.835420608520508,-0.32683128118515015,4.64336001407409
44.91522550582886,4.8141374588012695,-0.3696398437023163,4.6108191618445
44.96458864212036,4.788044452667236,-0.4347974956035614,4.57851322558807
45.014764070510864,4.758507251739502,-0.5004505515098572,4.53434621308055
45.064661741256714,4.728022575378418,-0.5471094250679016,4.494965078188
45.114845275878906,4.696592807769775,-0.5835410952568054,4.4507582596431
45.16629099845886,4.6632280349731445,-0.621491014957428,4.41210196069953
45.215094327926636,4.628596305847168,-0.6540181040763855,4.36997116100528
45.26550555229187,4.592471599578857,-0.6862114071846008,4.33181511228315
45.315062522888184,4.553927898406982,-0.7253640294075012,4.29313986854266
45.36557388305664,4.51513671875,-0.7495701909065247,4.24494591156774
45.4149968624115,4.477478504180908,-0.7553154826164246,4.20030496229265
45.46535515785217,4.438084125518799,-0.7745091915130615,4.13656977630591
45.51551532745361,4.396379470825195,-0.8038670420646667,4.08569190871076
45.566439151763916,4.35236930847168,-0.8404364585876465,4.03684283113923
45.615185499191284,4.305464744567871,-0.8858867287635803,3.98946275066499
45.665260791778564,4.255448818206787,-0.938328742980957,3.94124713901145
45.71472358703613,4.204997539520264,-0.9719499945640564,3.89459208919826
45.764854192733765,4.155759811401367,-0.9827156066894531,3.84473887889322
45.814717054367065,4.107626914978027,-0.9806276559829712,3.79358375734666
45.864893674850464,4.060229301452637,-0.9736925363540649,3.73948679271061
45.91474008560181,4.0118608474731445,-0.978212833404541,3.68359040044051
45.96500563621521,3.9621479511260986,-0.9913061261177063,3.6295053960637
46.014965295791626,3.9104456901550293,-1.015693187713623,3.57157601340329
46.064995765686035,3.8584647178649902,-1.0312929153442383,3.5135636674945
46.11496686935425,3.8047292232513428,-1.0565325021743774,3.45910327505345
46.16486620903015,3.748807907104492,-1.0885474681854248,3.40350851952472
46.21485996246338,3.6920652389526367,-1.1140750646591187,3.34762513986946
46.26483988761902,3.6353213787078857,-1.1293818950653076,3.2942425016491
46.31515169143677,3.5789244174957275,-1.1358723640441895,3.23805946511859
46.36502695083618,3.522920846939087,-1.1367212533950806,3.17453298398256
46.414976596832275,3.4672155380249023,-1.134926676750183,3.10810130086654
46.46467614173889,3.4116804599761963,-1.1325347423553467,3.05549490392449
46.51481080055237,3.353541851043701,-1.1535552740097046,2.99040056962562
46.56483793258667,3.2938544750213623,-1.1769506931304932,2.92606898359901
46.61522889137268,3.233025312423706,-1.2009620666503906,2.86627223057763
46.671579360961914,3.161058187484741,-1.203068733215332,2.81161273396539
46.72097444534302,3.0973052978515625,-1.23038911819458,2.77221042732006
46.77115035057068,3.0376272201538086,-1.213067889213562,2.70966057752974
46.82164692878723,2.981546401977539,-1.1748915910720825,2.64936785639733
46.87124752998352,2.9271464347839355,-1.139028787612915,2.58849115295455
46.92119884490967,2.873121976852417,-1.1146384477615356,2.53044301959774
46.97095561027527,2.8154072761535645,-1.1300084590911865,2.513853409681
47.020933628082275,2.756392478942871,-1.1485304832458496,2.4577015130922
47.07173681259155,2.702348232269287,-1.1190170049667358,2.40302138934127
47.121519327163696,2.650557518005371,-1.0846527814865112,2.34585256882528
47.165574073791504,2.6075024604797363,-1.0850270986557007,2.28980528292336
47.21495795249939,2.5546700954437256,-1.0817506313323975,2.27204427526612
47.26476335525513,2.4999618530273438,-1.0942835807800293,2.21458094858999
47.3147919178009,2.4468791484832764,-1.086895227432251,2.15736330729867
47.3708393573761,2.388244152069092,-1.0385632514953613,2.10611494898346
47.421446084976196,2.337317705154419,-1.0297681093215942,2.05544634039994
47.470829248428345,2.285339117050171,-1.0326279401779175,2.02472673655556
47.52095603942871,2.2343809604644775,-1.025721549987793,1.96008275036192
47.57076859474182,2.1860575675964355,-1.0004898309707642,1.90249698394582
47.615731954574585,2.144209861755371,-1.019115686416626,1.85321493841858
47.66505670547485,2.0924901962280273,-1.0324915647506714,1.80511366419723
47.715410232543945,2.0382089614868164,-1.061469316482544,1.78252529341898
47.76515460014343,1.983347773551941,-1.0821441411972046,1.72857972122416
47.81528282165527,1.931974172592163,-1.065246343612671,1.6751715080966
47.86515784263611,1.8828694820404053,-1.0387564897537231,1.6275586280141
47.9166944026947,1.8353465795516968,-1.0094926357269287,1.58728441828256
47.965070962905884,1.7877027988433838,-0.9940612316131592,1.57633851969527
48.015050172805786,1.7401988506317139,-0.9825654029846191,1.54273446835634
48.06507897377014,1.6959609985351562,-0.9481029510498047,1.50440830896089
48.11526393890381,1.656105637550354,-0.892419695854187,1.46369372988724
48.16600036621094,1.6188480854034424,-0.8389813899993896,1.41686241358118
48.21677780151367,1.5822161436080933,-0.8021271824836731,1.40081851755521
48.26464557647705,1.5425199270248413,-0.8060606122016907,1.36040488155612
48.31550359725952,1.5032297372817993,-0.801776111125946,1.32070240459774
48.36487007141113,1.4650702476501465,-0.7916390299797058,1.27006619030275
48.41650629043579,1.4267230033874512,-0.787015974521637,1.2164336573439
48.465232610702515,1.3868026733398438,-0.7975696921348572,1.18033914275877
48.51490926742554,1.3425794839859009,-0.8394802808761597,1.13322517972631
48.5658278465271,1.2974131107330322,-0.8695440888404846,1.08875574749131
48.622331619262695,1.245080590248108,-0.8728204965591431,1.04746886276767
48.67101693153381,1.1999008655548096,-0.8838483095169067,1.0111429554323
48.72147607803345,1.1565836668014526,-0.8753281831741333,0.993473233083994
48.77226686477661,1.1147606372833252,-0.8586780428886414,0.961673895870267
48.822304487228394,1.078720211982727,-0.8018134832382202,0.929405647667524
48.87204694747925,1.0448870658874512,-0.7514190077781677,0.906861304506324
48.92235469818115,1.0128052234649658,-0.7069566249847412,0.886107169501723
48.972238302230835,0.9813211560249329,-0.6756958365440369,0.875103591722118
49.02222037315369,0.9512508511543274,-0.6453061699867249,0.858254249989618
49.072301387786865,0.9235602021217346,-0.6079747676849365,0.844358533349899
49.116170167922974,0.9026262164115906,-0.581103503704071,0.830515642410771
49.166736125946045,0.8804163932800293,-0.5291568636894226,0.820705774189472
49.21641230583191,0.8599629998207092,-0.4844585657119751,0.807167404013619
49.26656532287598,0.8397379517555237,-0.45591187477111816,0.798395546221163
49.31663775444031,0.820360541343689,-0.4310886859893799,0.78771839251257
49.36637735366821,0.8031127452850342,-0.3985905349254608,0.779236503752393
49.416364669799805,0.7873935699462891,-0.36730626225471497,0.769633133826906
49.466408014297485,0.7733810544013977,-0.3342044949531555,0.761970530384673
49.52254319190979,0.7585927844047546,-0.29488706588745117,0.759353017354627
49.57261037826538,0.745958149433136,-0.2779945433139801,0.759994516166525
49.61662745475769,0.7364240288734436,-0.2653307318687439,0.761692698928832
49.6666202545166,0.7272275686264038,-0.23355093598365784,0.769442456276043
49.715051889419556,0.7210759520530701,-0.1898118257522583,0.777497016918055
49.76509737968445,0.718180775642395,-0.13727211952209473,0.793780422344373
49.81511306762695,0.718491792678833,-0.07984717190265656,0.814384044597118
49.865275621414185,0.7205275297164917,-0.032111767679452896,0.840855612352408
49.91515588760376,0.7267047166824341,0.031997814774513245,0.866005405858613
49.965999364852905,0.7379691004753113,0.11089042574167252,0.889057556429796
50.01530694961548,0.7531378269195557,0.18950000405311584,0.924226471434789
50.065059423446655,0.770044207572937,0.25002938508987427,0.965254640149118
50.115039110183716,0.7894755601882935,0.3081449866294861,1.00501533007225
50.16485095024109,0.8135613799095154,0.38127046823501587,1.04340953675929
50.21502614021301,0.8421345353126526,0.4609294831752777,1.06538201187639
50.2648868560791,0.8741694688796997,0.5365787744522095,1.09721173417144
50.315123081207275,0.9063609838485718,0.5819479823112488,1.13198216409489
50.367141246795654,0.9368734955787659,0.5961578488349915,1.16351283653826
50.4156379699707,0.9658731818199158,0.5929822325706482,1.1898823857441
50.46531367301941,0.9938732981681824,0.5833545923233032,1.19652760028048
50.515533208847046,1.0227187871932983,0.58528733253479,1.21067112420881
50.564879417419434,1.0488733053207397,0.5621457099914551,1.2179805558803
50.61603784561157,1.0713715553283691,0.520027220249176,1.22808640595933
50.66563582420349,1.0895671844482422,0.45920470356941223,1.23671359654422
50.71484398841858,1.1045798063278198,0.39816534519195557,1.24200925463336
50.764787673950195,1.118725061416626,0.35488855838775635,1.24826137606142
50.81476664543152,1.1319046020507812,0.320327490568161,1.25174277365394
50.8649263381958,1.1430922746658325,0.2830590605735779,1.25537131411483
50.91767716407776,1.1544643640518188,0.24099284410476685,1.25769489018107
50.971901416778564,1.1641733646392822,0.22236067056655884,1.25439596736624
51.021209478378296,1.1725714206695557,0.20033226907253265,1.24126271942047
51.07162261009216,1.1784727573394775,0.16710567474365234,1.2207315589833
51.12142562866211,1.1795907020568848,0.10876557230949402,1.20555772781956
51.17280292510986,1.1762092113494873,0.0383051298558712,1.19146577497513
51.21475005149841,1.1705505847930908,-0.021837662905454636,1.14141121199899
51.264952659606934,1.162277102470398,-0.0793536826968193,1.07338485889587
51.314868211746216,1.1486927270889282,-0.15952925384044647,1.00103965691555
51.365015268325806,1.1247944831848145,-0.2919410467147827,0.931630237400793
51.416815757751465,1.0895602703094482,-0.4623832702636719,0.864721838469052
51.46616244316101,1.0438886880874634,-0.6486674547195435,0.810592933970609
51.51615381240845,0.9914466142654419,-0.8137723803520203,0.761504936120361
51.56548547744751,0.9372024536132812,-0.9266254305839539,0.726191402272273
51.61606764793396,0.8842471241950989,-0.984285295009613,0.706440224596905
51.664958477020264,0.8361857533454895,-0.9786797761917114,0.686244503060001
51.71544432640076,0.7956513166427612,-0.914820671081543,0.678004665562588
51.76469969749451,0.7631849646568298,-0.8118748664855957,0.661957038670768
51.8152642250061,0.736946702003479,-0.7008963227272034,0.651658125723997
51.86513042449951,0.7160264849662781,-0.5909684896469116,0.648174940699668
51.91514706611633,0.6978921890258789,-0.503574013710022,0.645699707343544
51.96503829956055,0.6810798048973083,-0.43982577323913574,0.644520113761838
52.01498079299927,0.6645132303237915,-0.39972981810569763,0.637676374775604
52.065207719802856,0.6498790383338928,-0.3584362268447876,0.631438621346925
52.11581325531006,0.6371921896934509,-0.31864604353904724,0.626863625829962
52.16530919075012,0.6263153553009033,-0.2796495258808136,0.62700926997918
52.2148802280426,0.6165928840637207,-0.2473629117012024,0.632913870227298
52.26490616798401,0.6082892417907715,-0.21588562428951263,0.640502791318865
52.31668972969055,0.6023686528205872,-0.17744193971157074,0.645734357490107
52.364999532699585,0.599355936050415,-0.1307687759399414,0.647606447075886
52.41645693778992,0.5981009006500244,-0.08922028541564941,0.650240194894081
52.4652259349823,0.59714674949646,-0.062000397592782974,0.655094829320472
52.515215158462524,0.5971217751502991,-0.03734217956662178,0.659730958222359
52.56575393676758,0.5979530811309814,-0.015950791537761688,0.665238493040802
52.61564016342163,0.600239634513855,0.009280082769691944,0.673560485246154
52.66651892662048,0.6024072766304016,0.022310806438326836,0.683416692155877
52.71498990058899,0.6047707796096802,0.032800547778606415,0.699581817648863
52.76540994644165,0.6091280579566956,0.05566024407744408,0.716473277116237
52.81513261795044,0.6164715886116028,0.0936020091176033,0.735700514964216
52.86509728431702,0.6258269548416138,0.1318822056055069,0.757035941557221
52.91495227813721,0.638407289981842,0.18207618594169617,0.781581740530555
52.965287923812866,0.6536484360694885,0.23271311819553375,0.803858081937358
53.0153329372406,0.6709586381912231,0.2802101671695709,0.82802780334144
53.07131862640381,0.6924973726272583,0.3166442811489105,0.852491419381834
53.120951414108276,0.7108309864997864,0.335804283618927,0.878371958887331
53.16593098640442,0.7270559668540955,0.36020541191101074,0.90442712400735
53.214720487594604,0.7484769225120544,0.3907029926776886,0.92246301902873
53.26470422744751,0.771519124507904,0.4215046763420105,0.947441205163049
53.31484603881836,0.7936748266220093,0.4319421947002411,0.972257989553503
53.3645396232605,0.8155416250228882,0.4371313452720642,0.996503422504451
53.415050745010376,0.8378441333770752,0.4436078667640686,1.02264392791137
53.46480059623718,0.8616430759429932,0.46022024750709534,1.03870780313934
53.5149781703949,0.8868831396102905,0.4813098609447479,1.06037704411649
53.566651344299316,0.9113298654556274,0.48664799332618713,1.08589447211919
53.61638379096985,0.9329997301101685,0.46722060441970825,1.10963784557552
53.67087912559509,0.9587841629981995,0.45250728726387024,1.13002189082839
53.722591400146484,0.9813600182533264,0.4514605700969696,1.14218601162582
53.770790576934814,1.003642201423645,0.448564350605011,1.16220277247741
53.82263445854187,1.0240813493728638,0.4318522810935974,1.1804326323591
53.87066197395325,1.0432265996932983,0.41184067726135254,1.20019722487136
53.9223530292511,1.0619100332260132,0.39628174901008606,1.2202551423098
53.97210717201233,1.082321047782898,0.40104204416275024,1.23499138491411
54.02100086212158,1.102514624595642,0.40148067474365234,1.24957190776376
54.07071876525879,1.1221764087677002,0.3976341784000397,1.27414277702509
54.12097907066345,1.1415488719940186,0.39309361577033997,1.28467567428714
54.17107319831848,1.1608195304870605,0.38958650827407837,1.29188258645362
54.22121238708496,1.1800978183746338,0.38754400610923767,1.27771282655187
54.27077007293701,1.1960262060165405,0.35896506905555725,1.28218311991424
54.32180714607239,1.206093192100525,0.2950792610645294,1.27960400054961
54.37105131149292,1.212723731994629,0.23024551570415497,1.27553937788628
54.42274284362793,1.216692566871643,0.17009606957435608,1.27920713958405
54.47093176841736,1.2197750806808472,0.12720616161823273,1.29060494791164
54.51690983772278,1.2226707935333252,0.10954246670007706,1.27138117211939
54.567437171936035,1.2274034023284912,0.09634227305650711,1.25346381463904
54.61489939689636,1.2301675081253052,0.08731807768344879,1.24639785412563
54.66498398780823,1.2300562858581543,0.05029218643903732,1.26651601815471
54.71677327156067,1.2267407178878784,0.003345266217365861,1.31715277447473
54.76491713523865,1.2235569953918457,-0.022598126903176308,1.37287640505551
54.816370487213135,1.2298243045806885,0.0418987050652504,1.4239060461652
54.865737438201904,1.2498773336410522,0.19057747721672058,1.47583074438409
54.91562533378601,1.2825982570648193,0.38105830550193787,1.52764767821107
54.96454358100891,1.3235747814178467,0.5601538419723511,1.5714821241856
55.01468849182129,1.3684223890304565,0.698546290397644,1.6295822921354
55.065171003341675,1.4136250019073486,0.7842118144035339,1.7025662035251
55.11514592170715,1.4584665298461914,0.833918035030365,1.77849360012921
55.165021657943726,1.5066852569580078,0.8933027386665344,1.8523268061809
55.215062379837036,1.5595570802688599,0.966009795665741,1.89635169448805
55.265077352523804,1.6175010204315186,1.0511060953140259,1.95389740388473
55.31565737724304,1.6772863864898682,1.1151548624038696,2.01204711353318
55.36521530151367,1.734826922416687,1.1350164413452148,2.07063396302985
55.415607929229736,1.7909016609191895,1.1367591619491577,2.12249066940954
55.46559739112854,1.8466567993164062,1.1353329420089722,2.1629451648397
55.521034479141235,1.9112275838851929,1.110861897468567,2.20834859536123
55.571656465530396,1.9649968147277832,1.0950549840927124,2.2562908432105
55.61564350128174,2.006376266479492,1.0771020650863647,2.29906034979743
55.66561555862427,2.0542497634887695,1.0363460779190063,2.34051898017663
55.715537786483765,2.102289915084839,1.0132139921188354,2.37871909423834
55.765570640563965,2.149639129638672,0.9928463697433472,2.42677473774817
55.81557297706604,2.1962037086486816,0.9745775461196899,2.47194640011484
55.86558175086975,2.2426271438598633,0.9625429511070251,2.52182774129001
55.91549730300903,2.28922438621521,0.9566747546195984,2.56459513406565
55.9655659198761,2.336078405380249,0.9551420211791992,2.59979507322292
56.01558041572571,2.384484052658081,0.9673813581466675,2.64291867331562
56.06550931930542,2.4317991733551025,0.9639542102813721,2.68856541470776
56.11554837226868,2.476902961730957,0.9448109269142151,2.73181649667584
56.165507316589355,2.5208749771118164,0.9245952367782593,2.77968614567781
56.215535163879395,2.5658397674560547,0.9213205575942993,2.8195354583789
56.265522956848145,2.6123404502868652,0.9312290549278259,2.87119578864257
56.31556057929993,2.658369541168213,0.9323535561561584,2.91648093015744
56.3707640171051,2.7122037410736084,0.918993353843689,2.96591613218711
56.4222674369812,2.759392023086548,0.9277687668800354,3.0129625177363
56.47149848937988,2.8052024841308594,0.9216458201408386,3.05722658312458
56.52066898345947,2.851508855819702,0.9225430488586426,3.11044805603189
56.571096420288086,2.8985140323638916,0.9284817576408386,3.16079607298506
56.620644330978394,2.9458794593811035,0.9348227977752686,3.21549559664897
56.664751052856445,2.986970901489258,0.9686111807823181,3.26217436035675
56.72065043449402,3.045464277267456,0.9739701747894287,3.30748879229352
56.76515769958496,3.0893235206604004,1.0178619623184204,3.35313884585003
56.81557011604309,3.140211820602417,1.022979974746704,3.40697783632115
56.86569786071777,3.1899335384368896,1.0182002782821655,3.45548586508547
56.916072368621826,3.2396960258483887,1.0156493186950684,3.51222643966595
56.965678691864014,3.290879964828491,1.0262746810913086,3.55611038718476
57.01575231552124,3.3422532081604004,1.0329357385635376,3.61097224232334
57.065794944763184,3.394185781478882,1.0424165725708008,3.66154854254475
57.11579251289368,3.4457223415374756,1.0438706874847412,3.7179380905923
57.16580271720886,3.4975218772888184,1.0479415655136108,3.77758938956097
57.21573066711426,3.550173759460449,1.056965947151184,3.82283545933438
57.26572012901306,3.6045591831207275,1.0769374370574951,3.88147777985752
57.316115617752075,3.659142255783081,1.0892646312713623,3.94009409456638
57.36572074890137,3.7141618728637695,1.1011909246444702,4.0029065945367
57.415740966796875,3.7699778079986572,1.1144920587539673,4.05544344361166
57.4659583568573,3.827390670776367,1.1359689235687256,4.10349044486947
57.51474475860596,3.8848702907562256,1.1481850147247314,4.15498805069725
57.56470084190369,3.9413609504699707,1.1478632688522339,4.21146285181639
57.61474919319153,3.995823383331299,1.1308289766311646,4.26111569350214
57.66481399536133,4.049812316894531,1.118131160736084,4.31494012798458
57.71520376205444,4.103178024291992,1.1045407056808472,4.35365371322442
57.764647483825684,4.156988143920898,1.1009953022003174,4.40488232031088
57.81477499008179,4.2092814445495605,1.0848181247711182,4.46434562571886
57.86477279663086,4.26068639755249,1.0694267749786377,4.52024371158109
57.92382740974426,4.32102108001709,1.043047308921814,4.57439220652523
57.966272830963135,4.36625337600708,1.0756690502166748,4.62566267990383
58.01496601104736,4.42036771774292,1.0848827362060547,4.67733045891639
58.06488275527954,4.473819732666016,1.0852853059768677,4.73406560941668
58.115092754364014,4.528128623962402,1.0933138132095337,4.7861111833343
58.165196895599365,4.583620071411133,1.1072636842727661,4.84103348855241
58.214654207229614,4.639632225036621,1.1196460723876953,4.88075851759268
58.26441049575806,4.695732116699219,1.1277432441711426,4.93314252093105
58.31473398208618,4.749040126800537,1.1086840629577637,4.9831847427799
58.36483573913574,4.800621032714844,1.0850874185562134,5.03627313989011
58.414726972579956,4.85093879699707,1.0600175857543945,5.08597519032774
58.46450209617615,4.901507377624512,1.048105001449585,5.12540702014717
58.52098202705383,4.961764335632324,1.0310206413269043,5.17404689077756
58.571540117263794,5.012754440307617,1.0250072479248047,5.22737862662449
58.62046551704407,5.061116695404053,1.0003626346588135,5.27336410566872
58.671631813049316,5.10951042175293,0.9865729808807373,5.32218227504036
58.72085690498352,5.1586079597473145,0.9837456345558167,5.36515686094047
58.77084708213806,5.20656681060791,0.9725223183631897,5.41308411554454
58.82156229019165,5.255307674407959,0.9725740551948547,5.45943448631484
58.87071657180786,5.303267955780029,0.9658411741256714,5.50737815603773
58.921072006225586,5.352161884307861,0.9697535634040833,5.55450179684426
58.96625232696533,5.3925251960754395,0.9853453040122986,5.59398117060414
59.02089977264404,5.449319362640381,0.9705451726913452,5.63976415829282
59.06559205055237,5.48974609375,0.9863921999931335,5.6809199377565
59.11470651626587,5.535894393920898,0.9663277864456177,5.72605552993367
59.16555118560791,5.581452369689941,0.9509115815162659,5.77125268756465
59.21556735038757,5.6277008056640625,0.9470107555389404,5.80410117724498
59.27078437805176,5.682167053222656,0.931486964225769,5.84891408127098
59.32084083557129,5.727700710296631,0.9217330813407898,5.88754048152641
59.37114715576172,5.7721076011657715,0.9071842432022095,5.92351068027795
59.419909715652466,5.814346790313721,0.8809805512428284,5.962991790997
59.464521408081055,5.84737491607666,0.8645906448364258,5.99938891294703
59.51505374908447,5.88653564453125,0.8381831049919128,6.03721974978154
59.56507658958435,5.9266276359558105,0.8295540809631348,6.07351309206589
59.61507439613342,5.967575550079346,0.830998957157135,6.10058075870488
59.664997816085815,6.007762432098389,0.8248143196105957,6.12659564446048
59.721055030822754,6.053054332733154,0.7944415807723999,6.14948194296542
59.77108836174011,6.088100910186768,0.755644679069519,6.1640856374411
59.821595191955566,6.118877410888672,0.6986689567565918,6.16939593555698
59.87105989456177,6.14585542678833,0.6344410181045532,6.16961762922714
59.92107963562012,6.167832374572754,0.555845320224762,6.16628103013853
59.971601247787476,6.185616493225098,0.4756154417991638,6.16543182262451
60.020936250686646,6.19678258895874,0.3742017149925232,6.15319708090504
60.07144546508789,6.204462051391602,0.28649255633354187,6.13632355847471
60.12112307548523,6.209963798522949,0.21637819707393646,6.12689426536526
60.17135047912598,6.210046291351318,0.1302873194217682,6.11860600087258
60.22107696533203,6.2071428298950195,0.05562785640358925,6.12269633839065
60.27117848396301,6.203820705413818,0.007659674156457186,6.12046653647551
60.321046352386475,6.202993869781494,-0.0010668362956494093,6.11643867395362
60.37140655517578,6.2027997970581055,-0.002136918716132641,6.11640910032511
60.42069172859192,6.20271110534668,-0.0019661737605929375,6.12129973350372
60.471659898757935,6.202692985534668,-0.0013185739517211914,6.13388037876687
60.5208740234375,6.204411029815674,0.01321868970990181,6.13827875160777
60.571717739105225,6.209097385406494,0.045602042227983475,6.14900232169116
60.62102723121643,6.213817596435547,0.06453593075275421,6.16033876895721
60.671546459198,6.2194647789001465,0.08377351611852646,6.17045467367808
60.72101902961731,6.225698947906494,0.09983734041452408,6.18457423371676
60.77110576629639,6.233684539794922,0.1237320676445961,6.19919864933897
60.8210711479187,6.242736339569092,0.14628690481185913,6.21427771207042
60.87092566490173,6.252029895782471,0.16167357563972473,6.2300146138937
60.92151379585266,6.262846946716309,0.18339496850967407,6.24513158804966
60.970855951309204,6.274616718292236,0.20377258956432343,6.26336122468561
61.015185832977295,6.2859601974487305,0.23124811053276062,6.28003004858252
61.0647759437561,6.300604343414307,0.25756022334098816,6.2959364851502
61.120949268341064,6.318055152893066,0.2731545567512512,6.3122975364996
61.17103028297424,6.332802772521973,0.28130295872688293,6.32884131778363
61.22150182723999,6.347200870513916,0.2834812104701996,6.34989358589145
61.2709264755249,6.361300945281982,0.282487690448761,6.36451598290064
61.31548810005188,6.374298095703125,0.29776129126548767,6.38104191812117
61.36503505706787,6.3909125328063965,0.31380873918533325,6.3997805891438
61.41560435295105,6.40677547454834,0.31644928455352783,6.41546604971885
61.46496820449829,6.4226226806640625,0.31907719373703003,6.43335191335174
61.51488542556763,6.439157009124756,0.32596293091773987,6.44903252871521
61.56564140319824,6.456021785736084,0.33264338970184326,6.47116636694784
61.615585803985596,6.472969055175781,0.3372815251350403,6.48467256261026
61.665653228759766,6.491204261779785,0.35117974877357483,6.50319216120375
61.714959144592285,6.509459495544434,0.3584952652454376,6.51845529547309
61.766069650650024,6.526803970336914,0.3558413088321686,6.5358443211338
61.81502366065979,6.543563365936279,0.3497321605682373,6.55186203935372
61.86504149436951,6.560047626495361,0.34394192695617676,6.57406465062612
61.91525483131409,6.576467990875244,0.3399818539619446,6.59598068064438
61.9651198387146,6.5929341316223145,0.3379579782485962,6.62429010727147
62.02072024345398,6.6138691902160645,0.34471526741981506,6.64877280691596
62.070738554000854,6.6351518630981445,0.37688344717025757,6.67732996890302
62.121331214904785,6.6582136154174805,0.40990203619003296,6.70819152939548
62.1714653968811,6.6817851066589355,0.4336256682872772,6.73694523332636
62.215028047561646,6.702700614929199,0.46482014656066895,6.76022008035564
62.27086877822876,6.73281192779541,0.48283126950263977,6.79037917941286
62.3160035610199,6.754580497741699,0.5045539140701294,6.82557414825719
62.36647963523865,6.780399799346924,0.5123511552810669,6.86072399824446
62.42093205451965,6.811707019805908,0.5185602307319641,6.89574727329792
62.47141146659851,6.841524600982666,0.5492003560066223,6.92108991082537
62.52073073387146,6.872921943664551,0.5797669291496277,6.95352758852614
62.56587862968445,6.899531364440918,0.6098038554191589,6.99253770533191
62.61539697647095,6.9298930168151855,0.6116843223571777,7.02672341107652
62.672552824020386,6.9663543701171875,0.6124948859214783,7.06205295108402
62.72165489196777,6.999701023101807,0.633488655090332,7.09993622371178
62.77146315574646,7.033751010894775,0.6515066623687744,7.1329486028633
62.82163977622986,7.067890644073486,0.6629911065101624,7.1691908796232
62.87106919288635,7.101832389831543,0.6683447957038879,7.20730072597164
62.92164468765259,7.135512351989746,0.6695277094841003,7.24839147911984
62.969170570373535,7.168979167938232,0.6685935258865356,7.2766440376566
63.02095627784729,7.199260234832764,0.6497873067855835,7.31405994723341
63.07141947746277,7.237914085388184,0.6975827813148499,7.35303766797958
63.120885372161865,7.276336669921875,0.7244313359260559,7.38718924573485
63.17257261276245,7.313985347747803,0.7345355749130249,7.42170268009112
63.22244715690613,7.350855350494385,0.7345733642578125,7.46068289293813
63.270655393600464,7.387172698974609,0.7303284406661987,7.4983574405922
63.32113075256348,7.4231953620910645,0.7255048751831055,7.53295298160331
63.37083554267883,7.459118366241455,0.7218485474586487,7.56894183890412
63.42237138748169,7.495054721832275,0.7197552919387817,7.60101492535832
63.470879554748535,7.531047344207764,0.7189398407936096,7.63219948898293
63.520949840545654,7.567098617553711,0.7189034819602966,7.65951851286475
63.57157373428345,7.601491451263428,0.7053315043449402,7.68969158284878
63.61590600013733,7.629329681396484,0.704062819480896,7.71817723275781
63.66566467285156,7.660728454589844,0.6773421764373779,7.74419810904367
63.71558713912964,7.691938400268555,0.6610435843467712,7.76632828300088
63.76811170578003,7.729432582855225,0.6465629935264587,7.78198405401591
63.815229654312134,7.754432201385498,0.6405749917030334,7.79769635273008
63.86523079872131,7.780928611755371,0.5990815162658691,7.8063923146869
63.916752099990845,7.804922580718994,0.5548855662345886,7.81546319512055
63.96558856964111,7.826813697814941,0.5109848976135254,7.8359131636437
64.01561856269836,7.844784736633301,0.45205140113830566,7.83331589022995
64.06570172309875,7.861135959625244,0.40539053082466125,7.82793835993516
64.11567950248718,7.875488758087158,0.3596540093421936,7.82141886997038
64.1661651134491,7.886613845825195,0.30613645911216736,7.80458158226934
64.21588850021362,7.8945746421813965,0.24845480918884277,7.80732952547849
64.26582527160645,7.8968424797058105,0.16639307141304016,7.79109227792323
64.31578087806702,7.89600133895874,0.0943659171462059,7.77821193719973
64.36755180358887,7.891836643218994,0.01882999949157238,7.76120985581362
64.41764569282532,7.886597633361816,-0.029937947168946266,7.75636480806583
64.46601700782776,7.879692554473877,-0.07805444300174713,7.76197186439827
64.51591873168945,7.872280597686768,-0.1052134558558464,7.76346205955194
64.56514883041382,7.8673272132873535,-0.10248645395040512,7.76870544488469
64.62125635147095,7.865331172943115,-0.06965634226799011,7.77174423161728
64.67281246185303,7.865965366363525,-0.036834973841905594,7.77900327198205
64.72115325927734,7.867252349853516,-0.012126252986490726,7.79371376363891
64.77096128463745,7.87014102935791,0.01578989252448082,7.80487841399643
64.82202863693237,7.875597953796387,0.05309923365712166,7.81145741440257
64.86507248878479,7.881201267242432,0.08227032423019409,7.82298332893349
64.91665077209473,7.888223171234131,0.10589127242565155,7.82798517094663
64.96583104133606,7.896312236785889,0.12946318089962006,7.85641331907144
65.01543521881104,7.904046058654785,0.13966971635818481,7.86104013032361
65.06497168540955,7.913207054138184,0.15915092825889587,7.87288252546418
65.11502766609192,7.9231181144714355,0.17545358836650848,7.88222945703063
65.16506171226501,7.933766841888428,0.1920890510082245,7.88934274887016
65.21505093574524,7.943983554840088,0.19754908978939056,7.90525638326139
65.26490497589111,7.953011512756348,0.19163362681865692,7.91742605818175
65.31508779525757,7.9626665115356445,0.19410362839698792,7.92589700288478
65.36498689651489,7.973467826843262,0.20444507896900177,7.93568057820478
65.41665840148926,7.983511924743652,0.20361879467964172,7.94504671874938
65.46527624130249,7.993614196777344,0.20474374294281006,7.96374504916722
65.51507115364075,8.003156661987305,0.19991721212863922,7.97677754526068
65.5653510093689,8.01298713684082,0.20042654871940613,7.98587372957398
65.61533999443054,8.02376937866211,0.20808613300323486,7.99536590892157
65.66600704193115,8.03638744354248,0.22802166640758514,8.0063067159202
65.71593236923218,8.049274444580078,0.24088919162750244,8.02063714894623
65.76564979553223,8.059967994689941,0.23047541081905365,8.02761127486934
65.81573700904846,8.069920539855957,0.21967433393001556,8.03728636487691
65.86535692214966,8.080351829528809,0.21690203249454498,8.04752173346239
65.92222738265991,8.092968940734863,0.21454015374183655,8.05763904210546
65.9713454246521,8.102385520935059,0.2035195380449295,8.06634980418884
66.01503324508667,8.110692024230957,0.20570217072963715,8.07316100018493
66.06505727767944,8.119966506958008,0.1984289288520813,8.08065164821747
66.11537146568298,8.129642486572266,0.19833484292030334,8.09020324541844
66.17255878448486,8.14046859741211,0.19002720713615417,8.09650934036944
66.22271776199341,8.148849487304688,0.18082968890666962,8.10209281040012
66.2715380191803,8.156883239746094,0.17263156175613403,8.10965467628564
66.31526327133179,8.163572311401367,0.17133906483650208,8.12002607856637
66.37092566490173,8.171209335327148,0.1507762223482132,8.12839197528258
66.4218316078186,8.178121566772461,0.14595526456832886,8.13274314886952
66.46484899520874,8.184609413146973,0.15193356573581696,8.15058663487569
66.5217125415802,8.194223403930664,0.15623341500759125,8.16149443722156
66.56485223770142,8.202701568603516,0.1756114363670349,8.168658830449
66.62182927131653,8.214310646057129,0.18353764712810516,8.18126465013929
66.67160201072693,8.225017547607422,0.1956426054239273,8.19117312483549
66.72171020507812,8.234729766845703,0.19447845220565796,8.20139913733633
66.77158117294312,8.245097160339355,0.19957765936851501,8.218671320088
66.82170486450195,8.25447940826416,0.19428816437721252,8.23267058445205
66.87170481681824,8.264616966247559,0.19769160449504852,8.24724076386289
66.92180371284485,8.277281761169434,0.21998712420463562,8.2636470750611
66.9716272354126,8.289896965026855,0.2322295606136322,8.27237631542864
67.01529335975647,8.30124568939209,0.25024643540382385,8.28726227660801
67.07160639762878,8.316192626953125,0.24948300421237946,8.30801421815422
67.12179040908813,8.3294677734375,0.25573769211769104,8.32273148180125
67.17180347442627,8.343403816223145,0.26459184288978577,8.33697530541465
67.21517395973206,8.355279922485352,0.2761085629463196,8.36058452549026
67.2653238773346,8.370847702026367,0.2927434742450714,8.37114242110496
67.32157969474792,8.390624046325684,0.3105064630508423,8.39469361753038
67.37180161476135,8.406388282775879,0.3115326166152954,8.40979114630876
67.42182493209839,8.42251968383789,0.3157258927822113,8.42568840826295
67.47195863723755,8.439184188842773,0.3223560154438019,8.43343878886327
67.52267289161682,8.454374313354492,0.3142015337944031,8.45627718174753
67.57154989242554,8.468338012695312,0.29983747005462646,8.47200264670859
67.6217679977417,8.48345947265625,0.30091363191604614,8.48462177178459
67.67239618301392,8.49974536895752,0.31055694818496704,8.49397492989524
67.72190880775452,8.514936447143555,0.3071337938308716,8.49629533640457
67.771484375,8.529060363769531,0.2968457341194153,8.49675971351521
67.82152485847473,8.540963172912598,0.27277421951293945,8.4913500046616
67.87143397331238,8.549768447875977,0.2336900681257248,8.47732130578562
67.91653394699097,8.554513931274414,0.19556139409542084,8.4640162487766
67.96547603607178,8.555839538574219,0.1274176985025406,8.45540922030663
68.02266502380371,8.55333423614502,0.05016796663403511,8.43360599388213
68.06572771072388,8.54976749420166,0.003720671869814396,8.41951898605241
68.11666822433472,8.542004585266113,-0.061261922121047974,8.3994963198823
68.16534781455994,8.531617164611816,-0.1204812154173851,8.38016115616543
68.21509623527527,8.519380569458008,-0.17141661047935486,8.37523799910878
68.26608324050903,8.506234169006348,-0.20897020399570465,8.35667561526605
68.31539607048035,8.49463176727295,-0.21837332844734192,8.33879529716779
68.37149262428284,8.481974601745605,-0.21562610566616058,8.32345612064118
68.42139720916748,8.469160079956055,-0.23188899457454681,8.30682300775511
68.47135901451111,8.456709861755371,-0.238088920712471,8.29727068912763
68.5210382938385,8.44332504272461,-0.2497601956129074,8.28252844469878
68.57183289527893,8.429176330566406,-0.2626584470272064,8.26281290132021
68.62170147895813,8.414778709411621,-0.2723087966442108,8.24768438033854
68.67179918289185,8.400424003601074,-0.2777535617351532,8.23087982879214
68.72206687927246,8.386224746704102,-0.2798241674900055,8.21957545454144
68.77256035804749,8.37048053741455,-0.293731689453125,8.20035512486324
68.82242059707642,8.355291366577148,-0.2970443069934845,8.1846974408882
68.86609601974487,8.341901779174805,-0.31066155433654785,8.16843100102008
68.91668796539307,8.325189590454102,-0.32229137420654297,8.14633285293585
68.96653604507446,8.30811595916748,-0.3320578932762146,8.13514941860015
69.0167133808136,8.291007041931152,-0.3381805717945099,8.11761247221316
69.06659293174744,8.274012565612793,-0.3409631550312042,8.10312636253048
69.11676859855652,8.257163047790527,-0.3415120244026184,8.09245058806465
69.1665415763855,8.24042797088623,-0.3409520089626312,8.08816552185716
69.21859169006348,8.222761154174805,-0.31954705715179443,8.09197394367595
69.26666045188904,8.211237907409668,-0.3098316788673401,8.09483042454858
69.31636190414429,8.200664520263672,-0.2708530128002167,8.10440456538527
69.36677980422974,8.194385528564453,-0.21314473450183868,8.12091582348218
69.42247653007507,8.190155982971191,-0.14834055304527283,8.13572735608304
69.46698760986328,8.191350936889648,-0.08846668154001236,8.15614601974657
69.51750802993774,8.197011947631836,-0.004722972400486469,8.1812633723503
69.57265496253967,8.204461097717285,0.05619560554623604,8.20576199883017
69.62259149551392,8.2160005569458,0.1257774829864502,8.23358644929549
69.67261576652527,8.231292724609375,0.19720907509326935,8.26123376384552
69.72261786460876,8.2479887008667,0.25085005164146423,8.29180099700692
69.77271223068237,8.266160011291504,0.2951309084892273,8.32614492800693
69.82225441932678,8.288140296936035,0.3525576889514923,8.36115305708855
69.87264919281006,8.312249183654785,0.40341681241989136,8.397599575757
69.92131328582764,8.338409423828125,0.45048630237579346,8.4348299794914
69.97176265716553,8.367024421691895,0.4983799457550049,8.46511225560944
70.02099180221558,8.396656036376953,0.5349420309066772,8.50415891223748
70.07138991355896,8.427878379821777,0.5698690414428711,8.54127490957021
70.12091064453125,8.459800720214844,0.5962115526199341,8.58349055334735
70.17264676094055,8.491621017456055,0.6112051010131836,8.6246563952692
70.22106885910034,8.526430130004883,0.6447480320930481,8.65799911901988
70.27107810974121,8.563329696655273,0.6810042262077332,8.70059416260324
70.32080841064453,8.5991849899292,0.6939243674278259,8.74278182370397
70.36632108688354,8.629426956176758,0.7166683077812195,8.7808384658195
70.41492772102356,8.667214393615723,0.7377713918685913,8.81709643307887
70.46440196037292,8.706522941589355,0.7621681094169617,8.84711133687983
70.51477146148682,8.746355056762695,0.7808270454406738,8.88797546137634
70.56439208984375,8.784797668457031,0.7801075577735901,8.92782928046485
70.62172055244446,8.827366828918457,0.7490800023078918,8.96595577234029
70.67178726196289,8.864775657653809,0.7481824159622192,9.00433208584859
70.71533346176147,8.895609855651855,0.7576399445533752,9.03102868465603
70.77099251747131,8.939305305480957,0.7466827034950256,9.07113334383544
70.82110810279846,8.976354598999023,0.7432390451431274,9.11580373196604
70.87038588523865,9.012601852416992,0.7349789142608643,9.15232328564496
70.92066478729248,9.050169944763184,0.7409690022468567,9.18525701619791
70.97158575057983,9.087204933166504,0.7397007346153259,9.21074049247676
71.02130055427551,9.123522758483887,0.7334039211273193,9.24225302541334
71.07076716423035,9.159475326538086,0.7268100380897522,9.27598860223346
71.1207823753357,9.193618774414062,0.7081437110900879,9.30714286126023
71.17206072807312,9.226536750793457,0.6874852180480957,9.3345241946362
71.22181034088135,9.260756492614746,0.6859018206596375,9.34299468469656
71.27187991142273,9.292901039123535,0.667449414730072,9.38748504596151
71.31474304199219,9.317086219787598,0.6478414535522461,9.41295067179126
71.36488699913025,9.345373153686523,0.6196112632751465,9.44795088742219
71.41475105285645,9.374356269836426,0.6080754995346069,9.48441777677893
71.46466064453125,9.40542984008789,0.6184823513031006,9.50951744121517
71.51517295837402,9.439841270446777,0.6516817212104797,9.53937490299919
71.56561517715454,9.47395133972168,0.6669091582298279,9.56827349368678
71.61668348312378,9.507319450378418,0.6714717149734497,9.60024346657582
71.66541457176208,9.539483070373535,0.6637227535247803,9.6256410920148
71.71557259559631,9.570209503173828,0.6479796767234802,9.65171215383635
71.77193069458008,9.605112075805664,0.6191573143005371,9.67904152122589
71.82165503501892,9.633352279663086,0.5965529680252075,9.71462479239313
71.87196707725525,9.660486221313477,0.5744650959968567,9.74572127428314
71.92175245285034,9.689041137695312,0.5729354619979858,9.77631036385086
71.96558713912964,9.714078903198242,0.5924333333969116,9.81758489621058
72.02176427841187,9.749736785888672,0.5948323011398315,9.84787917339169
72.0651605129242,9.778358459472656,0.637437641620636,9.87983405015591
72.11591362953186,9.812255859375,0.6567301750183105,9.9005118968754
72.16586804389954,9.845705032348633,0.6659976840019226,9.92966981781656
72.21551442146301,9.878049850463867,0.6618474125862122,9.96931720933938
72.26557683944702,9.908947944641113,0.6481767296791077,9.98966710115341
72.31500506401062,9.940465927124023,0.6459497809410095,10.0164801633779
72.3665382862091,9.970562934875488,0.631298840045929,10.0415257124153
72.41670203208923,9.998470306396484,0.6055909991264343,10.0758055947653
72.46493482589722,10.02674388885498,0.5941932201385498,10.1018364731153
72.52174663543701,10.059471130371094,0.5729138255119324,10.1309450903999
72.56585216522217,10.083905220031738,0.5874897837638855,10.158400663286
72.61501216888428,10.112749099731445,0.586587131023407,10.1866427619096
72.66493225097656,10.142119407653809,0.591279149055481,10.2131828887337
72.71488165855408,10.17117977142334,0.5905230641365051,10.2398256711835
72.76494359970093,10.200613021850586,0.5941260457038879,10.2688484585401
72.81454086303711,10.229652404785156,0.5920749306678772,10.2950724276585
72.86477661132812,10.257701873779297,0.5831894278526306,10.3190144659177
72.91465020179749,10.285250663757324,0.5740014314651489,10.3382735052917
72.9656457901001,10.312654495239258,0.5673725008964539,10.3603052389735
73.01489210128784,10.338770866394043,0.5522882342338562,10.3766545339282
73.06483507156372,10.363560676574707,0.5329903960227966,10.4056513869907
73.11563849449158,10.386512756347656,0.5060657858848572,10.4314111760227
73.16714692115784,10.409351348876953,0.4902274012565613,10.4494470076735
73.22199535369873,10.43716812133789,0.47971904277801514,10.4790231413108
73.27081799507141,10.460226058959961,0.4714910089969635,10.4918521136727
73.3165955543518,10.480175018310547,0.4821535050868988,10.5136128719484
73.36507439613342,10.503464698791504,0.47820794582366943,10.5325909053905
73.41568350791931,10.525840759277344,0.4687913656234741,10.5510650901546
73.46584224700928,10.547784805297852,0.4598081409931183,10.5699866674208
73.51516604423523,10.569626808166504,0.45363253355026245,10.5827166502307
73.5646505355835,10.590200424194336,0.4389728307723999,10.5983269990135
73.62117052078247,10.6124906539917,0.40889161825180054,10.6044215024088
73.67168116569519,10.631205558776855,0.3947581946849823,10.6057927228067
73.71504521369934,10.644265174865723,0.37246790528297424,10.6023219705411
73.77111482620239,10.657940864562988,0.3058648705482483,10.6001479811205
73.82108044624329,10.665616989135742,0.24478884041309357,10.5831325255092
73.87255525588989,10.669995307922363,0.18197831511497498,10.5651310047858
73.92232131958008,10.669696807861328,0.10672758519649506,10.5492954384258
73.96505403518677,10.6663179397583,0.042935870587825775,10.5398632871709
74.02201867103577,10.659540176391602,-0.027904903516173363,10.524872731199
74.06472039222717,10.653590202331543,-0.06831701099872589,10.5171864005162
74.11515617370605,10.644643783569336,-0.1135735735297203,10.5069521453167
74.16498589515686,10.635941505432129,-0.13763217628002167,10.4989137854366
74.21487331390381,10.6273832321167,-0.15210476517677307,10.5045747295491
74.26474785804749,10.619832038879395,-0.15182740986347198,10.5006847018605
74.31483340263367,10.613746643066406,-0.14033299684524536,10.4946347936027
74.36627650260925,10.609772682189941,-0.11595600843429565,10.4878788755783
74.41589260101318,10.607501029968262,-0.08820786327123642,10.4819519674568
74.4677345752716,10.603870391845703,-0.07682044804096222,10.4798992495577
74.51571464538574,10.599919319152832,-0.08459068834781647,10.4739787589589
74.56580209732056,10.594433784484863,-0.09541559219360352,10.4715255626747
74.61576342582703,10.588528633117676,-0.1051352322101593,10.4673575976496
74.66739892959595,10.58156967163086,-0.11024320125579834,10.4600099523471
74.71671390533447,10.57666015625,-0.11467210948467255,10.463607130073
74.76501274108887,10.570908546447754,-0.11549334973096848,10.4638211819791
74.81499934196472,10.566607475280762,-0.10360843688249588,10.4573184952406
74.86516547203064,10.563821792602539,-0.08477380871772766,10.4530565047888
74.9151520729065,10.560346603393555,-0.0799802839756012,10.452301294113
74.96477270126343,10.556851387023926,-0.07610145211219788,10.4460588936913
75.01497340202332,10.554011344909668,-0.06871340423822403,10.444636215974
75.06547427177429,10.550132751464844,-0.07347726076841354,10.4427335407281
75.11768531799316,10.545625686645508,-0.07386863231658936,10.4384277695494
75.17131066322327,10.540878295898438,-0.08241040259599686,10.4420390645381
75.22126054763794,10.536952018737793,-0.08045534789562225,10.4525414643129
75.27119731903076,10.533929824829102,-0.07229375094175339,10.4537921263621
75.32134079933167,10.533064842224121,-0.05000540614128113,10.4539780303636
75.37098026275635,10.53528881072998,-0.012037120759487152,10.4599564590053
75.42153310775757,10.537507057189941,0.009926064871251583,10.4600378142149
75.46489381790161,10.538652420043945,0.01595419831573963,10.4618284010681
75.5211820602417,10.541135787963867,0.02817077562212944,10.4641098921363
75.57096338272095,10.54248046875,0.02727324329316616,10.46549442416
75.6209168434143,10.542814254760742,0.01891472190618515,10.4726273159997
75.67109322547913,10.542619705200195,0.00983349233865738,10.4757568938855
75.72118592262268,10.54395866394043,0.016975965350866318,10.4765989075899
75.76485896110535,10.546102523803711,0.02938561514019966,10.4780632203459
75.81525444984436,10.547918319702148,0.031640078872442245,10.4822090376982
75.8652024269104,10.549820899963379,0.03482712432742119,10.4859353035129
75.91512799263,10.552470207214355,0.04251173138618469,10.4898430533875
75.96558141708374,10.555474281311035,0.0498540885746479,10.4839288923316
76.01489543914795,10.558563232421875,0.05490570887923241,10.4875971939459
76.07194638252258,10.560385704040527,0.04282507300376892,10.4935783059217
76.11574292182922,10.560419082641602,0.028791390359401703,10.496745443946
76.17056512832642,10.56143856048584,0.024373987689614296,10.4949029300931
76.22252082824707,10.563728332519531,0.03303505480289459,10.4946589206135
76.2722864151001,10.56496810913086,0.029371270909905434,10.4930501061212
76.3153305053711,10.566526412963867,0.03287114202976227,10.4932861377839
76.36602878570557,10.56774616241455,0.029118964448571205,10.4948772998235
76.42090606689453,10.567914962768555,0.016882577911019325,10.4850274560784
76.47152304649353,10.567577362060547,0.0075096976943314075,10.4674468668389
76.51487612724304,10.565911293029785,-0.009189589880406857,10.4523018669816
76.56473684310913,10.561452865600586,-0.042289651930332184,10.4354933628334
76.61449265480042,10.55373477935791,-0.08848867565393448,10.4156234835978
76.6650812625885,10.543997764587402,-0.13176946341991425,10.3922672279403
76.71482467651367,10.531143188476562,-0.18412095308303833,10.3782348401851
76.76517462730408,10.515755653381348,-0.23507431149482727,10.356068364298
76.81480097770691,10.49972915649414,-0.2705323398113251,10.3444811147834
76.86517286300659,10.484057426452637,-0.2890419661998749,10.32870925997
76.91485500335693,10.4690580368042,-0.2949380576610565,10.3160868245141
76.96450853347778,10.454668998718262,-0.2937566041946411,10.3083314509099
77.01488065719604,10.44068431854248,-0.28991374373435974,10.294343091671
77.06488060951233,10.426900863647461,-0.2860672175884247,10.2808003328107
77.11508893966675,10.414505958557129,-0.2718612849712372,10.2652939932382
77.16518473625183,10.402195930480957,-0.2638593912124634,10.2545475996539
77.21492576599121,10.389005661010742,-0.26586809754371643,10.2441975811418
77.26492357254028,10.375237464904785,-0.27153703570365906,10.2309354673686
77.31597304344177,10.361187934875488,-0.277103990316391,10.2159777770092
77.36558985710144,10.347066879272461,-0.280997097492218,10.19995716289
77.4164047241211,10.332983016967773,-0.2830430567264557,10.185487509341
77.46455025672913,10.318971633911133,-0.28370803594589233,10.1716608593876
77.5151150226593,10.30502700805664,-0.28358832001686096,10.1554891593233
77.56507730484009,10.29112720489502,-0.2831726670265198,10.1436308485151
77.61517000198364,10.275914192199707,-0.2942354083061218,10.1298337184416
77.6645975112915,10.260600090026855,-0.30048292875289917,10.1119778043092
77.71521878242493,10.246113777160645,-0.2978287935256958,10.0941883034618
77.76459264755249,10.232152938842773,-0.29217350482940674,10.0799859687246
77.81476902961731,10.21710205078125,-0.29837900400161743,10.0641402692456
77.86462497711182,10.200660705566406,-0.31283703446388245,10.04807112997
77.91480350494385,10.183564186096191,-0.32656967639923096,10.0389916060788
77.96465587615967,10.166314125061035,-0.3359815180301666,10.014259289119
78.01468992233276,10.150505065917969,-0.329319030046463,9.99890492030801
78.06472730636597,10.134988784790039,-0.3242300748825073,9.98314626673657
78.11486148834229,10.118805885314941,-0.32633543014526367,9.96861425689604
78.16504549980164,10.102198600769043,-0.3308771550655365,9.95287078236994
78.21501970291138,10.085393905639648,-0.33512306213378906,9.951325645958
78.26487922668457,10.0685453414917,-0.3380053639411926,9.93574569785313
78.31493067741394,10.054401397705078,-0.3164941072463989,9.91826901359269
78.36651468276978,10.04186725616455,-0.2923377454280853,9.90111972009745
78.41633486747742,10.027830123901367,-0.2906405031681061,9.88389055475892
78.46494102478027,10.013266563415527,-0.29252615571022034,9.86752461363708
78.5147614479065,9.997796058654785,-0.3018300533294678,9.85007222059207
78.56496477127075,9.9811372756958,-0.31659406423568726,9.83314187721013
78.61514139175415,9.963970184326172,-0.3293616473674774,9.81941647828148
78.66650009155273,9.945399284362793,-0.349029541015625,9.80161773066464
78.71630311012268,9.928193092346191,-0.3479368984699249,9.78718875393614
78.76692748069763,9.912109375,-0.33976683020591736,9.7723631944515
78.8165991306305,9.895877838134766,-0.3360196053981781,9.75534922309295
78.86647081375122,9.879456520080566,-0.33524394035339355,9.74055904249596
78.9205813407898,9.86018180847168,-0.32967594265937805,9.72142232192558
78.97077703475952,9.843504905700684,-0.33081161975860596,9.70530412585967
79.02044415473938,9.826796531677246,-0.3317349851131439,9.6847253676607
79.07081723213196,9.810087203979492,-0.33229413628578186,9.66519787181006
79.12060236930847,9.793390274047852,-0.3325343430042267,9.64568473247354
79.17144298553467,9.77670669555664,-0.33256885409355164,9.62902362209518
79.22055292129517,9.758334159851074,-0.3463849723339081,9.60933253427168
79.27126884460449,9.738709449768066,-0.3643336296081543,9.59268792223629
79.31517171859741,9.721906661987305,-0.383919358253479,9.57480033272206
79.36501002311707,9.703106880187988,-0.3823258876800537,9.55888269375352
79.41541242599487,9.684582710266113,-0.38040462136268616,9.54605246438726
79.46468114852905,9.666787147521973,-0.37245362997055054,9.53240683472633
79.52175569534302,9.645744323730469,-0.36403730511665344,9.51449027157364
79.5715491771698,9.628299713134766,-0.3573335111141205,9.49586936135159
79.62155985832214,9.613350868225098,-0.3332918584346771,9.47515009451244
79.67478322982788,9.596590995788574,-0.33435294032096863,9.45894466131559
79.71487879753113,9.582303047180176,-0.34284600615501404,9.4494029091413
79.7650465965271,9.564085006713867,-0.35437625646591187,9.42505604680585
79.81461143493652,9.545915603637695,-0.3597494959831238,9.39578829319164
79.8645429611206,9.527325630187988,-0.36738789081573486,9.36706876165258
79.91530060768127,9.507852554321289,-0.3787875473499298,9.33418603763484
79.96536612510681,9.485342979431152,-0.4114190340042114,9.28957111112157
80.01623773574829,9.459906578063965,-0.4535835385322571,9.2557518575298
80.06466317176819,9.430685997009277,-0.5104297995567322,9.21539251334843
80.11500883102417,9.399893760681152,-0.5554645657539368,9.17401057086565
80.17166805267334,9.361507415771484,-0.5963554978370667,9.12978263626567
80.21581220626831,9.33105754852295,-0.65337073802948,9.10200111615269
80.265469789505,9.294493675231934,-0.6880491971969604,9.05473181267406
80.32145690917969,9.251726150512695,-0.7010542750358582,9.00990660114373
80.37161445617676,9.214664459228516,-0.7160003185272217,8.96178539684306
80.41487455368042,9.183781623840332,-0.7365990281105042,8.91890002870033
80.46481776237488,9.144477844238281,-0.7625977993011475,8.88128463694922
80.52073836326599,9.095586776733398,-0.7887561917304993,8.83214344698331
80.57308602333069,9.052568435668945,-0.816042423248291,8.78140801133292
80.6207709312439,9.00960922241211,-0.8319371938705444,8.73030181460836
80.67205739021301,8.967053413391113,-0.8383415937423706,8.68172098316042
80.72105622291565,8.921526908874512,-0.8666008710861206,8.64525967414985
80.77069854736328,8.875502586364746,-0.8866439461708069,8.59282178193975
80.82152581214905,8.829950332641602,-0.8950095176696777,8.53904112437023
80.87135195732117,8.78492259979248,-0.895969569683075,8.49215480566653
80.91721844673157,8.736886024475098,-0.9212628602981567,8.43855496272551
80.9648208618164,8.696185111999512,-0.9558039903640747,8.38957043646032
81.01477718353271,8.64651107788086,-0.9775809049606323,8.33529272328091
81.0649037361145,8.595858573913574,-0.9981874227523804,8.28023475317671
81.1148190498352,8.543647766113281,-1.0237504243850708,8.22598745431507
81.16495060920715,8.490153312683105,-1.0489764213562012,8.16960152207
81.21454787254333,8.436325073242188,-1.0666824579238892,8.11573804372321
81.2647795677185,8.382660865783691,-1.0760129690170288,8.05246973388689
81.31523704528809,8.32799243927002,-1.0905412435531616,7.99605370904037
81.36564493179321,8.27218246459961,-1.1080607175827026,7.93979666661347
81.41646647453308,8.214628219604492,-1.1332101821899414,7.8812100565396
81.46522164344788,8.15698528289795,-1.1477959156036377,7.82842082989664
81.51505279541016,8.099034309387207,-1.160079002380371,7.7666087722408
81.57099151611328,8.032516479492188,-1.1383867263793945,7.69779995810159
81.61500287055969,7.984314441680908,-1.1639996767044067,7.63931463739746
81.67155146598816,7.916645050048828,-1.1503593921661377,7.57468124794933
81.71521925926208,7.866260528564453,-1.1903712749481201,7.50679033975348
81.76522397994995,7.80617618560791,-1.2020796537399292,7.43576899364628
81.8152084350586,7.744301795959473,-1.2252616882324219,7.35242609808295
81.87156796455383,7.667903900146484,-1.251401424407959,7.27782668474903
81.92137241363525,7.596464157104492,-1.3209487199783325,7.20069558752842
81.97143411636353,7.5237908363342285,-1.3714227676391602,7.13576386289834
82.01633429527283,7.463472843170166,-1.420446753501892,7.05492878198932
82.06504106521606,7.392263412475586,-1.430574893951416,6.98172379970745
82.11534833908081,7.319328308105469,-1.4523181915283203,6.89815736331555
82.16521668434143,7.245481967926025,-1.4712159633636475,6.82393248898018
82.21522831916809,7.169508934020996,-1.501312494277954,6.74864346330442
82.26478457450867,7.092530727386475,-1.5259443521499634,6.67127614828819
82.3147964477539,7.014824390411377,-1.5474989414215088,6.58821189545861
82.366384267807,6.9376678466796875,-1.5549938678741455,6.51479934623441
82.42134833335876,6.846195220947266,-1.5459791421890259,6.43891727813226
82.47053241729736,6.768749713897705,-1.5445990562438965,6.3652651773741
82.52053785324097,6.693135738372803,-1.5296205282211304,6.28942509034258
82.5707380771637,6.618478775024414,-1.513248085975647,6.20937736476246
82.61505484580994,6.556174278259277,-1.5323113203048706,6.13001345530887
82.66642427444458,6.480457305908203,-1.535936713218689,6.04739693195453
82.7146942615509,6.401778697967529,-1.562169075012207,5.95681921838615
82.76528811454773,6.3195037841796875,-1.6068415641784668,5.85925787681477
82.81491017341614,6.234938144683838,-1.6513103246688843,5.7647281408292
82.86483860015869,6.147090435028076,-1.7056536674499512,5.66590180104814
82.921719789505,6.0417656898498535,-1.7324973344802856,5.56800334203595
82.96487331390381,5.964198112487793,-1.806435465812683,5.46304835197182
83.02152013778687,5.857122898101807,-1.7994415760040283,5.35673620378685
83.06478667259216,5.77737283706665,-1.8700200319290161,5.24901013592047
83.11524152755737,5.680889129638672,-1.905772089958191,5.14096328467887
83.17102098464966,5.563958644866943,-1.9320749044418335,5.03233346567353
83.22050905227661,5.459636211395264,-1.990975260734558,4.93409860324224
83.27039051055908,5.3544392585754395,-2.033022165298462,4.82654459812928
83.3204095363617,5.251279354095459,-2.0417404174804688,4.73131194096089
83.37036991119385,5.148427963256836,-2.0453109741210938,4.64134928228457
83.42127752304077,5.047210216522217,-2.0340969562530518,4.56059447538019
83.47098350524902,4.948963165283203,-2.0036873817443848,4.47215302578002
83.52077960968018,4.854197978973389,-1.9578241109848022,4.39091691945225
83.57112884521484,4.761225700378418,-1.9164901971817017,4.31136707073234
83.62050533294678,4.670284748077393,-1.8752925395965576,4.23050221091477
83.67126631736755,4.581915378570557,-1.830001711845398,4.15021694055238
83.72056698799133,4.493005275726318,-1.8077770471572876,4.06251508312862
83.76485919952393,4.42018461227417,-1.8166663646697998,3.97607788675978
83.81500196456909,4.332094669342041,-1.8077720403671265,3.88187294241546
83.86487340927124,4.241696834564209,-1.8202769756317139,3.78612379908137
83.91481375694275,4.148613452911377,-1.8496941328048706,3.69089392534081
83.9647102355957,4.053536891937256,-1.8827186822891235,3.58275825728892
84.02117466926575,3.9422004222869873,-1.8744654655456543,3.48251338620231
84.07139825820923,3.8432250022888184,-1.9143999814987183,3.38794194880095
84.12125515937805,3.745546579360962,-1.9268393516540527,3.29122383687178
84.17149496078491,3.648104429244995,-1.9331988096237183,3.19238968566978
84.22149324417114,3.552307605743408,-1.9235625267028809,3.08629725845163
84.26579022407532,3.471768617630005,-1.9591343402862549,2.99182028810838
84.32136583328247,3.3575515747070312,-1.939475417137146,2.89436486637822
84.36683106422424,3.2723536491394043,-2.0089309215545654,2.80124949800899
84.42189574241638,3.1552088260650635,-1.986176609992981,2.70692479110477
84.47009778022766,3.0551064014434814,-1.9900434017181396,2.59116828793862
84.52021360397339,2.956648349761963,-1.9789221286773682,2.49738735886608
84.56994867324829,2.857769250869751,-1.9762449264526367,2.40119542125818
84.62060689926147,2.7581629753112793,-1.9802592992782593,2.30635128959875
84.67071199417114,2.658133029937744,-1.9859392642974854,2.22009034175934
84.71604132652283,2.574215888977051,-2.028838634490967,2.11484453194801
84.76469159126282,2.4766652584075928,-2.0091757774353027,2.02925516017598
84.8208384513855,2.360074043273926,-1.9866142272949219,1.94553996946238
84.87086176872253,2.26013445854187,-1.9883155822753906,1.86815283042154
84.9217483997345,2.1655216217041016,-1.946702241897583,1.79098297272583
84.97159624099731,2.0744731426239014,-1.8942265510559082,1.696931767426
85.01493382453918,2.001892566680908,-1.8722916841506958,1.62315173572333
85.06517028808594,1.9151253700256348,-1.8308806419372559,1.55402879026549
85.11574673652649,1.8275251388549805,-1.8113372325897217,1.48919892687528
85.16521787643433,1.740983486175537,-1.7902780771255493,1.42492514912619
85.21484518051147,1.6568067073822021,-1.7582178115844727,1.33430484176258
85.26465654373169,1.5770047903060913,-1.7028645277023315,1.27536347561644
85.31481766700745,1.4978915452957153,-1.6667131185531616,1.21416283398468
85.36458444595337,1.4195971488952637,-1.636387825012207,1.15449804358598
85.41497445106506,1.3440452814102173,-1.5958563089370728,1.10057223158676
85.46477222442627,1.271608591079712,-1.546330451965332,1.00848544636511
85.51551008224487,1.2036813497543335,-1.479472041130066,0.949674092909909
85.56451344490051,1.134941577911377,-1.4491947889328003,0.890360080566399
85.6151647567749,1.0639972686767578,-1.4469208717346191,0.832707785964685
85.66650867462158,0.9921977519989014,-1.4521678686141968,0.775430833213587
85.71523952484131,0.9225811958312988,-1.4361059665679932,0.677298131982316
85.76507186889648,0.8556632399559021,-1.4056286811828613,0.626715569055516
85.81511044502258,0.7872946858406067,-1.400913119316101,0.581464304326382
85.86502695083618,0.7176090478897095,-1.4070971012115479,0.551214022637006
85.91483664512634,0.6505590677261353,-1.3880994319915771,0.524012537046763
85.96590280532837,0.5904662609100342,-1.3194503784179688,0.462844201203329
86.01578259468079,0.538687527179718,-1.2117342948913574,0.43978007736863
86.06484127044678,0.4905328154563904,-1.1203560829162598,0.423808203120912
86.11577439308167,0.44477978348731995,-1.0447089672088623,0.413047939542018
86.16735553741455,0.3985597491264343,-0.919385552406311,0.413383808205991
86.21485018730164,0.36971357464790344,-0.8554596900939941,0.385817522855189
86.2648196220398,0.34261879324913025,-0.7324619889259338,0.396464459119786
86.31497430801392,0.31856316328048706,-0.6376155614852905,0.403598072712339
86.36676383018494,0.29699236154556274,-0.5580796599388123,0.406711750481029
86.41483783721924,0.28031909465789795,-0.4702412188053131,0.405450017017693
86.46475529670715,0.2693057656288147,-0.3715370297431946,0.347193402767076
86.51470065116882,0.26157569885253906,-0.2870241403579712,0.346776883770545
86.56483197212219,0.24891094863414764,-0.2791905701160431,0.348938020220797
86.61496639251709,0.23087269067764282,-0.31485268473625183,0.350141674411371
86.66478252410889,0.2132660299539566,-0.33054932951927185,0.348766407446324
86.71504521369934,0.19917388260364532,-0.3116280436515808,0.309875065906526
86.76516366004944,0.1892351359128952,-0.26702722907066345,0.308117006627581
86.81555962562561,0.17797906696796417,-0.253987193107605,0.308716306109517
86.86500835418701,0.16588756442070007,-0.2502935528755188,0.310287400408855
86.91577506065369,0.1559719443321228,-0.23009809851646423,0.311481348022903
86.96610236167908,0.1478973776102066,-0.20377063751220703,0.295870735076026
87.01568388938904,0.1418636590242386,-0.1710570901632309,0.294794392221093
87.06593418121338,0.1359557956457138,-0.15165123343467712,0.294674186102142
87.11608052253723,0.13027235865592957,-0.1371212750673294,0.292867800405493
87.17148876190186,0.12609103322029114,-0.1056835874915123,0.292881960641171
87.21499943733215,0.12297284603118896,-0.09702161699533463,0.277106430635177
87.26478052139282,0.11981986463069916,-0.08366621285676956,0.277328609725982
87.31482982635498,0.11605968326330185,-0.08152405172586441,0.277580337409834
87.36504077911377,0.11106212437152863,-0.08980244398117065,0.276964769170627
87.41520547866821,0.10671091079711914,-0.08859992772340775,0.275089476265318
87.4651403427124,0.1035487949848175,-0.07869065552949905,0.259858845982531
87.5153636932373,0.10100392997264862,-0.06798337399959564,0.259767875794325
87.56505489349365,0.09731809794902802,-0.07155273854732513,0.260168776636691
87.61524844169617,0.09214650839567184,-0.0851726084947586,0.25913229338956
87.6652102470398,0.08756672590970993,-0.08759207278490067,0.257690376783537
87.71522951126099,0.08555465191602707,-0.06803177297115326,0.2415646558269
87.76477384567261,0.08434078097343445,-0.051311515271663666,0.239856925228382
87.8147919178009,0.08121899515390396,-0.05720459297299385,0.238654586774099
87.86505937576294,0.07745576649904251,-0.06452431529760361,0.237741146005954
87.91512298583984,0.07416290789842606,-0.06527534872293472,0.235180234777387
87.96497344970703,0.07122040539979935,-0.06301793456077576,0.224492230907065
88.01499724388123,0.06847483664751053,-0.06014357879757881,0.224246937885465
88.06489181518555,0.06446854770183563,-0.069331593811512,0.223389696604106
88.11503291130066,0.06035430356860161,-0.07450303435325623,0.221194385154431
88.16691017150879,0.057039596140384674,-0.07142322510480881,0.219997089831489
88.2151985168457,0.055556293576955795,-0.054257605224847794,0.209412449271318
88.26494121551514,0.054403938353061676,-0.042582981288433075,0.208023632746907
88.32165026664734,0.052100248634815216,-0.04116414114832878,0.206584799542532
88.3708393573761,0.049494776874780655,-0.045532580465078354,0.205497397511391
88.41643238067627,0.04709826409816742,-0.05047468841075897,0.202472275268866
88.4667067527771,0.04413836821913719,-0.05428411066532135,0.190474622425582
88.5149781703949,0.041181907057762146,-0.0565401092171669,0.187591486983823
88.56496810913086,0.03827916830778122,-0.0574767105281353,0.18665328458594
88.61639499664307,0.035435788333415985,-0.057579200714826584,0.184594349564105
88.6663749217987,0.03263679891824722,-0.057297587394714355,0.18273644819918
88.71661639213562,0.029862860217690468,-0.056935280561447144,0.171442348664016
88.76639437675476,0.027098432183265686,-0.05664468929171562,0.17037297786354
88.81634187698364,0.0229992363601923,-0.06795307993888855,0.16779822544486
88.86636209487915,0.018787821754813194,-0.07442793995141983,0.165407312256477
88.91850233078003,0.014903354458510876,-0.06982596963644028,0.164670364457592
88.96605658531189,0.012545729987323284,-0.06633932143449783,0.149235058059541
89.01601958274841,0.009936374612152576,-0.06108108535408974,0.147781356278381
89.06639289855957,0.0073828198947012424,-0.057499248534440994,0.146317693011672
89.11599969863892,0.00345246703363955,-0.06716037541627884,0.145280863987352
89.16632843017578,-0.0006573349819518626,-0.07316774874925613,0.144193128537615
89.21616721153259,-0.0013294442323967814,-0.04786631464958191,0.141723332097949
89.26613211631775,-0.0012938710860908031,-0.02957371436059475,0.140400990184464
89.31626200675964,-1.9858680389006622e-05,-0.006706967018544674,0.137720873742608
89.37196850776672,0.0003641443618107587,-0.002248623874038458,0.135717618491092
89.42200970649719,0.001722870278172195,0.009886268526315689,0.133263473248246
89.47216010093689,0.002828696509823203,0.014468936249613762,0.12655333740575
89.52214622497559,0.0032832850702106953,0.012182335369288921,0.124679880411414
89.57225489616394,0.00332842068746686,0.007648196071386337,0.122171065948756
89.62223649024963,0.0031865190248936415,0.00348610058426857,0.118432222453988
89.67235851287842,0.003006716724485159,0.0006993776769377291,0.118163433339095
89.72215509414673,0.0028634159825742245,-0.0006883046007715166,0.112689497472615
89.7723298072815,0.0027775277849286795,-0.0010761197190731764,0.111873077023478
89.82030820846558,0.004442022647708654,0.012951642274856567,0.109899797180512
89.8668520450592,0.004178925417363644,0.005888526793569326,0.108520521359051
89.91517853736877,0.004691459238529205,0.00865696556866169,0.106042701179844
89.96455764770508,0.004281356930732727,0.0008499412797391415,0.0959115727947808
90.01722836494446,0.004760660696774721,0.00540899345651269,0.0934574808528667
90.06470155715942,0.00541025260463357,0.008903012610971928,0.0922895795591742
90.11461591720581,0.005818869918584824,0.008492101915180683,0.0910499066794405
90.16482615470886,0.00591533025726676,0.0058336942456662655,0.0901873208401423
90.21459984779358,0.005851048044860363,0.0029986919835209846,0.0898939945075781
90.26460671424866,0.005737324710935354,0.0009179589687846601,0.0886366672418562
90.3146321773529,0.005635875277221203,-0.00023392816365230829,0.0859760458706607
90.36638140678406,0.005569310858845711,-0.0006545415380969644,0.0843639615459417
90.41502690315247,0.00553702749311924,-0.0006416598916985095,0.082343604191184
90.46474957466125,0.005528741050511599,-0.00044850431731902063,0.0832268377102238
90.51447868347168,0.005533066112548113,-0.00023531113401986659,0.0798798983519969
90.56453132629395,0.005541480612009764,-7.597028888994828e-05,0.0786284329817595
90.62026286125183,0.005550420377403498,2.449522253300529e-05,0.0767772268768848
90.6730387210846,0.007255886681377888,0.01392771303653717,0.0755805790868127
90.72064089775085,0.006814629305154085,0.004201355390250683,0.0772212176014992
90.77163767814636,0.007739484775811434,0.010398229584097862,0.0755075674485377
90.8203330039978,0.006825363263487816,-0.0015675034373998642,0.0733131905514501
90.87140107154846,0.005845436826348305,-0.00851160753518343,0.0720733150428949
90.92129588127136,0.007045500911772251,0.0049075535498559475,0.0695569633546058
90.97069573402405,0.006451211869716644,-0.0023859001230448484,0.0708799824597487
91.01526546478271,0.007165849208831787,0.004833500366657972,0.0685871097910783
91.07166051864624,0.0066150338388979435,-0.0028774619568139315,0.0675953003426156
91.12170386314392,0.005744076333940029,-0.008454449474811554,0.0659617998586958
91.17241954803467,0.0070200515910983086,0.005528407171368599,0.0658798399265614
91.21525192260742,0.006655754055827856,0.00011818273196695372,0.0626672358795779
91.26469945907593,0.007191794924438,0.005381143186241388,0.0617761606920262
91.3152334690094,0.0068728248588740826,-0.0004086395783815533,0.0608426253699812
91.36518955230713,0.00723255192860961,0.003703013062477112,0.0602774299281963
91.4155809879303,0.006826805416494608,-0.0020847057458013296,0.0594431359632618
91.46523714065552,0.007163152098655701,0.00251807551831007,0.0570524985555178
91.51506853103638,0.0067677791230380535,-0.0027145366184413433,0.0564202661095239
91.56522631645203,0.007125794887542725,0.0023081437684595585,0.0557945648844334
91.61508083343506,0.008085452020168304,0.0087987519800663,0.0554331999951069
91.66494536399841,0.008565383963286877,0.008980712853372097,0.0556792454809067
91.71482443809509,0.008701265789568424,0.006431090645492077,0.0597438986568602
91.76526761054993,0.00865133386105299,0.003467534203082323,0.0587069309339893
91.81499290466309,0.007202216424047947,-0.010288459248840809,0.0577191105457979
91.86530685424805,0.006985787767916918,-0.006669025402516127,0.0578887821454472
91.91488456726074,0.006407611537724733,-0.009631877765059471,0.0577460758658143
91.96486496925354,0.006793367210775614,-0.0016222286503762007,0.0633752502027979
92.01481413841248,0.006527133751660585,-0.00419739680364728,0.0603595736022721
92.06495070457458,0.00701036537066102,0.0023872503079473972,0.059703077684704
92.11668968200684,0.006722043268382549,-0.001965687144547701,0.058361751772297
92.16858744621277,0.007378906011581421,0.005193317774683237,0.0575376405677086
92.22108507156372,0.008251910097897053,0.009857875294983387,0.0634091209569105
92.27079272270203,0.008646363392472267,0.008954783901572227,0.0620947949527505
92.32149386405945,0.007021381985396147,-0.007925561629235744,0.0601513010185909
92.3704583644867,0.00738320779055357,-0.001218793448060751,0.0601513010185909
92.42181062698364,0.00633426196873188,-0.009570050053298473,0.0601513010185909
92.4707772731781,0.007141629233956337,0.0012387885944917798,0.0601513010185909
92.521413564682,0.006352501455694437,-0.006089766509830952,0.0601513010185909
92.57079315185547,0.007264840416610241,0.0041352747939527035,0.0601513010185909
92.6211805343628,0.006484239362180233,-0.0042883604764938354,0.0601513010185909
92.6707193851471,0.007361664902418852,0.004944846034049988,0.0601513010185909
92.72151160240173,0.006537919864058495,-0.004136677365750074,0.0601513010185909
92.7706389427185,0.0073813265189528465,0.0047728531062603,0.0601513010185909
92.82084012031555,0.006537387613207102,-0.004395780153572559,0.0601513010185909
92.87081241607666,0.007372376974672079,0.0045525552704930305,0.0601513010185909
92.91506791114807,0.006762961391359568,-0.002531769685447216,0.0601513010185909
92.96497082710266,0.00713070435449481,0.0024928220082074404,0.0601513010185909
93.01482820510864,0.006758152041584253,-0.0025533223524689674,0.0601513010185909
93.06488299369812,0.007128672208636999,0.0025013682898133993,0.0601513010185909
93.11561703681946,0.00675789313390851,-0.002534497296437621,0.0601513010185909
93.16522479057312,0.007129242178052664,0.002519050845876336,0.0601513010185909
93.21511101722717,0.006758648436516523,-0.002522472059354186,0.0601513010185909
93.26458096504211,0.007129854988306761,0.002525156829506159,0.0601513010185909
93.3146378993988,0.006759021431207657,-0.0025206650607287884,0.0601513010185909
93.36476850509644,0.007130017038434744,0.0025246101431548595,0.0601513010185909
93.41467332839966,0.0067590465769171715,-0.00252205110155046,0.0601513010185909
93.46479654312134,0.007129976991564035,0.002523273229598999,0.0601513010185909
93.51467680931091,0.006758990231901407,-0.0025229761376976967,0.0601513010185909
93.56475949287415,0.005795027129352093,-0.008960751816630363,0.0601513010185909
93.62114453315735,0.005266742780804634,-0.008674959652125835,0.0601513010185909
93.67082238197327,0.006883561611175537,0.008030153810977936,0.0601513010185909
93.72142314910889,0.006513575091958046,0.001218397170305252,0.0601513010185909
93.76963257789612,0.005855861119925976,-0.004352448508143425,0.0601513010185909
93.81462407112122,0.005540928337723017,-0.005468742921948433,0.0601513010185909
93.87087273597717,0.005352473817765713,-0.004315576981753111,0.0601513010185909
93.9209566116333,0.005354003515094519,-0.0025739867705851793,0.0601513010185909
93.97205591201782,0.007114493288099766,0.012795952148735523,0.0601513010185909
94.02179551124573,0.006737954448908567,0.004023337736725807,0.0601513010185909
94.07200264930725,0.006011827848851681,-0.003200446953997016,0.0601513010185909
94.11517477035522,0.005636079702526331,-0.005197584163397551,0.0601513010185909
94.16700911521912,0.0054006692953407764,-0.004933422897011042,0.0601513010185909
94.220694065094,0.005348717328161001,-0.0030305800028145313,0.0601513010185909
94.27094197273254,0.0070975469425320625,0.012432265095412731,0.0601513010185909
94.32118844985962,0.0067210146225988865,0.0038054734468460083,0.0601513010185909
94.37099099159241,0.005999845452606678,-0.0032926760613918304,0.0601513010185909
94.42201042175293,0.005563715007156134,-0.0053431070409715176,0.0601513010185909
94.46544027328491,0.005397840403020382,-0.0049124471843242645,0.0601513010185909
94.51560378074646,0.00534597784280777,-0.003344205440953374,0.0601513010185909
94.5707459449768,0.005397900938987732,-0.001417655497789383,0.0601513010185909
94.62069845199585,0.005464769899845123,-0.000332700670696795,0.0601513010185909
94.67075490951538,0.005519714206457138,0.0002252362755825743,0.0601513010185909
94.72121810913086,0.005553524941205978,0.0003962283954024315,0.0601513010185909
94.77084755897522,0.005568473134189844,0.00035292620304971933,0.0601513010185909
94.82077670097351,0.005571041256189346,0.00023131056514102966,0.0601513010185909
94.87134981155396,0.005567601881921291,0.00011201947927474976,0.0601513010185909
94.92060327529907,0.005562618374824524,2.8608130378415808e-05,0.0601513010185909
94.97172236442566,0.0055584367364645,-1.5172381608863361e-05,0.0601513010185909
95.01726627349854,0.005555818788707256,-2.9321605325094424e-05,0.0601513010185909
95.07102537155151,0.005554630421102047,-2.6752088160719723e-05,0.0601513010185909
95.1207628250122,0.005554396193474531,-1.7836156985140406e-05,0.0601513010185909
95.17082190513611,0.005554636009037495,-8.833760148263536e-06,0.0601513010185909
95.22157573699951,0.005555007141083479,-2.4278706405311823e-06,0.0601513010185909
95.27106642723083,0.005555324722081423,1.0019291494245408e-06,0.0601513010185909
95.32143807411194,0.005555527284741402,2.1649966583936475e-06,0.0601513010185909
95.37060642242432,0.005555621813982725,2.025515868808725e-06,0.0601513010185909
95.42259955406189,0.005555642303079367,1.3738318784817238e-06,0.0601513010185909
95.47194409370422,0.005555626004934311,6.953088700356602e-07,0.0601513010185909
95.52074408531189,0.0055555980652570724,2.0386048049658712e-07,0.0601513010185909
95.57229232788086,0.00555557431653142,-6.441522515387987e-08,0.0601513010185909
95.62078857421875,0.005555558484047651,-1.594710568042501e-07,0.0601513010185909
