timestep,speed,acceleration,target_speed
13.359960079193115,0.004279182758182287,0.001600432675331831,0.0157331874915606
13.409578800201416,0.0039301165379583836,-0.0029065345879644156,0.0168133725264534
13.46034026145935,0.002990405075252056,-0.009003164246678352,0.00880753345793064
13.50990080833435,0.0025292534846812487,-0.008958068676292896,0.00874786746696092
13.565371751785278,0.0007067744736559689,-0.01957971416413784,0.00948458953008622
13.61489725112915,-0.00047444392112083733,-0.020859647542238235,0.0107671560487209
13.667273759841919,-0.0008371587027795613,-0.015301565639674664,0.0117937822381297
13.710063695907593,-0.0007852743729017675,-0.009769098833203316,0.00838274844294859
13.759637355804443,0.0007906727842055261,0.0074927667155861855,0.00782090441691219
13.810516357421875,0.0024954313412308693,0.017663052305579185,0.00857176001659916
13.860325813293457,0.003301779506728053,0.01681441068649292,0.0104416042798922
13.91654372215271,0.0034820877481251955,0.010352708399295807,0.0111749405418236
13.968154191970825,0.0033199628815054893,0.004950314294546843,0.00656070390495635
14.015269041061401,0.003092542290687561,0.001208733068779111,0.00690933610305375
14.065144300460815,0.002903920831158757,-0.0007333250250667334,0.00766460720356269
14.110244035720825,0.002804600866511464,-0.001298827352002263,0.00857940900571936
14.161780595779419,0.002734599867835641,-0.0012093877885490656,0.00781845171156287
14.209539651870728,0.004059527534991503,0.01059657707810402,0.0081552126196985
14.260109901428223,0.005511405877768993,0.017568660899996758,0.00823268638701591
14.30948805809021,0.006140720099210739,0.015389819629490376,0.00600801826995944
14.36150598526001,0.006217801943421364,0.008832983672618866,0.0070188507028557
14.416849613189697,0.006034723483026028,0.0038778071757405996,0.00717052975232941
14.46144986152649,0.0058580790646374226,0.0011417680652812123,0.00720515709154557
14.513341903686523,0.005647910293191671,-0.0009220453794114292,0.00449462868441712
14.560121774673462,0.005563597194850445,-0.0013020910555496812,0.00416730747993797
14.609906673431396,0.005513475276529789,-0.001167503884062171,0.00489749677133567
14.661076307296753,0.005504504777491093,-0.0007688674959354103,0.00604709510180211
14.710491418838501,0.0055156284943223,-0.0003747299197129905,0.00570743451364968
14.760141849517822,0.005532030016183853,-9.778825187822804e-05,0.00418119487494008
14.80979871749878,0.0055458745919167995,4.8391542804893106e-05,0.0041548497628093
14.865309715270996,0.005555716343224049,9.791018965188414e-05,0.00699489239919393
14.91127634048462,0.005558565724641085,8.846962009556592e-05,0.00658198817115354
14.961735486984253,0.0055593037977814674,5.292970308801159e-05,0.00523420448377312
15.01025390625,0.005558602511882782,2.953492003143765e-05,0.00349327017917123
15.06084942817688,0.006892286241054535,0.011491818353533745,0.00445789538027574
15.116742372512817,0.006813685875386,0.004150615073740482,0.00835623435458272
15.162472248077393,0.0060366191901266575,-0.003517824225127697,0.0122527123589819
15.212720394134521,0.0072668869979679585,0.008133127354085445,0.00377996890252823
15.261793375015259,0.0083215506747365,0.013023133389651775,0.00361196130779149
15.312180995941162,0.008772758767008781,0.011289913207292557,0.00658600173666555
15.361595392227173,0.008835787884891033,0.0072517492808401585,0.0113515677028198
15.412261486053467,0.008715578354895115,0.0034161831717938185,0.0171472307498355
15.462977886199951,0.008552735671401024,0.0007885404047556221,0.00485812664384974
15.512694120407104,0.00841942522674799,-0.0005576841067522764,0.00580688544298469
15.560418367385864,0.008349917829036713,-0.0009385872981511056,0.00526106729060897
15.610138893127441,0.00830591656267643,-0.0009024065802805126,0.00876473381497735
15.65998888015747,0.008295254781842232,-0.0006230904255062342,0.0111203071829139
15.709849834442139,0.008301866240799427,-0.00032225073664449155,0.00614408062997409
15.760200262069702,0.008313877508044243,-0.00010026927338913083,0.00684625659404623
15.809556007385254,0.008324667811393738,2.3302682166104205e-05,0.00708783714319937
15.85956859588623,0.008331784047186375,6.894952093716711e-05,0.00702959127761625
15.911389350891113,0.00833525788038969,6.816119275754318e-05,0.00702097325179561
15.959697723388672,0.008336170576512814,4.788923615706153e-05,0.00954025158760152
16.009523630142212,0.008335728198289871,2.5275021471315995e-05,0.00828457021531505
16.059720754623413,0.009669742546975613,0.011491824872791767,0.00856562629195672
16.10959219932556,0.011112159118056297,0.018031956627964973,0.00897814445943474
16.15992760658264,0.011724235489964485,0.015534214675426483,0.00892469686067123
16.20960283279419,0.011804754845798016,0.009930004365742207,0.00781138987819343
16.259544849395752,0.011636047624051571,0.00464617321267724,0.00754525348312804
16.309831142425537,0.011410878039896488,0.0010438903700560331,0.00843846580925158
16.359834671020508,0.011227598413825035,-0.000790811434853822,0.00949165029943414
16.410203218460083,0.011115713976323605,-0.0013384268386289477,0.0102845308643935
16.459573984146118,0.011066867038607597,-0.0011794267920777202,0.0104015166624371
16.509692907333374,0.011059070006012917,-0.0007669383194297552,0.0110117543157297
16.559656620025635,0.011070982553064823,-0.0003674840845633298,0.0121128337832862
16.609850645065308,0.011087777093052864,-9.040463191922754e-05,0.0146315658155086
16.659550189971924,0.011101732961833477,5.367393896449357e-05,0.0158607447236353
16.709827661514282,0.011110400781035423,9.914328984450549e-05,0.0117746252541906
16.759568691253662,0.011114289052784443,8.944787259679288e-05,0.0129448932772482
16.81000304222107,0.011115009896457195,5.916799636906944e-05,0.0149632960590141
16.86567449569702,0.011113932356238365,2.392102214798797e-05,0.0166542165746558
16.916757106781006,0.011112687177956104,4.706286290456774e-06,0.0185049683070643
16.96526074409485,0.012812582775950432,0.013872814364731312,0.0150483583008421
17.015260219573975,0.0140695134177804,0.01802525296807289,0.015547996549684
17.065194129943848,0.014550314284861088,0.014515767805278301,0.0161540210132321
17.115252017974854,0.014560972340404987,0.008779915980994701,0.0179175794788685
17.160390377044678,0.0144138028845191,0.004647565074265003,0.0204236680295369
17.210110664367676,0.014188696630299091,0.0010452186688780785,0.0193811314841001
17.26000952720642,0.014005432836711407,-0.000789898622315377,0.0223188518716849
17.309861421585083,0.015228441916406155,0.010145589709281921,0.0252456222596504
17.359652042388916,0.016622811555862427,0.01685403659939766,0.0265441527848973
17.411447048187256,0.017227623611688614,0.014772295951843262,0.0322420770188025
17.46695852279663,0.017302218824625015,0.00848298892378807,0.0320731143786802
17.510071516036987,0.018503380939364433,0.016042890027165413,0.0360077422441539
17.56006145477295,0.019735369831323624,0.019132787361741066,0.0384396646728864
17.60989546775818,0.021508222445845604,0.026331784203648567,0.0430213938025148
17.659902334213257,0.022924192249774933,0.02671939693391323,0.0459858480295257
17.709774255752563,0.023320021107792854,0.019068490713834763,0.0454923648499107
17.759925365447998,0.024501865729689598,0.021726246923208237,0.047108609009646
17.809490442276,0.025603780522942543,0.02153298817574978,0.0503491251063825
17.859976053237915,0.027229897677898407,0.026636047288775444,0.0506657270918694
17.9096462726593,0.029869884252548218,0.03752836957573891,0.0536821579142121
17.959697723388672,0.03164571151137352,0.036208976060152054,0.044312792493025
18.009843826293945,0.03341567888855934,0.03654118627309799,0.047724751362774
18.06034016609192,0.0345974899828434,0.031027216464281082,0.0473425210886988
18.111255407333374,0.03472946584224701,0.019610727205872536,0.0489053078999019
18.160224199295044,0.03437712416052818,0.009027643129229546,0.0481075108900642
18.20960021018982,0.03525713086128235,0.013377499766647816,0.0407377354895149
18.25957179069519,0.03633498400449753,0.016344651579856873,0.0427173829893498
18.31002712249756,0.03672710806131363,0.012823527678847313,0.0423369204665735
18.361430644989014,0.036713406443595886,0.007577717769891024,0.0438032055000047
18.410030126571655,0.037866320461034775,0.014617638662457466,0.048308945662917
18.460057020187378,0.03910934925079346,0.01836412400007248,0.0372666757848669
18.511290073394775,0.03957259654998779,0.014583169482648373,0.0365840932458646
18.5596923828125,0.03956928476691246,0.008712349459528923,0.0383619446616921
18.609723567962646,0.03936886414885521,0.0036714943125844,0.0376368669391669
18.659858465194702,0.03914337977766991,0.00045746302930638194,0.0382015219538011
18.709782361984253,0.040308114141225815,0.010442669503390789,0.0306213458731691
18.759766578674316,0.04165443778038025,0.016660772264003754,0.0321291008215849
18.810275077819824,0.042229603976011276,0.014427385292947292,0.0346784613826264
18.865476369857788,0.042289894074201584,0.008193145506083965,0.034660673913653
18.911147832870483,0.04215497523546219,0.004356647841632366,0.0362340395614994
18.965304851531982,0.041907962411642075,0.0005363062373362482,0.0301189148503154
19.01572346687317,0.04175010323524475,-0.0008985203457996249,0.0316282419388223
19.06767225265503,0.0416586771607399,-0.0012448623310774565,0.0328368891070301
19.115355491638184,0.04162219911813736,-0.0010277786059305072,0.0342917247502394
19.16562271118164,0.04161972180008888,-0.0006349878967739642,0.0363204767053479
19.21759057044983,0.04163239896297455,-0.0002824921684805304,0.030908886430507
19.26547861099243,0.04164780676364899,-5.0209389883093536e-05,0.0317131256527602
19.317547082901,0.04165986552834511,6.309342279564589e-05,0.034371065307757
19.367541074752808,0.04166697338223457,9.274159674532712e-05,0.0363547275192837
19.415932178497314,0.041669901460409164,7.82017523306422e-05,0.0384042774869587
19.467676639556885,0.04167019948363304,4.91546634293627e-05,0.0324506816039149
19.51513171195984,0.041669294238090515,2.2444794012699276e-05,0.033713624139914
19.56770133972168,0.04166813939809799,4.5398819565889426e-06,0.0352770504892088
19.61554718017578,0.04166721925139427,-4.3896347960981075e-06,0.0381503742656271
19.667349100112915,0.0416666679084301,-6.896717422932852e-06,0.0384145230406595
19.715571880340576,0.041666433215141296,-5.9438061725813895e-06,0.0340224980367671
19.765416145324707,0.04166640341281891,-3.800670583586907e-06,0.0347246330390046
19.81744074821472,0.04166646674275398,-1.7790920310289948e-06,0.0342938348152406
19.86746883392334,0.04166655242443085,-4.004361926490674e-07,0.0357385447685187
19.917836666107178,0.04166662320494652,3.0200533274182817e-07,0.0373762570971144
19.967585802078247,0.0416666679084301,5.118922672409099e-07,0.0336900759890154
20.01578378677368,0.043367572128772736,0.013878094032406807,0.0353671739860664
20.067671537399292,0.04292421042919159,0.004155367612838745,0.0374819665889139
20.117543697357178,0.04214773327112198,-0.0035104090347886086,0.0413538457647673
20.166075706481934,0.043378252536058426,0.008139501325786114,0.0445665602889319
20.217495918273926,0.044432949274778366,0.013027200475335121,0.0378556517259449
20.26585817337036,0.0448840856552124,0.011291812174022198,0.0390791268809587
20.31593108177185,0.044947024434804916,0.007252171635627747,0.0414581862069678
20.36551070213318,0.04482673853635788,0.00341585511341691,0.0441250904726899
20.415653228759766,0.04466385021805763,0.0007879898184910417,0.0471042224230481
20.466025590896606,0.04453051835298538,-0.0005581681034527719,0.0392427283151915
20.50945544242859,0.04446100816130638,-0.0009389373590238392,0.039262131085634
20.559476137161255,0.04441700875759125,-0.0009025862091220915,0.0400054338133865
20.61555504798889,0.04440675303339958,-0.0005599444266408682,0.0410192281277301
20.665497303009033,0.04441522806882858,-0.000270016462309286,0.0427630888714324
20.71567153930664,0.04442737251520157,-6.794622458983213e-05,0.0393200850935644
20.76560401916504,0.04613840952515602,0.01391535997390747,0.0403923762864931
20.815637350082397,0.04570137709379196,0.004226619843393564,0.0432329563835717
20.868188619613647,0.04492776840925217,-0.0034455698914825916,0.0439131825989462
20.910852193832397,0.04586298018693924,0.00592731824144721,0.0462086626068222
20.959855318069458,0.047056347131729126,0.01277329120784998,0.0400570603863953
21.009522438049316,0.04761151596903801,0.011943562887609005,0.0416835359082728
21.059532642364502,0.04773334413766861,0.008097786456346512,0.0416833711769652
21.10954785346985,0.04763556271791458,0.004096431192010641,0.0431327907933073
21.15963315963745,0.04747314751148224,0.0011994285741820931,0.0441903452131734
21.209349870681763,0.04733079671859741,-0.00038133913767524064,0.0410452041731009
21.259552478790283,0.04723860323429108,-0.0009409172926098108,0.0409732967003471
21.30958127975464,0.047194670885801315,-0.0009032682864926755,0.039197241625456
21.36053466796875,0.04718407988548279,-0.0006230766884982586,0.0388756985823059
21.40920114517212,0.04719073697924614,-0.00032186933094635606,0.0418107874519475
21.459501028060913,0.04720277711749077,-9.984334610635415e-05,0.0545481563582353
21.509561777114868,0.04721357300877571,2.3622927983524278e-05,0.0705331246120491
21.56507658958435,0.04722164571285248,7.167722651502118e-05,0.0866217551251085
21.6094810962677,0.04855906218290329,0.011551774106919765,0.104786868982173
21.665079355239868,0.05188434198498726,0.031953535974025726,0.122475797401403
21.71504831314087,0.057024091482162476,0.06033144146203995,0.135964421972107
21.765224933624268,0.0634317472577095,0.08713264763355255,0.15312802286489
21.815003871917725,0.06842756271362305,0.0915473997592926,0.170458239943255
21.860292673110962,0.07277559489011765,0.09763990342617035,0.184183535615609
21.9122531414032,0.07929859310388565,0.10302752256393433,0.196675131692638
21.959731817245483,0.08547419309616089,0.12079007178544998,0.201663473513159
22.009864807128906,0.09271401911973953,0.1306569129228592,0.213566318057318
22.059862852096558,0.0990600660443306,0.12966232001781464,0.22552737071766
22.1098849773407,0.10613034665584564,0.13583092391490936,0.237458240972467
22.159843921661377,0.11299709975719452,0.13678617775440216,0.2495439810737
22.20984983444214,0.1202743649482727,0.14169886708259583,0.256937745223898
22.260119438171387,0.1271543651819229,0.14040452241897583,0.269953612194337
22.30956745147705,0.134358748793602,0.1433037966489792,0.282916016312324
22.36436915397644,0.1438646912574768,0.15081001818180084,0.297285852412017
22.411662578582764,0.1524888128042221,0.15920744836330414,0.311248395265893
22.46002697944641,0.15976324677467346,0.16717715561389923,0.314032769504386
22.50994873046875,0.16974110901355743,0.1819455623626709,0.328327087274461
22.559507131576538,0.17971299588680267,0.18958018720149994,0.343165619187619
22.61174440383911,0.19015872478485107,0.1825433224439621,0.357161649790638
22.661046504974365,0.19851620495319366,0.19214995205402374,0.37150759413715
22.710015296936035,0.2081070989370346,0.19275036454200745,0.378639407024863
22.75984239578247,0.21813559532165527,0.1976596862077713,0.394465955384214
22.810011386871338,0.22912098467350006,0.2079957127571106,0.410845393201885
22.859996795654297,0.24054940044879913,0.2176123559474945,0.428413472582722
22.909461498260498,0.25207310914993286,0.2241107076406479,0.444446144889135
22.965148448944092,0.265371710062027,0.22339312732219696,0.451089954137609
23.015361070632935,0.2783592641353607,0.2378842532634735,0.466172243829125
23.060189485549927,0.2888045310974121,0.24604713916778564,0.479992717580931
23.109752893447876,0.30054086446762085,0.2427913397550583,0.492731660913279
23.161547660827637,0.3151879608631134,0.24473422765731812,0.505971059780219
23.210333585739136,0.32540008425712585,0.24870768189430237,0.5126531531672
23.259249448776245,0.3382081985473633,0.2538357675075531,0.526428320554408
23.30923819541931,0.35064440965652466,0.25286638736724854,0.541445711938952
23.35922074317932,0.36341556906700134,0.25604212284088135,0.557314444742262
23.4100399017334,0.37577542662620544,0.25359854102134705,0.573261871339323
23.45942711830139,0.38847586512565613,0.2559342384338379,0.587726382238573
23.510008573532104,0.40212297439575195,0.2646491527557373,0.604161353648955
23.559521913528442,0.41624271869659424,0.2735232412815094,0.620586991141095
23.609816074371338,0.4318304657936096,0.2913527190685272,0.636064229740757
23.661150455474854,0.4474766254425049,0.301318883895874,0.652772414609556
23.70993447303772,0.46217912435531616,0.29999828338623047,0.665905146333851
23.759779930114746,0.47757789492607117,0.30575552582740784,0.683878471564063
23.810282468795776,0.4927626848220825,0.30638357996940613,0.700908469953664
23.85982084274292,0.5070231556892395,0.29961684346199036,0.717826734035214
23.909925937652588,0.5221173763275146,0.3031737208366394,0.733858922358949
23.959893941879272,0.5384799838066101,0.3151063024997711,0.745546258334148
24.009658575057983,0.5554700493812561,0.32710444927215576,0.760747587630859
24.05945587158203,0.5712969303131104,0.32413747906684875,0.775116546971299
24.110243320465088,0.5869436264038086,0.32213500142097473,0.789160785700748
24.159695863723755,0.6032665967941284,0.32616129517555237,0.802252645845284
24.210458755493164,0.6199772357940674,0.33156928420066833,0.816598624088392
24.26008129119873,0.6368395686149597,0.33598193526268005,0.830653919560183
24.309814453125,0.6523742079734802,0.3271978497505188,0.844941578899355
24.36021614074707,0.6677441596984863,0.32183054089546204,0.85944351656837
24.412667512893677,0.6865448951721191,0.31900453567504883,0.872376687471493
24.460066556930542,0.7004920244216919,0.32983750104904175,0.879918670732696
24.50975251197815,0.7173252701759338,0.3347194194793701,0.891509767343611
24.559319496154785,0.7342028617858887,0.3379872739315033,0.904199734191633
24.61089277267456,0.7497026920318604,0.3281306028366089,0.916357736021575
24.659303903579712,0.765026867389679,0.3220353424549103,0.927515142061739
24.70983338356018,0.7811235785484314,0.32435303926467896,0.926081059523003
24.759689569473267,0.7977149486541748,0.3295644521713257,0.937977168727035
24.809646129608154,0.8132035136222839,0.322996586561203,0.949600355162838
24.859204053878784,0.8273014426231384,0.308315634727478,0.961533185094523
24.910041570663452,0.8420827984809875,0.30596786737442017,0.974510991426311
24.959187269210815,0.858160138130188,0.31457623839378357,0.953178592329919
25.009504318237305,0.8736252188682556,0.31383463740348816,0.965119327522508
25.059943675994873,0.8865799903869629,0.2928236722946167,0.977918958236769
25.110208749771118,0.8988101482391357,0.2758031487464905,0.992990971513443
25.161985397338867,0.9137960076332092,0.26494839787483215,1.00874966090447
25.20949959754944,0.9251031279563904,0.2716981768608093,1.0234486071434
25.25945544242859,0.940244197845459,0.2868075966835022,1.0361853535597
25.309638738632202,0.9556772708892822,0.29694855213165283,1.04909710791584
25.360060930252075,0.9703280329704285,0.29698020219802856,1.06099472142924
25.410492658615112,0.9844239354133606,0.2927108108997345,1.06857345191172
25.460033416748047,0.9982236623764038,0.2878642976284027,1.07748564402409
25.510114431381226,1.0119236707687378,0.2841903865337372,1.08299793127373
25.5649733543396,1.0278632640838623,0.27642369270324707,1.08807482105248
25.610532522201538,1.039406657218933,0.2812698781490326,1.09480523837493
25.665361404418945,1.055484652519226,0.2758655548095703,1.10279440422396
25.71542716026306,1.0676614046096802,0.262324720621109,1.11802214411578
25.76025915145874,1.0782235860824585,0.2638727128505707,1.12007821513227
25.809776067733765,1.091513752937317,0.2666476368904114,1.12153986465301
25.859907150268555,1.104000210762024,0.26093176007270813,1.12211944451882
25.90975832939148,1.1152888536453247,0.248249813914299,1.12625542716616
25.95948600769043,1.1260168552398682,0.2363193929195404,1.13743428421332
26.009846925735474,1.136618971824646,0.22819797694683075,1.13774917018994
26.060120344161987,1.1473164558410645,0.22406943142414093,1.13602808124195
26.11001706123352,1.1581755876541138,0.2228436917066574,1.13125328511967
26.161351203918457,1.1691768169403076,0.22320836782455444,1.12773986958864
26.20980668067932,1.1789357662200928,0.21265818178653717,1.13252792427961
26.26019310951233,1.1872957944869995,0.19552680850028992,1.13183151271016
26.309782028198242,1.1950541734695435,0.18061280250549316,1.13115894433329
26.359994888305664,1.201390266418457,0.15951859951019287,1.1308007955589
26.40991735458374,1.2077747583389282,0.14842072129249573,1.13146526558396
26.459946632385254,1.2152042388916016,0.1498463898897171,1.1212503727094
26.509660005569458,1.222006916999817,0.14468826353549957,1.12054524725439
26.560030698776245,1.2277241945266724,0.13321079313755035,1.118753130511
26.61011815071106,1.2329332828521729,0.12240733951330185,1.11704403659086
26.66128444671631,1.2380281686782837,0.11505034565925598,1.11420576714368
26.709869146347046,1.2432091236114502,0.11130820959806442,1.07221804048629
26.76516103744507,1.2477086782455444,0.0941375195980072,1.06617351362384
26.815040588378906,1.2485259771347046,0.0627213716506958,1.06036439355091
26.864935159683228,1.2476791143417358,0.031037423759698868,1.05372447934735
26.91726589202881,1.2480742931365967,0.02238462306559086,1.04670134393996
26.965238094329834,1.248213291168213,0.01448594406247139,1.05240640482592
27.01523518562317,1.247982382774353,0.006895367056131363,1.04615750899553
27.06503129005432,1.249362826347351,0.015533682890236378,1.04032276161749
27.109909534454346,1.2502206563949585,0.017346229404211044,1.03530587642452
27.16759157180786,1.2506731748580933,0.012627380900084972,1.03145608820587
27.21585464477539,1.2489101886749268,-0.006791906896978617,1.04958416425619
27.265530586242676,1.2474474906921387,-0.015372327528893948,1.05425109770699
27.31627082824707,1.246760606765747,-0.014518742449581623,1.06147823305417
27.3653621673584,1.2483049631118774,0.003968236036598682,1.06831538314341
27.416184902191162,1.2496768236160278,0.012978769838809967,1.07444469797811
27.459701776504517,1.2502654790878296,0.013448412530124187,1.08929358949038
27.5100154876709,1.2505288124084473,0.010092873126268387,1.09550347192233
27.565035343170166,1.2521593570709229,0.01878763735294342,1.10321671587602
27.61470937728882,1.2549500465393066,0.03355589881539345,1.11262886526796
27.66469717025757,1.2565323114395142,0.032333094626665115,1.12628576292462
27.7146418094635,1.2586193084716797,0.0362342931330204,1.15150648581614
27.76493763923645,1.261343002319336,0.043492332100868225,1.1669362318148
27.814965963363647,1.264352798461914,0.05005194619297981,1.18103020219472
27.865365505218506,1.2691171169281006,0.06827466934919357,1.19774483458405
27.916070699691772,1.2733772993087769,0.07456362992525101,1.21656857509124
27.96502137184143,1.2784702777862549,0.08550124615430832,1.24613193899389
28.009525060653687,1.2832905054092407,0.09746453166007996,1.26253852486486
28.0662260055542,1.2920047044754028,0.12039338052272797,1.27847440309502
28.117504119873047,1.2992515563964844,0.12960562109947205,1.29522848941053
28.167656183242798,1.3072781562805176,0.14188480377197266,1.31394680101898
28.215994596481323,1.3159458637237549,0.1541968286037445,1.29406094276967
28.2595956325531,1.321998953819275,0.1532822996377945,1.31269149927272
28.309887409210205,1.3280141353607178,0.1406620889902115,1.33374182435608
28.35992455482483,1.333264946937561,0.12719395756721497,1.35721511019076
28.411137342453003,1.3396153450012207,0.1287887841463089,1.3808657699588
28.459715366363525,1.348801851272583,0.15282924473285675,1.36501483650284
28.51014471054077,1.358875036239624,0.1729169338941574,1.39070193917716
28.559641361236572,1.3670263290405273,0.1689336597919464,1.41893859623523
28.609689712524414,1.3758177757263184,0.1738300621509552,1.44796508219046
28.66122078895569,1.386468529701233,0.19113099575042725,1.47984326181844
28.71093249320984,1.398043155670166,0.2086377590894699,1.48543022124567
28.759526014328003,1.4112094640731812,0.2325943559408188,1.51945830847369
28.810795068740845,1.423047423362732,0.23434819281101227,1.55575796654824
28.859641790390015,1.435057282447815,0.2390630692243576,1.59522260316475
28.91185426712036,1.4525971412658691,0.2653171122074127,1.63319132331759
28.959949016571045,1.4670048952102661,0.297834187746048,1.70117013104694
29.010157108306885,1.4848898649215698,0.32367050647735596,1.73762634713207
29.059624433517456,1.5054335594177246,0.3620333671569824,1.77612349349626
29.11004090309143,1.5285060405731201,0.4045603573322296,1.81084098622831
29.159600019454956,1.5510684251785278,0.42493247985839844,1.84802919886279
29.21114993095398,1.5733827352523804,0.43638962507247925,1.90908469630892
29.261104822158813,1.5960192680358887,0.4457443356513977,1.94520356358315
29.311405897140503,1.6213412284851074,0.47443729639053345,1.98451898481452
29.361112356185913,1.6480956077575684,0.5015305280685425,2.02538811612145
29.41132926940918,1.6758253574371338,0.5264701247215271,2.06852249958323
29.461414098739624,1.7044378519058228,0.5482338666915894,2.15979721404
29.510953426361084,1.7331807613372803,0.5622828602790833,2.20799592115737
29.56148386001587,1.7714200019836426,0.6003903150558472,2.25754931221328
29.61104965209961,1.8009048700332642,0.6475951075553894,2.30684830113645
29.661511182785034,1.8420066833496094,0.6656977534294128,2.36020717045579
29.710100412368774,1.8723925352096558,0.699039876461029,2.50621235625144
29.76152467727661,1.9153802394866943,0.70857173204422,2.56459866830629
29.810968160629272,1.953026533126831,0.7897964119911194,2.62390243995044
29.86121678352356,1.9997109174728394,0.8515048623085022,2.68077456119208
29.911038637161255,2.046165704727173,0.8878738284111023,2.74032831144005
29.961255311965942,2.093724250793457,0.9193632006645203,2.88321742770556
30.011536598205566,2.1483256816864014,0.9161677360534668,2.94300672338107
30.061254739761353,2.1930630207061768,0.9877095818519592,3.00016580814801
30.111367225646973,2.248948574066162,1.0458660125732422,3.05896270540219
30.16227889060974,2.3135697841644287,1.0617048740386963,3.12430052655945
30.211257219314575,2.359189748764038,1.0906685590744019,3.23572095886447
30.26181650161743,2.4232516288757324,1.0831431150436401,3.29995603968324
30.31152033805847,2.4825422763824463,1.1233158111572266,3.36495076460723
30.36149764060974,2.532975912094116,1.1721687316894531,3.42969745832278
30.41189408302307,2.604440927505493,1.1839287281036377,3.49280506686251
30.459707736968994,2.656531810760498,1.22665536403656,3.57490128154335
30.509499073028564,2.718768358230591,1.2416181564331055,3.63737189380601
30.565479040145874,2.792433500289917,1.2387728691101074,3.69595167203382
30.61560845375061,2.8568787574768066,1.2571325302124023,3.75414138374293
30.668116092681885,2.921542167663574,1.2698177099227905,3.81190638585557
30.7152316570282,2.9860713481903076,1.2763824462890625,3.87612725687552
30.76570725440979,3.050356388092041,1.2784295082092285,3.9307266796453
30.81763219833374,3.1161229610443115,1.2918366193771362,3.98902720477645
30.86546301841736,3.1813008785247803,1.294589638710022,4.04251649573291
30.91607141494751,3.247332811355591,1.3035705089569092,4.10051734297974
30.965293407440186,3.3141331672668457,1.3148902654647827,4.15721480139771
31.01553773880005,3.3795197010040283,1.310013771057129,4.2126128973251
31.065388679504395,3.4453485012054443,1.311244010925293,4.26537698975511
31.115336894989014,3.513531446456909,1.3309063911437988,4.31825790718319
31.16556692123413,3.5816023349761963,1.3410874605178833,4.36958804788674
31.215279579162598,3.6472935676574707,1.3280649185180664,4.41917958787395
31.26561975479126,3.71292781829834,1.320556640625,4.46781600476407
31.31193995475769,3.7790603637695312,1.319907307624817,4.51685292288375
31.364863872528076,3.8455605506896973,1.3223596811294556,4.56687259881818
31.415504217147827,3.9122655391693115,1.3254115581512451,4.61697850396851
31.46480941772461,3.97904634475708,1.3278264999389648,4.66596430791745
31.514864683151245,4.044125080108643,1.3153870105743408,4.71618311282368
31.565142154693604,4.10961389541626,1.3118336200714111,4.76347221845057
31.615116357803345,4.175841331481934,1.3154146671295166,4.81453606142546
31.66570544242859,4.240809917449951,1.307100534439087,4.85528282098979
31.715569257736206,4.3064093589782715,1.3077224493026733,4.89476953408143
31.765554428100586,4.37110710144043,1.3003995418548584,4.94902995957214
31.815033197402954,4.434966087341309,1.2895253896713257,4.99512889488803
31.864656686782837,4.498477458953857,1.2803244590759277,5.04118787649689
31.915618658065796,4.561951160430908,1.2745230197906494,5.08559628985966
31.964887380599976,4.62553071975708,1.271863579750061,5.13779690938603
32.014639377593994,4.68924617767334,1.271316409111023,5.19351246374707
32.06480932235718,4.7530694007873535,1.271826148033142,5.24250078773109
32.11478590965271,4.816957473754883,1.2726330757141113,5.2813816687476
32.1600456237793,4.870492935180664,1.298116683959961,5.33083875439817
32.20932221412659,4.933078289031982,1.2871335744857788,5.37507820820363
32.25957536697388,4.99554967880249,1.2808372974395752,5.41786677449122
32.30960154533386,5.058841228485107,1.283406376838684,5.46260132590037
32.35968494415283,5.121321201324463,1.2775031328201294,5.50742918878057
32.409568071365356,5.182601451873779,1.2646957635879517,5.55228839990532
32.45957612991333,5.24332332611084,1.252705454826355,5.59180271311749
32.51480317115784,5.313750743865967,1.2196247577667236,5.6341404437871
32.566083669662476,5.372776985168457,1.2023146152496338,5.67719085528874
32.616013050079346,5.430709362030029,1.1834899187088013,5.72240811526261
32.6663019657135,5.48829460144043,1.1695284843444824,5.76355692329899
32.71630787849426,5.545950889587402,1.1617131233215332,5.79746586895511
32.766066789627075,5.603835582733154,1.1587951183319092,5.84016685907673
32.809505224227905,5.651169776916504,1.169919490814209,5.88344641166573
32.85964107513428,5.707974910736084,1.1644850969314575,5.92527124652843
32.91013503074646,5.764375686645508,1.156934380531311,5.96099468705089
32.96052360534668,5.821238040924072,1.1571446657180786,5.99836351069538
33.01092052459717,5.877845764160156,1.1541374921798706,6.0362354366052
33.060988426208496,5.932248592376709,1.1341273784637451,6.07583048976183
33.11046504974365,5.986120700836182,1.1192034482955933,6.11487445074286
33.160664796829224,6.039379119873047,1.1043530702590942,6.15317375767089
33.210002183914185,6.091782093048096,1.0888440608978271,6.18415199606988
33.25979804992676,6.1439313888549805,1.0775916576385498,6.22193030867312
33.309900999069214,6.194821834564209,1.059953212738037,6.26025425315025
33.35991406440735,6.245798110961914,1.0512136220932007,6.29415369250726
33.41673016548157,6.304596424102783,1.0205841064453125,6.32676336169428
33.459893226623535,6.346334457397461,1.0310137271881104,6.35721392862671
33.50964689254761,6.394580364227295,1.010443925857544,6.38991543830025
33.5596809387207,6.442715167999268,0.9984237551689148,6.41465574735834
33.61154556274414,6.4904680252075195,0.9871014356613159,6.43440584541272
33.659456729888916,6.537448406219482,0.9743531346321106,6.4367183298223
33.709550857543945,6.5828375816345215,0.9532447457313538,6.44216617049282
33.76006269454956,6.624149799346924,0.9067589640617371,6.43247506379513
33.8101270198822,6.663448810577393,0.8645151853561401,6.41896090138386
33.859935998916626,6.700369834899902,0.8184942007064819,6.39758191585388
33.90988206863403,6.733800888061523,0.7627803087234497,6.37342322208714
33.95956063270569,6.763932228088379,0.7027320265769958,6.37594089618028
34.01244592666626,6.7951154708862305,0.6199552416801453,6.35165902843354
34.059969902038574,6.816514492034912,0.5934737324714661,6.32498408884548
34.11141490936279,6.839366436004639,0.5415291786193848,6.30044629803198
34.159486293792725,6.8599934577941895,0.49321261048316956,6.27295465900348
34.209774017333984,6.878807544708252,0.44908544421195984,6.26641063224223
34.25946497917175,6.895246982574463,0.4031284749507904,6.24420637105275
34.31205940246582,6.912630558013916,0.3523368537425995,6.21731174974895
34.3625054359436,6.925919532775879,0.31747230887413025,6.19365808405214
34.41211748123169,6.936760425567627,0.27693304419517517,6.16886470815737
34.46749997138977,6.9447197914123535,0.22964100539684296,6.16479881837002
34.509477615356445,6.949032783508301,0.18933789432048798,6.14094634477109
34.561444997787476,6.954944610595703,0.14928658306598663,6.11439119162177
34.60950064659119,6.957746982574463,0.12289618700742722,6.08191079700787
34.661152839660645,6.959632396697998,0.08937516808509827,6.04790847568018
34.71001696586609,6.959694862365723,0.054034292697906494,6.02477631189363
34.759361028671265,6.9571757316589355,0.011742360889911652,5.98218008438507
34.811516523361206,6.951695442199707,-0.03764786571264267,5.9348953752245
34.866018533706665,6.943185329437256,-0.08530988544225693,5.88776195962007
34.911487102508545,6.932374000549316,-0.13759684562683105,5.83576884335808
34.9600670337677,6.921778202056885,-0.18047550320625305,5.81160763587921
35.0165696144104,6.9030070304870605,-0.24283011257648468,5.7589426056601
35.06801891326904,6.886082172393799,-0.2799541652202606,5.70495271729595
35.11801815032959,6.868410587310791,-0.30870532989501953,5.64779883373979
35.159740924835205,6.850770473480225,-0.3542940616607666,5.59378473436514
35.21161150932312,6.823523044586182,-0.4010649025440216,5.55244764493
35.26583385467529,6.7959885597229,-0.4604225754737854,5.50541399086041
35.31162428855896,6.767960071563721,-0.4990729093551636,5.43952198772524
35.36001658439636,6.743895053863525,-0.5347021222114563,5.37964013785012
35.40980339050293,6.712131977081299,-0.5798494815826416,5.31580433044451
35.45977306365967,6.677688121795654,-0.627614438533783,5.26733648753137
35.50975513458252,6.641096591949463,-0.6740009784698486,5.19328458713259
35.56025314331055,6.6019439697265625,-0.7227509617805481,5.11420174893808
35.611642837524414,6.552923202514648,-0.7682960629463196,5.03886209838308
35.66016983985901,6.515146255493164,-0.8294607400894165,4.95742543797662
35.709890365600586,6.468733787536621,-0.874335765838623,4.90592049298298
35.7599778175354,6.419562816619873,-0.924879252910614,4.82368012224027
35.810614585876465,6.368069171905518,-0.9731131792068481,4.73194959351972
35.861835956573486,6.3058247566223145,-1.0052458047866821,4.6398782725259
35.90998649597168,6.257564544677734,-1.0757858753204346,4.53402124172034
35.95981407165527,6.197584629058838,-1.1326146125793457,4.44121345597879
36.00951313972473,6.134205341339111,-1.195270299911499,4.30871693504596
36.05988883972168,6.066989898681641,-1.2636253833770752,4.16818483598311
36.10969090461731,5.995181560516357,-1.3424065113067627,4.03048659403063
36.16017746925354,5.917724132537842,-1.4356017112731934,3.89175006566809
36.20970582962036,5.835530757904053,-1.5292093753814697,3.79975164658469
36.25988721847534,5.74868106842041,-1.6236118078231812,3.68196350396669
36.31070065498352,5.661831855773926,-1.6778373718261719,3.57371929866824
36.36002731323242,5.573728084564209,-1.7235280275344849,3.49151211757339
36.41023850440979,5.483498573303223,-1.7673321962356567,3.41155330950165
36.45981407165527,5.392758369445801,-1.7975236177444458,3.3703321572401
36.509958267211914,5.302343368530273,-1.8131026029586792,3.31529408073387
36.5595862865448,5.2138471603393555,-1.8064374923706055,3.26021314120209
36.60958385467529,5.125983238220215,-1.798729658126831,3.22634546066005
36.65973424911499,5.038968086242676,-1.786383032798767,3.17543858254593
36.70991539955139,4.953032493591309,-1.7706444263458252,3.13578631707645
36.75978660583496,4.867503643035889,-1.758069396018982,3.09104141594614
36.809959411621094,4.78197717666626,-1.7505155801773071,3.06035791536991
36.86587452888489,4.682356357574463,-1.7134778499603271,3.02968537547177
36.915589570999146,4.598133087158203,-1.6995387077331543,3.00327771859334
36.966464042663574,4.516733646392822,-1.6686291694641113,2.96763629431005
37.01568651199341,4.435299873352051,-1.6511120796203613,2.93297656992529
37.06664562225342,4.354775905609131,-1.6328485012054443,2.89877666914449
37.11578965187073,4.274849891662598,-1.6172871589660645,2.85677304242831
37.166587591171265,4.194993495941162,-1.6074249744415283,2.80982284482565
37.215397357940674,4.114961624145508,-1.6028693914413452,2.76039666628518
37.2653112411499,4.034702777862549,-1.6018972396850586,2.70318181831091
37.31548762321472,3.9542603492736816,-1.6027305126190186,2.64053228806102
37.365715980529785,3.873706817626953,-1.6040875911712646,2.57917393541765
37.416064977645874,3.791404962539673,-1.6191470623016357,2.5162544338517
37.46612763404846,3.7095394134521484,-1.6240646839141846,2.4681676441139
37.51606345176697,3.6267619132995605,-1.634792447090149,2.40687910182336
37.566338777542114,3.544914960861206,-1.6332935094833374,2.35116679943633
37.61607766151428,3.4623606204986572,-1.6385985612869263,2.26602367769962
37.66678786277771,3.380758285522461,-1.6336843967437744,2.12851019122802
37.70953035354614,3.3104732036590576,-1.6800146102905273,2.04423373802224
37.76545000076294,3.2071242332458496,-1.705732822418213,1.97163666987648
37.81578302383423,3.1141767501831055,-1.7645169496536255,1.94157790047215
37.86543011665344,3.0235679149627686,-1.7801991701126099,1.91771481957877
37.91512417793274,2.9374091625213623,-1.7544735670089722,1.9142388532012
37.96515154838562,2.8558874130249023,-1.7024914026260376,1.91401200697244
38.015281200408936,2.778538465499878,-1.6383676528930664,1.94026279080869
38.065592527389526,2.704756498336792,-1.5716450214385986,1.9747926373071
38.115262031555176,2.637456178665161,-1.479379653930664,1.99766770223738
38.16579055786133,2.573754072189331,-1.3962901830673218,1.99380890377249
38.21724820137024,2.512413501739502,-1.3275223970413208,1.98786027735105
38.26537108421326,2.4532511234283447,-1.2687503099441528,1.97369978298906
38.31541609764099,2.392963409423828,-1.2429673671722412,1.94828111959054
38.36522150039673,2.332624673843384,-1.2271771430969238,1.91883888647887
38.41533827781677,2.272258996963501,-1.217925786972046,1.9040202197014
38.465502977371216,2.2116637229919434,-1.2141554355621338,1.89345885423899
38.51542592048645,2.1525211334228516,-1.1999379396438599,1.8961776835054
38.559720039367676,2.105158567428589,-1.1975566148757935,1.8946896783175
38.60938620567322,2.051547050476074,-1.154028058052063,1.89625505225942
38.66018080711365,2.000023365020752,-1.1118134260177612,1.900622219755
38.70944786071777,1.9503542184829712,-1.0710209608078003,1.89168991921697
38.75993347167969,1.9031648635864258,-1.0262473821640015,1.88928920100682
38.81048274040222,1.858808159828186,-0.9763631224632263,1.88737124182745
38.85968637466431,1.8147478103637695,-0.9453506469726562,1.8887963695574
38.90976691246033,1.7721039056777954,-0.913487434387207,1.88395898380193
38.95998930931091,1.731256127357483,-0.8805162310600281,1.86133506682132
39.009682178497314,1.6922662258148193,-0.8452356457710266,1.85861032575558
39.05989170074463,1.6532142162322998,-0.8257441520690918,1.79506799675579
39.11010265350342,1.6155864000320435,-0.8007236123085022,1.76179987620996
39.159974098205566,1.575911045074463,-0.8050582408905029,1.74832687601377
39.20991015434265,1.5339429378509521,-0.8242046236991882,1.73691265304009
39.26518630981445,1.488027572631836,-0.7972197532653809,1.72059563450295
39.31541705131531,1.4516125917434692,-0.7686179876327515,1.70986117822087
39.36542558670044,1.416391372680664,-0.7422548532485962,1.71430091428936
39.4154167175293,1.38311767578125,-0.7106755971908569,1.73615232929914
39.46533751487732,1.3525747060775757,-0.6699184775352478,1.79087751770901
39.5151093006134,1.325108528137207,-0.6209865808486938,1.85964155012666
39.56488299369812,1.3041807413101196,-0.5389413833618164,1.95641308229157
39.614659786224365,1.2888246774673462,-0.4459908604621887,2.00773052515739
39.66490459442139,1.2807738780975342,-0.3316431939601898,2.00479936492245
39.71483325958252,1.2764031887054443,-0.23469068109989166,1.93516997132963
39.76525902748108,1.2690340280532837,-0.2012377828359604,1.9461410340426
39.81486701965332,1.252941370010376,-0.2508062422275543,1.99812797279707
39.86546349525452,1.2374944686889648,-0.27258017659187317,2.04713890845597
39.91550350189209,1.22787344455719,-0.23913931846618652,2.09098536606654
39.9653639793396,1.224056601524353,-0.17351602017879486,2.08051732278535
40.015178203582764,1.2232283353805542,-0.11110203713178635,2.10935834689795
40.06465744972229,1.2213977575302124,-0.08218402415513992,2.13848450336688
40.11512613296509,1.2212333679199219,-0.050512783229351044,2.18118082399861
40.16588759422302,1.2239662408828735,-0.008414334617555141,2.22119756906833
40.20994305610657,1.2287166118621826,0.03433757647871971,2.26185677173306
40.259584188461304,1.2372573614120483,0.09007813781499863,2.30502861497695
40.30976676940918,1.2475411891937256,0.13694560527801514,2.35182076848145
40.36003851890564,1.2606643438339233,0.18930405378341675,2.40084010135533
40.409586668014526,1.2761257886886597,0.23874589800834656,2.4512341223256
40.459680795669556,1.293454885482788,0.28397107124328613,2.48520344704158
40.51010322570801,1.313172459602356,0.3306944966316223,2.53132030108519
40.55920600891113,1.3342787027359009,0.36942073702812195,2.58528114716546
40.60984253883362,1.3581582307815552,0.41639116406440735,2.6323359538704
40.659777879714966,1.3844517469406128,0.46318936347961426,2.68494322130593
40.71003746986389,1.4127267599105835,0.5077095627784729,2.71723375556279
40.760029792785645,1.4434869289398193,0.5547575354576111,2.76588664489848
40.80965232849121,1.474361777305603,0.582666277885437,2.8146284621571
40.86005663871765,1.5065948963165283,0.6122203469276428,2.86390566859354
40.91135215759277,1.540635347366333,0.6438947916030884,2.9200218376259
40.96585416793823,1.5826010704040527,0.6714721918106079,2.9631608698237
41.01601457595825,1.6216603517532349,0.7144403457641602,3.02099161335303
41.0668158531189,1.660354733467102,0.7366321086883545,3.07601531281971
41.109403133392334,1.694516658782959,0.7782825231552124,3.13266778586748
41.159600496292114,1.7382192611694336,0.8227320909500122,3.18647614175738
41.20934247970581,1.785308837890625,0.8767067193984985,3.23316096963869
41.26047968864441,1.8329946994781494,0.9124872088432312,3.28411619539326
41.31046962738037,1.8808659315109253,0.9365273118019104,3.33578381445428
41.35951328277588,1.9304156303405762,0.9650685787200928,3.39321725143048
41.41124773025513,1.9812638759613037,0.9922056198120117,3.44423830523393
41.464906454086304,2.042450189590454,1.0077738761901855,3.48187144170338
41.51475811004639,2.096283197402954,1.0337800979614258,3.5339200992949
41.56005048751831,2.1401069164276123,1.0568208694458008,3.58099619716627
41.60973405838013,2.1923904418945312,1.0594394207000732,3.62814792197114
41.66019129753113,2.2464585304260254,1.0759679079055786,3.6773013260173
41.710076093673706,2.303508758544922,1.1100842952728271,3.69446993433669
41.76005816459656,2.3613197803497314,1.1352373361587524,3.74126137553905
41.810036182403564,2.4170048236846924,1.1327111721038818,3.79028405601631
41.85966730117798,2.4731521606445312,1.1371068954467773,3.8428841974882
41.90964436531067,2.5310442447662354,1.1532224416732788,3.89571712901549
41.95962405204773,2.589806079864502,1.1695998907089233,3.92302230887708
42.00955557823181,2.650146722793579,1.19278085231781,3.97357894894305
42.059592962265015,2.7105023860931396,1.2056199312210083,4.01980304641479
42.109750270843506,2.7698187828063965,1.205280065536499,4.06582888736215
42.15984797477722,2.8297410011291504,1.2109270095825195,4.10099585800507
42.20958971977234,2.8907227516174316,1.2224979400634766,4.12272656537473
42.259692668914795,2.9521923065185547,1.233198881149292,4.16444560832213
42.31494641304016,3.022071123123169,1.2036854028701782,4.20641172206143
42.364879846572876,3.0805649757385254,1.188650369644165,4.24938996922232
42.417006731033325,3.1401314735412598,1.1886649131774902,4.29155026830661
42.46506667137146,3.199124813079834,1.183510422706604,4.33993708060453
42.51525330543518,3.259162187576294,1.1892246007919312,4.38601917170226
42.56553053855896,3.3201773166656494,1.2002029418945312,4.43577803460003
42.614930868148804,3.3833365440368652,1.2240839004516602,4.48041954882781
42.665393590927124,3.446139097213745,1.2349011898040771,4.52465109820455
42.7151243686676,3.5097758769989014,1.2485644817352295,4.5636968119559
42.76506233215332,3.572360038757324,1.2478832006454468,4.59572799710946
42.815054416656494,3.6338460445404053,1.2389897108078003,4.63498680379313
42.86506724357605,3.694756269454956,1.2292110919952393,4.67616038695106
42.915221214294434,3.7554807662963867,1.2219159603118896,4.70964469583578
42.96518921852112,3.816239356994629,1.217809796333313,4.75010527076307
43.015456199645996,3.8771157264709473,1.2162578105926514,4.79025086702231
43.065226316452026,3.938110589981079,1.2162450551986694,4.82167282581258
43.115047454833984,3.999189853668213,1.2168885469436646,4.85507407372713
43.168089628219604,4.058613300323486,1.2037456035614014,4.88279876027047
43.21721291542053,4.116794586181641,1.1862715482711792,4.92818544690678
43.26597857475281,4.174492835998535,1.1720699071884155,4.95115598008984
43.31660079956055,4.233872890472412,1.1772881746292114,4.97873286711187
43.365596532821655,4.29299259185791,1.1776707172393799,4.99988593382924
43.4176709651947,4.349850654602051,1.159686803817749,5.01931389283885
43.465874910354614,4.405147075653076,1.1368454694747925,5.05575903440886
43.5152952671051,4.459856033325195,1.1186209917068481,5.06433463416777
43.56550431251526,4.51456356048584,1.1076892614364624,5.06640756149065
43.61586284637451,4.566116809844971,1.0752936601638794,5.05766540523422
43.666751861572266,4.6154351234436035,1.0386180877685547,5.04605662523469
43.715744495391846,4.662303924560547,0.9969745874404907,5.04931139205167
43.76563048362732,4.706314563751221,0.9492032527923584,5.03258812330798
43.81148171424866,4.742181301116943,0.9343801140785217,5.00642984438337
43.859838247299194,4.7821149826049805,0.8848044872283936,4.98945819871998
43.91107439994812,4.819601535797119,0.8361849188804626,4.9663026398007
43.95962452888489,4.855123996734619,0.7907109260559082,4.974134455485
44.0100634098053,4.888195514678955,0.7433567643165588,4.95007759344979
44.06026339530945,4.919848918914795,0.7040217518806458,4.93525303251833
44.11004948616028,4.950056552886963,0.668114185333252,4.90991148083551
44.160210609436035,4.979297637939453,0.6391297578811646,4.89289163570763
44.21059060096741,5.005842685699463,0.5985962748527527,4.89012497433643
44.25958871841431,5.029882907867432,0.5549498200416565,4.87639825069798
44.310293436050415,5.05180549621582,0.5112636685371399,4.85885556648308
44.36276698112488,5.075722694396973,0.4610826373100281,4.84371047010936
44.411932706832886,5.096364498138428,0.44165337085723877,4.82779982905288
44.459994316101074,5.111393451690674,0.4203627407550812,4.8319654636028
44.51003170013428,5.127402305603027,0.38258737325668335,4.81817488158328
44.55999541282654,5.143941879272461,0.36522674560546875,4.80418804234054
44.60971236228943,5.159341812133789,0.34367772936820984,4.77765978037983
44.65975046157837,5.172906398773193,0.31658685207366943,4.75193955758001
44.70983648300171,5.183117389678955,0.27210181951522827,4.75071938943218
44.75972557067871,5.190446376800537,0.22317607700824738,4.71149485081041
44.809731006622314,5.198180198669434,0.19815967977046967,4.68184827835175
44.85985732078552,5.204858303070068,0.17267592251300812,4.64336001407409
44.90975999832153,5.208516597747803,0.13289932906627655,4.6108191618445
44.95956230163574,5.208845615386963,0.08217260241508484,4.57851322558807
45.0105562210083,5.205875396728516,0.025116076692938805,4.53434621308055
45.05970573425293,5.201106548309326,-0.022970527410507202,4.494965078188
45.109647035598755,5.194821357727051,-0.06466732174158096,4.4507582596431
45.15987777709961,5.187651634216309,-0.09648876637220383,4.41210196069953
45.209524154663086,5.177908420562744,-0.13777518272399902,4.36997116100528
45.26153874397278,5.163626670837402,-0.1841827780008316,4.33181511228315
45.30982756614685,5.152902126312256,-0.21255792677402496,4.29313986854266
45.359813928604126,5.138912677764893,-0.24130314588546753,4.24494591156774
45.409690380096436,5.122684955596924,-0.2769922912120819,4.20030496229265
45.465717792510986,5.100230693817139,-0.3230539858341217,4.13656977630591
45.516108989715576,5.079204082489014,-0.36119112372398376,4.08569190871076
45.565539836883545,5.054634094238281,-0.41289016604423523,4.03684283113923
45.61690902709961,5.0279927253723145,-0.45987001061439514,3.98946275066499
45.666598320007324,5.00095272064209,-0.4911045730113983,3.94124713901145
45.711976528167725,4.972639083862305,-0.5203949213027954,3.89459208919826
45.75939750671387,4.947133541107178,-0.5612495541572571,3.84473887889322
45.80957078933716,4.915466785430908,-0.5938449501991272,3.79358375734666
45.85989832878113,4.883502960205078,-0.6156687140464783,3.73948679271061
45.91089868545532,4.849155426025391,-0.6495020985603333,3.68359040044051
45.96001482009888,4.812370777130127,-0.6886059045791626,3.6295053960637
46.00983238220215,4.77341365814209,-0.7299928665161133,3.57157601340329
46.06027269363403,4.733099937438965,-0.7652763724327087,3.5135636674945
46.11099886894226,4.691291809082031,-0.799130916595459,3.45910327505345
46.16311717033386,4.6414008140563965,-0.8156967163085938,3.40350851952472
46.21080470085144,4.604149341583252,-0.8567465543746948,3.34762513986946
46.26003646850586,4.558753490447998,-0.8828304409980774,3.2942425016491
46.31019115447998,4.511830806732178,-0.911428689956665,3.23805946511859
46.36018109321594,4.4623823165893555,-0.9492470026016235,3.17453298398256
46.410263776779175,4.411246299743652,-0.9849497675895691,3.10810130086654
46.46179533004761,4.351324081420898,-0.9931866526603699,3.05549490392449
46.50987911224365,4.307151794433594,-1.0332177877426147,2.99040056962562
46.56010556221008,4.253616809844971,-1.0549697875976562,2.92606898359901
46.60987067222595,4.197225093841553,-1.0924124717712402,2.86627223057763
46.665776014328,4.130068778991699,-1.1066898107528687,2.81161273396539
46.71589517593384,4.071282863616943,-1.132791519165039,2.77221042732006
46.76500153541565,4.011940002441406,-1.1527330875396729,2.70966057752974
46.81503438949585,3.9543569087982178,-1.1503486633300781,2.64936785639733
46.86000871658325,3.904693603515625,-1.1844813823699951,2.58849115295455
46.909428358078,3.8438069820404053,-1.205917477607727,2.53044301959774
46.96497201919556,3.771932601928711,-1.2050541639328003,2.513853409681
47.01482701301575,3.708285093307495,-1.2307649850845337,2.4577015130922
47.05934262275696,3.6568307876586914,-1.2520663738250732,2.40302138934127
47.1094696521759,3.596141815185547,-1.2448861598968506,2.34585256882528
47.15933537483215,3.5340538024902344,-1.2525619268417358,2.28980528292336
47.209715127944946,3.470390796661377,-1.2693324089050293,2.27204427526612
47.25971436500549,3.404658079147339,-1.2965420484542847,2.21458094858999
47.3099091053009,3.3399887084960938,-1.3022918701171875,2.15736330729867
47.35987854003906,3.27638578414917,-1.298665165901184,2.10611494898346
47.40946936607361,3.211362600326538,-1.3086363077163696,2.05544634039994
47.4601514339447,3.1461360454559326,-1.315012812614441,2.02472673655556
47.50986623764038,3.080333948135376,-1.3244481086730957,1.96008275036192
47.55978798866272,3.0149152278900146,-1.3259727954864502,1.90249698394582
47.60972356796265,2.949226140975952,-1.330142855644226,1.85321493841858
47.659934997558594,2.8826820850372314,-1.3392491340637207,1.80511366419723
47.709575176239014,2.8157389163970947,-1.3477885723114014,1.78252529341898
47.759984731674194,2.7487072944641113,-1.3535889387130737,1.72857972122416
47.809715270996094,2.683079719543457,-1.3450456857681274,1.6751715080966
47.859949827194214,2.619011402130127,-1.3278793096542358,1.6275586280141
47.90972876548767,2.5543224811553955,-1.3235563039779663,1.58728441828256
47.9597601890564,2.488337278366089,-1.3309834003448486,1.57633851969527
48.00957226753235,2.421602487564087,-1.3412266969680786,1.54273446835634
48.0595965385437,2.357239007949829,-1.3267029523849487,1.50440830896089
48.10960340499878,2.294407606124878,-1.3073288202285767,1.46369372988724
48.159687757492065,2.2314629554748535,-1.2965964078903198,1.41686241358118
48.20945954322815,2.1695289611816406,-1.281187891960144,1.40081851755521
48.25959372520447,2.107384204864502,-1.274751901626587,1.36040488155612
48.309555768966675,2.045520305633545,-1.2675570249557495,1.32070240459774
48.36008381843567,1.984450340270996,-1.2571115493774414,1.27006619030275
48.41167902946472,1.9138647317886353,-1.2231477499008179,1.2164336573439
48.460960388183594,1.862991213798523,-1.2428473234176636,1.18033914275877
48.509604692459106,1.8008391857147217,-1.2518349885940552,1.13322517972631
48.55961632728577,1.7384490966796875,-1.2578917741775513,1.08875574749131
48.6096396446228,1.6767865419387817,-1.25589919090271,1.04746886276767
48.66148090362549,1.6155940294265747,-1.2510725259780884,1.0111429554323
48.709566831588745,1.5546250343322754,-1.246454119682312,0.993473233083994
48.7597873210907,1.4937092065811157,-1.2432749271392822,0.961673895870267
48.80962634086609,1.4354287385940552,-1.2186696529388428,0.929405647667524
48.859671115875244,1.3786382675170898,-1.1935815811157227,0.906861304506324
48.91120719909668,1.3215744495391846,-1.180660605430603,0.886107169501723
48.95981526374817,1.2653582096099854,-1.1652005910873413,0.875103591722118
49.0095911026001,1.211484432220459,-1.13666832447052,0.858254249989618
49.05972695350647,1.1593801975250244,-1.1058984994888306,0.844358533349899
49.10991883277893,1.109165072441101,-1.0716949701309204,0.830515642410771
49.159794092178345,1.0602694749832153,-1.0410048961639404,0.820705774189472
49.215824604034424,1.0037336349487305,-0.9985679388046265,0.807167404013619
49.2613160610199,0.9639955759048462,-0.9994383454322815,0.798395546221163
49.30973672866821,0.9187275171279907,-0.9673421382904053,0.78771839251257
49.36019563674927,0.8738164305686951,-0.9465200304985046,0.779236503752393
49.41151833534241,0.8238202333450317,-0.8956635594367981,0.769633133826906
49.461350202560425,0.7894572019577026,-0.8858545422554016,0.761970530384673
49.51129198074341,0.7490474581718445,-0.8605740666389465,0.759353017354627
49.56088352203369,0.7099145650863647,-0.8343916535377502,0.759994516166525
49.611639738082886,0.6657439470291138,-0.7913967967033386,0.761692698928832
49.661524534225464,0.6295716762542725,-0.7632527351379395,0.769442456276043
49.711278438568115,0.60137939453125,-0.745532214641571,0.777497016918055
49.76105833053589,0.5704864263534546,-0.6982825398445129,0.793780422344373
49.811023473739624,0.5414454936981201,-0.6556593775749207,0.814384044597118
49.86188292503357,0.509823203086853,-0.5978699326515198,0.840855612352408
49.911622524261475,0.48357027769088745,-0.56844162940979,0.866005405858613
49.96125316619873,0.4641348421573639,-0.5419517755508423,0.889057556429796
50.01130557060242,0.44430047273635864,-0.48617348074913025,0.924226471434789
50.061254024505615,0.42664635181427,-0.43590420484542847,0.965254640149118
50.11153817176819,0.41003504395484924,-0.36285555362701416,1.00501533007225
50.16125798225403,0.40123245120048523,-0.31588834524154663,1.04340953675929
50.21113443374634,0.392365962266922,-0.2624620497226715,1.06538201187639
50.26152467727661,0.3839944899082184,-0.20655149221420288,1.09721173417144
50.311119556427,0.379803329706192,-0.1729646474123001,1.13198216409489
50.3615779876709,0.3753112852573395,-0.12866468727588654,1.16351283653826
50.417415142059326,0.3730646073818207,-0.09518849849700928,1.1898823857441
50.467408180236816,0.3732689619064331,-0.0554557703435421,1.19652760028048
50.51516890525818,0.3763754665851593,-0.008488512597978115,1.21067112420881
50.56769585609436,0.37913742661476135,0.016257021576166153,1.2179805558803
50.60960650444031,0.3804952800273895,0.021907581016421318,1.22808640595933
50.662734270095825,0.3830501437187195,0.03188931941986084,1.23671359654422
50.71556258201599,0.3860414922237396,0.0429571159183979,1.24200925463336
50.76530313491821,0.39095404744148254,0.0651688277721405,1.24826137606142
50.81523537635803,0.3953898251056671,0.07405944913625717,1.25174277365394
50.8653769493103,0.40061870217323303,0.08624932914972305,1.25537131411483
50.917601108551025,0.40650027990341187,0.0985967367887497,1.25769489018107
50.96551537513733,0.4142644703388214,0.12127719819545746,1.25439596736624
51.01564288139343,0.42151394486427307,0.13015522062778473,1.24126271942047
51.06547737121582,0.4295298755168915,0.14213168621063232,1.2207315589833
51.110334396362305,0.435406357049942,0.1438051164150238,1.20555772781956
51.162925243377686,0.44065606594085693,0.11708114296197891,1.19146577497513
51.210219383239746,0.44406816363334656,0.10701172053813934,1.14141121199899
51.25967335700989,0.4486224055290222,0.10164829343557358,1.07338485889587
51.31218767166138,0.4511851668357849,0.07334564626216888,1.00103965691555
51.35956692695618,0.4482971727848053,0.024108629673719406,0.931630237400793
51.412763357162476,0.44025546312332153,-0.0487016886472702,0.864721838469052
51.45977830886841,0.43224668502807617,-0.09956035763025284,0.810592933970609
51.50995588302612,0.4202621579170227,-0.15693755447864532,0.761504936120361
51.559574365615845,0.4069649577140808,-0.20146030187606812,0.726191402272273
51.61013054847717,0.39508479833602905,-0.21601909399032593,0.706440224596905
51.659974336624146,0.38396328687667847,-0.22004830837249756,0.686244503060001
51.70961284637451,0.37404733896255493,-0.21197840571403503,0.678004665562588
51.75972294807434,0.3642256557941437,-0.20758244395256042,0.661957038670768
51.80971932411194,0.3549473285675049,-0.19958201050758362,0.651658125723997
51.8600435256958,0.3466305136680603,-0.18735799193382263,0.648174940699668
51.90963816642761,0.33871710300445557,-0.17691633105278015,0.645699707343544
51.95960760116577,0.33085212111473083,-0.17028558254241943,0.644520113761838
52.009499073028564,0.324205607175827,-0.15572881698608398,0.637676374775604
52.059852600097656,0.31884995102882385,-0.13703148066997528,0.631438621346925
52.11025071144104,0.3126489818096161,-0.1335289180278778,0.626863625829962
52.15982937812805,0.3063458502292633,-0.13105154037475586,0.62700926997918
52.209803104400635,0.3006724417209625,-0.12470078468322754,0.632913870227298
52.25961995124817,0.2953009009361267,-0.11856309324502945,0.640502791318865
52.30958008766174,0.29133856296539307,-0.10282764583826065,0.645734357490107
52.36358976364136,0.2884528338909149,-0.07778953015804291,0.647606447075886
52.41281771659851,0.2864534854888916,-0.06279389560222626,0.650240194894081
52.463478803634644,0.2843957245349884,-0.054260291159152985,0.655094829320472
52.51018571853638,0.28381234407424927,-0.040902864187955856,0.659730958222359
52.559943437576294,0.28276485204696655,-0.033770766109228134,0.665238493040802
52.6099317073822,0.28203195333480835,-0.0258981604129076,0.673560485246154
52.65981483459473,0.28210145235061646,-0.014980560168623924,0.683416692155877
52.709627628326416,0.2824912965297699,-0.005963614676147699,0.699581817648863
52.759649991989136,0.2842380106449127,0.011092503555119038,0.716473277116237
52.81005883216858,0.28731682896614075,0.031606096774339676,0.735700514964216
52.860005378723145,0.2922080457210541,0.05907076224684715,0.757035941557221
52.90992474555969,0.29851749539375305,0.08648650348186493,0.781581740530555
52.95990586280823,0.3052085340023041,0.10586224496364594,0.803858081937358
53.00969862937927,0.3130643665790558,0.12764066457748413,0.82802780334144
53.05998969078064,0.32200881838798523,0.14910240471363068,0.852491419381834
53.110352516174316,0.3325716257095337,0.17563560605049133,0.878371958887331
53.161473989486694,0.3464536964893341,0.20160768926143646,0.90442712400735
53.211156368255615,0.35663333535194397,0.2197159379720688,0.92246301902873
53.26052784919739,0.36998867988586426,0.24069330096244812,0.947441205163049
53.31129598617554,0.38444632291793823,0.2617805302143097,0.972257989553503
53.35986590385437,0.39920559525489807,0.2767464518547058,0.996503422504451
53.41044306755066,0.41383835673332214,0.28473594784736633,1.02264392791137
53.45993995666504,0.4295346736907959,0.29891011118888855,1.03870780313934
53.51004242897034,0.44775575399398804,0.32808101177215576,1.06037704411649
53.560084104537964,0.4665261209011078,0.34863603115081787,1.08589447211919
53.60997748374939,0.48445987701416016,0.35448747873306274,1.10963784557552
53.667587757110596,0.5061187744140625,0.35888609290122986,1.13002189082839
53.715575218200684,0.5274578928947449,0.3858077824115753,1.14218601162582
53.76535940170288,0.5486555695533752,0.40011167526245117,1.16220277247741
53.81536817550659,0.5690599083900452,0.4025519788265228,1.1804326323591
53.85978078842163,0.5856577157974243,0.40770772099494934,1.20019722487136
53.909879207611084,0.6064701080322266,0.41446295380592346,1.2202551423098
53.95927357673645,0.627206027507782,0.4167514443397522,1.23499138491411
54.00995993614197,0.6484121680259705,0.42292433977127075,1.24957190776376
54.059640407562256,0.6705695986747742,0.4339740574359894,1.27414277702509
54.109862327575684,0.6931498646736145,0.4438622295856476,1.28467567428714
54.16137433052063,0.7171397805213928,0.4618483781814575,1.29188258645362
54.20949983596802,0.7411431670188904,0.4715614318847656,1.27771282655187
54.25959920883179,0.7641769051551819,0.46988773345947266,1.28218311991424
54.31696152687073,0.7867529988288879,0.42614850401878357,1.27960400054961
54.361358880996704,0.8045656085014343,0.3981247544288635,1.27553937788628
54.41112470626831,0.8196999430656433,0.3928181529045105,1.27920713958405
54.4601833820343,0.8381540775299072,0.38614973425865173,1.29060494791164
54.511308670043945,0.8571042418479919,0.38598743081092834,1.27138117211939
54.5613739490509,0.8795670866966248,0.3816869556903839,1.25346381463904
54.60954928398132,0.8932366371154785,0.3687337040901184,1.24639785412563
54.66031360626221,0.9072431921958923,0.33501359820365906,1.26651601815471
54.71095871925354,0.921352744102478,0.3167736232280731,1.31715277447473
54.75975751876831,0.9367084503173828,0.3154743015766144,1.37287640505551
54.80975794792175,0.956981360912323,0.3561977446079254,1.4239060461652
54.85987186431885,0.9820879697799683,0.41795068979263306,1.47583074438409
54.91180992126465,1.0137677192687988,0.46910497546195984,1.52764767821107
54.960132360458374,1.0379136800765991,0.5154014229774475,1.5714821241856
55.011441469192505,1.072330117225647,0.5429165363311768,1.6295822921354
55.059468269348145,1.0968574285507202,0.5676783323287964,1.7025662035251
55.11028695106506,1.128381609916687,0.5977616310119629,1.77849360012921
55.16222906112671,1.1696068048477173,0.6412714123725891,1.8523268061809
55.211761236190796,1.207313060760498,0.6851547956466675,1.89635169448805
55.2596230506897,1.2404526472091675,0.7350600361824036,1.95389740388473
55.30985689163208,1.2809550762176514,0.7697690725326538,2.01204711353318
55.35986685752869,1.3214596509933472,0.7905826568603516,2.07063396302985
55.41046357154846,1.3628274202346802,0.8108922243118286,2.12249066940954
55.459693908691406,1.4064384698867798,0.8415641784667969,2.1629451648397
55.50977635383606,1.4517000913619995,0.8726973533630371,2.20834859536123
55.56144165992737,1.5031863451004028,0.8668814301490784,2.2562908432105
55.61003088951111,1.5401908159255981,0.8888262510299683,2.29906034979743
55.661421060562134,1.5919870138168335,0.8792638778686523,2.34051898017663
55.709473609924316,1.6294182538986206,0.9005568027496338,2.37871909423834
55.76008653640747,1.674104928970337,0.9036012887954712,2.42677473774817
55.80952167510986,1.7200531959533691,0.9163423776626587,2.47194640011484
55.86017632484436,1.7673641443252563,0.9345070123672485,2.52182774129001
55.91191506385803,1.8230408430099487,0.9336127638816833,2.56459513406565
55.96013355255127,1.8631383180618286,0.9591044187545776,2.59979507322292
56.01014161109924,1.91086745262146,0.9633609652519226,2.64291867331562
56.060192584991455,1.9583714008331299,0.9641706943511963,2.68856541470776
56.1100218296051,2.0070321559906006,0.9747633934020996,2.73181649667584
56.15970468521118,2.057030200958252,0.9914443492889404,2.77968614567781
56.21141481399536,2.1075966358184814,1.0058318376541138,2.8195354583789
56.25998592376709,2.158238649368286,1.015036702156067,2.87119578864257
56.31003952026367,2.2087249755859375,1.0193485021591187,2.91648093015744
56.359644412994385,2.259002923965454,1.0203216075897217,2.96591613218711
56.40983867645264,2.31044602394104,1.0310763120651245,3.0129625177363
56.461299896240234,2.3632285594940186,1.0478715896606445,3.05722658312458
56.50951170921326,2.416578531265259,1.0623186826705933,3.11044805603189
56.559484243392944,2.4700019359588623,1.0715429782867432,3.16079607298506
56.60954213142395,2.5232677459716797,1.0758519172668457,3.21549559664897
56.659624338150024,2.5763237476348877,1.0768135786056519,3.26217436035675
56.70945715904236,2.630544424057007,1.0875566005706787,3.30748879229352
56.759538888931274,2.6861042976379395,1.1043434143066406,3.35313884585003
56.80938410758972,2.740896701812744,1.107302188873291,3.40697783632115
56.86018943786621,2.795654296875,1.1099750995635986,3.45548586508547
56.911231994628906,2.8510849475860596,1.1167782545089722,3.51222643966595
56.95976185798645,2.9068381786346436,1.123344898223877,3.55611038718476
57.01011800765991,2.9640052318573,1.1393741369247437,3.61097224232334
57.05974793434143,3.021233320236206,1.1482819318771362,3.66154854254475
57.1097629070282,3.0775434970855713,1.1465262174606323,3.7179380905923
57.16156888008118,3.1439497470855713,1.1317394971847534,3.77758938956097
57.21022343635559,3.1927547454833984,1.1644901037216187,3.82283545933438
57.2679169178009,3.261033058166504,1.155068039894104,3.88147777985752
57.310664892196655,3.3102853298187256,1.183679461479187,3.94009409456638
57.36152911186218,3.3785476684570312,1.1652642488479614,4.0029065945367
57.40947937965393,3.428922653198242,1.2002235651016235,4.05544344361166
57.45975971221924,3.488802909851074,1.206404685974121,4.10349044486947
57.50946378707886,3.5490992069244385,1.214491844177246,4.15498805069725
57.55972218513489,3.6102652549743652,1.226056456565857,4.21146285181639
57.60942578315735,3.6704492568969727,1.224230170249939,4.26111569350214
57.659558057785034,3.730555534362793,1.2237037420272827,4.31494012798458
57.70963764190674,3.791377067565918,1.2289159297943115,4.35365371322442
57.76080393791199,3.8525872230529785,1.235040545463562,4.40488232031088
57.80949401855469,3.9125983715057373,1.2282778024673462,4.46434562571886
57.85954713821411,3.972490072250366,1.2244709730148315,4.52024371158109
57.909377336502075,4.03314208984375,1.2280666828155518,4.57439220652523
57.959649085998535,4.095586776733398,1.2452375888824463,4.62566267990383
58.00929641723633,4.158333778381348,1.2566980123519897,4.67733045891639
58.05956697463989,4.220276355743408,1.2573479413986206,4.73406560941668
58.1102933883667,4.281634330749512,1.2532202005386353,4.7861111833343
58.16060709953308,4.342671871185303,1.2482703924179077,4.84103348855241
58.210203886032104,4.403594970703125,1.2444183826446533,4.88075851759268
58.260183811187744,4.4658589363098145,1.2536439895629883,4.93314252093105
58.31001543998718,4.526952743530273,1.2477896213531494,4.9831847427799
58.35973811149597,4.587167739868164,1.238661289215088,5.03627313989011
58.41044855117798,4.647726535797119,1.2358460426330566,5.08597519032774
58.460651874542236,4.708592891693115,1.2365365028381348,5.12540702014717
58.5156934261322,4.779591083526611,1.2151072025299072,5.17404689077756
58.565638065338135,4.8407673835754395,1.216957449913025,5.22737862662449
58.61527752876282,4.900258541107178,1.204306721687317,5.27336410566872
58.66544532775879,4.958474636077881,1.1868774890899658,5.32218227504036
58.7153000831604,5.017884731292725,1.1863943338394165,5.36515686094047
58.765514612197876,5.076818943023682,1.1816926002502441,5.41308411554454
58.81524443626404,5.135154724121094,1.1742528676986694,5.45943448631484
58.86669611930847,5.194936752319336,1.1817034482955933,5.50737815603773
58.916061878204346,5.254240989685059,1.1817421913146973,5.55450179684426
58.966100215911865,5.312838077545166,1.1763005256652832,5.59398117060414
59.01630234718323,5.369356632232666,1.1562447547912598,5.63976415829282
59.06567931175232,5.426191806793213,1.1474071741104126,5.6809199377565
59.110251665115356,5.4731011390686035,1.1588666439056396,5.72605552993367
59.159889459609985,5.529743194580078,1.1566002368927002,5.77125268756465
59.20980262756348,5.5875420570373535,1.164183497428894,5.80410117724498
59.260632038116455,5.644653797149658,1.1622488498687744,5.84891408127098
59.310145139694214,5.700564384460449,1.1518051624298096,5.88754048152641
59.359567642211914,5.755860805511475,1.1408047676086426,5.92351068027795
59.41150784492493,5.818206310272217,1.096092700958252,5.962991790997
59.45972943305969,5.862022399902344,1.0988599061965942,5.99938891294703
59.50957989692688,5.913931369781494,1.081734538078308,6.03721974978154
59.55973291397095,5.965892314910889,1.0718755722045898,6.07351309206589
59.610498905181885,6.01811408996582,1.0679852962493896,6.10058075870488
59.66173219680786,6.079150676727295,1.0473976135253906,6.12659564446048
59.709641456604004,6.121968746185303,1.0576868057250977,6.14948194296542
59.764952182769775,6.178328037261963,1.0047942399978638,6.1640856374411
59.814634799957275,6.224774360656738,0.9734423160552979,6.16939593555698
59.85958433151245,6.261973857879639,0.961400032043457,6.16961762922714
59.91045427322388,6.3039069175720215,0.9176103472709656,6.16628103013853
59.959858894348145,6.3441572189331055,0.8783690929412842,6.16543182262451
60.01012134552002,6.382772445678711,0.8410542607307434,6.15319708090504
60.05977416038513,6.418984413146973,0.7989563345909119,6.13632355847471
60.109949827194214,6.452357292175293,0.7506237626075745,6.12689426536526
60.15979814529419,6.482723236083984,0.6972630620002747,6.11860600087258
60.20985388755798,6.511414527893066,0.6523438692092896,6.12269633839065
60.25967597961426,6.538604259490967,0.6126636862754822,6.12046653647551
60.31010413169861,6.564874649047852,0.5817804336547852,6.11643867395362
60.360130310058594,6.589860439300537,0.5521826148033142,6.11640910032511
60.41147041320801,6.617674827575684,0.5129907131195068,6.12129973350372
60.46010756492615,6.636378765106201,0.49905073642730713,6.13388037876687
60.50997972488403,6.657742500305176,0.4734516143798828,6.13827875160777
60.559884548187256,6.678862571716309,0.4562329351902008,6.14900232169116
60.61139798164368,6.698866844177246,0.43612509965896606,6.16033876895721
60.6596143245697,6.717779159545898,0.4156392514705658,6.17045467367808
60.709798097610474,6.736383438110352,0.40098509192466736,6.18457423371676
60.7597770690918,6.755102634429932,0.39309313893318176,6.19919864933897
60.80988526344299,6.774083137512207,0.39038050174713135,6.21427771207042
60.86038684844971,6.791975021362305,0.3791755735874176,6.2300146138937
60.90977931022644,6.808591842651367,0.36261075735092163,6.24513158804966
60.959184408187866,6.824682235717773,0.34861651062965393,6.26336122468561
61.00921964645386,6.840717792510986,0.3398049473762512,6.28003004858252
61.05964422225952,6.855579376220703,0.3242875635623932,6.2959364851502
61.10981726646423,6.870538711547852,0.31691375374794006,6.3122975364996
61.16128158569336,6.885158538818359,0.30870333313941956,6.32884131778363
61.20960521697998,6.898965835571289,0.2975054383277893,6.34989358589145
61.259443283081055,6.91245174407959,0.2883146405220032,6.36451598290064
61.309892654418945,6.927254676818848,0.29414892196655273,6.38104191812117
61.36027550697327,6.940946102142334,0.2867201268672943,6.3997805891438
61.411725759506226,6.955941200256348,0.27088403701782227,6.41546604971885
61.4600670337677,6.96713399887085,0.27471983432769775,6.43335191335174
61.51008653640747,6.979442119598389,0.2643897831439972,6.44903252871521
61.56006383895874,6.991860389709473,0.2602199614048004,6.47116636694784
61.61009168624878,7.003875255584717,0.25343626737594604,6.48467256261026
61.66191911697388,7.018449306488037,0.24991771578788757,6.50319216120375
61.70963001251221,7.028521537780762,0.25101912021636963,6.51845529547309
61.75955605506897,7.039822578430176,0.24240633845329285,6.5358443211338
61.810102462768555,7.050692081451416,0.23391306400299072,6.55186203935372
61.86032032966614,7.0614495277404785,0.2279556840658188,6.57406465062612
61.90994071960449,7.072262763977051,0.22481746971607208,6.59598068064438
61.95988869667053,7.083186149597168,0.22379210591316223,6.62429010727147
62.00978207588196,7.095546722412109,0.235447496175766,6.64877280691596
62.05978846549988,7.108083724975586,0.24262847006320953,6.67732996890302
62.10976052284241,7.119824409484863,0.24077636003494263,6.70819152939548
62.159788846969604,7.132377624511719,0.24711370468139648,6.73694523332636
62.20953011512756,7.146121025085449,0.2601071894168854,6.76022008035564
62.25971055030823,7.160412311553955,0.2721259593963623,6.79037917941286
62.30964708328247,7.17481803894043,0.28021541237831116,6.82557414825719
62.35994863510132,7.189121723175049,0.28427043557167053,6.86072399824446
62.410239696502686,7.20326042175293,0.2854265868663788,6.89574727329792
62.45963644981384,7.218591213226318,0.29649847745895386,6.92108991082537
62.51009011268616,7.2352728843688965,0.3135734498500824,6.95352758852614
62.55991983413696,7.251189231872559,0.31672102212905884,6.99253770533191
62.61009216308594,7.267067909240723,0.31948360800743103,7.02672341107652
62.660635471343994,7.284950256347656,0.33779147267341614,7.06205295108402
62.71018862724304,7.303260326385498,0.3508951961994171,7.09993622371178
62.75991773605347,7.322151184082031,0.36440637707710266,7.1329486028633
62.81006097793579,7.341905117034912,0.3791714310646057,7.1691908796232
62.8600709438324,7.361935138702393,0.3901481032371521,7.20730072597164
62.91118860244751,7.38191032409668,0.3963067829608917,7.24839147911984
62.95935821533203,7.403042793273926,0.41010409593582153,7.2766440376566
63.00999307632446,7.425439357757568,0.4281405508518219,7.31405994723341
63.060019731521606,7.44832181930542,0.44270217418670654,7.35303766797958
63.11007022857666,7.471217632293701,0.4515281319618225,7.38718924573485
63.16019630432129,7.493921279907227,0.4553365111351013,7.42170268009112
63.209959268569946,7.5164031982421875,0.45590269565582275,7.46068289293813
63.259575605392456,7.540050029754639,0.466408371925354,7.4983574405922
63.30958151817322,7.563706398010254,0.4716123342514038,7.53295298160331
63.35956430435181,7.587828159332275,0.4794938862323761,7.56894183890412
63.411707401275635,7.616982936859131,0.48372942209243774,7.60101492535832
63.46012043952942,7.63960075378418,0.5126722455024719,7.63219948898293
63.510826587677,7.666491985321045,0.5254992842674255,7.65951851286475
63.559948205947876,7.692439079284668,0.5258873105049133,7.68969158284878
63.60982131958008,7.717708110809326,0.5208816528320312,7.71817723275781
63.662195444107056,7.7466301918029785,0.5042654275894165,7.74419810904367
63.70980787277222,7.768721580505371,0.5220567584037781,7.76632828300088
63.7597918510437,7.794951915740967,0.5260144472122192,7.78198405401591
63.81001567840576,7.820418834686279,0.5224871635437012,7.79769635273008
63.86006259918213,7.844090461730957,0.5053291320800781,7.8063923146869
63.909505128860474,7.867455959320068,0.49385371804237366,7.81546319512055
63.9599449634552,7.890289306640625,0.48169663548469543,7.8359131636437
64.00988793373108,7.9122633934021,0.4677742123603821,7.83331589022995
64.05975294113159,7.933945655822754,0.45717355608940125,7.82793835993516
64.10981726646423,7.954326629638672,0.43960028886795044,7.82141886997038
64.15982866287231,7.973426818847656,0.4191740155220032,7.80458158226934
64.21010613441467,7.990748882293701,0.39202651381492615,7.80732952547849
64.25979566574097,8.005335807800293,0.35345160961151123,7.79109227792323
64.30985140800476,8.018101692199707,0.3162742853164673,7.77821193719973
64.36005568504333,8.030424118041992,0.2905619144439697,7.76120985581362
64.40990853309631,8.041680335998535,0.2657563388347626,7.75636480806583
64.45981502532959,8.051987648010254,0.24355930089950562,7.76197186439827
64.50982427597046,8.060791969299316,0.2174777090549469,7.76346205955194
64.56021189689636,8.069701194763184,0.2038266658782959,7.76870544488469
64.60974931716919,8.079753875732422,0.2044798731803894,7.77174423161728
64.65988993644714,8.089265823364258,0.199530228972435,7.77900327198205
64.71011304855347,8.099084854125977,0.20010051131248474,7.79371376363891
64.76057481765747,8.10853099822998,0.1963966339826584,7.80487841399643
64.81072211265564,8.11703872680664,0.1869277060031891,7.81145741440257
64.85987520217896,8.125097274780273,0.177780881524086,7.82298332893349
64.91136264801025,8.13304615020752,0.17144626379013062,7.82798517094663
64.95980072021484,8.14239501953125,0.1796431541442871,7.85641331907144
65.01011872291565,8.150638580322266,0.17368026077747345,7.86104013032361
65.05966806411743,8.159388542175293,0.17634940147399902,7.87288252546418
65.10972905158997,8.168617248535156,0.1804838478565216,7.88222945703063
65.1613187789917,8.177332878112793,0.1789972186088562,7.88934274887016
65.20999884605408,8.185718536376953,0.17555898427963257,7.90525638326139
65.2598774433136,8.192614555358887,0.16081319749355316,7.91742605818175
65.31031394004822,8.199365615844727,0.15203075110912323,7.92589700288478
65.36020231246948,8.2069730758667,0.15338674187660217,7.93568057820478
65.41242122650146,8.216522216796875,0.15654507279396057,7.94504671874938
65.46007061004639,8.223628044128418,0.16402699053287506,7.96374504916722
65.50955581665039,8.230846405029297,0.15639764070510864,7.97677754526068
65.55980730056763,8.237926483154297,0.15192806720733643,7.98587372957398
65.60984468460083,8.245770454406738,0.15514512360095978,7.99536590892157
65.66185808181763,8.255460739135742,0.15852133929729462,8.0063067159202
65.71131610870361,8.261260986328125,0.15409858524799347,8.02063714894623
65.76008677482605,8.268365859985352,0.15074539184570312,8.02761127486934
65.81006217002869,8.276253700256348,0.1547784060239792,8.03728636487691
65.86016464233398,8.283268928527832,0.14928686618804932,8.04752173346239
65.91182374954224,8.291587829589844,0.1453535109758377,8.05763904210546
65.96009159088135,8.296981811523438,0.14200963079929352,8.06634980418884
66.0103509426117,8.303961753845215,0.14253048598766327,8.07316100018493
66.06020498275757,8.310611724853516,0.1391281634569168,8.08065164821747
66.11015892028809,8.316347122192383,0.13001985847949982,8.09020324541844
66.16213822364807,8.32417106628418,0.13138557970523834,8.09650934036944
66.2101378440857,8.329604148864746,0.1330217868089676,8.10209281040012
66.26013612747192,8.335461616516113,0.12730877101421356,8.10965467628564
66.31050705909729,8.34090518951416,0.12068058550357819,8.12002607856637
66.36037611961365,8.34620475769043,0.11560039967298508,8.12839197528258
66.40963745117188,8.351518630981445,0.11266560107469559,8.13274314886952
66.45985150337219,8.35690975189209,0.11149785667657852,8.15058663487569
66.5114848613739,8.362380027770996,0.1114201545715332,8.16149443722156
66.56133151054382,8.369245529174805,0.12331659346818924,8.168658830449
66.60981321334839,8.376252174377441,0.13036391139030457,8.18126465013929
66.66148066520691,8.383393287658691,0.12513066828250885,8.19117312483549
66.71128416061401,8.388092994689941,0.12288084626197815,8.20139913733633
66.76002621650696,8.393492698669434,0.11768922954797745,8.218671320088
66.81182265281677,8.399690628051758,0.11142914742231369,8.23267058445205
66.86089873313904,8.405539512634277,0.12371516227722168,8.24724076386289
66.91620469093323,8.413493156433105,0.12749595940113068,8.2636470750611
66.96637463569641,8.42119026184082,0.13807368278503418,8.27237631542864
67.01501798629761,8.42971134185791,0.15078218281269073,8.28726227660801
67.0648684501648,8.436826705932617,0.14679504930973053,8.30801421815422
67.11493492126465,8.444369316101074,0.14844146370887756,8.32273148180125
67.16479063034058,8.452544212341309,0.15432077646255493,8.33697530541465
67.21498703956604,8.461034774780273,0.16027747094631195,8.36058452549026
67.26480865478516,8.469613075256348,0.16452467441558838,8.37114242110496
67.31492710113525,8.478157043457031,0.16680856049060822,8.39469361753038
67.36477899551392,8.486625671386719,0.16758690774440765,8.40979114630876
67.4149317741394,8.496722221374512,0.1813766211271286,8.42568840826295
67.46455264091492,8.506327629089355,0.18510055541992188,8.43343878886327
67.51036667823792,8.513731956481934,0.18548746407032013,8.45627718174753
67.55955338478088,8.523463249206543,0.19101104140281677,8.47200264670859
67.60985136032104,8.53438949584961,0.2035534828901291,8.48462177178459
67.66132164001465,8.544541358947754,0.20392243564128876,8.49397492989524
67.70934963226318,8.55471420288086,0.20546601712703705,8.49629533640457
67.7647213935852,8.565742492675781,0.19533340632915497,8.49675971351521
67.80994844436646,8.574127197265625,0.20089565217494965,8.4913500046616
67.8600127696991,8.582234382629395,0.18535761535167694,8.47732130578562
67.90992498397827,8.589286804199219,0.16906125843524933,8.4640162487766
67.95985841751099,8.59538459777832,0.1507571041584015,8.45540922030663
68.00996685028076,8.599129676818848,0.12043994665145874,8.43360599388213
68.0594482421875,8.602474212646484,0.1003430038690567,8.41951898605241
68.11023831367493,8.605413436889648,0.08400870859622955,8.3994963198823
68.16155219078064,8.606345176696777,0.057533349841833115,8.38016115616543
68.20950627326965,8.605696678161621,0.029464535415172577,8.37523799910878
68.2650077342987,8.604345321655273,0.005958740599453449,8.35667561526605
68.31519627571106,8.60340404510498,-0.0037070787511765957,8.33879529716779
68.3663604259491,8.601119995117188,-0.020600665360689163,8.32345612064118
68.41154527664185,8.599602699279785,-0.024069106206297874,8.30682300775511
68.46217060089111,8.595672607421875,-0.046259429305791855,8.29727068912763
68.51201748847961,8.591503143310547,-0.06067394092679024,8.28252844469878
68.55983352661133,8.588441848754883,-0.06598612666130066,8.26281290132021
68.60980677604675,8.583855628967285,-0.07731272280216217,8.24768438033854
68.65976357460022,8.578177452087402,-0.09254047274589539,8.23087982879214
68.7154016494751,8.56934642791748,-0.1185959056019783,8.21957545454144
68.76556324958801,8.56198501586914,-0.12941259145736694,8.20035512486324
68.81526970863342,8.553873062133789,-0.14242921769618988,8.1846974408882
68.85996294021606,8.546609878540039,-0.15590983629226685,8.16843100102008
68.9115538597107,8.536297798156738,-0.16347934305667877,8.14633285293585
68.95968699455261,8.52895736694336,-0.17055808007717133,8.13514941860015
69.01027917861938,8.518987655639648,-0.18390946090221405,8.11761247221316
69.0601954460144,8.507730484008789,-0.2018524408340454,8.10312636253048
69.10999941825867,8.495970726013184,-0.21649645268917084,8.09245058806465
69.15984725952148,8.484186172485352,-0.22545647621154785,8.08816552185716
69.21048140525818,8.472588539123535,-0.2293785810470581,8.09197394367595
69.26156783103943,8.461213111877441,-0.2300168126821518,8.09483042454858
69.31593203544617,8.448200225830078,-0.22448143362998962,8.10440456538527
69.3673164844513,8.43880844116211,-0.20927758514881134,8.12091582348218
69.41584324836731,8.430706024169922,-0.19020839035511017,8.13572735608304
69.46569752693176,8.423083305358887,-0.17507591843605042,8.15614601974657
69.51736974716187,8.417157173156738,-0.15216681361198425,8.1812633723503
69.56707525253296,8.412280082702637,-0.13033036887645721,8.20576199883017
69.61735200881958,8.407649993896484,-0.11534047871828079,8.23358644929549
69.66730403900146,8.404555320739746,-0.09375891089439392,8.26123376384552
69.71735501289368,8.402424812316895,-0.07337269186973572,8.29180099700692
69.76737093925476,8.402215957641602,-0.04557874798774719,8.32614492800693
69.81738758087158,8.403103828430176,-0.020446866750717163,8.36115305708855
69.86710858345032,8.405899047851562,0.010082726366817951,8.397599575757
69.91723966598511,8.409719467163086,0.036291949450969696,8.4348299794914
69.96733140945435,8.415369987487793,0.06688369065523148,8.46511225560944
70.01759195327759,8.421991348266602,0.09270667284727097,8.50415891223748
70.06730198860168,8.430413246154785,0.12283002585172653,8.54127490957021
70.1173665523529,8.439793586730957,0.1482907086610794,8.58349055334735
70.16728663444519,8.450976371765137,0.17820356786251068,8.6246563952692
70.21740102767944,8.46312427520752,0.20357979834079742,8.65799911901988
70.26733779907227,8.475378036499023,0.2196073830127716,8.70059416260324
70.31754207611084,8.489043235778809,0.24085213243961334,8.74278182370397
70.3652081489563,8.505294799804688,0.2743034362792969,8.7808384658195
70.4114441871643,8.522985458374023,0.3054713010787964,8.81709643307887
70.45963454246521,8.538023948669434,0.3297271132469177,8.84711133687983
70.50970554351807,8.557178497314453,0.3537568747997284,8.88797546137634
70.55950117111206,8.577361106872559,0.37610265612602234,8.92782928046485
70.60954642295837,8.59776496887207,0.3911973237991333,8.96595577234029
70.6652672290802,8.622958183288574,0.4058866798877716,9.00433208584859
70.7093014717102,8.642005920410156,0.43051424622535706,9.03102868465603
70.75949311256409,8.66504192352295,0.4453102946281433,9.07113334383544
70.80964827537537,8.689322471618652,0.4649578332901001,9.11580373196604
70.85967898368835,8.714795112609863,0.4859497547149658,9.15232328564496
70.9094455242157,8.740635871887207,0.5013705492019653,9.18525701619791
70.95975089073181,8.767723083496094,0.5214041471481323,9.21074049247676
71.00947999954224,8.795994758605957,0.5425678491592407,9.24225302541334
71.05934262275696,8.823290824890137,0.546534538269043,9.27598860223346
71.10958409309387,8.850379943847656,0.5484907627105713,9.30714286126023
71.15944814682007,8.87803840637207,0.5540550351142883,9.3345241946362
71.20930218696594,8.907308578491211,0.5710082650184631,9.34299468469656
71.25933074951172,8.93675708770752,0.5813870429992676,9.38748504596151
71.30956172943115,8.965339660644531,0.5809049606323242,9.41295067179126
71.35950374603271,8.994653701782227,0.5874375104904175,9.44795088742219
71.40946292877197,9.023760795593262,0.5885865688323975,9.48441777677893
71.45933604240417,9.053271293640137,0.5935648083686829,9.50951744121517
71.51536726951599,9.09041976928711,0.6077757477760315,9.53937490299919
71.55954122543335,9.117362976074219,0.6311901211738586,9.56827349368678
71.61017751693726,9.14893627166748,0.6350264549255371,9.60024346657582
71.66015005111694,9.17989730834961,0.6325956583023071,9.6256410920148
71.70983934402466,9.211814880371094,0.6396998167037964,9.65171215383635
71.75993323326111,9.245007514953613,0.6538040041923523,9.67904152122589
71.81530380249023,9.28260612487793,0.6419944763183594,9.71462479239313
71.85955810546875,9.309896469116211,0.6573986411094666,9.74572127428314
71.91777777671814,9.346794128417969,0.6387984752655029,9.77631036385086
71.96499419212341,9.380793571472168,0.6550262570381165,9.81758489621058
72.01505422592163,9.413482666015625,0.6531628370285034,9.84787917339169
72.06494879722595,9.447954177856445,0.6672803163528442,9.87983405015591
72.11497163772583,9.482400894165039,0.6748156547546387,9.9005118968754
72.16573476791382,9.517991065979004,0.6889079213142395,9.92966981781656
72.2152578830719,9.552740097045898,0.6901103854179382,9.96931720933938
72.26488256454468,9.58649730682373,0.6831620335578918,9.98966710115341
72.31512784957886,9.62140941619873,0.6886686682701111,10.0164801633779
72.36496257781982,9.655682563781738,0.6862920522689819,10.0415257124153
72.41723823547363,9.689189910888672,0.6789450645446777,10.0758055947653
72.4650468826294,9.722319602966309,0.6716328859329224,10.1018364731153
72.51490998268127,9.757051467895508,0.6803572773933411,10.1309450903999
72.5650999546051,9.793086051940918,0.695656955242157,10.158400663286
72.6148681640625,9.827995300292969,0.6953932046890259,10.1866427619096
72.66501092910767,9.863446235656738,0.7001600861549377,10.2131828887337
72.70966672897339,9.892313003540039,0.7090085744857788,10.2398256711835
72.76517128944397,9.931254386901855,0.6829146146774292,10.2688484585401
72.81511306762695,9.965929985046387,0.6866872906684875,10.2950724276585
72.86490154266357,10.001781463623047,0.6980323195457458,10.3190144659177
72.91509580612183,10.036507606506348,0.6953995823860168,10.3382735052917
72.95922303199768,10.064717292785645,0.7004778981208801,10.3603052389735
73.01491451263428,10.103194236755371,0.6749370098114014,10.3766545339282
73.06475877761841,10.136103630065918,0.6675270199775696,10.4056513869907
73.11524963378906,10.169071197509766,0.6635318398475647,10.4314111760227
73.16611385345459,10.202169418334961,0.6621510982513428,10.4494470076735
73.2113082408905,10.22999382019043,0.6751824617385864,10.4790231413108
73.25916314125061,10.261953353881836,0.6643756031990051,10.4918521136727
73.30939722061157,10.295190811157227,0.6701087355613708,10.5136128719484
73.35935044288635,10.32805061340332,0.6682875752449036,10.5325909053905
73.41145038604736,10.36410903930664,0.6385160684585571,10.5510650901546
73.45948791503906,10.389378547668457,0.6380106210708618,10.5699866674208
73.509122133255,10.419307708740234,0.6264045238494873,10.5827166502307
73.55911946296692,10.449298858642578,0.6199395060539246,10.5983269990135
73.60919189453125,10.479482650756836,0.6175481677055359,10.6044215024088
73.66155362129211,10.514800071716309,0.6058406233787537,10.6057927228067
73.71006798744202,10.539029121398926,0.6071590185165405,10.6023219705411
73.75904154777527,10.565494537353516,0.5788208246231079,10.6001479811205
73.8093650341034,10.588592529296875,0.5346526503562927,10.5831325255092
73.85998845100403,10.610885620117188,0.5031316876411438,10.5651310047858
73.91138291358948,10.631412506103516,0.4682667851448059,10.5492954384258
73.96586036682129,10.652841567993164,0.4183453917503357,10.5398632871709
74.01560235023499,10.669110298156738,0.3807854652404785,10.524872731199
74.06016874313354,10.681985855102539,0.36225059628486633,10.5171864005162
74.10985660552979,10.697209358215332,0.3416960537433624,10.5069521453167
74.15997457504272,10.71145248413086,0.32064196467399597,10.4989137854366
74.20978569984436,10.72472095489502,0.3004980683326721,10.5045747295491
74.26009345054626,10.736422538757324,0.27515026926994324,10.5006847018605
74.30945062637329,10.748167037963867,0.26145997643470764,10.4946347936027
74.36068511009216,10.759675979614258,0.2502685487270355,10.4878788755783
74.40967559814453,10.770514488220215,0.23837994039058685,10.4819519674568
74.45915102958679,10.779812812805176,0.2181897908449173,10.4798992495577
74.50913548469543,10.787720680236816,0.19535095989704132,10.4739787589589
74.55966687202454,10.79516315460205,0.17806580662727356,10.4715255626747
74.61580657958984,10.803885459899902,0.16376562416553497,10.4673575976496
74.66575789451599,10.810017585754395,0.14697633683681488,10.4600099523471
74.71545124053955,10.81515884399414,0.12926025688648224,10.463607130073
74.76517629623413,10.819999694824219,0.11632873862981796,10.4638211819791
74.81537055969238,10.824922561645508,0.10921020805835724,10.4573184952406
74.86530327796936,10.830065727233887,0.10664655268192291,10.4530565047888
74.91148138046265,10.833721160888672,0.09288833290338516,10.452301294113
74.95968794822693,10.835914611816406,0.08035775274038315,10.4460588936913
75.01009225845337,10.838096618652344,0.06617964804172516,10.444636215974
75.06004858016968,10.838896751403809,0.045836467295885086,10.4427335407281
75.10994362831116,10.839756965637207,0.03527713567018509,10.4384277695494
75.16217827796936,10.840328216552734,0.023130951449275017,10.4420390645381
75.21201086044312,10.84006404876709,0.011819608509540558,10.4525414643129
75.26009774208069,10.841034889221191,0.01638716831803322,10.4537921263621
75.3101053237915,10.842052459716797,0.017681574448943138,10.4539780303636
75.36005902290344,10.842371940612793,0.013059227727353573,10.4599564590053
75.41019916534424,10.842300415039062,0.007276947144418955,10.4600378142149
75.46005845069885,10.842084884643555,0.0026935397181659937,10.4618284010681
75.5100371837616,10.84187126159668,-4.022732173325494e-05,10.4641098921363
75.55981397628784,10.841720581054688,-0.0011890912428498268,10.46549442416
75.60990524291992,10.84164047241211,-0.001329034217633307,10.4726273159997
75.66025447845459,10.840279579162598,-0.012480443343520164,10.4757568938855
75.70958876609802,10.83884048461914,-0.018596380949020386,10.4765989075899
75.75939226150513,10.838244438171387,-0.015753449872136116,10.4780632203459
75.81002831459045,10.838179588317871,-0.009938561357557774,10.4822090376982
75.86000442504883,10.837024688720703,-0.016047466546297073,10.4859353035129
75.90951371192932,10.834477424621582,-0.030465641990303993,10.4898430533875
75.96106338500977,10.83260726928711,-0.032709524035453796,10.4839288923316
76.0099024772644,10.830690383911133,-0.035575319081544876,10.4875971939459
76.0598201751709,10.82938289642334,-0.03141827881336212,10.4935783059217
76.1099123954773,10.827836036682129,-0.03194817528128624,10.496745443946
76.15989661216736,10.825372695922852,-0.03934677690267563,10.4949029300931
76.21157431602478,10.821917533874512,-0.04784013703465462,10.4946589206135
76.25976061820984,10.820663452148438,-0.04209855943918228,10.4930501061212
76.31240153312683,10.818717002868652,-0.038293976336717606,10.4932861377839
76.35976696014404,10.81667423248291,-0.04276350140571594,10.4948772998235
76.40963077545166,10.812545776367188,-0.05986351519823074,10.4850274560784
76.46011209487915,10.80812931060791,-0.0711638554930687,10.4674468668389
76.51046347618103,10.804524421691895,-0.07166443020105362,10.4523018669816
76.56153345108032,10.799352645874023,-0.07919862866401672,10.4354933628334
76.6095609664917,10.793359756469727,-0.10342570394277573,10.4156234835978
76.65986251831055,10.78593921661377,-0.1216491088271141,10.3922672279403
76.71161460876465,10.776516914367676,-0.13856635987758636,10.3782348401851
76.7595202922821,10.769111633300781,-0.15449005365371704,10.356068364298
76.81109595298767,10.758764266967773,-0.17720061540603638,10.3444811147834
76.85959148406982,10.747087478637695,-0.20107942819595337,10.32870925997
76.90965127944946,10.736347198486328,-0.20698493719100952,10.3160868245141
76.95961141586304,10.72582721710205,-0.20998328924179077,10.3083314509099
77.01002049446106,10.714774131774902,-0.21590422093868256,10.294343091671
77.05990600585938,10.70347785949707,-0.22133012115955353,10.2808003328107
77.11022543907166,10.692131996154785,-0.22496098279953003,10.2652939932382
77.15970349311829,10.680834770202637,-0.22676944732666016,10.2545475996539
77.20974230766296,10.668275833129883,-0.23875990509986877,10.2441975811418
77.26014256477356,10.654339790344238,-0.2565958499908447,10.2309354673686
77.31235671043396,10.639135360717773,-0.2547752261161804,10.2159777770092
77.35978627204895,10.628040313720703,-0.2631901800632477,10.19995716289
77.40983533859253,10.614255905151367,-0.2700531780719757,10.185487509341
77.45980668067932,10.600162506103516,-0.27656111121177673,10.1716608593876
77.50970721244812,10.585997581481934,-0.28101250529289246,10.1554891593233
77.55963492393494,10.570547103881836,-0.2947756350040436,10.1436308485151
77.60949063301086,10.555076599121094,-0.3020133376121521,10.1298337184416
77.65959358215332,10.539179801940918,-0.31081268191337585,10.1119778043092
77.7096951007843,10.522421836853027,-0.32273900508880615,10.0941883034618
77.76003909111023,10.506659507751465,-0.3210175335407257,10.0799859687246
77.80953860282898,10.489653587341309,-0.331939160823822,10.0641402692456
77.86015129089355,10.471832275390625,-0.34361687302589417,10.04807112997
77.91137480735779,10.454456329345703,-0.3471699357032776,10.0389916060788
77.96021270751953,10.437477111816406,-0.346232146024704,10.014259289119
78.01048851013184,10.420758247375488,-0.3436603546142578,9.99890492030801
78.06019186973572,10.40282917022705,-0.35263174772262573,9.98314626673657
78.1101427078247,10.384824752807617,-0.3574288785457611,9.96861425689604
78.16055417060852,10.36629867553711,-0.3655014634132385,9.95287078236994
78.21020793914795,10.34682846069336,-0.37763726711273193,9.951325645958
78.26005339622498,10.326964378356934,-0.3879483640193939,9.93574569785313
78.3102707862854,10.308390617370605,-0.3829880356788635,9.91826901359269
78.36012554168701,10.29004192352295,-0.3794436752796173,9.90111972009745
78.41748380661011,10.269583702087402,-0.362077534198761,9.88389055475892
78.46548819541931,10.251351356506348,-0.3629757761955261,9.86752461363708
78.51534414291382,10.232203483581543,-0.3705872595310211,9.85007222059207
78.56040811538696,10.215794563293457,-0.3848782181739807,9.83314187721013
78.610178232193,10.194698333740234,-0.4029802978038788,9.81941647828148
78.66012287139893,10.173500061035156,-0.4134414494037628,9.80161773066464
78.7099061012268,10.153225898742676,-0.41256704926490784,9.78718875393614
78.76554989814758,10.130438804626465,-0.3983406126499176,9.7723631944515
78.81536364555359,10.10945987701416,-0.4066634774208069,9.75534922309295
78.86027908325195,10.092284202575684,-0.4151647984981537,9.74055904249596
78.91766023635864,10.069260597229004,-0.4014631509780884,9.72142232192558
78.96539425849915,10.048224449157715,-0.4089762270450592,9.70530412585967
79.01554226875305,10.0277681350708,-0.40826359391212463,9.6847253676607
79.06107544898987,10.009904861450195,-0.42242947220802307,9.66519787181006
79.10958814620972,9.98911190032959,-0.4219711124897003,9.64568473247354
79.16103219985962,9.96798324584961,-0.4254522919654846,9.62902362209518
79.2095673084259,9.945938110351562,-0.4346216022968292,9.60933253427168
79.25953531265259,9.923452377319336,-0.44351983070373535,9.59268792223629
79.30951046943665,9.900856018066406,-0.4497024416923523,9.57480033272206
79.35979962348938,9.87832260131836,-0.452925443649292,9.55888269375352
79.40931749343872,9.85590648651123,-0.4539492130279541,9.54605246438726
79.45926761627197,9.834932327270508,-0.4422551095485687,9.53240683472633
79.51541137695312,9.810709953308105,-0.4262218773365021,9.51449027157364
79.56546092033386,9.78899097442627,-0.42909038066864014,9.49586936135159
79.61548686027527,9.766807556152344,-0.4344014823436737,9.47515009451244
79.66548728942871,9.744415283203125,-0.4391912817955017,9.45894466131559
79.71525454521179,9.721983909606934,-0.4423627257347107,9.4494029091413
79.76500201225281,9.699597358703613,-0.4439202547073364,9.42505604680585
79.81536293029785,9.67897891998291,-0.4304579496383667,9.39578829319164
79.85952401161194,9.661406517028809,-0.4348359704017639,9.36706876165258
79.9103136062622,9.638452529907227,-0.4484378397464752,9.33418603763484
79.95965766906738,9.613543510437012,-0.4716951847076416,9.28957111112157
80.00957345962524,9.587777137756348,-0.4922512173652649,9.2557518575298
80.05944991111755,9.561871528625488,-0.5056455135345459,9.21539251334843
80.10945391654968,9.534836769104004,-0.523564338684082,9.17401057086565
80.15938186645508,9.506650924682617,-0.5431966185569763,9.12978263626567
80.20944690704346,9.476760864257812,-0.5692986249923706,9.10200111615269
80.2593412399292,9.446832656860352,-0.5840616226196289,9.05473181267406
80.30946350097656,9.416637420654297,-0.5961431860923767,9.00990660114373
80.35962438583374,9.385767936706543,-0.6085863709449768,8.96178539684306
80.41490244865417,9.347944259643555,-0.62078857421875,8.91890002870033
80.45955348014832,9.319595336914062,-0.6519140601158142,8.88128463694922
80.50971364974976,9.286699295043945,-0.6576666831970215,8.83214344698331
80.559406042099,9.252645492553711,-0.6723926067352295,8.78140801133292
80.61099219322205,9.217925071716309,-0.6852020025253296,8.73030181460836
80.65970969200134,9.181112289428711,-0.7113865613937378,8.68172098316042
80.70965337753296,9.143228530883789,-0.7341774702072144,8.64525967414985
80.75930953025818,9.10452938079834,-0.7553098797798157,8.59282178193975
80.80953288078308,9.06630802154541,-0.7631043195724487,8.53904112437023
80.86002779006958,9.026692390441895,-0.7808877229690552,8.49215480566653
80.91206741333008,8.979763984680176,-0.7827991843223572,8.43855496272551
80.9595901966095,8.945159912109375,-0.8126406073570251,8.38957043646032
81.00992178916931,8.903077125549316,-0.8296363949775696,8.33529272328091
81.05985951423645,8.85938549041748,-0.8534179329872131,8.28023475317671
81.10976529121399,8.814335823059082,-0.878160297870636,8.22598745431507
81.16134810447693,8.76888656616211,-0.896071195602417,8.16960152207
81.2096176147461,8.723562240600586,-0.905841052532196,8.11573804372321
81.26033186912537,8.677213668823242,-0.9207816123962402,8.05246973388689
81.3112301826477,8.629719734191895,-0.938581109046936,7.99605370904037
81.36004614830017,8.580483436584473,-0.9638726711273193,7.93979666661347
81.4102213382721,8.529830932617188,-0.9899810552597046,7.8812100565396
81.4599859714508,8.478766441345215,-1.008799433708191,7.82842082989664
81.50976252555847,8.427839279174805,-1.0190184116363525,7.7666087722408
81.55991053581238,8.377242088317871,-1.0225934982299805,7.69779995810159
81.60985326766968,8.325624465942383,-1.033789038658142,7.63931463739746
81.66025733947754,8.271444320678711,-1.0614615678787231,7.57468124794933
81.7097110748291,8.215320587158203,-1.0930671691894531,7.50679033975348
81.75967335700989,8.158536911010742,-1.1171019077301025,7.43576899364628
81.809650182724,8.101832389831543,-1.1308900117874146,7.35242609808295
81.85999536514282,8.04416275024414,-1.147777795791626,7.27782668474903
81.9095573425293,7.982765197753906,-1.189041018486023,7.20069558752842
81.95954823493958,7.9194817543029785,-1.2271686792373657,7.13576386289834
82.00942897796631,7.856488227844238,-1.2477785348892212,7.05492878198932
82.05935859680176,7.792832851409912,-1.2664066553115845,6.98172379970745
82.11018466949463,7.728374004364014,-1.2837765216827393,6.89815736331555
82.15993690490723,7.662405967712402,-1.3070151805877686,6.82393248898018
82.20997714996338,7.595138072967529,-1.3309839963912964,6.74864346330442
82.25994277000427,7.526159286499023,-1.3597335815429688,6.67127614828819
82.31002616882324,7.457198619842529,-1.37565279006958,6.58821189545861
82.36036157608032,7.386701583862305,-1.3994029760360718,6.51479934623441
82.4103057384491,7.3154730796813965,-1.4181149005889893,6.43891727813226
82.46024799346924,7.243575572967529,-1.4356642961502075,6.3652651773741
82.5101249217987,7.170844554901123,-1.4526199102401733,6.28942509034258
82.55996799468994,7.096573829650879,-1.475846529006958,6.20937736476246
82.61038708686829,7.0223164558410645,-1.4884920120239258,6.13001345530887
82.66211605072021,6.935589790344238,-1.4726662635803223,6.04739693195453
82.70979046821594,6.871199131011963,-1.5228891372680664,5.95681921838615
82.75974011421204,6.794281482696533,-1.538406252861023,5.85925787681477
82.8097836971283,6.7155656814575195,-1.5639307498931885,5.7647281408292
82.86553430557251,6.6213507652282715,-1.5708179473876953,5.66590180104814
82.90963888168335,6.551549434661865,-1.6336002349853516,5.56800334203595
82.95998764038086,6.467013835906982,-1.6671112775802612,5.46304835197182
83.00988864898682,6.3808817863464355,-1.7006959915161133,5.35673620378685
83.0596616268158,6.293623924255371,-1.7295212745666504,5.24901013592047
83.10999536514282,6.204888343811035,-1.759377360343933,5.14096328467887
83.15966629981995,6.113691329956055,-1.7974556684494019,5.03233346567353
83.20987057685852,6.020857334136963,-1.8329205513000488,4.93409860324224
83.25956177711487,5.926334857940674,-1.8683851957321167,4.82654459812928
83.3097312450409,5.830664157867432,-1.8985111713409424,4.73131194096089
83.36025905609131,5.734864234924316,-1.9175575971603394,4.64134928228457
83.41012978553772,5.638071537017822,-1.9378129243850708,4.56059447538019
83.46004819869995,5.541611671447754,-1.9462058544158936,4.47215302578002
83.50951957702637,5.4463372230529785,-1.9420757293701172,4.39091691945225
83.55982065200806,5.3504743576049805,-1.9453186988830566,4.31136707073234
83.60973048210144,5.253509044647217,-1.9557772874832153,4.23050221091477
83.66558003425598,5.141829490661621,-1.9162310361862183,4.15021694055238
83.71539378166199,5.045433521270752,-1.918760895729065,4.06251508312862
83.76513385772705,4.95004940032959,-1.9117228984832764,3.97607788675978
83.81496739387512,4.853889465332031,-1.9142338037490845,3.88187294241546
83.8651020526886,4.756868839263916,-1.9223885536193848,3.78612379908137
83.9110267162323,4.673938274383545,-1.9784562587738037,3.69089392534081
83.95957946777344,4.5749406814575195,-1.9913389682769775,3.58275825728892
84.00968813896179,4.474131107330322,-2.015397548675537,3.48251338620231
84.05965495109558,4.371067523956299,-2.0472283363342285,3.38794194880095
84.109689950943,4.2671308517456055,-2.073049545288086,3.29122383687178
84.16115999221802,4.163161754608154,-2.0887675285339355,3.19238968566978
84.20969557762146,4.059528350830078,-2.0955965518951416,3.08629725845163
84.2596480846405,3.9549522399902344,-2.1081390380859375,2.99182028810838
84.30958414077759,3.8492350578308105,-2.12447190284729,2.89436486637822
84.36495780944824,3.727510690689087,-2.084623098373413,2.80124949800899
84.41155362129211,3.6226296424865723,-2.087425470352173,2.70692479110477
84.46019005775452,3.534315586090088,-2.1334967613220215,2.59116828793862
84.51015901565552,3.429941415786743,-2.128119945526123,2.49738735886608
84.56571769714355,3.3051693439483643,-2.1132030487060547,2.40119542125818
84.61638283729553,3.19567608833313,-2.1409261226654053,2.30635128959875
84.66103076934814,3.1052465438842773,-2.186393976211548,2.22009034175934
84.70952129364014,2.9986820220947266,-2.1779074668884277,2.11484453194801
84.75953769683838,2.8918073177337646,-2.1763882637023926,2.02925516017598
84.80974817276001,2.7839198112487793,-2.183304786682129,1.94553996946238
84.8596568107605,2.6754720211029053,-2.191779613494873,1.86815283042154
84.9117476940155,2.550861120223999,-2.14333176612854,1.79098297272583
84.95962142944336,2.462286949157715,-2.172858476638794,1.696931767426
85.00998663902283,2.3584609031677246,-2.1474685668945312,1.62315173572333
85.0596444606781,2.2535929679870605,-2.142643451690674,1.55402879026549
85.10956573486328,2.1476948261260986,-2.146543025970459,1.48919892687528
85.15987610816956,2.0432491302490234,-2.136489152908325,1.42492514912619
85.20972275733948,1.941697359085083,-2.1069352626800537,1.33430484176258
85.25964593887329,1.8409475088119507,-2.0841972827911377,1.27536347561644
85.30956268310547,1.7394905090332031,-2.076037645339966,1.21416283398468
85.35985970497131,1.640016794204712,-2.0534868240356445,1.15449804358598
85.40966510772705,1.5416176319122314,-2.0328385829925537,1.10057223158676
85.45954489707947,1.4440869092941284,-2.0125882625579834,1.00848544636511
85.5097885131836,1.3488044738769531,-1.9819129705429077,0.949674092909909
85.55962133407593,1.2538411617279053,-1.962234377861023,0.890360080566399
85.60973358154297,1.1592330932617188,-1.9465306997299194,0.832707785964685
85.66024041175842,1.065278172492981,-1.9320743083953857,0.775430833213587
85.7098274230957,0.9727922677993774,-1.9108922481536865,0.677298131982316
85.75931119918823,0.8816241025924683,-1.8880174160003662,0.626715569055516
85.80960512161255,0.7895346879959106,-1.882598638534546,0.581464304326382
85.86013627052307,0.697245717048645,-1.8797253370285034,0.551214022637006
85.91098999977112,0.6081783175468445,-1.8507728576660156,0.524012537046763
85.95942831039429,0.5235872268676758,-1.7976667881011963,0.462844201203329
86.00989294052124,0.4417188763618469,-1.7448064088821411,0.43978007736863
86.05977368354797,0.3605779707431793,-1.7075122594833374,0.423808203120912
86.10993480682373,0.2817744016647339,-1.6647682189941406,0.413047939542018
86.15996670722961,0.20650704205036163,-1.6106629371643066,0.413383808205991
86.20997667312622,0.13460853695869446,-1.551043152809143,0.385817522855189
86.25978207588196,0.06583496928215027,-1.490004062652588,0.396464459119786
86.31027126312256,-1.8778284356812946e-05,-1.4296997785568237,0.403598072712339
86.35993075370789,-0.023034237325191498,-1.0263231992721558,0.406711750481029
86.409912109375,-0.02271336130797863,-0.6229853630065918,0.405450017017693
86.459876537323,-0.0017994510708376765,-0.1999872326850891,0.347193402767076
86.51010036468506,0.013136445544660091,-0.014923695474863052,0.346776883770545
86.55963492393494,0.026576880365610123,0.10309557616710663,0.348938020220797
86.61059713363647,0.036395713686943054,0.1353117823600769,0.350141674411371
86.66129159927368,0.04009458050131798,0.11082720756530762,0.348766407446324
86.71048402786255,0.03828442096710205,0.050081294029951096,0.309875065906526
86.7599823474884,0.03701610490679741,0.022542933002114296,0.308117006627581
86.81140756607056,0.03708915039896965,0.012647230178117752,0.308716306109517
86.85969185829163,0.03553617745637894,-0.004838406108319759,0.310287400408855
86.9096314907074,0.035099096596241,-0.0051085506565868855,0.311481348022903
86.96558165550232,0.034053985029459,-0.011831407435238361,0.295870735076026
87.01556181907654,0.034826863557100296,-0.00038268373464234173,0.294794392221093
87.06586503982544,0.03405016288161278,-0.006965287961065769,0.294674186102142
87.11575198173523,0.033290326595306396,-0.01004510372877121,0.292867800405493
87.16499280929565,0.03298031538724899,-0.008414439857006073,0.292881960641171
87.20992708206177,0.03294312208890915,-0.0059083630330860615,0.277106430635177
87.25941896438599,0.033027078956365585,-0.0028913854621350765,0.277328609725982
87.30993437767029,0.03448720648884773,0.010718761943280697,0.277580337409834
87.35956573486328,0.03470165655016899,0.006911545060575008,0.276964769170627
87.41171264648438,0.03551604971289635,0.011114522814750671,0.275089476265318
87.45979833602905,0.03488016873598099,0.0016232543857768178,0.259858845982531
87.50975060462952,0.03514142706990242,0.004159558564424515,0.259767875794325
87.55957889556885,0.034655530005693436,-0.0024305195547640324,0.260168776636691
87.61005592346191,0.03360804170370102,-0.009550776332616806,0.25913229338956
87.66024947166443,0.033082976937294006,-0.009780087508261204,0.257690376783537
87.71527767181396,0.03293275088071823,-0.006352968979626894,0.2415646558269
87.76496291160583,0.03300916776061058,-0.0032160826958715916,0.239856925228382
87.80958342552185,0.03444572910666466,0.01017074752599001,0.238654586774099
87.85962772369385,0.03333691507577896,-0.004810387268662453,0.237741146005954
87.91727137565613,0.034244801849126816,0.006949068047106266,0.235180234777387
87.96514463424683,0.0324411578476429,-0.01124199666082859,0.224492230907065
88.00960278511047,0.033617883920669556,0.003296598792076111,0.224246937885465
88.0650486946106,0.034115277230739594,0.003955314867198467,0.223389696604106
88.11511468887329,0.035379961133003235,0.012876836583018303,0.221194385154431
88.16685223579407,0.03294938802719116,-0.012534785084426403,0.219997089831489
88.21560716629028,0.0341782309114933,0.003453347133472562,0.209412449271318
88.26478958129883,0.03230436146259308,-0.01387922465801239,0.208023632746907
88.30926656723022,0.03348544239997864,0.0015754899941384792,0.206584799542532
88.35974311828613,0.032785285264253616,-0.006802612915635109,0.205497397511391
88.41142106056213,0.034079693257808685,0.008702609688043594,0.202472275268866
88.46626853942871,0.032456137239933014,-0.008799683302640915,0.190474622425582
88.50974583625793,0.0336972251534462,0.005448603071272373,0.187591486983823
88.55971312522888,0.03297415003180504,-0.004659014288336039,0.18665328458594
88.61498284339905,0.03418984264135361,0.009279360994696617,0.184594349564105
88.66506934165955,0.03250550478696823,-0.008923797868192196,0.18273644819918
88.71495819091797,0.03418099880218506,0.00906849279999733,0.171442348664016
88.76475739479065,0.032495949417352676,-0.009055646136403084,0.17037297786354
88.81511425971985,0.03587482124567032,0.022886401042342186,0.16779822544486
88.86536908149719,0.03204864636063576,-0.018789859488606453,0.165407312256477
88.91586589813232,0.03509688749909401,0.015232954174280167,0.164670364457592
88.96571040153503,0.03157830238342285,-0.0209987573325634,0.149235058059541
89.01510190963745,0.034894708544015884,0.01598166674375534,0.147781356278381
89.06542158126831,0.031549111008644104,-0.01921338029205799,0.146317693011672
89.11526370048523,0.03494749963283539,0.0176849365234375,0.145280863987352
89.1610414981842,0.03255376219749451,-0.010118598118424416,0.144193128537615
89.21502566337585,0.03500676900148392,0.018286535516381264,0.141723332097949
89.26513457298279,0.03165772929787636,-0.017858950421214104,0.140400990184464
89.31563925743103,0.03672377020120621,0.0321173258125782,0.137720873742608
89.36694025993347,0.032918013632297516,-0.01383513305336237,0.135717618491092
89.41597723960876,0.037201106548309326,0.028478076681494713,0.133263473248246
89.4669177532196,0.03122243843972683,-0.033540915697813034,0.12655333740575
89.51707696914673,0.035746943205595016,0.01927029900252819,0.124679880411414
89.56555104255676,0.030516523867845535,-0.03327593207359314,0.122171065948756
89.61711359024048,0.03556518256664276,0.02347947098314762,0.118432222453988
89.6671781539917,0.0306104589253664,-0.0286234300583601,0.118163433339095
89.71736216545105,0.03744957596063614,0.040836967527866364,0.112689497472615
89.76706147193909,0.0303349532186985,-0.03638186305761337,0.111873077023478
89.81710958480835,0.03678521886467934,0.033917464315891266,0.109899797180512
89.86704778671265,0.029920248314738274,-0.038598719984292984,0.108520521359051
89.91634726524353,0.036597806960344315,0.034345563501119614,0.106042701179844
89.96715712547302,0.029884152114391327,-0.037172913551330566,0.0959115727947808
90.01714420318604,0.036636509001255035,0.035777900367975235,0.0934574808528667
90.06729674339294,0.031644176691770554,-0.022279124706983566,0.0922895795591742
90.11728310585022,0.037944547832012177,0.04047520458698273,0.0910499066794405
90.16734337806702,0.0304564218968153,-0.0394848957657814,0.0901873208401423
90.21742987632751,0.036712583154439926,0.030558258295059204,0.0898939945075781
90.26738810539246,0.029786452651023865,-0.041084110736846924,0.0886366672418562
90.31753158569336,0.03647717833518982,0.03295813500881195,0.0859760458706607
90.36754131317139,0.029804399237036705,-0.037688374519348145,0.0843639615459417
90.41761708259583,0.03659743815660477,0.03578341007232666,0.082343604191184
90.46540307998657,0.029932919889688492,-0.03593168780207634,0.0832268377102238
90.51534605026245,0.036691874265670776,0.036572590470314026,0.0798798983519969
90.56534624099731,0.02998526021838188,-0.035784102976322174,0.0786284329817595
90.61535310745239,0.036711033433675766,0.03640461340546608,0.0767772268768848
90.66295456886292,0.031685616821050644,-0.0221592765301466,0.0755805790868127
90.7152099609375,0.03795981779694557,0.040344804525375366,0.0772212176014992
90.76524567604065,0.030456116423010826,-0.039683397859334946,0.0755075674485377
90.81534695625305,0.036705754697322845,0.030388906598091125,0.0733131905514501
90.86346626281738,0.029778851196169853,-0.041191551834344864,0.0720733150428949
90.91041159629822,0.03459075093269348,0.01655859686434269,0.0695569633546058
90.95997333526611,0.03166510909795761,-0.022030886262655258,0.0708799824597487
91.01519250869751,0.03659620136022568,0.035792432725429535,0.0685871097910783
91.06485152244568,0.029932891950011253,-0.03591694310307503,0.0675953003426156
91.11515665054321,0.03669236600399017,0.036585453897714615,0.0659617998586958
91.15979361534119,0.03186145797371864,-0.01978183723986149,0.0658798399265614
91.21025204658508,0.034834057092666626,0.02046245150268078,0.0626672358795779
91.26551699638367,0.029984980821609497,-0.036035988479852676,0.0617761606920262
91.31561589241028,0.03670239821076393,0.036189112812280655,0.0608426253699812
91.36564040184021,0.02997507154941559,-0.03617393970489502,0.0602774299281963
91.41611981391907,0.036695029586553574,0.03612610697746277,0.0594431359632618
91.46118330955505,0.031848661601543427,-0.02021396905183792,0.0570524985555178
91.51013541221619,0.03481591120362282,0.020162208005785942,0.0564202661095239
91.55981254577637,0.03184843063354492,-0.020195001736283302,0.0557945648844334
91.60988020896912,0.034816496074199677,0.020179852843284607,0.0554331999951069
91.66224837303162,0.029971683397889137,-0.036156684160232544,0.0556792454809067
91.70976686477661,0.034817103296518326,0.020185858011245728,0.0597438986568602
91.76594305038452,0.029972005635499954,-0.03615555912256241,0.0587069309339893
91.81112599372864,0.03481726348400116,0.020185275003314018,0.0577191105457979
91.86572694778442,0.029972011223435402,-0.036156993359327316,0.0578887821454472
91.91591119766235,0.03669477999210358,0.03615797311067581,0.0577460758658143
91.96062135696411,0.03184952214360237,-0.020183658227324486,0.0633752502027979
92.00949096679688,0.034817174077034,0.020183468237519264,0.0603595736022721
92.05948257446289,0.03184949606657028,-0.020183803513646126,0.059703077684704
92.10939168930054,0.0348171629011631,0.0201835036277771,0.058361751772297
92.16017937660217,0.033184394240379333,-0.008700156584382057,0.0575376405677086
92.20998573303223,0.03626039996743202,0.02673337422311306,0.0634091209569105
92.26024723052979,0.032462120056152344,-0.022677676752209663,0.0620947949527505
92.31001877784729,0.03489796072244644,0.014579523354768753,0.0601513010185909
92.3599910736084,0.03301577270030975,-0.01398537028580904,0.0601513010185909
92.41213774681091,0.03773021325469017,0.03708251565694809,0.0601513010185909
92.45963096618652,0.03227877989411354,-0.024513674899935722,0.0601513010185909
92.50995254516602,0.03478601574897766,0.014031147584319115,0.0601513010185909
92.55973052978516,0.03163198009133339,-0.025310223922133446,0.0601513010185909
92.60959672927856,0.034584153443574905,0.01699211820960045,0.0601513010185909
92.66143584251404,0.029815971851348877,-0.03730973228812218,0.0601513010185909
92.70982599258423,0.034722018986940384,0.019912470132112503,0.0601513010185909
92.75936961174011,0.0318145677447319,-0.01988075114786625,0.0601513010185909
92.80943083763123,0.034818023443222046,0.02064162865281105,0.0601513010185909
92.85950803756714,0.03320019692182541,-0.008310198783874512,0.0601513010185909
92.91211724281311,0.0379691943526268,0.04053068161010742,0.0601513010185909
92.95994567871094,0.03247525170445442,-0.022563669830560684,0.0601513010185909
93.01186633110046,0.03671179339289665,0.030431486666202545,0.0601513010185909
93.06200766563416,0.029781930148601532,-0.04118891432881355,0.0601513010185909
93.11158633232117,0.036472395062446594,0.03289331495761871,0.0601513010185909
93.16016101837158,0.03166501224040985,-0.022049251943826675,0.0601513010185909
93.20952486991882,0.03470390662550926,0.019616181030869484,0.0601513010185909
93.25996565818787,0.03179960325360298,-0.020033955574035645,0.0601513010185909
93.30988502502441,0.034808773547410965,0.020593982189893723,0.0601513010185909
93.35951685905457,0.03186117485165596,-0.01978263631463051,0.0601513010185909
93.40976214408875,0.03483395278453827,0.020463360473513603,0.0601513010185909
93.46008491516113,0.03186354041099548,-0.020037204027175903,0.0601513010185909
93.50939869880676,0.03482593968510628,0.020230630412697792,0.0601513010185909
93.55949378013611,0.03185346722602844,-0.0201925877481699,0.0601513010185909
93.60978722572327,0.03481793776154518,0.020153535529971123,0.0601513010185909
93.65979552268982,0.03184868395328522,-0.0202138964086771,0.0601513010185909
93.71026945114136,0.03481592237949371,0.020162144675850868,0.0601513010185909
93.75963854789734,0.03184843063354492,-0.02019510418176651,0.0601513010185909
93.80992364883423,0.03481649234890938,0.020179763436317444,0.0601513010185909
93.8598005771637,0.03184918314218521,-0.0201831366866827,0.0601513010185909
93.91179537773132,0.03669469803571701,0.03616006299853325,0.0601513010185909
93.95996642112732,0.03184955567121506,-0.02018134854733944,0.0601513010185909
94.00931882858276,0.03481726348400116,0.020185278728604317,0.0601513010185909
94.05957674980164,0.03184957802295685,-0.020182732492685318,0.0601513010185909
94.10956239700317,0.03481722250580788,0.020183946937322617,0.0601513010185909
94.16518115997314,0.029971955344080925,-0.03615781292319298,0.0601513010185909
94.21530866622925,0.036694735288619995,0.036157578229904175,0.0601513010185909
94.26496434211731,0.029971929267048836,-0.036157913506031036,0.0601513010185909
94.31117415428162,0.0348171629011631,0.0201835036277771,0.0601513010185909
94.35951232910156,0.031849492341279984,-0.020183701068162918,0.0601513010185909
94.41006016731262,0.0348171666264534,0.020183604210615158,0.0601513010185909
94.45974659919739,0.03184949606657028,-0.020183630287647247,0.0601513010185909
94.50957536697388,0.0348171703517437,0.020183641463518143,0.0601513010185909
94.55947732925415,0.03184949979186058,-0.020183617249131203,0.0601513010185909
94.60950684547424,0.0348171703517437,0.020183639600872993,0.0601513010185909
94.66530156135559,0.029971934854984283,-0.036157745867967606,0.0601513010185909
94.71545267105103,0.036694735288619995,0.036157749593257904,0.0601513010185909
94.76519227027893,0.029971934854984283,-0.036157749593257904,0.0601513010185909
94.8155403137207,0.0366947315633297,0.036157749593257904,0.0601513010185909
94.86080408096313,0.03184949979186058,-0.020183632150292397,0.0601513010185909
94.90947341918945,0.0348171703517437,0.020183630287647247,0.0601513010185909
94.95961880683899,0.03184949979186058,-0.020183630287647247,0.0601513010185909
95.00938248634338,0.0348171703517437,0.020183630287647247,0.0601513010185909
95.05950880050659,0.03184949979186058,-0.020183630287647247,0.0601513010185909
95.11099910736084,0.0348171703517437,0.020183630287647247,0.0601513010185909
95.1611659526825,0.03184949979186058,-0.020183630287647247,0.0601513010185909
95.21082353591919,0.0348171703517437,0.020183630287647247,0.0601513010185909
95.2608323097229,0.03184949979186058,-0.020183630287647247,0.0601513010185909
95.31010222434998,0.0348171703517437,0.020183630287647247,0.0601513010185909
95.36137008666992,0.03184949979186058,-0.020183630287647247,0.0601513010185909
95.41127872467041,0.0348171703517437,0.020183630287647247,0.0601513010185909
95.45986127853394,0.03184949979186058,-0.020183630287647247,0.0601513010185909
95.50969314575195,0.0348171703517437,0.020183630287647247,0.0601513010185909
95.5597915649414,0.03184949979186058,-0.020183630287647247,0.0601513010185909
95.61094856262207,0.0348171703517437,0.020183630287647247,0.0601513010185909
95.65995573997498,0.03184949979186058,-0.020183630287647247,0.0601513010185909
95.7103385925293,0.0348171703517437,0.020183630287647247,0.0601513010185909
95.76003575325012,0.03184949979186058,-0.020183630287647247,0.0601513010185909
95.80956888198853,0.0348171703517437,0.020183630287647247,0.0601513010185909
95.86007475852966,0.03184949979186058,-0.020183630287647247,0.0601513010185909
95.91113376617432,0.0348171703517437,0.020183630287647247,0.0601513010185909
95.95960426330566,0.03184949979186058,-0.020183630287647247,0.0601513010185909
96.00937342643738,0.0348171703517437,0.020183630287647247,0.0601513010185909
96.05944967269897,0.03184949979186058,-0.020183630287647247,0.0601513010185909
96.10968661308289,0.0348171703517437,0.020183630287647247,0.0601513010185909
96.1596269607544,0.03184949979186058,-0.020183630287647247,0.0601513010185909
96.2094235420227,0.0348171703517437,0.020183630287647247,0.0601513010185909
96.25948715209961,0.03184949979186058,-0.020183630287647247,0.0601513010185909
96.30980396270752,0.0348171703517437,0.020183630287647247,0.0601513010185909
96.36122822761536,0.03184949979186058,-0.020183630287647247,0.0601513010185909
96.411381483078,0.0348171703517437,0.020183630287647247,0.0601513010185909
96.46156001091003,0.029971934854984283,-0.036157749593257904,0.0601513010185909
96.50994563102722,0.0348171703517437,0.020183630287647247,0.0601513010185909
96.55994200706482,0.03184949979186058,-0.020183630287647247,0.0601513010185909
96.6100344657898,0.0348171703517437,0.020183630287647247,0.0601513010185909
96.66193532943726,0.029971934854984283,-0.036157749593257904,0.0601513010185909
96.70958995819092,0.0348171703517437,0.020183630287647247,0.0601513010185909
96.7594542503357,0.03184949979186058,-0.020183630287647247,0.0601513010185909
96.81104445457458,0.0348171703517437,0.020183630287647247,0.0601513010185909
96.85958552360535,0.03184949979186058,-0.020183630287647247,0.0601513010185909
96.90961217880249,0.0348171703517437,0.020183630287647247,0.0601513010185909
96.96098947525024,0.03184949979186058,-0.020183630287647247,0.0601513010185909
97.00953602790833,0.0348171703517437,0.020183630287647247,0.0601513010185909
97.06166481971741,0.029971934854984283,-0.036157749593257904,0.0601513010185909
97.11017107963562,0.0348171703517437,0.020183630287647247,0.0601513010185909
97.15952277183533,0.03184949979186058,-0.020183630287647247,0.0601513010185909
97.21098470687866,0.0348171703517437,0.020183630287647247,0.0601513010185909
97.26009321212769,0.03184949979186058,-0.020183630287647247,0.0601513010185909
97.31013178825378,0.0348171703517437,0.020183630287647247,0.0601513010185909
97.36021399497986,0.03184949979186058,-0.020183630287647247,0.0601513010185909
97.41155123710632,0.0366947315633297,0.036157749593257904,0.0601513010185909
97.46141791343689,0.03184949979186058,-0.020183630287647247,0.0601513010185909
97.51005983352661,0.0348171703517437,0.020183630287647247,0.0601513010185909
97.56165957450867,0.029971934854984283,-0.036157749593257904,0.0601513010185909
97.6113862991333,0.0348171703517437,0.020183630287647247,0.0601513010185909
97.66128087043762,0.03184949979186058,-0.020183630287647247,0.0601513010185909
97.71150970458984,0.03499384596943855,0.02228010632097721,0.0601513010185909
97.7600564956665,0.03040626458823681,-0.02673340030014515,0.0601513010185909
97.80952978134155,0.03286964073777199,0.011194134131073952,0.0601513010185909
97.86010885238647,0.030325472354888916,-0.02112928032875061,0.0601513010185909
97.90932655334473,0.03303827345371246,0.016479430720210075,0.0601513010185909
97.95921492576599,0.030550669878721237,-0.01752530038356781,0.0601513010185909
98.00914025306702,0.033221617341041565,0.018315432593226433,0.0601513010185909
98.06154084205627,0.029023708775639534,-0.03098171204328537,0.0601513010185909
98.1090567111969,0.03327050432562828,0.018156729638576508,0.0601513010185909
98.16540026664734,0.02902604267001152,-0.031407155096530914,0.0601513010185909
98.21719741821289,0.03489968180656433,0.031708311289548874,0.0601513010185909
98.25953507423401,0.030653638765215874,-0.017666611820459366,0.0601513010185909
98.31518840789795,0.03658759593963623,0.04546494036912918,0.0601513010185909
98.36518406867981,0.030259300023317337,-0.027532553300261497,0.0601513010185909
98.41510152816772,0.0370655320584774,0.04197051748633385,0.0601513010185909
98.46481728553772,0.030269695445895195,-0.033239252865314484,0.0601513010185909
98.51068878173828,0.03368557617068291,0.00987348984926939,0.0601513010185909
98.5596923828125,0.03050108812749386,-0.026868661865592003,0.0601513010185909
98.60954427719116,0.034225571900606155,0.022026382386684418,0.0601513010185909
98.65958452224731,0.03175225481390953,-0.015259386040270329,0.0601513010185909
98.70955681800842,0.03495824709534645,0.024975784122943878,0.0601513010185909
98.75948214530945,0.032050490379333496,-0.016849270090460777,0.0601513010185909
98.80973434448242,0.034984808415174484,0.021923772990703583,0.0601513010185909
98.85960984230042,0.03195394203066826,-0.019629312679171562,0.0601513010185909
98.90943050384521,0.03352933004498482,0.008588818833231926,0.0601513010185909
98.95947027206421,0.03041520155966282,-0.027094697579741478,0.0601513010185909
99.00956869125366,0.03285977616906166,0.010832365602254868,0.0601513010185909
99.05959153175354,0.030310509726405144,-0.02138543128967285,0.0601513010185909
99.10952091217041,0.03302552178502083,0.016343044117093086,0.0601513010185909
99.15958762168884,0.030542589724063873,-0.017570946365594864,0.0601513010185909
99.20942568778992,0.03455278277397156,0.029805205762386322,0.0601513010185909
99.25955176353455,0.03210505470633507,-0.010400733910501003,0.0601513010185909
99.30996894836426,0.03388381376862526,0.01568995974957943,0.0601513010185909
99.35982251167297,0.030752340331673622,-0.022973865270614624,0.0601513010185909
99.4122383594513,0.03470845893025398,0.026711881160736084,0.0601513010185909
99.46023201942444,0.030429063364863396,-0.02126685529947281,0.0601513010185909
99.50952625274658,0.033061590045690536,0.01577669009566307,0.0601513010185909
99.5598874092102,0.030533088371157646,-0.018262432888150215,0.0601513010185909
99.60967636108398,0.03319181129336357,0.017779313027858734,0.0601513010185909
99.65982627868652,0.030636342242360115,-0.017270898446440697,0.0601513010185909
99.70962715148926,0.03325341269373894,0.01805155910551548,0.0601513010185909
99.75986170768738,0.03066224232316017,-0.01738365925848484,0.0601513010185909
99.80960130691528,0.03325658291578293,0.017808323726058006,0.0601513010185909
99.85964822769165,0.03065483085811138,-0.01761114038527012,0.0601513010185909
99.90981554985046,0.03324684873223305,0.017654070630669594,0.0601513010185909
99.95932579040527,0.030646957457065582,-0.017689187079668045,0.0601513010185909
100.00967502593994,0.03324206545948982,0.017631206661462784,0.0601513010185909
100.0595932006836,0.030644889920949936,-0.01768193393945694,0.0601513010185909
100.10962271690369,0.03324175626039505,0.017649123445153236,0.0601513010185909
100.16148948669434,0.02900262176990509,-0.03164096549153328,0.0601513010185909
100.20963335037231,0.03324248269200325,0.017660992220044136,0.0601513010185909
100.25956511497498,0.030646013095974922,-0.017658598721027374,0.0601513010185909
100.30970335006714,0.0332428514957428,0.01766289584338665,0.0601513010185909
100.36121869087219,0.030646178871393204,-0.01765904761850834,0.0601513010185909
100.40954113006592,0.033242881298065186,0.017661578953266144,0.0601513010185909
100.4595901966095,0.03064614161849022,-0.017660347744822502,0.0601513010185909
100.50956296920776,0.03324282541871071,0.01766066811978817,0.0601513010185909
100.55969977378845,0.03064609505236149,-0.017660828307271004,0.0601513010185909
100.60955786705017,0.03324279934167862,0.017660509794950485,0.0601513010185909
100.66057515144348,0.030646082013845444,-0.017660802230238914,0.0601513010185909
100.709716796875,0.03324279561638832,0.017660606652498245,0.0601513010185909
100.75972485542297,0.030646085739135742,-0.017660703510046005,0.0601513010185909
100.8097128868103,0.03324279934167862,0.017660677433013916,0.0601513010185909
100.85981750488281,0.03064608946442604,-0.01766066625714302,0.0601513010185909
100.91097664833069,0.03324280306696892,0.01766068860888481,0.0601513010185909
100.95957326889038,0.03064608946442604,-0.01766066811978817,0.0601513010185909
101.0095226764679,0.03324280306696892,0.017660683020949364,0.0601513010185909
101.06001424789429,0.03064608946442604,-0.017660675570368767,0.0601513010185909
101.10967707633972,0.03324280306696892,0.017660677433013916,0.0601513010185909
101.16032648086548,0.03064608946442604,-0.017660677433013916,0.0601513010185909
101.20956802368164,0.03324280306696892,0.017660675570368767,0.0601513010185909
101.2597885131836,0.03064608946442604,-0.017660677433013916,0.0601513010185909
101.31125068664551,0.03324280306696892,0.017660675570368767,0.0601513010185909
101.35951542854309,0.03064608946442604,-0.017660677433013916,0.0601513010185909
101.40974116325378,0.03324280306696892,0.017660677433013916,0.0601513010185909
101.45949220657349,0.03064608946442604,-0.017660677433013916,0.0601513010185909
101.50959300994873,0.03324280306696892,0.017660677433013916,0.0601513010185909
101.55934643745422,0.03064608946442604,-0.017660677433013916,0.0601513010185909
101.61548161506653,0.034885670989751816,0.03163802996277809,0.0601513010185909
101.6670868396759,0.029003221541643143,-0.03163802996277809,0.0601513010185909
101.71508288383484,0.034885670989751816,0.03163802996277809,0.0601513010185909
101.76481080055237,0.029003221541643143,-0.03163802996277809,0.0601513010185909
101.81566333770752,0.034885670989751816,0.03163802996277809,0.0601513010185909
101.86491107940674,0.029003221541643143,-0.03163802996277809,0.0601513010185909
101.91525053977966,0.034885670989751816,0.03163802996277809,0.0601513010185909
101.96536374092102,0.029003221541643143,-0.03163802996277809,0.0601513010185909
102.01508259773254,0.034885670989751816,0.03163802996277809,0.0601513010185909
102.06493186950684,0.029003221541643143,-0.03163802996277809,0.0601513010185909
102.1152720451355,0.034885670989751816,0.03163802996277809,0.0601513010185909
102.16519212722778,0.029003221541643143,-0.03163802996277809,0.0601513010185909
102.21496200561523,0.034885670989751816,0.03163802996277809,0.0601513010185909
102.26512813568115,0.029003221541643143,-0.03163802996277809,0.0601513010185909
102.31496071815491,0.034885670989751816,0.03163802996277809,0.0601513010185909
102.3652822971344,0.029003221541643143,-0.03163802996277809,0.0601513010185909
102.41518688201904,0.034885670989751816,0.03163802996277809,0.0601513010185909
102.46534442901611,0.029003221541643143,-0.03163802996277809,0.0601513010185909
102.51489853858948,0.034885670989751816,0.03163802996277809,0.0601513010185909
102.5648922920227,0.029003221541643143,-0.03163802996277809,0.0601513010185909
102.61617994308472,0.034885670989751816,0.03163802996277809,0.0601513010185909
102.66482257843018,0.029003221541643143,-0.03163802996277809,0.0601513010185909
102.71556496620178,0.034885670989751816,0.03163802996277809,0.0601513010185909
102.76495218276978,0.029003221541643143,-0.03163802996277809,0.0601513010185909
102.81559586524963,0.034885670989751816,0.03163802996277809,0.0601513010185909
102.86486983299255,0.029003221541643143,-0.03163802996277809,0.0601513010185909
102.91088533401489,0.03324280306696892,0.017660677433013916,0.0601513010185909
102.96511387825012,0.029003221541643143,-0.03163802996277809,0.0601513010185909
103.01494765281677,0.034885670989751816,0.03163802996277809,0.0601513010185909
103.06103730201721,0.03064608946442604,-0.017660677433013916,0.0601513010185909
103.10954737663269,0.03324280306696892,0.017660677433013916,0.0601513010185909
103.16049289703369,0.03064608946442604,-0.017660677433013916,0.0601513010185909
103.20978569984436,0.03324280306696892,0.017660677433013916,0.0601513010185909
103.2598226070404,0.03064608946442604,-0.017660677433013916,0.0601513010185909
103.30970478057861,0.03324280306696892,0.017660677433013916,0.0601513010185909
103.35963797569275,0.03064608946442604,-0.017660677433013916,0.0601513010185909
103.40997767448425,0.03324280306696892,0.017660677433013916,0.0601513010185909
103.45930933952332,0.03064608946442604,-0.017660677433013916,0.0601513010185909
103.5152645111084,0.034885670989751816,0.03163802996277809,0.0601513010185909
103.56554794311523,0.029003221541643143,-0.03163802996277809,0.0601513010185909
103.61535739898682,0.034885670989751816,0.03163802996277809,0.0601513010185909
103.66537070274353,0.029003221541643143,-0.03163802996277809,0.0601513010185909
103.7154221534729,0.034885670989751816,0.03163802996277809,0.0601513010185909
103.7652735710144,0.029003221541643143,-0.03163802996277809,0.0601513010185909
103.81533026695251,0.034885670989751816,0.03163802996277809,0.0601513010185909
103.86544346809387,0.029003221541643143,-0.03163802996277809,0.0601513010185909
103.90939354896545,0.03324280306696892,0.017660677433013916,0.0601513010185909
103.95957708358765,0.03064608946442604,-0.017660677433013916,0.0601513010185909
104.0147774219513,0.034885670989751816,0.03163802996277809,0.0601513010185909
104.06553196907043,0.029003221541643143,-0.03163802996277809,0.0601513010185909
104.11692214012146,0.034885670989751816,0.03163802996277809,0.0601513010185909
104.16070914268494,0.03064608946442604,-0.017660677433013916,0.0601513010185909
104.21007776260376,0.03324280306696892,0.017660677433013916,0.0601513010185909
104.25994038581848,0.03064608946442604,-0.017660677433013916,0.0601513010185909
104.31039929389954,0.03324280306696892,0.017660677433013916,0.0601513010185909
