timestep,speed
0.0,0.0
0.05,0.0
0.1,0.0
0.15000000000000002,0.0
0.2,0.0
0.25,0.0
0.30000000000000004,0.0
0.35000000000000003,0.0
0.4,0.0
0.45,0.0
0.5,0.0
0.55,0.0
0.6000000000000001,0.0
0.65,0.0
0.7000000000000001,0.0
0.75,0.0
0.8,0.0
0.8500000000000001,0.0
0.9,0.0
0.9500000000000001,0.0
1.0,0.0
1.05,0.0
1.1,0.0
1.1500000000000001,0.0
1.2000000000000002,0.0
1.25,0.0
1.3,0.0
1.35,0.0
1.4000000000000001,0.0
1.4500000000000002,0.0
1.5,0.0
1.55,0.0
1.6,0.0
1.6500000000000001,0.0
1.7000000000000002,0.0
1.75,0.0
1.8,0.0
1.85,0.0
1.9000000000000001,0.0
1.9500000000000002,0.0
2.0,0.0
2.0500000000000003,0.0
2.1,0.0
2.15,0.0
2.2,0.0
2.25,0.0
2.3000000000000003,0.0
2.35,0.0
2.4000000000000004,0.0
2.45,0.0
2.5,0.0
2.5500000000000003,0.0
2.6,0.0
2.6500000000000004,0.0
2.7,0.0
2.75,0.0
2.8000000000000003,0.0
2.85,0.0
2.9000000000000004,0.0
2.95,0.0
3.0,0.0
3.0500000000000003,0.0
3.1,0.0
3.1500000000000004,0.0
3.2,0.0
3.25,0.0
3.3000000000000003,0.0
3.35,0.0
3.4000000000000004,0.0
3.45,0.0
3.5,0.0
3.5500000000000003,0.0
3.6,0.0
3.6500000000000004,0.0
3.7,0.0
3.75,0.0
3.8000000000000003,0.0
3.85,0.0
3.9000000000000004,0.0
3.95,0.0
4.0,0.0
4.05,0.0
4.1000000000000005,0.0
4.15,0.0
4.2,0.0
4.25,0.0
4.3,0.0
4.3500000000000005,0.0
4.4,0.0
4.45,0.0
4.5,0.0
4.55,0.0
4.6000000000000005,0.0
4.65,0.0
4.7,0.0
4.75,0.0
4.800000000000001,0.0
4.8500000000000005,0.0
4.9,0.0
4.95,0.0
5.0,0.0
5.050000000000001,0.0
5.1000000000000005,0.0
5.15,0.0
5.2,0.0
5.25,0.0
5.300000000000001,0.0
5.3500000000000005,0.0
5.4,0.0
5.45,0.0
5.5,0.0
5.550000000000001,0.0
5.6000000000000005,0.0
5.65,0.0
5.7,0.0
5.75,0.0
5.800000000000001,0.0
5.8500000000000005,0.0
5.9,0.0
5.95,0.0
6.0,0.0
6.050000000000001,0.0
6.1000000000000005,0.0
6.15,0.0
6.2,0.0
6.25,0.0
6.300000000000001,0.0
6.3500000000000005,0.0
6.4,0.0
6.45,0.0
6.5,0.0
6.550000000000001,0.0
6.6000000000000005,0.0
6.65,0.0
6.7,0.0
6.75,0.0
6.800000000000001,0.0
6.8500000000000005,0.0
6.9,0.0
6.95,0.0
7.0,0.0
7.050000000000001,0.0
7.1000000000000005,0.0
7.15,0.0
7.2,0.0
7.25,0.0
7.300000000000001,0.0
7.3500000000000005,0.0
7.4,0.0
7.45,0.0
7.5,0.0
7.550000000000001,0.0
7.6000000000000005,0.0
7.65,0.0
7.7,0.0
7.75,0.0
7.800000000000001,0.0
7.8500000000000005,0.0
7.9,0.0
7.95,0.0
8.0,0.0
8.05,0.0
8.1,0.0
8.15,0.0
8.200000000000001,0.0
8.25,0.0
8.3,0.0
8.35,0.0
8.4,0.0
8.450000000000001,0.0
8.5,0.0
8.55,0.0
8.6,0.0
8.65,0.0
8.700000000000001,0.0
8.75,0.0
8.8,0.0
8.85,0.0
8.9,0.0
8.950000000000001,0.0
9.0,0.0
9.05,0.0
9.1,0.0
9.15,0.0
9.200000000000001,0.0
9.25,0.0
9.3,0.0
9.35,0.0
9.4,0.0
9.450000000000001,0.0
9.5,0.0
9.55,0.0
9.600000000000001,0.0
9.65,0.0
9.700000000000001,0.0
9.75,0.0
9.8,0.0
9.850000000000001,0.0
9.9,0.0
9.950000000000001,0.0
10.0,0.0
10.05,0.0
10.100000000000001,0.0
10.15,0.0
10.200000000000001,0.0
10.25,0.0
10.3,0.0
10.350000000000001,0.0
10.4,0.0
10.450000000000001,0.0
10.5,0.0
10.55,0.0
10.600000000000001,0.0
10.65,0.0
10.700000000000001,0.0
10.75,0.0
10.8,0.0
10.850000000000001,0.0
10.9,0.0
10.950000000000001,0.0
11.0,0.0
11.05,0.0
11.100000000000001,0.0
11.15,0.0
11.200000000000001,0.0
11.25,0.0
11.3,0.0
11.350000000000001,0.0
11.4,0.0
11.450000000000001,0.0
11.5,0.0
11.55,0.0
11.600000000000001,0.0
11.65,0.0
11.700000000000001,0.0
11.75,0.0
11.8,0.0
11.850000000000001,0.0
11.9,0.0
11.950000000000001,0.0
12.0,0.0
12.05,0.0
12.100000000000001,0.0
12.15,0.0
12.200000000000001,0.0
12.25,0.0
12.3,0.0
12.350000000000001,0.0
12.4,0.0
12.450000000000001,0.0
12.5,0.0
12.55,0.0
12.600000000000001,0.0
12.65,0.0
12.700000000000001,0.0
12.75,0.0
12.8,0.0
12.850000000000001,0.0
12.9,0.0
12.950000000000001,0.0
13.0,0.0
13.05,0.0
13.100000000000001,0.0
13.15,0.0
13.200000000000001,0.0
13.25,0.0
13.3,0.0
13.350000000000001,0.0
13.4,0.0
13.450000000000001,0.0
13.5,0.0
13.55,0.0
13.600000000000001,0.0
13.65,0.0
13.700000000000001,0.0
13.75,0.0
13.8,0.0
13.850000000000001,0.0
13.9,0.0
13.950000000000001,0.0
14.0,0.0
14.05,0.0
14.100000000000001,0.0
14.15,0.0
14.200000000000001,0.0
14.25,0.0
14.3,0.0
14.350000000000001,0.0
14.4,0.0
14.450000000000001,0.0
14.5,0.0
14.55,0.0
14.600000000000001,0.0
14.65,0.0
14.700000000000001,0.0
14.75,0.0
14.8,0.0
14.850000000000001,0.0
14.9,0.0
14.950000000000001,0.0
15.0,0.0
15.05,0.0
15.100000000000001,0.0
15.15,0.0
15.200000000000001,0.0
15.25,0.0
15.3,0.0
15.350000000000001,0.0
15.4,0.0
15.450000000000001,0.0
15.5,0.0
15.55,0.0
15.600000000000001,0.0
15.65,0.0
15.700000000000001,0.0
15.75,0.0
15.8,0.0
15.850000000000001,0.0
15.9,0.0
15.950000000000001,0.0
16.0,0.0
16.05,0.0
16.1,0.0
16.150000000000002,0.0
16.2,0.0
16.25,0.0
16.3,0.0
16.35,0.0
16.400000000000002,0.0
16.45,0.0
16.5,0.0
16.55,0.0
16.6,0.0
16.650000000000002,0.0
16.7,0.0
16.75,0.0
16.8,0.0
16.85,0.0
16.900000000000002,0.0
16.95,0.0
17.0,0.0
17.05,0.0
17.1,0.0
17.150000000000002,0.0
17.2,0.0
17.25,0.0
17.3,0.0
17.35,0.0
17.400000000000002,0.0
17.45,0.0
17.5,0.0
17.55,0.0
17.6,0.0
17.650000000000002,0.0
17.7,0.0
17.75,0.0
17.8,0.0
17.85,0.0
17.900000000000002,0.0
17.95,0.0
18.0,0.0
18.05,0.0
18.1,0.0
18.150000000000002,0.0
18.2,0.0
18.25,0.0
18.3,0.0
18.35,0.0
18.400000000000002,0.0
18.45,0.0
18.5,0.0
18.55,0.0
18.6,0.0
18.650000000000002,0.0
18.7,0.0
18.75,0.0
18.8,0.0
18.85,0.0
18.900000000000002,0.0
18.95,0.0
19.0,0.0
19.05,0.0
19.1,0.0
19.150000000000002,0.0
19.200000000000003,0.0
19.25,0.0
19.3,0.0
19.35,0.0
19.400000000000002,0.0
19.450000000000003,0.0
19.5,0.0
19.55,0.0
19.6,0.0
19.650000000000002,0.0
19.700000000000003,0.0
19.75,0.0
19.8,0.0
19.85,0.0
19.900000000000002,0.0
19.950000000000003,0.0
20.0,0.0
20.05,0.0
20.1,0.0
20.150000000000002,0.0
20.200000000000003,0.0
20.25,0.0
20.3,0.0
20.35,0.0
20.400000000000002,0.0
20.450000000000003,0.0
20.5,0.0
20.55,0.0
20.6,0.0
20.650000000000002,0.0
20.700000000000003,0.0
20.75,0.0
20.8,0.0
20.85,0.0
20.900000000000002,0.0
20.950000000000003,0.0
21.0,0.0
21.05,0.0
21.1,0.0
21.150000000000002,0.0
21.200000000000003,0.0
21.25,0.0
21.3,0.0
21.35,0.0
21.400000000000002,0.0
21.450000000000003,0.0
21.5,0.0
21.55,0.0
21.6,0.0
21.650000000000002,0.0
21.700000000000003,0.0
21.75,0.0
21.8,0.0
21.85,0.0
21.900000000000002,0.0
21.950000000000003,0.0
22.0,0.0
22.05,0.0
22.1,0.0
22.150000000000002,0.0
22.200000000000003,0.0
22.25,0.0
22.3,0.0
22.35,0.0
22.400000000000002,0.0
22.450000000000003,0.0
22.5,0.0
22.55,0.0
22.6,0.0
22.650000000000002,0.0
22.700000000000003,0.0
22.75,0.0
22.8,0.0
22.85,0.0
22.900000000000002,0.0
22.950000000000003,0.0
23.0,0.0
23.05,0.0
23.1,0.0
23.150000000000002,0.0
23.200000000000003,0.0
23.25,0.0
23.3,0.0
23.35,0.0
23.400000000000002,0.0
23.450000000000003,0.0
23.5,0.0
23.55,0.0
23.6,0.0
23.650000000000002,0.0
23.700000000000003,0.0
23.75,0.0
23.8,0.0
23.85,0.0
23.900000000000002,0.0
23.950000000000003,0.0
24.0,0.0
24.05,0.0
24.1,0.0
24.150000000000002,0.0
24.200000000000003,0.0
24.25,0.0
24.3,0.0
24.35,0.0
24.400000000000002,0.0
24.450000000000003,0.0
24.5,0.0
24.55,0.0
24.6,0.0
24.650000000000002,0.0
24.700000000000003,0.0
24.75,0.0
24.8,0.0
24.85,0.0
24.900000000000002,0.0
24.950000000000003,0.0
25.0,0.0
25.05,0.0
25.1,0.0
25.150000000000002,0.0
25.200000000000003,0.0
25.25,0.0
25.3,0.0
25.35,0.0
25.400000000000002,0.0
25.450000000000003,0.0
25.5,0.0
25.55,0.0
25.6,0.0
25.650000000000002,0.0
25.700000000000003,0.0
25.75,0.0
25.8,0.0
25.85,0.0
25.900000000000002,0.0
25.950000000000003,0.0
26.0,0.0
26.05,0.0
26.1,0.0
26.150000000000002,0.0
26.200000000000003,0.0
26.25,0.0
26.3,0.0
26.35,0.0
26.400000000000002,0.0
26.450000000000003,0.0
26.5,0.0
26.55,0.0
26.6,0.0
26.650000000000002,0.0
26.700000000000003,0.0
26.75,0.0
26.8,0.0
26.85,0.0
26.900000000000002,0.0
26.950000000000003,0.0
27.0,0.0
27.05,0.0
27.1,0.0
27.150000000000002,0.0
27.200000000000003,0.0
27.25,0.0
27.3,0.0
27.35,0.0
27.400000000000002,0.0
27.450000000000003,0.0
27.5,0.0
27.55,0.0
27.6,0.0
27.650000000000002,0.0
27.700000000000003,0.0
27.75,0.0
27.8,0.0
27.85,0.0
27.900000000000002,0.0
27.950000000000003,0.0
28.0,0.0
28.05,0.0
28.1,0.0
28.150000000000002,0.0
28.200000000000003,0.0
28.25,0.0
28.3,0.0
28.35,0.0
28.400000000000002,0.0
28.450000000000003,0.0
28.5,0.0
28.55,0.0
28.6,0.0
28.650000000000002,0.0
28.700000000000003,0.0
28.75,0.0
28.8,0.0
28.85,0.0
28.900000000000002,0.0
28.950000000000003,0.0
29.0,0.0
29.05,0.0
29.1,0.0
29.150000000000002,0.0
29.200000000000003,0.0
29.25,0.0
29.3,0.0
29.35,0.0
29.400000000000002,0.0
29.450000000000003,0.0
29.5,0.0
29.55,0.0
29.6,0.0
29.650000000000002,0.0
29.700000000000003,0.0
29.75,0.0
29.8,0.0
29.85,0.0
29.900000000000002,4.936606145754149e-16
29.950000000000003,0.006947655499529744
30.0,0.0138953109990585
30.05,0.0136889699985336
30.1,0.0134826289980087
30.150000000000002,0.0148896211518639
30.200000000000003,0.016296613305718865
30.25,0.01440437549206965
30.3,0.0125121376784203
30.35,0.014122662584990456
30.400000000000002,0.015733187491560253
30.450000000000003,0.012270360474745303
30.5,0.0088075334579306
30.55,0.0091460614940084
30.6,0.0094845895300862
30.650000000000002,0.010639185884107942
30.700000000000003,0.01179378223812946
30.75,0.00980734332752085
30.8,0.0078209044169121
30.85,0.009131254348402196
30.900000000000002,0.010441604279892063
30.950000000000003,0.008501154092424112
31.0,0.0065607039049563
31.05,0.00711265555425945
31.1,0.0076646072035626
31.150000000000002,0.0077415294575627035
31.200000000000003,0.007818451711562814
31.25,0.00802556904928935
31.3,0.0082326863870159
31.35,0.007625768544935728
31.400000000000002,0.007018850702855607
31.450000000000003,0.0071120038972005565
31.5,0.0072051570915455
31.55,0.0056862322857417
31.6,0.0041673074799379
31.650000000000002,0.005107201290870033
31.700000000000003,0.006047095101802034
31.75,0.00511414498837105
31.8,0.00418119487494
31.85,0.005588043637067
31.900000000000002,0.006994892399193838
31.950000000000003,0.0061145484414834375
32.0,0.0052342044837731
32.050000000000004,0.0048460499320243725
32.1,0.0044578953802757
32.15,0.008355303869628523
32.2,0.0122527123589819
32.25,0.00793233683338665
32.300000000000004,0.00361196130779195
32.35,0.007481764505305825
32.4,0.0113515677028197
32.45,0.00810484717333447
32.5,0.0048581266438497
32.550000000000004,0.005059596967229314
32.6,0.0052610672906089
32.65,0.008190687236761193
32.7,0.0111203071829139
32.75,0.00898328188848005
32.800000000000004,0.006846256594046213
32.85,0.006937923935831206
32.9,0.0070295912776162
32.95,0.008284921432608939
33.0,0.0095402515876015
33.050000000000004,0.009052938939779065
33.1,0.0085656262919567
33.15,0.008745161576313937
33.2,0.0089246968606712
33.25,0.0082349751718996
33.300000000000004,0.007545253483128138
33.35,0.00851845189128112
33.4,0.0094916502994341
33.45,0.009946583480935632
33.5,0.0104015166624371
33.550000000000004,0.011257175222861711
33.6,0.0121128337832862
33.65,0.013986789253460617
33.7,0.0158607447236353
33.75,0.0144028190004417
33.800000000000004,0.012944893277248364
33.85,0.014799554925952033
33.9,0.0166542165746557
33.95,0.015851287437748794
34.0,0.015048358300842
34.050000000000004,0.015601189657037039
34.1,0.016154021013232
34.15,0.018288844521384247
34.2,0.0204236680295368
34.25,0.021371259950610802
34.300000000000004,0.022318851871685103
34.35,0.0244315023282912
34.4,0.0265441527848973
34.45,0.029308633581788947
34.5,0.0320731143786802
34.550000000000004,0.03525638952578348
34.6,0.0384396646728863
34.65,0.04221275635120573
34.7,0.0459858480295257
34.75,0.0465472285195858
34.800000000000004,0.04710860900964615
34.85,0.048887168050757726
34.9,0.0506657270918693
34.95,0.04748925979244692
35.0,0.044312792493025
35.050000000000004,0.045827656790861954
35.1,0.0473425210886987
35.15,0.04772501598938137
35.2,0.0481075108900641
35.25,0.0454124469397069
35.300000000000004,0.042717382989349774
35.35,0.043260294244677186
35.4,0.0438032055000046
35.45,0.04053494064243552
35.5,0.0372666757848669
35.550000000000004,0.03781431022327954
35.6,0.0383619446616921
35.65,0.038281733307746556
35.7,0.038201521953801
35.75,0.03516531138769295
35.800000000000004,0.03212910082158508
35.85,0.03339488736761899
35.9,0.0346606739136529
35.95,0.032389794381983986
36.0,0.0301189148503154
36.050000000000004,0.03147790197867285
36.1,0.0328368891070301
36.15,0.034578682906188825
36.2,0.0363204767053478
36.25,0.034016801179054
36.300000000000004,0.031713125652760535
36.35,0.03403392658602212
36.4,0.0363547275192837
36.45,0.03440270456159916
36.5,0.0324506816039149
36.550000000000004,0.03386386604656195
36.6,0.0352770504892088
36.65,0.03684578676493404
36.7,0.0384145230406595
36.75,0.036569578039832004
36.800000000000004,0.03472463303900457
36.85,0.03523158890376159
36.9,0.0357385447685186
36.95,0.034714310378766926
37.0,0.0336900759890154
37.050000000000004,0.03558602128896473
37.1,0.0374819665889138
37.15,0.04102426343892255
37.2,0.0445665602889318
37.25,0.04182284358494525
37.300000000000004,0.03907912688095906
37.35,0.04160210867682443
37.4,0.0441250904726898
37.45,0.04168390939394048
37.5,0.0392427283151915
37.550000000000004,0.039624081064289024
37.6,0.0400054338133865
37.65,0.0413842613424093
37.7,0.0427630888714323
37.75,0.0415777325789627
37.800000000000004,0.04039237628649335
37.85,0.04215277944271978
37.9,0.0439131825989462
37.95,0.041985121492670564
38.0,0.0400570603863952
38.050000000000004,0.04087021578168021
38.1,0.0416833711769651
38.15,0.042936858195069164
38.2,0.0441903452131734
38.25,0.0425818209567602
38.300000000000004,0.040973296700346856
38.35,0.03992449764132633
38.400000000000006,0.03887569858230691
38.45,0.04671192747027111
38.5,0.0545481563582353
38.550000000000004,0.07058495574167303
38.6,0.0866217551251085
38.650000000000006,0.10454877626325702
38.7,0.122475797401403
38.75,0.1378019101331465
38.800000000000004,0.15312802286489222
38.85,0.1686557792402506
38.900000000000006,0.18418353561561024
38.95,0.19292350456438462
39.0,0.201663473513159
39.050000000000004,0.21359542211541035
39.1,0.22552737071766
39.150000000000006,0.23753567589568084
39.2,0.2495439810737
39.25,0.2597487966340185
39.300000000000004,0.26995361219433894
39.35,0.28361973230317794
39.400000000000006,0.29728585241201816
39.45,0.3056593109582021
39.5,0.314032769504386
39.550000000000004,0.32859919434600354
39.6,0.343165619187619
39.650000000000006,0.35733660666238554
39.7,0.37150759413715
39.75,0.382986774760682
39.800000000000004,0.39446595538421636
39.85,0.4114397139834692
39.900000000000006,0.4284134725827236
39.95,0.4397517133601663
40.0,0.451089954137609
40.050000000000004,0.46554133585927104
40.1,0.479992717580931
40.150000000000006,0.4929818886805759
40.2,0.505971059780219
40.25,0.5161996901673135
40.300000000000004,0.5264283205544102
40.35,0.5418713826483361
40.400000000000006,0.5573144447422641
40.45,0.5725204134904186
40.5,0.587726382238573
40.550000000000004,0.6041566866898351
40.6,0.620586991141095
40.650000000000006,0.6366797028753266
40.7,0.652772414609556
40.75,0.6683254430868095
40.800000000000004,0.6838784715640654
40.85,0.7008526027996397
40.900000000000006,0.717826734035216
40.95,0.731686496184682
41.0,0.745546258334148
41.050000000000004,0.7603314026527245
41.1,0.775116546971299
41.150000000000006,0.7886845964082925
41.2,0.802252645845284
41.25,0.8164532827027335
41.300000000000004,0.830653919560185
41.35,0.8450487180642775
41.400000000000006,0.8594435165683715
41.45,0.8696810936505338
41.5,0.879918670732696
41.550000000000004,0.8920592024621654
41.6,0.904199734191633
41.650000000000006,0.9158574381266869
41.7,0.927515142061739
41.75,0.932746155394387
41.800000000000004,0.9379771687270366
41.85,0.9497551769107798
41.900000000000006,0.9615331850945225
41.95,0.9573558887122207
42.0,0.953178592329919
42.050000000000004,0.9655487752833448
42.1,0.977918958236769
42.150000000000006,0.9933343095706205
42.2,1.00874966090447
42.25,1.022467507232085
42.300000000000004,1.0361853535597019
42.35,1.0485900374944708
42.400000000000006,1.060994721429241
42.45,1.0692401827266655
42.5,1.07748564402409
42.550000000000004,1.0827802325382854
42.6,1.08807482105248
42.650000000000006,1.0954346126382204
42.7,1.10279440422396
42.75,1.111436309678115
42.800000000000004,1.1200782151322701
42.85,1.121098829825545
42.900000000000006,1.1221194445188212
42.95,1.1297768643660706
43.0,1.13743428421332
43.050000000000004,1.136731182727635
43.1,1.13602808124195
43.150000000000006,1.1318839754152947
43.2,1.12773986958864
43.25,1.1297856911494
43.300000000000004,1.13183151271016
43.35,1.1313161541345298
43.400000000000006,1.1308007955588992
43.45,1.1260255841341495
43.5,1.1212503727094
43.550000000000004,1.1200017516101999
43.6,1.118753130511
43.650000000000006,1.1164794488273448
43.7,1.11420576714369
43.75,1.090189640383765
43.800000000000004,1.066173513623839
43.85,1.0599489964855946
43.900000000000006,1.05372447934735
43.95,1.053065442086635
44.0,1.05240640482592
44.050000000000004,1.0463645832217046
44.1,1.04032276161749
44.150000000000006,1.0358894249116797
44.2,1.03145608820587
44.25,1.0428535929564302
44.300000000000004,1.0542510977069912
44.35,1.0612832404252006
44.400000000000006,1.0683153831434116
44.45,1.0788044863168957
44.5,1.08929358949038
44.550000000000004,1.0962551526832005
44.6,1.10321671587602
44.650000000000006,1.1147512394003207
44.7,1.12628576292462
44.75,1.1466109973697098
44.800000000000004,1.1669362318148022
44.85,1.1823405331994261
44.900000000000006,1.1977448345840533
44.95,1.2219383867889717
45.0,1.24613193899389
45.050000000000004,1.262303171044456
45.1,1.27847440309502
45.150000000000006,1.2962106020570012
45.2,1.31394680101898
45.25,1.31331915014585
45.300000000000004,1.3126914992727232
45.35,1.3349533047317417
45.400000000000006,1.3572151101907604
45.45,1.3611149733468002
45.5,1.36501483650284
45.550000000000004,1.391976716369037
45.6,1.41893859623523
45.650000000000006,1.4493909290268372
45.7,1.47984326181844
45.75,1.499650785146065
45.800000000000004,1.5194583084736952
45.85,1.5573404558192228
45.900000000000006,1.5952226031647576
45.95,1.6481963671058488
46.0,1.70117013104694
46.050000000000004,1.7386468122716026
46.1,1.77612349349626
46.150000000000006,1.8120763461795275
46.2,1.84802919886279
46.25,1.89661638122297
46.300000000000004,1.9452035635831557
46.35,1.9852958398523028
46.400000000000006,2.02538811612146
46.45,2.09259266508073
46.5,2.15979721404
46.550000000000004,2.2086732631266437
46.6,2.25754931221328
46.650000000000006,2.3088782413345337
46.7,2.36020717045578
46.75,2.4624029193810353
46.800000000000004,2.5645986683062985
46.85,2.622686614749189
46.900000000000006,2.680774561192094
46.95,2.781995994448827
47.0,2.88321742770556
47.050000000000004,2.941691617926789
47.1,3.00016580814801
47.150000000000006,3.0622331673537344
47.2,3.12430052655945
47.25,3.212128283121345
47.300000000000004,3.2999560396832495
47.35,3.3648267490030146
47.400000000000006,3.4296974583227904
47.45,3.5022993699330702
47.5,3.57490128154335
47.550000000000004,3.6354264767885893
47.6,3.69595167203382
47.650000000000006,3.7539290289446994
47.7,3.81190638585557
47.75,3.871316532750435
47.800000000000004,3.930726679645308
47.85,3.986621587689109
47.900000000000006,4.042516495732918
47.95,4.099865648565314
48.0,4.15721480139771
48.050000000000004,4.211295895576414
48.1,4.26537698975511
48.150000000000006,4.3174825188209285
48.2,4.36958804788674
48.25,4.4187020263254055
48.300000000000004,4.467816004764077
48.35,4.517344301791129
48.400000000000006,4.566872598818187
48.45,4.616418453367818
48.5,4.66596430791745
48.550000000000004,4.714718263184014
48.6,4.76347221845057
48.650000000000006,4.809377519720183
48.7,4.85528282098979
48.75,4.902156390280965
48.800000000000004,4.9490299595721465
48.85,4.995108918034519
48.900000000000006,5.041187876496897
48.95,5.089492392941463
49.0,5.13779690938603
49.050000000000004,5.190148848558564
49.1,5.24250078773109
49.150000000000006,5.286669771064633
49.2,5.33083875439817
49.25,5.374352764444694
49.300000000000004,5.417866774491226
49.35,5.462647981635898
49.400000000000006,5.507429188780576
49.45,5.549615950949033
49.5,5.59180271311749
49.550000000000004,5.634496784203118
49.6,5.67719085528874
49.650000000000006,5.720373889293867
49.7,5.76355692329899
49.75,5.80186189118786
49.800000000000004,5.840166859076736
49.85,5.882719052802583
49.900000000000006,5.925271246528435
49.95,5.961817378611907
50.0,5.99836351069538
50.050000000000004,6.0370970002286075
50.1,6.07583048976183
50.150000000000006,6.114502123716363
50.2,6.15317375767089
50.25,6.187552033172006
50.300000000000004,6.221930308673126
50.35,6.258042000590192
50.400000000000006,6.2941536925072645
50.45,6.3256838105669875
50.5,6.35721392862671
50.550000000000004,6.385934837992528
50.6,6.41465574735834
50.650000000000006,6.425687038590321
50.7,6.4367183298223
50.75,6.434596696808715
50.800000000000004,6.432475063795128
50.85,6.415028489824504
50.900000000000006,6.397581915853878
50.95,6.386761406017079
51.0,6.37594089618028
51.050000000000004,6.350462492512878
51.1,6.32498408884548
51.150000000000006,6.298969373924478
51.2,6.27295465900348
51.25,6.258580515028115
51.300000000000004,6.244206371052746
51.35,6.218932227552442
51.400000000000006,6.193658084052138
51.45,6.179228451211078
51.5,6.16479881837002
51.550000000000004,6.139595004995893
51.6,6.11439119162177
51.650000000000006,6.081149833650973
51.7,6.04790847568018
51.75,6.015044280032625
51.800000000000004,5.982180084385063
51.85,5.934971022002567
51.900000000000006,5.8877619596200645
51.95,5.849684797749637
52.0,5.81160763587921
52.050000000000004,5.758280176587577
52.1,5.70495271729595
52.150000000000006,5.649368725830541
52.2,5.59378473436514
52.25,5.549599362612774
52.300000000000004,5.505413990860401
52.35,5.44252706435526
52.400000000000006,5.379640137850112
52.45,5.323488312690741
52.5,5.26733648753137
52.550000000000004,5.190769118234719
52.6,5.11420174893808
52.650000000000006,5.035813593457345
52.7,4.95742543797662
52.75,4.890552780108445
52.800000000000004,4.8236801222402566
52.85,4.731779197383078
52.900000000000006,4.639878272525886
52.95,4.540545864252338
53.0,4.44121345597879
53.050000000000004,4.3046991459809405
53.1,4.16818483598311
53.150000000000006,4.02996745082559
53.2,3.89175006566809
53.25,3.78685678481739
53.300000000000004,3.6819635039666765
53.35,3.586737810770033
53.400000000000006,3.4915121175733814
53.45,3.4309221374067405
53.5,3.3703321572401
53.550000000000004,3.315272649221091
53.6,3.26021314120209
53.650000000000006,3.2178258618740068
53.7,3.17543858254593
53.75,3.133239999246035
53.800000000000004,3.0910414159461355
53.85,3.060363395708953
53.900000000000006,3.0296853754717654
53.95,2.9986608348909076
54.0,2.96763629431005
54.050000000000004,2.933206481727267
54.1,2.89877666914449
54.150000000000006,2.8542997569850668
54.2,2.80982284482565
54.25,2.7565023315682797
54.300000000000004,2.703181818310901
54.35,2.6411778768642757
54.400000000000006,2.579173935417642
54.45,2.523670789765771
54.5,2.4681676441139
54.550000000000004,2.409667221775111
54.6,2.35116679943633
54.650000000000006,2.239838495332167
54.7,2.12851019122802
54.75,2.05007343055225
54.800000000000004,1.9716366698764762
54.85,1.9446757447276182
54.900000000000006,1.9177148195787599
54.95,1.9158634132755998
55.0,1.91401200697244
55.050000000000004,1.9444023221397722
55.1,1.9747926373071
55.150000000000006,1.9843007705397957
55.2,1.99380890377249
55.25,1.983754343380775
55.300000000000004,1.973699782989056
55.35,1.946269334733963
55.400000000000006,1.9188388864788681
55.45,1.906148870358929
55.5,1.89345885423899
55.550000000000004,1.894074266278245
55.6,1.8946896783175
55.650000000000006,1.8976559490362501
55.7,1.900622219755
55.75,1.89495571038091
55.800000000000004,1.88928920100682
55.85,1.88904278528211
55.900000000000006,1.888796369557398
55.95,1.875065718189359
56.0,1.86133506682132
56.050000000000004,1.8282015317885527
56.1,1.79506799675579
56.150000000000006,1.7716974363847784
56.2,1.74832687601377
56.25,1.73446125525836
56.300000000000004,1.7205956345029496
56.35,1.7174482743961548
56.400000000000006,1.7143009142893655
56.45,1.7525892159991876
56.5,1.79087751770901
56.550000000000004,1.873645300000296
56.6,1.95641308229157
56.650000000000006,1.9806062236070117
56.7,2.00479936492245
56.75,1.975470199482525
56.800000000000004,1.946141034042607
56.85,1.9966399712492837
56.900000000000006,2.0471389084559624
56.95,2.063828115620656
57.0,2.08051732278535
57.050000000000004,2.109500913076117
57.1,2.13848450336688
57.150000000000006,2.1798410362176077
57.2,2.22119756906833
57.25,2.26311309202264
57.300000000000004,2.3050286149769565
57.35,2.3529343581661433
57.400000000000006,2.4008401013553358
57.45,2.443021774198458
57.5,2.48520344704158
57.550000000000004,2.5352422971035233
57.6,2.58528114716546
57.650000000000006,2.6351121842356986
57.7,2.68494322130593
57.75,2.725414933102205
57.800000000000004,2.765886644898487
57.85,2.8148961567460136
57.900000000000006,2.863905668593547
57.95,2.9135332692086235
58.0,2.9631608698237
58.050000000000004,3.019588091321709
58.1,3.07601531281971
58.150000000000006,3.1312457272885488
58.2,3.18647614175738
58.25,3.23529616857532
58.300000000000004,3.2841161953932674
58.35,3.338666723411874
58.400000000000006,3.393217251430486
58.45,3.4375443465669333
58.5,3.48187144170338
58.550000000000004,3.5314338194348283
58.6,3.58099619716627
58.650000000000006,3.6291487615917886
58.7,3.6773013260173
58.75,3.7092813507781752
58.800000000000004,3.741261375539057
58.85,3.7920727865136286
58.900000000000006,3.842884197488206
58.95,3.882953253182643
59.0,3.92302230887708
59.050000000000004,3.9714126776459384
59.1,4.01980304641479
59.150000000000006,4.060399452209933
59.2,4.10099585800507
59.25,4.1327207331636
59.300000000000004,4.164445608322136
59.35,4.206917788772228
59.400000000000006,4.249389969222326
59.45,4.294663524913428
59.5,4.33993708060453
59.550000000000004,4.387857557602284
59.6,4.43577803460003
59.650000000000006,4.480214566402293
59.7,4.52465109820455
59.75,4.560189547657005
59.800000000000004,4.595727997109465
59.85,4.635944192030263
59.900000000000006,4.676160386951065
59.95,4.713132828857067
60.0,4.75010527076307
60.050000000000004,4.785889048287827
60.1,4.82167282581258
60.150000000000006,4.852235793041527
60.2,4.88279876027047
60.25,4.916977370180155
60.300000000000004,4.951155980089844
60.35,4.975520956959541
60.400000000000006,4.999885933829243
60.45,5.027822484119052
60.5,5.05575903440886
60.550000000000004,5.0610832979497555
60.6,5.06640756149065
60.650000000000006,5.056232093362669
60.7,5.04605662523469
60.75,5.039322374271335
60.800000000000004,5.032588123307978
60.85,5.011023161013979
60.900000000000006,4.989458198719979
60.95,4.981796327102489
61.0,4.974134455485
61.050000000000004,4.954693744001664
61.1,4.93525303251833
61.150000000000006,4.914072334112978
61.2,4.89289163570763
61.25,4.8846449432028045
61.300000000000004,4.876398250697977
61.35,4.860054360403669
61.400000000000006,4.843710470109359
61.45,4.83783796685608
61.5,4.8319654636028
61.550000000000004,4.818076752971669
61.6,4.80418804234054
61.650000000000006,4.778063799960273
61.7,4.75193955758001
61.75,4.73171720419521
61.800000000000004,4.711494850810405
61.85,4.677427432442247
61.900000000000006,4.643360014074085
61.95,4.610936619831078
62.0,4.57851322558807
62.050000000000004,4.536739151888032
62.1,4.494965078188
62.150000000000006,4.453533519443762
62.2,4.41210196069953
62.25,4.37195853649134
62.300000000000004,4.331815112283143
62.35,4.288380511925442
62.400000000000006,4.244945911567732
62.45,4.190757843936821
62.5,4.13656977630591
62.550000000000004,4.086706303722567
62.6,4.03684283113923
62.650000000000006,3.9890449850753367
62.7,3.94124713901145
62.75,3.892993008952335
62.800000000000004,3.8447388788932124
62.85,3.792112835801911
62.900000000000006,3.739486792710602
62.95,3.684496094387151
63.0,3.6295053960637
63.050000000000004,3.571534531779096
63.1,3.5135636674945
63.150000000000006,3.4585360935096063
63.2,3.40350851952472
63.25,3.34887551058691
63.300000000000004,3.2942425016490917
63.35,3.2343877428158256
63.400000000000006,3.1745329839825516
63.45,3.1150139439535205
63.5,3.05549490392449
63.550000000000004,2.9907819437617453
63.6,2.92606898359901
63.650000000000006,2.868840858782196
63.7,2.81161273396539
63.75,2.760636655747565
63.800000000000004,2.7096605775297316
63.85,2.6490758652421404
63.900000000000006,2.5884911529545445
63.95,2.5511722813177724
64.0,2.513853409681
64.05,2.4584373995111353
64.10000000000001,2.403021389341254
64.15,2.346413336132307
64.2,2.28980528292336
64.25,2.252193115756675
64.3,2.21458094858999
64.35000000000001,2.1603479487867174
64.4,2.10611494898346
64.45,2.0654208427695098
64.5,2.02472673655556
64.55,1.96361186025069
64.60000000000001,1.9024969839458061
64.65,1.853805324071518
64.7,1.80511366419723
64.75,1.7668466927106952
64.8,1.72857972122416
64.85000000000001,1.6780691746191227
64.9,1.6275586280141
64.95,1.6019485738546848
65.0,1.57633851969527
65.05,1.54037341432808
65.10000000000001,1.5044083089608775
65.15,1.4606353612710288
65.2,1.41686241358118
65.25,1.38863364756865
65.3,1.36040488155612
65.35000000000001,1.3152355359294285
65.4,1.27006619030275
65.45,1.2252026665307598
65.5,1.18033914275877
65.55,1.13454744512504
65.60000000000001,1.088755747491299
65.65,1.0499493514617995
65.7,1.0111429554323
65.75,0.9864084256512835
65.8,0.961673895870267
65.85000000000001,0.9342676001882916
65.9,0.906861304506324
65.95,0.890982448114221
66.0,0.875103591722118
66.05,0.8597310625360085
66.10000000000001,0.8443585333498956
66.15,0.8325321537696838
66.2,0.820705774189472
66.25,0.8095506602053175
66.3,0.798395546221163
66.35000000000001,0.7888160249867766
66.4,0.779236503752393
66.45,0.770603517068533
66.5,0.761970530384673
66.55,0.760982523275599
66.60000000000001,0.7599945161665264
66.65,0.7647184862212847
66.7,0.769442456276043
66.75,0.781611439310208
66.8,0.793780422344373
66.85000000000001,0.8173180173483938
66.9,0.840855612352408
66.95,0.864956584391102
67.0,0.889057556429796
67.05,0.927156098289457
67.10000000000001,0.9652546401491291
67.15,1.0043320884542095
67.2,1.04340953675929
67.25,1.0703106354653649
67.3,1.09721173417144
67.35000000000001,1.1303622853548547
67.4,1.16351283653826
67.45,1.18002021840937
67.5,1.19652760028048
67.55,1.20725407808039
67.60000000000001,1.2179805558803027
67.65,1.2273470762122614
67.7,1.23671359654422
67.75,1.24248748630282
67.8,1.24826137606142
67.85000000000001,1.2518163450881254
67.9,1.25537131411483
67.95,1.2548836407405348
68.0,1.25439596736624
68.05,1.23756376317477
68.10000000000001,1.2207315589832959
68.15,1.206098666979213
68.2,1.19146577497513
68.25,1.1324253169355
68.3,1.07338485889587
68.35000000000001,1.0025075481483214
68.4,0.931630237400793
68.45,0.871111585685701
68.5,0.810592933970609
68.55,0.768392168121441
68.60000000000001,0.7261914022722673
68.65,0.7062179526661341
68.7,0.686244503060001
68.75,0.6741007708653846
68.8,0.661957038670768
68.85000000000001,0.655065989685217
68.9,0.648174940699668
68.95,0.6463475272307531
69.0,0.644520113761838
69.05,0.6379793675543814
69.10000000000001,0.6314386213469243
69.15,0.6292239456630522
69.2,0.62700926997918
69.25,0.6337560306490225
69.3,0.640502791318865
69.35000000000001,0.644054619197376
69.4,0.647606447075886
69.45,0.6513506381981791
69.5,0.655094829320472
69.55,0.6601666611806369
69.60000000000001,0.6652384930408045
69.65,0.6743275925983407
69.7,0.683416692155877
69.75,0.699944984636057
69.8,0.716473277116237
69.85000000000001,0.7367546093367319
69.9,0.757035941557221
69.95,0.7804470117472895
70.0,0.803858081937358
70.05,0.828174750659596
70.10000000000001,0.8524914193818414
70.15,0.8784592716945957
70.2,0.90442712400735
70.25,0.9259341645851995
70.3,0.947441205163049
70.35000000000001,0.9719723138337535
70.4,0.996503422504451
70.45,1.0176056128218955
70.5,1.03870780313934
70.55,1.062301137629265
70.60000000000001,1.0858944721191963
70.65,1.1079581814737933
70.7,1.13002189082839
70.75,1.1461123316529
70.8,1.16220277247741
70.85000000000001,1.1811999986743877
70.9,1.20019722487136
70.95,1.2175943048927351
71.0,1.23499138491411
71.05,1.2545670809696001
71.10000000000001,1.2741427770250924
71.15,1.2830126817393563
71.2,1.29188258645362
71.25,1.2870328531839301
71.3,1.28218311991424
71.35000000000001,1.2788612489002595
71.4,1.27553937788628
71.45,1.28307216289896
71.5,1.29060494791164
71.55,1.2720343812753399
71.60000000000001,1.2534638146390418
71.65,1.259989916396876
71.7,1.26651601815471
71.75,1.3196962116051099
71.8,1.37287640505551
71.85000000000001,1.4243535747198073
71.9,1.47583074438409
71.95,1.5236564342848449
72.0,1.5714821241856
72.05,1.63702416385535
72.10000000000001,1.7025662035251212
72.15,1.7774465048530106
72.2,1.8523268061809
72.25,1.903112105032815
72.3,1.95389740388473
72.35000000000001,2.0122656834572985
72.4,2.07063396302985
72.45,2.116789563934775
72.5,2.1629451648397
72.55,2.2096180040251
72.60000000000001,2.256290843210512
72.65,2.298404911693571
72.7,2.34051898017663
72.75,2.3836468589624
72.8,2.42677473774817
72.85000000000001,2.4743012395190966
72.9,2.52182774129001
72.95,2.560811407256465
73.0,2.59979507322292
73.05,2.64418024396534
73.10000000000001,2.6885654147077727
73.15,2.7341257801927914
73.2,2.77968614567781
73.25,2.82544096716019
73.3,2.87119578864257
73.35000000000001,2.9185559604148468
73.4,2.96591613218711
73.45,3.0115713576558454
73.5,3.05722658312458
73.55,3.1090113280548204
73.60000000000001,3.1607960729850744
73.65,3.2114852166709125
73.7,3.26217436035675
73.75,3.30765660310339
73.8,3.35313884585003
73.85000000000001,3.404312355467757
73.9,3.45548586508547
73.95,3.505798126135115
74.0,3.55611038718476
74.05,3.6088294648647548
74.10000000000001,3.6615485425447662
74.15,3.719568966052868
74.2,3.77758938956097
74.25,3.829533584709245
74.3,3.88147777985752
74.35000000000001,3.9421921871971186
74.4,4.0029065945367
74.45,4.053198519703085
74.5,4.10349044486947
74.55,4.1574766483429295
74.60000000000001,4.211462851816405
74.65,4.263201489900492
74.7,4.31494012798458
74.75,4.35991122414773
74.8,4.40488232031088
74.85000000000001,4.462563015945993
74.9,4.52024371158109
74.95,4.5729531957424605
75.0,4.62566267990383
75.05,4.679864144660256
75.10000000000001,4.734065609416695
75.15,4.787549548984552
75.2,4.84103348855241
75.25,4.88708800474173
75.3,4.93314252093105
75.35000000000001,4.984707830410588
75.4,5.03627313989011
75.45,5.08084008001864
75.5,5.12540702014717
75.55,5.1763928233858305
75.60000000000001,5.227378626624503
75.65,5.274780450832432
75.7,5.32218227504036
75.75,5.36763319529245
75.8,5.41308411554454
75.85000000000001,5.460231135791142
75.9,5.50737815603773
75.95,5.550679663320935
76.0,5.59398117060414
76.05,5.637450554180321
76.10000000000001,5.680919937756513
76.15,5.726086312660581
76.2,5.77125268756465
76.25,5.8100833844178155
76.3,5.84891408127098
76.35000000000001,5.88621238077447
76.4,5.92351068027795
76.45,5.96144979661249
76.5,5.99938891294703
76.55,6.03645100250646
76.60000000000001,6.073513092065897
76.65,6.100054368263189
76.7,6.12659564446048
76.75,6.14534064095079
76.80000000000001,6.164085637441101
76.85000000000001,6.166851633334121
76.9,6.16961762922714
76.95,6.167524725925825
77.0,6.16543182262451
77.05000000000001,6.150877690549605
77.10000000000001,6.136323558474707
77.15,6.127464779673644
77.2,6.11860600087258
77.25,6.119536268674045
77.30000000000001,6.120466536475509
77.35000000000001,6.118437818400309
77.4,6.11640910032511
77.45,6.1251447395459895
77.5,6.13388037876687
77.55000000000001,6.141441350229017
77.60000000000001,6.149002321691163
77.65,6.159728497684622
77.7,6.17045467367808
77.75,6.184826661508525
77.80000000000001,6.199198649338975
77.85000000000001,6.214606631616337
77.9,6.2300146138937
77.95,6.246687919289656
78.0,6.26336122468561
78.05000000000001,6.27964885491791
78.10000000000001,6.295936485150205
78.15,6.3123889014669174
78.2,6.32884131778363
78.25,6.346678650342135
78.30000000000001,6.364515982900645
78.35000000000001,6.382148286022223
78.4,6.3997805891438
78.45,6.416566251247771
78.5,6.43335191335174
78.55000000000001,6.4522591401497955
78.60000000000001,6.471166366947845
78.65,6.487179264075798
78.7,6.50319216120375
78.75,6.519518241168775
78.80000000000001,6.535844321133806
78.85000000000001,6.554954485879963
78.9,6.57406465062612
78.95,6.599177378948795
79.0,6.62429010727147
79.05000000000001,6.650810038087252
79.10000000000001,6.677329968903029
79.15,6.707137601114694
79.2,6.73694523332636
79.25,6.76366220636961
79.30000000000001,6.79037917941287
79.35000000000001,6.825551588828665
79.4,6.86072399824446
79.45,6.890906954534914
79.5,6.92108991082537
79.55000000000001,6.95681380807865
79.60000000000001,6.9925377053319195
79.65,7.02729532820797
79.7,7.06205295108402
79.75,7.09750077697366
79.80000000000001,7.13294860286331
79.85000000000001,7.170124664417475
79.9,7.20730072597164
79.95,7.24197238181412
80.0,7.2766440376566
80.05000000000001,7.314840852818101
80.10000000000001,7.3530376679795895
80.15,7.387370174035355
80.2,7.42170268009112
80.25,7.46003006034166
80.30000000000001,7.49835744059221
80.35000000000001,7.533649639748165
80.4,7.56894183890412
80.45,7.600570663943525
80.5,7.63219948898293
80.55000000000001,7.660945535915863
80.60000000000001,7.689691582848788
80.65,7.716944845946228
80.7,7.74419810904367
80.75,7.76309108152979
80.80000000000001,7.781984054015914
80.85000000000001,7.794188184351407
80.9,7.8063923146869
80.95,7.8211527391653
81.0,7.8359131636437
81.05000000000001,7.831925761789429
81.10000000000001,7.827938359935157
81.15,7.816259971102249
81.2,7.80458158226934
81.25,7.797836930096285
81.30000000000001,7.791092277923226
81.35000000000001,7.776151066868423
81.4,7.76120985581362
81.45,7.761590860105946
81.5,7.76197186439827
81.55000000000001,7.765338654641481
81.60000000000001,7.7687054448846915
81.65,7.77385435843337
81.7,7.77900327198205
81.75,7.79194084298924
81.80000000000001,7.804878413996432
81.85000000000001,7.813930871464961
81.9,7.82298332893349
81.95,7.839698324002465
82.0,7.85641331907144
82.05000000000001,7.864647922267813
82.10000000000001,7.872882525464183
82.15,7.881112637167171
82.2,7.88934274887016
82.25,7.903384403525955
82.30000000000001,7.917426058181753
82.35000000000001,7.926553318193266
82.4,7.93568057820478
82.45,7.949712813685999
82.5,7.96374504916722
82.55000000000001,7.974809389370603
82.60000000000001,7.985873729573982
82.65,7.996090222747092
82.7,8.0063067159202
82.75,8.01695899539477
82.80000000000001,8.027611274869344
82.85000000000001,8.037566504165866
82.9,8.04752173346239
82.95,8.056935768825614
83.0,8.06634980418884
83.05000000000001,8.073500726203157
83.10000000000001,8.080651648217472
83.15,8.088580494293456
83.2,8.09650934036944
83.25,8.10308200832754
83.30000000000001,8.109654676285642
83.35000000000001,8.119023325784111
83.4,8.12839197528258
83.45,8.139489305079135
83.5,8.15058663487569
83.55000000000001,8.159622732662347
83.60000000000001,8.168658830449004
83.65,8.179915977642247
83.7,8.19117312483549
83.75,8.204922222461745
83.80000000000001,8.218671320088003
83.85000000000001,8.232956041975447
83.9,8.24724076386289
83.95,8.259808539645764
84.0,8.27237631542864
84.05000000000001,8.290195266791434
84.10000000000001,8.308014218154224
84.15,8.322494761784437
84.2,8.33697530541465
84.25,8.354058863259805
84.30000000000001,8.371142421104965
84.35000000000001,8.390466783706863
84.4,8.40979114630876
84.45,8.421614967586015
84.5,8.43343878886327
84.55000000000001,8.452720717785937
84.60000000000001,8.472002646708594
84.65,8.482988788301917
84.7,8.49397492989524
84.75,8.495367321705224
84.80000000000001,8.496759713515207
84.85000000000001,8.487040509650415
84.9,8.47732130578562
84.95,8.466365263046125
85.0,8.45540922030663
85.05000000000001,8.437464103179515
85.10000000000001,8.419518986052404
85.15,8.399840071108917
85.2,8.38016115616543
85.25,8.36841838571574
85.30000000000001,8.356675615266045
85.35000000000001,8.340065867953614
85.4,8.32345612064118
85.45,8.310363404884406
85.5,8.29727068912763
85.55000000000001,8.280041795223916
85.60000000000001,8.262812901320205
85.65,8.246846365056173
85.7,8.23087982879214
85.75,8.21561747682769
85.80000000000001,8.200355124863234
85.85000000000001,8.184393062941657
85.9,8.16843100102008
85.95,8.151790209810116
86.0,8.13514941860015
86.05000000000001,8.11913789056531
86.10000000000001,8.103126362530478
86.15,8.09564594219382
86.2,8.08816552185716
86.25,8.09149797320287
86.30000000000001,8.094830424548583
86.35000000000001,8.107873124015383
86.4,8.12091582348218
86.45,8.138530921614375
86.5,8.15614601974657
86.55000000000001,8.180954009288376
86.60000000000001,8.205761998830177
86.65,8.233497881337849
86.7,8.26123376384552
86.75,8.293689345926225
86.80000000000001,8.32614492800694
86.85000000000001,8.36187225188197
86.9,8.397599575757
86.95,8.43135591568322
87.0,8.46511225560944
87.05000000000001,8.503193582589837
87.10000000000001,8.541274909570223
87.15,8.58296565241971
87.2,8.6246563952692
87.25,8.66262527893622
87.30000000000001,8.70059416260325
87.35000000000001,8.740716314211376
87.4,8.7808384658195
87.45,8.813974901349665
87.5,8.84711133687983
87.55000000000001,8.887470308672352
87.60000000000001,8.927829280464861
87.65,8.966080683156726
87.7,9.00433208584859
87.75,9.037732714842015
87.80000000000001,9.07113334383545
87.85000000000001,9.111728314740205
87.9,9.15232328564496
87.95,9.18153188906086
88.0,9.21074049247676
88.05000000000001,9.24336454735512
88.10000000000001,9.275988602233468
88.15,9.305256398434834
88.2,9.3345241946362
88.25,9.361004620298855
88.30000000000001,9.387485045961519
88.35000000000001,9.417717966691853
88.4,9.44795088742219
88.45,9.47873416431868
88.5,9.50951744121517
88.55000000000001,9.538895467450983
88.60000000000001,9.568273493686789
88.65,9.596957292850794
88.7,9.6256410920148
88.75,9.652341306620345
88.80000000000001,9.6790415212259
88.85000000000001,9.71238139775452
88.9,9.74572127428314
88.95,9.781653085246859
89.0,9.81758489621058
89.05000000000001,9.848709473183254
89.10000000000001,9.879834050155917
89.15,9.904751933986239
89.2,9.92966981781656
89.25,9.959668459484984
89.30000000000001,9.989667101153417
89.35000000000001,10.01559640678436
89.4,10.0415257124153
89.45,10.0716810927653
89.5,10.1018364731153
89.55000000000001,10.13011856820066
89.60000000000001,10.158400663286008
89.65,10.185791776009854
89.7,10.2131828887337
89.75,10.2410156736369
89.80000000000001,10.268848458540107
89.85000000000001,10.293931462228905
89.9,10.3190144659177
89.95,10.3396598524456
90.0,10.3603052389735
90.05000000000001,10.382978312982107
90.10000000000001,10.405651386990707
90.15,10.427549197332104
90.2,10.4494470076735
90.25,10.470649560673099
90.30000000000001,10.491852113672705
90.35000000000001,10.512221509531603
90.4,10.5325909053905
90.45,10.55128878640565
90.5,10.5699866674208
90.55000000000001,10.584156833217154
90.60000000000001,10.598326999013501
90.65,10.602059860910101
90.7,10.6057927228067
90.75,10.6029703519636
90.80000000000001,10.600147981120495
90.85000000000001,10.582639492953147
90.9,10.5651310047858
90.95,10.55249714597835
91.0,10.5398632871709
91.05000000000001,10.528524843843547
91.10000000000001,10.517186400516199
91.15,10.508050092976399
91.2,10.4989137854366
91.25,10.49979924364855
91.30000000000001,10.500684701860498
91.35000000000001,10.494281788719398
91.4,10.4878788755783
91.45,10.483889062568
91.5,10.4798992495577
91.55000000000001,10.475712406116198
91.60000000000001,10.471525562674698
91.65,10.4657677575109
91.7,10.4600099523471
91.75,10.4619155671631
91.80000000000001,10.463821181979098
91.85000000000001,10.458438843383949
91.9,10.4530565047888
91.95,10.44955769924005
92.0,10.4460588936913
92.05000000000001,10.444396217209698
92.10000000000001,10.4427335407281
92.15,10.4423863026331
92.2,10.4420390645381
92.25,10.4479155954501
92.30000000000001,10.4537921263621
92.35000000000001,10.4568742926837
92.4,10.4599564590053
92.45,10.4608924300367
92.5,10.4618284010681
92.55000000000001,10.46366141261405
92.60000000000001,10.465494424160001
92.65,10.47062565902275
92.7,10.4757568938855
92.75,10.476910057115699
92.80000000000001,10.478063220345902
92.85000000000001,10.481999261929401
92.9,10.4859353035129
92.95,10.48493209792225
93.0,10.4839288923316
93.05000000000001,10.488753599126651
93.10000000000001,10.4935783059217
93.15,10.4942406180074
93.2,10.4949029300931
93.25,10.493976518107148
93.30000000000001,10.4930501061212
93.35000000000001,10.49396370297235
93.4,10.4948772998235
93.45,10.4811620833312
93.5,10.4674468668389
93.55000000000001,10.451470114836145
93.60000000000001,10.435493362833395
93.65,10.413880295386846
93.7,10.3922672279403
93.75,10.37416779611915
93.80000000000001,10.356068364297997
93.85000000000001,10.342388812133997
93.9,10.32870925997
93.95,10.31852035543995
94.0,10.3083314509099
94.05000000000001,10.294565891860296
94.10000000000001,10.280800332810696
94.15,10.267673966232298
94.2,10.2545475996539
94.25,10.24274153351125
94.30000000000001,10.230935467368596
94.35000000000001,10.215446315129297
94.4,10.19995716289
94.45,10.1858090111388
94.5,10.1716608593876
94.55000000000001,10.157645853951346
94.60000000000001,10.143630848515095
94.65,10.127804326412148
94.7,10.1119778043092
94.75,10.095981886516899
94.80000000000001,10.079985968724595
94.85000000000001,10.064028549347297
94.9,10.04807112997
94.95,10.0311652095445
95.0,10.014259289119
95.05000000000001,9.99870277792778
95.10000000000001,9.983146266736567
95.15,9.968008524553253
95.2,9.95287078236994
95.25,9.944308240111535
95.30000000000001,9.935745697853125
95.35000000000001,9.918432708975288
95.4,9.90111972009745
95.45,9.884322166867264
95.5,9.86752461363708
95.55000000000001,9.8503332454236
95.60000000000001,9.833141877210124
95.65,9.817379803937383
95.7,9.80161773066464
95.75,9.78699046255807
95.80000000000001,9.772363194451495
95.85000000000001,9.756461118473728
95.9,9.74055904249596
95.95,9.722931584177815
96.0,9.70530412585967
96.05000000000001,9.685250998834858
96.10000000000001,9.665197871810054
96.15,9.647110746952618
96.2,9.62902362209518
96.25,9.610855772165731
96.30000000000001,9.592687922236275
96.35000000000001,9.575785307994897
96.4,9.55888269375352
96.45,9.545644764239924
96.5,9.53240683472633
96.55000000000001,9.514138098038956
96.60000000000001,9.495869361351584
96.65,9.477407011333588
96.7,9.45894466131559
96.75,9.44200035406072
96.80000000000001,9.42505604680584
96.85000000000001,9.39606240422921
96.9,9.36706876165258
96.95,9.328319936387075
97.0,9.28957111112157
97.05000000000001,9.25248181223499
97.10000000000001,9.215392513348418
97.15,9.172587574807045
97.2,9.12978263626567
97.25,9.092257224469865
97.30000000000001,9.054731812674047
97.35000000000001,9.008258604758554
97.4,8.96178539684306
97.45,8.92153501689614
97.5,8.88128463694922
97.55000000000001,8.831346324141055
97.60000000000001,8.781408011332905
97.65,8.731564497246662
97.7,8.68172098316042
97.75,8.637271382550084
97.80000000000001,8.592821781939735
97.85000000000001,8.542488293803132
97.9,8.49215480566653
97.95,8.440862621063424
98.0,8.38957043646032
98.05000000000001,8.3349025948185
98.10000000000001,8.280234753176694
98.15,8.224918137623348
98.2,8.16960152207
98.25,8.111035627978445
98.30000000000001,8.052469733886873
98.35000000000001,7.9961332002501715
98.4,7.93979666661347
98.45,7.884108748255055
98.5,7.82842082989664
98.55000000000001,7.763110393999097
98.60000000000001,7.697799958101572
98.65,7.636240603025452
98.7,7.57468124794933
98.75,7.505225120797805
98.80000000000001,7.435768993646258
98.85000000000001,7.356797839197644
98.9,7.27782668474903
98.95,7.206795273823685
99.0,7.13576386289834
99.05000000000001,7.058743831302873
99.10000000000001,6.981723799707428
99.15,6.902828144343804
99.2,6.82393248898018
99.25,6.747604318634185
99.30000000000001,6.671276148288168
99.35000000000001,6.593037747261289
99.4,6.51479934623441
99.45,6.440032261804255
99.5,6.3652651773741
99.55000000000001,6.287321271068258
99.60000000000001,6.209377364762437
99.65,6.128387148358484
99.7,6.04739693195453
99.75,5.95332740438465
99.80000000000001,5.859257876814742
99.85000000000001,5.762579838931441
99.9,5.66590180104814
99.95,5.5644750765099795
100.0,5.46304835197182
100.05000000000001,5.356029243946114
100.10000000000001,5.249010135920439
100.15,5.1406718007969845
100.2,5.03233346567353
100.25,4.929439031901405
100.30000000000001,4.826544598129253
100.35000000000001,4.733946940206912
100.4,4.64134928228457
100.45,4.556751154032295
100.5,4.47215302578002
100.55000000000001,4.391760048256157
100.60000000000001,4.311367070732317
100.65,4.230792005642349
100.7,4.15021694055238
100.75,4.06314741365608
100.80000000000001,3.976077886759753
100.85000000000001,3.8811008429205613
100.9,3.78612379908137
100.95,3.684441028185145
101.0,3.58275825728892
101.05000000000001,3.485350103044907
101.10000000000001,3.387941948800922
101.15,3.290165817235351
101.2,3.19238968566978
101.25,3.0921049868890798
101.30000000000001,2.991820288108353
101.35000000000001,2.8965348930586714
101.4,2.80124949800899
101.45,2.696208892973805
101.5,2.59116828793862
101.55000000000001,2.496181854598373
101.60000000000001,2.401195421258154
101.65,2.310642881508747
101.7,2.22009034175934
101.75,2.12467275096766
101.80000000000001,2.029255160175957
101.85000000000001,1.9487039952987486
101.9,1.86815283042154
101.95,1.78254229892377
102.0,1.696931767426
102.05000000000001,1.6254802788457248
102.10000000000001,1.5540287902654715
102.15,1.4894769696958308
102.2,1.42492514912619
102.25,1.350144312371315
102.30000000000001,1.275363475616423
102.35000000000001,1.2149307596012013
102.4,1.15449804358598
102.45,1.081491744975545
102.5,1.00848544636511
102.55000000000001,0.9494227634657377
102.60000000000001,0.8903600805663827
102.65,0.8328954568899848
102.7,0.775430833213587
102.75,0.7010732011345515
102.80000000000001,0.6267155690555052
102.85000000000001,0.5889647958462556
102.9,0.551214022637006
102.95,0.5070291119201675
103.0,0.462844201203329
103.05000000000001,0.44332620216211494
103.10000000000001,0.4238082031209105
103.15,0.4185960056634508
103.2,0.413383808205991
103.25,0.4049241336628885
103.30000000000001,0.39646445911978745
103.35000000000001,0.40158810480040824
103.4,0.406711750481029
103.45,0.37695257662405246
103.5,0.347193402767076
103.55000000000001,0.3480657114939367
103.60000000000001,0.348938020220797
103.65,0.34885221383356046
103.7,0.348766407446324
103.75,0.3284417070369525
103.80000000000001,0.30811700662758135
103.85000000000001,0.30920220351821814
103.9,0.310287400408855
103.95,0.30307906774244053
104.0,0.295870735076026
104.05000000000001,0.29527246058908385
104.10000000000001,0.29467418610214174
104.15,0.2937780733716564
104.2,0.292881960641171
104.25,0.2851052851835765
104.30000000000001,0.27732860972598194
104.35000000000001,0.2771466894483045
104.4,0.276964769170627
104.45,0.268411807576579
104.5,0.259858845982531
104.55000000000001,0.26001381130961104
104.60000000000001,0.2601687766366907
104.65,0.25892957671011385
104.7,0.257690376783537
104.75,0.2487736510059595
104.80000000000001,0.2398569252283817
104.85000000000001,0.23879903561716787
104.9,0.237741146005954
104.95,0.2311166884565095
105.0,0.224492230907065
105.05000000000001,0.22394096375558534
105.10000000000001,0.22338969660410551
105.15,0.22169339321779724
105.2,0.219997089831489
105.25,0.21401036128919798
105.30000000000001,0.20802363274690663
105.35000000000001,0.20676051512914884
105.4,0.205497397511391
105.45,0.1979860099684865
105.5,0.190474622425582
105.55000000000001,0.18856395350576044
105.60000000000001,0.18665328458593944
105.65,0.18469486639255972
105.7,0.18273644819918
105.75,0.1765547130313595
105.80000000000001,0.1703729778635383
105.85000000000001,0.16789014506000766
105.9,0.165407312256477
105.95,0.1573211851580085
106.0,0.14923505805954
106.05000000000001,0.14777637553560558
106.10000000000001,0.1463176930116717
106.15,0.14525541077464335
106.2,0.144193128537615
106.25,0.1422970593610395
106.30000000000001,0.14040099018446334
106.35000000000001,0.1380593043377777
106.4,0.135717618491092
106.45,0.131135477948421
106.5,0.12655333740575
106.55000000000001,0.12436220167725238
106.60000000000001,0.12217106594875543
106.65,0.12016724964392521
106.7,0.118163433339095
106.75,0.1150182551812865
106.80000000000001,0.11187307702347753
106.85000000000001,0.11019679919126427
106.9,0.108520521359051
106.95,0.10221604707691585
107.0,0.0959115727947807
107.05000000000001,0.09410057617697694
107.10000000000001,0.0922895795591739
107.15,0.09123845019965805
107.2,0.0901873208401422
107.25,0.0894119940409992
107.30000000000001,0.0886366672418556
107.35000000000001,0.08650031439389864
107.4,0.0843639615459417
107.45,0.08379539962808269
107.5,0.0832268377102237
107.55000000000001,0.08092763534599089
107.60000000000001,0.07862843298175896
107.65,0.07710450603428583
107.7,0.0755805790868127
107.75,0.07554407326767515
107.80000000000001,0.07550756744853711
107.85000000000001,0.073790441245716
107.9,0.0720733150428949
107.95,0.07147664875132174
108.0,0.0708799824597486
108.05000000000001,0.06923764140118163
108.10000000000001,0.06759530034261535
108.15,0.06673757013458832
108.2,0.0658798399265613
108.25,0.0638280003092937
108.30000000000001,0.061776160692025885
108.35000000000001,0.06102679531011104
108.4,0.0602774299281962
108.45,0.05866496424185695
108.5,0.0570524985555177
108.55000000000001,0.05642353171997537
108.60000000000001,0.055794564884433386
108.65,0.055736905182669993
108.7,0.0556792454809066
108.75,0.0571930882074479
108.80000000000001,0.058706930933989085
108.85000000000001,0.05829785653971815
108.9,0.0578887821454472
108.95,0.06063201617412255
109.0,0.0633752502027979
109.05000000000001,0.06153916394375038
109.10000000000001,0.05970307768470359
109.15,0.05862035912620604
109.2,0.0575376405677085
109.25,0.059816217760229454
109.30000000000001,0.06209479495274987
109.35000000000001,0.06020513162358918
109.4,0.0583154682944285
109.45,0.06137439797306145
109.5,0.0644333276516944
109.55000000000001,0.06237766776171942
109.60000000000001,0.06032200787174507
109.65,0.05843413693317813
109.7,0.0565462659946112
109.75,0.0587303951581787
109.80000000000001,0.06091452432174569
109.85000000000001,0.05912911207687229
109.9,0.0573436998319989
109.95,0.0597446751612988
110.0,0.0621456504905987
110.05000000000001,0.05974848733861052
110.10000000000001,0.05735132418662333
110.15,0.05605112188580096
110.2,0.0547509195849786
110.25,0.05703237690157605
110.30000000000001,0.05931383421817288
110.35000000000001,0.05712517211136569
110.4,0.0549365100045585
110.45,0.05772008799265515
110.5,0.0605036659807518
110.55000000000001,0.058327205054797576
110.60000000000001,0.05615074412884427
110.65,0.055009535726761434
110.7,0.0538683273246786
110.75,0.05520580903455595
110.80000000000001,0.05654329074443295
110.85000000000001,0.05528774218333642
110.9,0.0540321936222399
110.95,0.0555533439495512
111.0,0.0570744942768625
111.05000000000001,0.05570284478010621
111.10000000000001,0.05433119528335054
111.15,0.05375919528840067
111.2,0.0531871952934508
111.25,0.05133143579672095
111.30000000000001,0.049475676299991084
111.35000000000001,0.049438934397157894
111.4,0.0494021924943247
111.45,0.05014668029533085
111.5,0.050891168096337
111.55000000000001,0.05014289786378464
111.60000000000001,0.049394627631232854
111.65,0.04994232762094428
111.7,0.0504900276106557
111.75,0.05004820130192325
111.80000000000001,0.04960637499319087
111.85000000000001,0.04984962736090178
111.9,0.0500928797286127
111.95,0.0507101545797885
112.0,0.0513274294309643
112.05000000000001,0.05173245266331477
112.10000000000001,0.05213747589566538
112.15,0.053451418045820785
112.2,0.0547653601959762
112.25,0.051805457024882096
112.30000000000001,0.04884555385378841
112.35000000000001,0.0502784792357525
112.4,0.0517114046177166
112.45,0.04992909368891475
112.5,0.0481467827601129
112.55000000000001,0.04932684031025068
112.60000000000001,0.050506897860388276
112.65,0.05220269061843764
112.7,0.053898483376487
112.75,0.0502446828024144
112.80000000000001,0.046590882228342394
112.85000000000001,0.0486951064956569
112.9,0.0507993307629714
112.95,0.0484690148221035
113.0,0.0461386988812356
113.05000000000001,0.04780216155790897
113.10000000000001,0.049465624234582145
113.15,0.05206974664018047
113.2,0.0546738690457788
113.25,0.0508540828485175
113.30000000000001,0.04703429665125673
113.35000000000001,0.04891565160274857
113.4,0.0507970065542404
113.45,0.0487809457215359
113.5,0.0467648848888314
113.55000000000001,0.04866539677991849
113.60000000000001,0.0505659086710052
113.65,0.0530368499110817
113.7,0.0555077911511582
113.75,0.05190946262455455
113.80000000000001,0.04831113409795143
113.85000000000001,0.05015745284752536
113.9,0.0520037715970993
113.95,0.04305585685922865
114.0,0.034107942121358
114.05000000000001,0.041005504893546416
114.10000000000001,0.047903067665740456
114.15,0.08151881630090121
114.2,0.115134564936062
114.25,0.1684581379074985
114.30000000000001,0.22178171087895526
114.35000000000001,0.2930769825738686
114.4,0.364372254268782
114.45,0.4286070293684695
114.5,0.492841804468157
114.55000000000001,0.5784802250452208
114.60000000000001,0.6641186456222609
114.65,0.7514677896882714
114.7,0.838816933754282
114.75,0.906864623794127
114.80000000000001,0.9749123138339967
114.85000000000001,1.0615058612659334
114.9,1.14809940869787
114.95,1.217395718943425
115.0,1.28669202918898
115.05000000000001,1.374869594903515
115.10000000000001,1.4630471606180242
115.15,1.548187464968812
115.2,1.6333277693196
115.25,1.70912237165843
115.30000000000001,1.7849169739972837
115.35000000000001,1.8687859204432669
115.4,1.95265486688925
115.45,2.0279639128410203
115.5,2.10327295879279
115.55000000000001,2.180187807276952
115.60000000000001,2.257102655761093
115.65,2.3385900708463065
115.7,2.42007748593152
115.75,2.487895511873965
115.80000000000001,2.555713537816432
115.85000000000001,2.633352520814866
115.9,2.7109915038133
115.95,2.781851918257555
116.0,2.85271233270181
116.05000000000001,2.927030992952746
116.10000000000001,3.00134965320366
116.15,3.070987057455395
116.2,3.14062446170713
116.25,3.2060632428620304
116.30000000000001,3.271502024016946
116.35000000000001,3.327105377259648
116.4,3.38270873050235
116.45,3.438056639828155
116.5,3.49340454915396
116.55000000000001,3.5446006476961895
116.60000000000001,3.595796746238397
116.65,3.6196128556276483
116.7,3.6434289650169
116.75,3.652633315110595
116.80000000000001,3.6618376652042897
116.85000000000001,3.660765880149155
116.9,3.65969409509402
116.95,3.6729173487269504
117.0,3.68614060235988
117.05000000000001,3.6979510056985685
117.10000000000001,3.7097614090372555
117.15,3.728620427720498
117.2,3.74747944640374
117.25,3.7887427281223998
117.30000000000001,3.830006009841069
117.35000000000001,3.8619919432958896
117.4,3.89397787675071
117.45,3.943825426270675
117.5,3.99367297579064
117.55000000000001,4.043156919494314
117.60000000000001,4.092640863197973
117.65,4.139319423747671
117.7,4.18599798429737
117.75,4.237355371125155
117.80000000000001,4.288712757952953
117.85000000000001,4.334316802377431
117.9,4.37992084680191
117.95,4.424877766563065
118.0,4.46983468632422
118.05000000000001,4.513144405954022
118.10000000000001,4.556454125583812
118.15,4.599957670639821
118.2,4.64346121569583
118.25,4.683837485416635
118.30000000000001,4.724213755137451
118.35000000000001,4.762645912152435
118.4,4.80107806916742
118.45,4.83837225880751
118.5,4.8756664484476
118.55000000000001,4.9126312072897
118.60000000000001,4.94959596613179
118.65,4.98305477109008
118.7,5.01651357604837
118.75,5.0555758039873755
118.80000000000001,5.09463803192639
118.85000000000001,5.129674445187935
118.9,5.16471085844948
118.95,5.209117239574875
119.0,5.25352362070027
119.05000000000001,5.2879201633192805
119.10000000000001,5.322316705938279
119.15,5.3543579937494545
119.2,5.38639928156063
119.25,5.42566455745656
119.30000000000001,5.464929833352497
119.35000000000001,5.491032201384224
119.4,5.51713456941595
119.45,5.546936850717115
119.5,5.57673913201828
119.55000000000001,5.605402648843028
119.60000000000001,5.634066165667769
119.65,5.663966621918279
119.7,5.69386707816879
119.75,5.72478324432104
119.80000000000001,5.755699410473296
119.85000000000001,5.778448557390588
119.9,5.80119770430788
119.95,5.826535677903444
120.0,5.85187365149901
120.05000000000001,5.864961635797724
120.10000000000001,5.878049620096435
120.15,5.8961197711906825
120.2,5.91418992228493
120.25,5.9455494763129995
120.30000000000001,5.976909030341074
120.35000000000001,5.988545989538921
120.4,6.00018294873677
120.45,6.02376045209195
120.5,6.04733795544713
120.55000000000001,6.057296046570938
120.60000000000001,6.067254137694743
120.65,6.077007463175207
120.7,6.08676078865567
120.75,6.11598372829997
120.80000000000001,6.145206667944274
120.85000000000001,6.162201369151032
120.9,6.17919607035779
120.95,6.20664274324867
121.0,6.23408941613955
121.05000000000001,6.244119592223338
121.10000000000001,6.2541497683071245
121.15,6.268653345687112
121.2,6.2831569230671
121.25,6.31711738355094
121.30000000000001,6.351077844034785
121.35000000000001,6.3695168554005575
121.4,6.38795586676633
121.45,6.42708309028972
121.5,6.46621031381311
121.55000000000001,6.4879472654951655
121.60000000000001,6.509684217177216
121.65,6.531758257928403
121.7,6.55383229867959
121.75,6.5948036363085905
121.80000000000001,6.635774973937596
121.85000000000001,6.657234887780553
121.9,6.67869480162351
121.95,6.719018308979935
122.0,6.75934181633636
122.05000000000001,6.783510245475677
122.10000000000001,6.807678674614987
122.15,6.831235115409748
122.2,6.85479155620451
122.25,6.904516319839175
122.30000000000001,6.954241083473847
122.35000000000001,6.978415129883918
122.4,7.00258917629399
122.45,7.05245060850364
122.5,7.10231204071329
122.55000000000001,7.128478813277668
122.60000000000001,7.154645585842036
122.65,7.172209931639737
122.7,7.18977427743744
122.75,7.23972270518049
122.80000000000001,7.289671132923549
122.85000000000001,7.321469535352534
122.9,7.35326793778152
122.95,7.4096220567925855
123.0,7.46597617580365
123.05000000000001,7.502333486162951
123.10000000000001,7.53869079652224
123.15,7.5729507784412995
123.2,7.60721076036036
123.25,7.675689605238414
123.30000000000001,7.74416845011648
123.35000000000001,7.78089813631766
123.4,7.81762782251884
123.45,7.8828440064398695
123.5,7.9480601903609
123.55000000000001,7.984228658360121
123.60000000000001,8.020397126359333
123.65,8.063817390256347
123.7,8.10723765415336
123.75,8.173885253217374
123.80000000000001,8.240532852281403
123.85000000000001,8.283316196647702
123.9,8.326099541014
123.95,8.390822744756786
124.0,8.45554594849957
124.05000000000001,8.497310791389092
124.10000000000001,8.539075634278602
124.15,8.580834551258105
124.2,8.62259346823761
124.25,8.686490513996345
124.30000000000001,8.750387559755092
124.35000000000001,8.795444273399161
124.4,8.84050098704323
124.45,8.90031975265179
124.5,8.96013851826035
124.55000000000001,9.001223215833598
124.60000000000001,9.042307913406832
124.65,9.084417020576266
124.7,9.1265261277457
124.75,9.18318879828813
124.80000000000001,9.23985146883057
124.85000000000001,9.279681187278346
124.9,9.31951090572612
124.95,9.37587044288778
125.0,9.43222998004944
125.05000000000001,9.470705590012477
125.10000000000001,9.509181199975501
125.15,9.543844433787076
125.2,9.57850766759865
125.25,9.6340353807254
125.30000000000001,9.689563093852161
125.35000000000001,9.727395075997311
125.4,9.76522705814246
125.45,9.81266319339954
125.5,9.86009932865662
125.55000000000001,9.896141842354465
125.60000000000001,9.9321843560523
125.65,9.97023840653815
125.7,10.008292457024
125.75,10.059351011435249
125.80000000000001,10.11040956584651
125.85000000000001,10.146233089362804
125.9,10.1820566128791
125.95,10.22926877321455
126.0,10.27648093355
126.05000000000001,10.31272684640696
126.10000000000001,10.34897275926391
126.15,10.384468854759405
126.2,10.4199649502549
126.25,10.464093737413
126.30000000000001,10.50822252457111
126.35000000000001,10.543018226366705
126.4,10.5778139281623
126.45,10.62570122470795
126.5,10.6735885212536
126.55000000000001,10.70581401184106
126.60000000000001,10.73803950242851
126.65,10.772424135892205
126.7,10.8068087693559
126.75,10.8468588753991
126.80000000000001,10.886908981442309
126.85000000000001,10.920736810191904
126.9,10.9545646389415
126.95,10.992169415369549
127.0,11.0297741917976
127.05000000000001,11.057353603716358
127.10000000000001,11.084933015635109
127.15,11.116045263354204
127.2,11.1471575110733
127.25,11.18353674848815
127.30000000000001,11.219915985903008
127.35000000000001,11.245079928069055
127.4,11.2702438702351
127.45,11.304766177581651
127.5,11.3392884849282
127.55000000000001,11.362228241286006
127.60000000000001,11.385167997643807
127.65,11.407057844096553
127.7,11.4289476905493
127.75,11.459923846111849
127.80000000000001,11.490900001674405
127.85000000000001,11.511623413266603
127.9,11.5323468248588
127.95,11.5654366591287
128.0,11.5985264933986
128.05,11.616613693579955
128.1,11.6347008937613
128.15,11.655000723435656
128.20000000000002,11.675300553110016
128.25,11.70449553287645
128.3,11.7336905126429
128.35,11.752178114423746
128.4,11.7706657162046
128.45000000000002,11.796284457525259
128.5,11.8219031988459
128.55,11.842077538802906
128.6,11.8622518787599
128.65,11.877427899104353
128.70000000000002,11.892603919448815
128.75,11.92039694557765
128.8,11.9481899717065
128.85,11.962823793563945
128.9,11.9774576154214
128.95000000000002,12.003727421744708
129.0,12.029997228068
129.05,12.042965567548054
129.1,12.0559339070281
129.15,12.072504339691905
129.20000000000002,12.089074772355714
129.25,12.11291001956375
129.3,12.1367452667718
129.35,12.148492457432948
129.4,12.1602396480941
129.45000000000002,12.182165385593606
129.5,12.2040911230931
129.55,12.217682153915604
129.6,12.2312731847381
129.65,12.246992971404055
129.70000000000002,12.262712758070013
129.75,12.28441559596655
129.8,12.3061184338631
129.85,12.319640653203345
129.9,12.3331628725436
129.95000000000002,12.353885732263105
130.0,12.3746085919826
130.05,12.387253452285904
130.1,12.3998983125892
130.15,12.413937790779904
130.20000000000002,12.427977268970611
130.25,12.447546334966852
130.3,12.4671154009631
130.35,12.477697164423796
130.4,12.4882789278845
130.45000000000002,12.509495361714306
130.5,12.5307117955441
130.55,12.540746888023854
130.6,12.5507819805036
130.65,12.561585811709303
130.70000000000002,12.57238964291501
130.75,12.586787174628451
130.8,12.6011847063419
130.85,12.610422970006548
130.9,12.6196612336712
130.95000000000002,12.639049986749257
131.0,12.6584387398273
131.05,12.669003968282054
131.1,12.6795691967368
131.15,12.693363639444254
131.20000000000002,12.707158082151707
131.25,12.72011191461825
131.3,12.7330657470848
131.35,12.740760896226497
131.4,12.7484560453682
131.45000000000002,12.762769553174854
131.5,12.7770830609815
131.55,12.786786752364554
131.6,12.7964904437476
131.65,12.805561000392252
131.70000000000002,12.81463155703691
131.75,12.83149334360805
131.8,12.8483551301792
131.85,12.858059043132798
131.9,12.8677629560864
131.95000000000002,12.889081444895806
132.0,12.9103999337052
132.05,12.922193079879154
132.1,12.9339862260531
132.15,12.944435851603703
132.20000000000002,12.954885477154308
132.25,12.969573043295249
132.3,12.9842606094362
132.35,12.992483381616898
132.4,13.0007061537976
132.45000000000002,13.015435761073403
132.5,13.0301653683492
132.55,13.025332321314199
132.6,13.0204992742792
132.65,13.004897068388996
132.70000000000002,12.989294862498797
132.75,12.9826897149164
132.8,12.976084567334
132.85,12.952979320950957
132.9,12.9298740745679
132.95000000000002,12.922138571483448
133.0,12.914403068399
133.05,12.897491828919645
133.1,12.8805805894403
133.15,12.869862693182396
133.20000000000002,12.8591447969245
133.25,12.858715795753351
133.3,12.8582867945822
133.35,12.844026666276955
133.4,12.8297665379717
133.45000000000002,12.824332578707748
133.5,12.8188986194438
133.55,12.800985268713745
133.6,12.7830719179837
133.65,12.771951504959697
133.70000000000002,12.760831091935696
133.75,12.75477498588145
133.8,12.7487188798272
133.85,12.742523416183701
133.9,12.7363279525402
133.95000000000002,12.724863676508647
134.0,12.7133994004771
134.05,12.698623369212847
134.1,12.6838473379486
134.15,12.665098301700546
134.20000000000002,12.646349265452493
134.25,12.6333633033496
134.3,12.6203773412467
134.35,12.604406951561204
134.4,12.5884365618757
134.45000000000002,12.571638005795295
134.5,12.5548394497149
134.55,12.530085563499943
134.6,12.505331677285
134.65,12.483257766676694
134.70000000000002,12.46118385606839
134.75,12.441806585413651
134.8,12.4224293147589
134.85,12.402506500375306
134.9,12.3825836859917
134.95000000000002,12.367490301177096
135.0,12.3523969163625
135.05,12.330030017111593
135.1,12.3076631178607
135.15,12.285806368695345
135.20000000000002,12.26394961952999
135.25,12.246490952155451
135.3,12.2290322847809
135.35,12.200385552998858
135.4,12.1717388212168
135.45000000000002,12.147212825082594
135.5,12.1226868289484
135.55,12.096031664765592
135.6,12.0693765005828
135.65,12.043358462979143
135.70000000000002,12.017340425375485
135.75,11.992040947514049
135.8,11.9667414696526
135.85,11.937660881700708
135.9,11.9085802937488
135.95000000000002,11.884674119148293
136.0,11.8607679445478
136.05,11.833206404682391
136.1,11.805644864817
136.15,11.77684615738649
136.20000000000002,11.748047449955989
136.25,11.728122284380401
136.3,11.7081971188048
136.35,11.680636761227158
136.4,11.6530764036495
136.45000000000002,11.630772705662093
136.5,11.6084690076747
136.55,11.57649099930574
136.6,11.5445129909368
136.65,11.517209912278142
136.70000000000002,11.489906833619488
136.75,11.46701884660985
136.8,11.4441308596002
136.85,11.40820248979491
136.9,11.3722741199896
136.95000000000002,11.33993178893849
137.0,11.3075894578874
137.05,11.262267216872337
137.1,11.2169449758573
137.15,11.173213604777787
137.20000000000002,11.129482233698274
137.25,11.087189955130949
137.3,11.0448976765636
137.35,11.004760149886362
137.4,10.9646226232091
137.45000000000002,10.921475018016388
137.5,10.8783274128237
137.55,10.833416763756937
137.6,10.7885061146902
137.65,10.735644148692986
137.70000000000002,10.68278218269577
137.75,10.62983751855985
137.8,10.5768928544239
137.85,10.509106022511869
137.9,10.4413191905998
137.95000000000002,10.37090930768128
138.0,10.3004994247628
138.05,10.223469309201977
138.1,10.1464391936412
138.15,10.068485431827838
138.20000000000002,9.99053167001448
138.25,9.921076173069821
138.3,9.85162067612512
138.35,9.779558827632115
138.4,9.70749697913907
138.45000000000002,9.637046061871134
138.5,9.56659514460324
138.55,9.49708725526933
138.6,9.42757936593546
138.65,9.346474387851687
138.70000000000002,9.265369409767915
138.75,9.188217527669416
138.8,9.11106564557087
138.85,9.036602354823106
138.9,8.9621390640753
138.95000000000002,8.883979763956372
139.0,8.80582046383749
139.05,8.73152658961153
139.1,8.65723271538561
139.15,8.58226497341586
139.20000000000002,8.507297231446104
139.25,8.42566659852474
139.3,8.34403596560333
139.35,8.25931118279343
139.4,8.17458639998348
139.45000000000002,8.072693932031841
139.5,7.97080146408026
139.55,7.859746910671193
139.6,7.74869235726219
139.65,7.629168374591506
139.70000000000002,7.509644391920821
139.75,7.3872210638304905
139.8,7.26479773574009
139.85,7.14252889426713
139.9,7.0202600527941
139.95000000000002,6.891781797028129
140.0,6.76330354126223
140.05,6.644185406862106
140.1,6.52506727246205
140.15,6.421713828662771
140.20000000000002,6.318360384863492
140.25,6.216445217861275
140.3,6.114530050859
140.35,6.0304769006876935
140.4,5.94642375051634
140.45000000000002,5.8647280852376715
140.5,5.78303241995905
140.55,5.693077206153349
140.6,5.6031219923477
140.65,5.497991432392125
140.70000000000002,5.392860872436541
140.75,5.272955069594935
140.8,5.15304926675326
140.85,5.037268744539513
140.9,4.9214882223257
140.95000000000002,4.79907525171593
141.0,4.67666228110623
141.05,4.5585430039896915
141.1,4.44042372687322
141.15,4.322785382884482
141.20000000000002,4.205147038895744
141.25,4.08813439909365
141.3,3.97112175929149
141.35,3.844136549219781
141.4,3.717151339148
141.45000000000002,3.5923382346695045
141.5,3.46752513019108
141.55,3.344885225961025
141.6,3.22224532173104
141.65,3.099441090596885
141.70000000000002,2.9766368594627313
141.75,2.8557040058512597
141.8,2.73477115223972
141.85,2.625400232756406
141.9,2.51602931327303
141.95000000000002,2.403921523721538
142.0,2.29181373417011
142.05,2.197247660498113
142.1,2.10268158682617
142.15,2.0136823481416597
142.20000000000002,1.9246831094571457
142.25,1.82920372076516
142.3,1.73372433207312
142.35,1.6573125856005166
142.4,1.58090083912787
142.45000000000002,1.4919984485918947
142.5,1.40309605805597
142.55,1.3346131043712304
142.6,1.26613015068653
142.65,1.199423928141536
142.70000000000002,1.1327177055965336
142.75,1.0511801553478026
142.8,0.969642605099025
142.85,0.9141496343960298
142.9,0.858656663693003
142.95000000000002,0.7915854937222949
143.0,0.724514323751625
143.05,0.6815872306656963
143.1,0.638660137579792
143.15,0.5996911125951464
143.20000000000002,0.5607220876104921
143.25,0.506522260309028
143.3,0.452322433007533
143.35,0.42569049595031855
143.4,0.399058558893089
143.45000000000002,0.37674893458060665
143.5,0.354439310268137
143.55,0.3646496980132924
143.6,0.374860085758442
143.65,0.3760262278846743
143.70000000000002,0.37719237001088607
143.75,0.3420960047187765
143.8,0.306999639426647
143.85,0.3076667688684158
143.9,0.308333898310185
143.95000000000002,0.28193463502319
144.0,0.25553537173621
144.05,0.252027382497199
144.1,0.24851939325819
144.15,0.24700532311394557
144.20000000000002,0.2454912529696942
144.25,0.2317873580139135
144.3,0.218083463058125
144.35,0.2159889422576801
144.4,0.213894421457234
144.45000000000002,0.19256504287785245
144.5,0.171235664298483
144.55,0.16961738511128002
144.6,0.167999105924078
144.65,0.16585597876656688
144.70000000000002,0.16371285160904814
144.75,0.1481342430186555
144.8,0.132555634428254
144.85,0.13065599249349052
144.9,0.128756350558726
144.95000000000002,0.11716195194773421
145.0,0.105567553336749
145.05,0.10295415164502575
145.1,0.100340749953304
145.15,0.09841692388202651
145.20000000000002,0.09649309781074568
145.25,0.0887107157277958
145.3,0.0809283336448415
145.35,0.0789939932866095
145.4,0.0770596529283764
145.45000000000002,0.0708910715757863
145.5,0.0647224902231997
145.55,0.06271359750076363
145.6,0.0607047047783287
145.65,0.05865356399972951
145.70000000000002,0.05660242322112777
145.75,0.05004037453467875
145.8,0.043478325848226
145.85,0.04234632390321912
145.9,0.0412143219582116
145.95000000000002,0.03816610427495688
146.0,0.0351178865917039
146.05,0.03357175728905091
146.1,0.0320256279863988
146.15,0.03069334955072492
146.20000000000002,0.02936107111505198
146.25,0.02967648092084925
146.3,0.0299918907266467
146.35,0.029136349424878343
146.4,0.0282808081231095
146.45000000000002,0.029690652102580102
146.5,0.0311004960820499
146.55,0.030450639617489113
146.6,0.0298007831529287
146.65,0.029965545383504544
146.70000000000002,0.030130307614080584
146.75,0.0306283308428674
146.8,0.0311263540716545
146.85,0.031110565694076303
146.9,0.0310947773164981
146.95000000000002,0.03426550621176755
147.0,0.0374362351070352
147.05,0.03757358252528874
147.1,0.0377109299435422
147.15,0.03821533449663504
147.20000000000002,0.038719739049727676
147.25,0.03885536353970255
147.3,0.0389909880296775
147.35,0.039549359275869195
147.4,0.0401077305220612
147.45000000000002,0.04194732092208552
147.5,0.0437869113221088
147.55,0.04432678052795796
147.6,0.0448666497338068
147.65,0.04605964173631104
147.70000000000002,0.04725263373881589
147.75,0.04951939584358065
147.8,0.0517861579483467
147.85,0.05239338430089953
147.9,0.0530006106534527
147.95000000000002,0.05434384378596433
148.0,0.0556870769184752
148.05,0.05610547773337777
148.1,0.0565238785482801
148.15,0.05722807500967815
148.20000000000002,0.05793227147107509
148.25,0.05668107131328735
148.3,0.0554298711554989
148.35,0.056104280303747055
148.4,0.0567786894519956
148.45000000000002,0.05812600946240643
148.5,0.0594733294728165
148.55,0.06024215999913567
148.6,0.0610109905254544
148.65,0.061886737043582704
148.70000000000002,0.06276248356171074
148.75,0.06317713199623835
148.8,0.0635917804307662
148.85,0.06424084790250002
148.9,0.0648899153742342
148.95000000000002,0.06530293534823262
149.0,0.0657159553222308
149.05,0.06653595690053113
149.1,0.067355958478831
149.15,0.06796203910229902
149.20000000000002,0.06856811972576675
149.25,0.0686609597300992
149.3,0.0687537997344317
149.35,0.06956430997100936
149.4,0.0703748202075875
149.45000000000002,0.06896307643733865
149.5,0.0675513326670906
149.55,0.06830159010398901
149.6,0.069051847540887
149.65,0.06962804544844102
149.70000000000002,0.07020424335599477
149.75,0.0703377907281316
149.8,0.0704713381002685
149.85,0.07087452243511473
149.9,0.0712777067699612
149.95000000000002,0.07067296251684119
150.0,0.0700682182637215
150.05,0.0704191336807963
150.1,0.0707700490978709
150.15,0.07073228635314993
150.20000000000002,0.0706945236084292
150.25,0.0710604221058116
150.3,0.0714263206031942
150.35,0.07160147165610276
150.4,0.0717766227090114
150.45000000000002,0.07113859100422007
150.5,0.0705005592994291
150.55,0.07016534701754411
150.6,0.0698301347356593
150.65,0.06977029743916824
150.70000000000002,0.06971046014267668
150.75,0.06879224846296066
150.8,0.0678740367832441
150.85,0.0680516947166666
150.9,0.0682293526500892
150.95000000000002,0.06686615866523446
151.0,0.0655029646803805
151.05,0.06521670245900282
151.1,0.0649304402376253
151.15,0.06547444084288816
151.20000000000002,0.06601844144814935
151.25,0.06364767149060199
151.3,0.0612769015330533
151.35,0.06159188965890131
151.4,0.0619068777847495
151.45000000000002,0.06021814107686367
151.5,0.0585294043689788
151.55,0.05928136512831511
151.6,0.060033325887651
151.65,0.06105115065515534
151.70000000000002,0.06206897542265789
151.75,0.059945386995861105
151.8,0.0578217985690631
151.85,0.058929982048187286
151.9,0.0600381655273121
151.95000000000002,0.058246588817391046
152.0,0.056455012107471
152.05,0.05697037240038825
152.1,0.0574857326933052
152.15,0.05854915509214075
152.20000000000002,0.05961257749097501
152.25,0.058402441243975645
152.3,0.0571923049969756
152.35,0.05766914250715826
152.4,0.0581459800173412
152.45000000000002,0.058176697354904806
152.5,0.0582074146924684
152.55,0.05799990907210284
152.6,0.0577924034517374
152.65,0.0581406646252405
152.70000000000002,0.05848892579874329
152.75,0.05829142237296545
152.8,0.0580939189471875
152.85,0.058005863289739924
152.9,0.0579178076322923
152.95000000000002,0.05886708825860297
153.0,0.0598163688849131
153.05,0.05880086487124591
153.1,0.0577853608575793
153.15,0.05779477607716135
153.20000000000002,0.05780419129674431
153.25,0.05939754922509955
153.3,0.0609909071534557
153.35,0.059559080287953106
153.4,0.0581272534224497
153.45000000000002,0.061428894693792986
153.5,0.0647305359651344
153.55,0.06358904768316967
153.60000000000002,0.06244755940120501
153.65,0.061404379161851555
153.70000000000002,0.06036119892249916
153.75,0.062234136077423
153.8,0.0641070732323479
153.85000000000002,0.0632199766682061
153.9,0.0623328801040648
153.95000000000002,0.06381245604059388
154.0,0.0652920319771221
154.05,0.06335760866400965
154.10000000000002,0.06142318535089792
154.15,0.06075100884751826
154.20000000000002,0.06007883234413885
154.25,0.06051944202144635
154.3,0.0609600516987541
154.35000000000002,0.05915784446373919
154.4,0.0573556372287253
154.45000000000002,0.05756445911038301
154.5,0.0577732809920406
154.55,0.05550591246498376
154.60000000000002,0.053238543937927325
154.65,0.05170115462136901
154.70000000000002,0.05016376530481008
154.75,0.0490824296280279
154.8,0.0480010939512451
154.85000000000002,0.047152935994857606
154.9,0.0463047780384706
154.95000000000002,0.047618139416882276
155.0,0.0489315007952932
155.05,0.04817187926026383
155.10000000000002,0.04741225772523422
155.15,0.04621536741785891
155.20000000000002,0.045018477110484324
155.25,0.04628536359936685
155.3,0.0475522500882501
155.35000000000002,0.04632229630886645
155.4,0.0450923425294835
155.45000000000002,0.046351894887982706
155.5,0.0476114472464812
155.55,0.04607796217103386
155.60000000000002,0.044544477095586704
155.65,0.0433210209135895
155.70000000000002,0.04209756473159327
155.75,0.04380145395216565
155.8,0.045505343172739
155.85000000000002,0.04325330251282131
155.9,0.0410012618529049
155.95000000000002,0.0417324340195951
156.0,0.0424636061862849
156.05,0.04072657803798285
156.10000000000002,0.03898954988968122
156.15,0.037977284635235316
156.20000000000002,0.03696501938079047
156.25,0.03884337658552675
156.3,0.0407217337902641
156.35000000000002,0.04008622139232032
156.4,0.0394507089943769
156.45000000000002,0.041856637211950536
156.5,0.0442625654295228
156.55,0.04275670098568327
156.60000000000002,0.041250836541843985
156.65,0.040164591741280044
156.70000000000002,0.03907834694071664
156.75,0.0400309356990124
156.8,0.0409835244573087
156.85000000000002,0.0397596480070818
156.9,0.0385357715568556
156.95000000000002,0.03829222712395263
157.0,0.0380486826910498
157.05,0.036723868004876425
157.10000000000002,0.035399053318703556
157.15,0.03496731360352873
157.20000000000002,0.03453557388835422
157.25,0.03510063909998515
157.3,0.0356657043116164
157.35000000000002,0.03517077072687111
157.4,0.0346758371421261
157.45000000000002,0.037583181524859524
157.5,0.0404905259075913
157.55,0.03950578106933012
157.60000000000002,0.03852103623106868
157.65,0.03708052275358404
157.70000000000002,0.03564000927610009
157.75,0.03684639282876475
157.8,0.0380527763814301
157.85000000000002,0.0370026152570445
157.9,0.0359524541326595
157.95000000000002,0.035055555244714647
158.0,0.0341586563567703
158.05,0.03291419572778615
158.10000000000002,0.03166973509880255
158.15,0.03140020524528182
158.20000000000002,0.031130675391761606
158.25,0.03202207368580665
158.3,0.0329134719798522
158.35000000000002,0.032306025942673774
158.4,0.0316985799054957
158.45000000000002,0.03325351528426179
158.5,0.034808450663027
158.55,0.03358628213281105
158.60000000000002,0.032364113602595224
158.65,0.03134813480251856
158.70000000000002,0.030332156002442236
158.75,0.03092523145047775
158.8,0.0315183068985136
158.85000000000002,0.031019478226173458
158.9,0.0305206495538336
158.95000000000002,0.03251819650464982
159.0,0.0345157434554649
159.05,0.03336961409127628
159.10000000000002,0.03222348472708796
159.15,0.03162333708855583
159.20000000000002,0.031023189450025444
159.25,0.03409118588186305
159.3,0.0371591823137024
159.35000000000002,0.0355483591619738
159.4,0.0339375360102461
159.45000000000002,0.03754667267553428
159.5,0.0411558093408204
159.55,0.04002179654618133
159.60000000000002,0.03888778375154157
159.65,0.036543885537151335
159.70000000000002,0.034199987322762776
159.75,0.03715226759092045
159.8,0.0401045478590798
159.85000000000002,0.03824333845404742
159.9,0.0363821290490161
159.95000000000002,0.040830273413014366
160.0,0.0452784177770101
160.05,0.04275838567802959
160.10000000000002,0.040238353579049285
160.15,0.03810562599947574
160.20000000000002,0.03597289841990602
160.25,0.04270317998833695
160.3,0.0494334615567717
160.35000000000002,0.046628648750828554
160.4,0.043823835944887
160.45000000000002,0.05119658718766464
160.5,0.0585693384304381
160.55,0.054159360376834
160.60000000000002,0.04974938232323069
160.65,0.04672955332476289
160.70000000000002,0.04370972432629887
160.75,0.05033369506385585
160.8,0.0569576658014166
160.85000000000002,0.053774649595425744
160.9,0.0505916333894367
160.95000000000002,0.054876647574910564
161.0,0.059161661760382
161.05,0.05496843126268431
161.10000000000002,0.050775200764987385
161.15,0.04793655095969115
161.20000000000002,0.04509790115439676
161.25,0.0483704327030367
161.3,0.0516429642516785
161.35000000000002,0.04887214858794396
161.4,0.046101332924211
161.45000000000002,0.04762635502408558
161.5,0.0491513771239593
161.55,0.04699454671781564
161.60000000000002,0.044837716311672375
161.65,0.04338802264686454
161.70000000000002,0.04193832898205609
161.75,0.04087536917422815
161.8,0.0398124093663996
161.85000000000002,0.037944322169431166
161.9,0.0360762349724638
161.95000000000002,0.03470114506305086
162.0,0.0333260551536387
162.05,0.03256670502143538
162.10000000000002,0.03180735488923244
162.15,0.031698443500998826
162.20000000000002,0.03158953211276418
162.25,0.02979765767342105
162.3,0.0280057832340769
162.35000000000002,0.02846447741612253
162.4,0.0289231715981679
162.45000000000002,0.028588599281855007
162.5,0.0282540269655423
162.55,0.02906279150355588
162.60000000000002,0.02987155604157009
162.65,0.03179698779547294
162.70000000000002,0.03372241954937379
162.75,0.030193446431559
162.8,0.0266644733137422
162.85000000000002,0.02885502571880797
162.9,0.0310455781238725
162.95000000000002,0.028889671968660987
163.0,0.0267337658134507
163.05,0.02782324070229586
163.10000000000002,0.0289127155911417
163.15,0.031201940479940952
163.20000000000002,0.033491165368737946
163.25,0.02952189148336825
163.3,0.0255526175979963
163.35000000000002,0.02689364013537098
163.4,0.0282346626727449
163.45000000000002,0.02658966507749013
163.5,0.0249446674822363
163.55,0.024759949532966098
163.60000000000002,0.024575231583696542
163.65,0.025530175133927923
163.70000000000002,0.02648511868415866
163.75,0.0253569710473695
163.8,0.0242288234105797
163.85000000000002,0.02433490177539828
163.9,0.0244409801402168
163.95000000000002,0.02398671254094022
164.0,0.0235324449416639
164.05,0.023232417471633314
164.10000000000002,0.02293239000160336
164.15,0.02374578178170078
164.20000000000002,0.024559173561797275
164.25,0.02293748476058705
164.3,0.0213157959593759
164.35000000000002,0.021229623383717575
164.4,0.0211434508080593
164.45000000000002,0.021514331890804806
164.5,0.0218852129735501
164.55,0.021546934251988503
164.60000000000002,0.02120865553042738
164.65,0.02169544499936444
164.70000000000002,0.022182234468301164
164.75,0.02158868244784875
164.8,0.020995130427396
164.85000000000002,0.02121143199974126
164.9,0.0214277335720864
164.95000000000002,0.0212509148892056
165.0,0.0210740962063249
165.05,0.02051716184939359
165.10000000000002,0.019960227492463047
165.15,0.020749416185829025
165.20000000000002,0.02153860487919453
165.25,0.02070596304105705
165.3,0.0198733212029191
165.35000000000002,0.02042734389313836
165.4,0.0209813665833573
165.45000000000002,0.019101358027173117
165.5,0.01722134947099
165.55,0.01742505556265836
165.60000000000002,0.017628761654327536
165.65,0.01927886853959437
165.70000000000002,0.020928975424860174
165.75,0.019124822808329448
165.8,0.0173206701917977
165.85000000000002,0.017840631591451796
165.9,0.0183605929911056
165.95000000000002,0.017152878790248356
166.0,0.0159451645893918
166.05,0.016742162921371376
166.10000000000002,0.017539161253351823
166.15,0.01986397600068591
166.20000000000002,0.02218879074801872
166.25,0.01993896740014845
166.3,0.0176891440522769
166.35000000000002,0.019262685525355497
166.4,0.0208362269984332
166.45000000000002,0.01876171614171946
166.5,0.0166872052850069
166.55,0.018111448108266905
166.60000000000002,0.0195356909315275
166.65,0.0219948010654333
166.70000000000002,0.02445391119933678
166.75,0.020376633332101247
166.8,0.0162993554648634
166.85000000000002,0.018292766823201165
166.9,0.0202861781815378
166.95000000000002,0.017744202032934628
167.0,0.0152022258843329
167.05,0.017717383594331115
167.10000000000002,0.02023254130432971
167.15,0.023419593107580957
167.20000000000002,0.026606644910829563
167.25,0.021970606771033248
167.3,0.0173345686312343
167.35000000000002,0.019809276142692303
167.4,0.0222839836541489
167.45000000000002,0.019304760253065954
167.5,0.0163255368519847
167.55,0.01840803094724554
167.60000000000002,0.02049052504250724
167.65,0.02408218925391952
167.70000000000002,0.02767385346532864
167.75,0.02211618478354095
167.8,0.0165585161017501
167.85000000000002,0.018154191658753902
167.9,0.0197498672157568
167.95000000000002,0.017299281302408154
168.0,0.0148486953890609
168.05,0.017680240199242206
168.10000000000002,0.02051178500942351
168.15,0.023348560450263754
168.20000000000002,0.026185335891100957
168.25,0.020833355104771148
168.3,0.0154813743184383
168.35000000000002,0.018311330934933305
168.4,0.0211412875514267
168.45000000000002,0.018476810430907292
168.5,0.0158123333103894
168.55,0.01777904596327301
168.60000000000002,0.019745758616157207
168.65,0.022748166945416703
168.70000000000002,0.025750575274673414
168.75,0.0208478718416789
168.8,0.0159451684086816
168.85000000000002,0.01333712301374476
168.9,0.0107290776188094
168.95000000000002,0.024566308713208734
169.0,0.0384035398076002
169.05,0.06042728167975721
169.10000000000002,0.08245102355191675
169.15,0.10891113845019287
169.20000000000002,0.13537125334849254
169.25,0.17679519443157699
169.3,0.218219135514685
169.35000000000002,0.29631771831977116
169.4,0.374416301124813
169.45000000000002,0.4497089497554799
169.5,0.525001598386104
169.55,0.6224831429113762
169.60000000000002,0.7199646874366507
169.65,0.8212687622324018
169.70000000000002,0.9225728370282034
169.75,1.0113215896174266
169.8,1.1000703422067
169.85000000000002,1.2034647654860144
169.9,1.30685918876527
169.95000000000002,1.3985212231933262
170.0,1.49018325762133
170.05,1.5927864671616092
170.10000000000002,1.6953896767018892
170.15,1.7996548439065745
170.20000000000002,1.903920011111311
170.25,1.9935695273915601
170.3,2.08321904367186
170.35000000000002,2.185430092649604
170.4,2.28764114162729
170.45000000000002,2.3731652990306396
170.5,2.45868945643394
170.55,2.5542045975167524
170.60000000000002,2.649719738599564
170.65,2.7439580650704016
170.70000000000002,2.8381963915412878
170.75,2.922482103840165
170.8,3.00676781613909
170.85000000000002,3.1044118822134275
170.9,3.20205594828771
170.95000000000002,3.283214799159238
171.0,3.36437365003072
171.05,3.458676397017547
171.10000000000002,3.5529791440043708
171.15,3.6420078598044654
171.20000000000002,3.7310365756046093
171.25,3.8180522286468097
171.3,3.90506788168906
171.35000000000002,3.986048218486218
171.4,4.06702855528333
171.45000000000002,4.157236927920696
171.5,4.24744530055801
171.55,4.331698974073019
171.60000000000002,4.4159526475880275
171.65,4.499569860643174
171.70000000000002,4.583187073698364
171.75,4.66125069168149
171.8,4.73931430966466
171.85000000000002,4.816787499777642
171.9,4.89426068989058
171.95000000000002,4.974244042871458
172.0,5.05422739585229
172.05,5.130907354370997
172.10000000000002,5.207587312889701
172.15,5.278876623957506
172.20000000000002,5.3501659350253545
172.25,5.42861100841969
172.3,5.50705608181407
172.35000000000002,5.573014403237579
172.4,5.63897272466105
172.45000000000002,5.715375097675282
172.5,5.79177747068947
172.55,5.854633116092243
172.60000000000002,5.917488761495017
172.65,5.9830715645414685
172.70000000000002,6.048654367587963
172.75,6.123648361846135
172.8,6.19864235610435
172.85000000000002,6.260683498682113
172.9,6.32272464125984
172.95000000000002,6.396676456875036
173.0,6.47062827249019
173.05,6.529692472559842
173.10000000000002,6.588756672629496
173.15,6.653334768347733
173.20000000000002,6.7179128640660055
173.25,6.780825103453671
173.3,6.84373734284137
173.35000000000002,6.899570517888426
173.4,6.95540369293545
173.45000000000002,7.012655951881881
173.5,7.06990821082828
173.55,7.118897650587179
173.60000000000002,7.167887090346075
173.65,7.211636523165918
173.70000000000002,7.255385955985792
173.75,7.31158018390673
173.8,7.3677744118277
173.85000000000002,7.412205563573248
173.9,7.45663671531877
173.95000000000002,7.508505016898815
174.0,7.56037331847883
174.05,7.604486598631243
174.10000000000002,7.648599878783655
174.15,7.691872302064472
174.20000000000002,7.735144725345319
174.25,7.785939045619375
174.3,7.83673336589346
174.35000000000002,7.880840801356762
174.4,7.92494823682004
174.45000000000002,7.9767168591521
174.5,8.02848548148413
174.55,8.066967109574442
174.60000000000002,8.10544873766475
174.65,8.139089580722239
174.70000000000002,8.172730423779749
174.75,8.20772019245441
174.8,8.24270996112909
174.85000000000002,8.248616671184942
174.9,8.25452338124079
174.95000000000002,8.26644762723462
175.0,8.27837187322844
175.05,8.266123213893497
175.10000000000002,8.253874554558553
175.15,8.240463365591081
175.20000000000002,8.227052176623623
175.25,8.247956857322286
175.3,8.26886153802096
175.35000000000002,8.270925512067361
175.4,8.27298948611376
175.45000000000002,8.293027766883617
175.5,8.31306604765346
175.55,8.31408794310925
175.60000000000002,8.31510983856504
175.65,8.314703610174758
175.70000000000002,8.31429738178449
175.75,8.332386558497376
175.8,8.35047573521027
175.85000000000002,8.357637181960387
175.9,8.3647986287105
175.95000000000002,8.374822437144168
176.0,8.38484624557783
176.05,8.392107728235796
176.10000000000002,8.399369210893761
176.15,8.401602174203145
176.20000000000002,8.403835137512537
176.25,8.416594554901504
176.3,8.42935397229048
176.35000000000002,8.434566804248036
176.4,8.43977963620559
176.45000000000002,8.450816477543404
176.5,8.46185331888121
176.55,8.469205176956647
176.60000000000002,8.476557035032082
176.65,8.481189036813797
176.70000000000002,8.485821038595518
176.75,8.497744047623769
176.8,8.50966705665203
176.85000000000002,8.515635797716316
176.9,8.5216045387806
176.95000000000002,8.529747235541043
177.0,8.53788993230148
177.05,8.543310570052261
177.10000000000002,8.548731207803044
177.15,8.554415909658916
177.20000000000002,8.560100611514795
177.25,8.56914458219569
177.3,8.57818855287659
177.35000000000002,8.583622734485951
177.4,8.58905691609531
177.45000000000002,8.600128191822332
177.5,8.61119946754935
177.55,8.617177370935842
177.60000000000002,8.62315527432233
177.65,8.62441069327339
177.70000000000002,8.625666112224446
177.75,8.619836594535329
177.8,8.61400707684621
177.85000000000002,8.5996469550543
177.9,8.5852868332624
177.95000000000002,8.569062106121715
178.0,8.55283737898104
178.05,8.533758253512945
178.10000000000002,8.514679128044847
178.15,8.493081619090963
178.20000000000002,8.471484110137068
178.25,8.45067572417586
178.3,8.42986733821464
178.35000000000002,8.410443987153243
178.4,8.39102063609186
178.45000000000002,8.36928180730676
178.5,8.34754297852167
178.55,8.326271622821965
178.60000000000002,8.30500026712226
178.65,8.28476740351938
178.70000000000002,8.264534539916488
178.75,8.242934277214164
178.8,8.22133401451183
178.85000000000002,8.201058960470064
178.9,8.18078390642831
178.95000000000002,8.157409032457904
179.0,8.13403415848751
179.05,8.11330084277396
179.10000000000002,8.092567527060408
179.15,8.07347014019228
179.20000000000002,8.054372753324134
179.25,8.02559812941806
179.3,7.99682350551197
179.35000000000002,7.976146990093534
179.4,7.95547047467511
179.45000000000002,7.919584540613575
179.5,7.88369860655206
179.55,7.857113998103677
179.60000000000002,7.830529389655295
179.65,7.803676560793567
179.70000000000002,7.776823731931816
179.75,7.73386230452228
179.8,7.69090087711272
179.85000000000002,7.656417178842865
179.9,7.62193348057303
179.95000000000002,7.576097261021742
180.0,7.53026104147048
180.05,7.4906070119084385
180.10000000000002,7.450952982346398
180.15,7.411660708596634
180.20000000000002,7.372368434846845
180.25,7.326997848414965
180.3,7.28162726198306
180.35000000000002,7.239277392780443
180.4,7.19692752357785
180.45000000000002,7.146578367509591
180.5,7.09622921144136
180.55,7.045375905191086
180.60000000000002,6.99452259894081
180.65,6.94194676949334
180.70000000000002,6.889370940045837
180.75,6.8317519837682195
180.8,6.77413302749057
180.85000000000002,6.720805880006065
180.9,6.66747873252159
180.95000000000002,6.61479340331179
181.0,6.56210807410202
181.05,6.505865542922024
181.10000000000002,6.449623011742027
181.15,6.392125278672569
181.20000000000002,6.334627545603078
181.25,6.2782581788569995
181.3,6.22188881211089
181.35000000000002,6.156987779914926
181.4,6.092086747719
181.45000000000002,6.032329759995043
181.5,5.97257277227112
181.55,5.907721356671142
181.60000000000002,5.842869941071164
181.65,5.780695799685078
181.70000000000002,5.718521658298956
181.75,5.65786032660027
181.8,5.59719899490155
181.85000000000002,5.532728159536791
181.9,5.46825732417207
181.95000000000002,5.411084687177189
182.0,5.35391205018234
182.05,5.290099279316228
182.10000000000002,5.226286508450115
182.15,5.163173987337527
182.20000000000002,5.100061466224905
182.25,5.03908549063935
182.3,4.97810951505376
182.35000000000002,4.920834479179684
182.4,4.86355944330564
182.45000000000002,4.804602939943043
182.5,4.74564643658048
182.55,4.69240035019254
182.60000000000002,4.639154263804597
182.65,4.581996031971814
182.70000000000002,4.5248378001389895
182.75,4.453170848100575
182.8,4.38150389606212
182.85000000000002,4.319321490752317
182.9,4.25713908544255
182.95000000000002,4.191919703853187
183.0,4.12670032226386
183.05,4.057736171967605
183.10000000000002,3.9887720216713514
183.15,3.921003959988501
183.20000000000002,3.8532358983056096
183.25,3.782202283531255
183.3,3.71116866875686
183.35000000000002,3.6429319303008953
183.4,3.57469519184497
183.45000000000002,3.5022371490352895
183.5,3.42977910622565
183.55,3.35988572789249
183.60000000000002,3.2899923495593306
183.65,3.2205076037779956
183.70000000000002,3.151022857996618
183.75,3.07647103717553
183.8,3.0019192163544
183.85000000000002,2.9330976906225206
183.9,2.86427616489068
183.95000000000002,2.7919822454351193
184.0,2.7196883259796
184.05,2.6546732988996564
184.10000000000002,2.589658271819715
184.15,2.5284602348798173
184.20000000000002,2.467262197939883
184.25,2.4024722718305
184.3,2.33768234572108
184.35000000000002,2.2758201867581422
184.4,2.21395802779524
184.45000000000002,2.146855730517851
184.5,2.0797534332405
184.55,2.012780044695481
184.60000000000002,1.945806656150463
184.65,1.8804577464516115
184.70000000000002,1.8151088367527213
184.75,1.74714083302292
184.8,1.67917282929308
184.85000000000002,1.6145524687581316
184.9,1.54993210822322
184.95000000000002,1.4807838174820005
185.0,1.41163552674082
185.05,1.3545039734630537
185.10000000000002,1.297372420185287
185.15,1.2391446235484533
185.20000000000002,1.180916826911586
185.25,1.120968379733395
185.3,1.06101993255517
185.35000000000002,1.0140369337682056
185.4,0.967053934981268
185.45000000000002,0.9075802165061411
185.5,0.848106498031048
185.55,0.8067342509741573
185.60000000000002,0.7653620039172718
185.65,0.7333329647713754
185.70000000000002,0.70130392562545
185.75,0.6501962087199236
185.8,0.599088491814368
185.85000000000002,0.5870512082611321
185.9,0.575013924707903
185.95000000000002,0.5479083566198734
186.0,0.520802788531859
186.05,0.5200699304661683
186.10000000000002,0.5193370724004776
186.15,0.5185258498820953
186.20000000000002,0.5177146273636986
186.25,0.49237257478166596
186.3,0.467030522199619
186.35000000000002,0.4666610178981549
186.4,0.466291513596691
186.45000000000002,0.4409907378197613
186.5,0.415689962042846
186.55,0.4139539261726235
186.60000000000002,0.4122178903024018
186.65,0.41185203867435094
186.70000000000002,0.41148618704628587
186.75,0.38660922042948054
186.8,0.361732253812661
186.85000000000002,0.36130895067242635
186.9,0.360885647532192
186.95000000000002,0.3393379667798469
187.0,0.317790286027514
187.05,0.3163711077212976
187.10000000000002,0.31495192941508154
187.15,0.31415112903792175
187.20000000000002,0.31335032866074847
187.25,0.28954120072488854
187.3,0.265732072789015
187.35000000000002,0.2646254425297212
187.4,0.263518812270428
187.45000000000002,0.24379015591907888
187.5,0.224061499567741
187.55,0.22218735045703847
187.60000000000002,0.22031320134633667
187.65,0.21973403956022783
187.70000000000002,0.2191548777741104
187.75,0.2040756029043005
187.8,0.188996328034482
187.85000000000002,0.18654058869229528
187.9,0.18408484935011
187.95000000000002,0.1707559734251052
188.0,0.157427097500108
188.05,0.15658688166511125
188.10000000000002,0.15574666583011434
188.15,0.15457144737672515
188.20000000000002,0.15339622892332908
188.25,0.141236009797097
188.3,0.129075790670858
188.35000000000002,0.127358808252845
188.4,0.125641825834833
188.45000000000002,0.11838816292652443
188.5,0.11113450001822
188.55,0.10868227354378131
188.60000000000002,0.1062300470693426
188.65,0.1037611869682598
188.70000000000002,0.10129232686717313
188.75,0.09448558856636105
188.8,0.0876788502655451
188.85000000000002,0.08496825566063798
188.9,0.0822576610557324
188.95000000000002,0.08005722190400458
189.0,0.077856782752278
189.05,0.07483787416894384
189.10000000000002,0.07181896558560985
189.15,0.06907260486498987
189.20000000000002,0.06632624414436958
189.25,0.0657755389887556
189.3,0.0652248338331413
189.35000000000002,0.06243772214260901
189.4,0.0596506104520783
189.45000000000002,0.06098613603097538
189.5,0.0623216616098717
189.55,0.059108837470725886
189.60000000000002,0.05589601333157922
189.65,0.05117048310271951
189.70000000000002,0.046444952873861245
189.75,0.0489889683482949
189.8,0.05153298382273
189.85000000000002,0.048840437422854335
189.9,0.0461478910229802
189.95000000000002,0.04799081162800197
190.0,0.0498337322330227
190.05,0.047677620229423436
190.10000000000002,0.04552150822582383
190.15,0.04275618516296557
190.20000000000002,0.039990862100108916
190.25,0.042837448518867505
190.3,0.0456840349376277
190.35000000000002,0.0455048707923495
190.4,0.0453257066470714
190.45000000000002,0.04863675111093674
190.5,0.0519477955748002
190.55,0.04963412849245679
190.60000000000002,0.04732046141011413
190.65,0.046313981997261416
190.70000000000002,0.045307502584411914
190.75,0.0509578019625265
190.8,0.0566081013406443
190.85000000000002,0.05545990149672457
190.9,0.0543117016528055
190.95000000000002,0.06001297325676287
191.0,0.065714244860717
191.05,0.06590868495400891
191.10000000000002,0.06610312504730131
191.15,0.06718457220524356
191.20000000000002,0.06826601936318594
191.25,0.068499962728621
191.3,0.0687339060940562
191.35000000000002,0.06970799548223702
191.4,0.0706820848704173
191.45000000000002,0.07251473281957987
191.5,0.0743473807687414
191.55,0.0745437973586156
191.60000000000002,0.07474021394848987
191.65,0.07502453401084448
191.70000000000002,0.07530885407320038
191.75,0.07757488646205796
191.8,0.0798409188509168
191.85000000000002,0.07946431130952815
191.9,0.0790877037681397
191.95000000000002,0.08059550002890868
192.0,0.0821032962896768
192.05,0.08202132001165598
192.10000000000002,0.08193934373363572
192.15,0.0828404193177433
192.20000000000002,0.0837414949018509
